disasterNumber,declarationDate,incidentType,declarationType,state,fyDeclared,incidentBeginDate,designatedArea_count,ihProgramDeclared,iaProgramDeclared,paProgramDeclared,hmProgramDeclared,incident_duration_days,is_ongoing,totalAmountIhpApproved,totalAmountHaApproved,totalAmountOnaApproved,totalObligatedAmountPa,totalObligatedAmountCatAb,totalObligatedAmountCatC2g,totalObligatedAmountHmgp,total_disaster_cost,total_obligated,federal_obligated,avg_project_cost,applicant_count,project_count,large_project_count,small_project_count,has_debris,has_emergency,has_roads,has_water,has_buildings,has_utilities,has_parks
1239,1998-08-26T00:00:00.000Z,Severe Storm,DR,TX,1998,1998-08-22T00:00:00.000Z,257,0,1,1,1,9.0,0,0.0,0.0,0.0,8225378.98,4219882.47,3961713.95,3887494.0,12112872.98,8224551.92,7950369.84,38407.582898550725,40.0,276.0,274.0,2.0,True,True,True,True,True,True,True
1240,1998-08-27T00:00:00.000Z,Hurricane,DR,NC,1998,1998-08-20T00:00:00.000Z,30,0,1,1,1,12.0,0,0.0,0.0,0.0,25149994.52,15755766.0,9394228.52,3479614.0,28629608.52,0.0,0.0,0.0,0.0,0.0,0.0,0.0,0,0,0,0,0,0,0
1241,1998-09-04T00:00:00.000Z,Hurricane,DR,FL,1998,1998-09-03T00:00:00.000Z,6,0,1,0,1,0.0,0,0.0,0.0,0.0,0.0,0.0,0.0,302741.0,302741.0,0.0,0.0,0.0,0.0,0.0,0.0,0.0,0,0,0,0,0,0,0
1242,1998-09-04T00:00:00.000Z,Hurricane,DR,VA,1998,1998-08-25T00:00:00.000Z,5,0,1,1,1,7.0,0,0.0,0.0,0.0,12713027.57,10429603.75,2283423.82,1514019.0,14227046.57,0.0,0.0,0.0,0.0,0.0,0.0,0.0,0,0,0,0,0,0,0
1243,1998-09-04T00:00:00.000Z,Hurricane,DR,SC,1998,1998-08-25T00:00:00.000Z,1,0,0,1,1,7.0,0,0.0,0.0,0.0,3482782.86,2126923.11,1355859.75,580602.0,4063384.86,0.0,0.0,0.0,0.0,0.0,0.0,0.0,0,0,0,0,0,0,0
1244,1998-09-11T00:00:00.000Z,Severe Storm,DR,NY,1998,1998-09-07T00:00:00.000Z,11,0,1,1,1,0.0,0,0.0,0.0,0.0,31014660.65,29562899.0,1451761.65,2801027.0,33815687.65,0.0,0.0,0.0,0.0,0.0,0.0,0.0,0,0,0,0,0,0,0
1245,1998-09-23T00:00:00.000Z,Severe Storm,DR,TX,1998,1998-09-09T00:00:00.000Z,5,0,1,1,0,26.0,0,0.0,0.0,0.0,9108430.34,1752274.45,7356155.89,2204299.0,11312729.34,0.0,0.0,0.0,0.0,0.0,0.0,0.0,0,0,0,0,0,0,0
1246,1998-09-23T00:00:00.000Z,Hurricane,DR,LA,1998,1998-09-09T00:00:00.000Z,22,0,1,1,1,25.0,0,0.0,0.0,0.0,25674004.53,14600100.8,11073903.73,7197142.0,32871146.53,0.0,0.0,0.0,0.0,0.0,0.0,0.0,0,0,0,0,0,0,0
1247,1998-09-24T00:00:00.000Z,Hurricane,DR,PR,1998,1998-09-20T00:00:00.000Z,79,0,1,1,1,37.0,0,0.0,0.0,0.0,496217930.75,178784755.92,317433174.83,220712228.0,716930158.75,0.0,0.0,0.0,0.0,0.0,0.0,0.0,0,0,0,0,0,0,0
1248,1998-09-24T00:00:00.000Z,Hurricane,DR,VI,1998,1998-09-19T00:00:00.000Z,4,0,1,1,1,3.0,0,0.0,0.0,0.0,5270912.91,1897231.26,3373681.65,996958.0,6267870.91,0.0,0.0,0.0,0.0,0.0,0.0,0.0,0,0,0,0,0,0,0
1249,1998-09-28T00:00:00.000Z,Hurricane,DR,FL,1998,1998-09-25T00:00:00.000Z,17,0,1,1,1,12.0,0,0.0,0.0,0.0,109791243.08,43903595.67,65887647.41,15005046.0,124796289.08,0.0,0.0,0.0,0.0,0.0,0.0,0.0,0,0,0,0,0,0,0
1250,1998-09-30T00:00:00.000Z,Hurricane,DR,AL,1998,1998-09-25T00:00:00.000Z,14,0,1,1,1,11.0,0,0.0,0.0,0.0,32353288.21,6249908.14,26103380.07,6689836.0,39043124.21,0.0,0.0,0.0,0.0,0.0,0.0,0.0,0,0,0,0,0,0,0
1251,1998-10-01T00:00:00.000Z,Hurricane,DR,MS,1999,1998-09-25T00:00:00.000Z,17,0,1,1,1,10.0,0,0.0,0.0,0.0,25167912.31,12366565.42,12801346.89,13298291.0,38466203.31,0.0,0.0,0.0,0.0,0.0,0.0,0.0,0,0,0,0,0,0,0
1252,1998-10-05T00:00:00.000Z,Severe Storm,DR,WA,1999,1998-05-26T00:00:00.000Z,2,0,0,1,1,3.0,0,0.0,0.0,0.0,2020087.91,174832.0,1845255.91,286725.0,2306812.91,0.0,0.0,0.0,0.0,0.0,0.0,0.0,0,0,0,0,0,0,0
1253,1998-10-14T00:00:00.000Z,Severe Storm,DR,MO,1999,1998-10-04T00:00:00.000Z,19,0,1,1,1,7.0,0,0.0,0.0,0.0,12512996.09,494514.78,12018481.31,2116175.0,14629171.09,0.0,0.0,0.0,0.0,0.0,0.0,0.0,0,0,0,0,0,0,0
1254,1998-10-14T00:00:00.000Z,Severe Storm,DR,KS,1999,1998-10-01T00:00:00.000Z,12,0,1,1,1,7.0,0,0.0,0.0,0.0,6556199.43,565162.84,5991036.59,750065.0,7306264.43,0.0,0.0,0.0,0.0,0.0,0.0,0.0,0,0,0,0,0,0,0
1255,1998-10-16T00:00:00.000Z,Mud/Landslide,DR,WA,1999,1998-03-06T00:00:00.000Z,1,0,1,1,1,258.0,0,0.0,0.0,0.0,4507774.54,1401615.75,3106158.79,844215.0,5351989.54,0.0,0.0,0.0,0.0,0.0,0.0,0.0,0,0,0,0,0,0,0
1256,1998-10-19T00:00:00.000Z,Severe Storm,DR,MO,1999,1998-07-10T00:00:00.000Z,3,0,1,0,1,21.0,0,0.0,0.0,0.0,0.0,0.0,0.0,645473.0,645473.0,0.0,0.0,0.0,0.0,0.0,0.0,0.0,0,0,0,0,0,0,0
1257,1998-10-21T00:00:00.000Z,Flood,DR,TX,1999,1998-10-17T00:00:00.000Z,43,0,1,1,1,29.0,0,0.0,0.0,0.0,33279674.22,9756691.41,23183628.92,18906913.0,52186587.22,33271088.84,32229051.37,24416.013886363635,187.0,1760.0,118.0,1642.0,True,True,True,True,True,True,True
1258,1998-11-05T00:00:00.000Z,Severe Storm,DR,KS,1999,1998-10-30T00:00:00.000Z,20,0,1,1,1,16.0,0,0.0,0.0,0.0,6654597.56,946839.14,5707758.42,2546649.0,9201246.559999999,0.0,0.0,0.0,0.0,0.0,0.0,0.0,0,0,0,0,0,0,0
1259,1998-11-06T00:00:00.000Z,Severe Storm,DR,FL,1999,1998-11-04T00:00:00.000Z,2,0,1,1,1,1.0,0,0.0,0.0,0.0,3099238.12,2656536.59,442701.53,1129100.0,4228338.12,0.0,0.0,0.0,0.0,0.0,0.0,0.0,0,0,0,0,0,0,0
1260,1999-01-15T00:00:00.000Z,Severe Storm,DR,TN,1999,1998-12-23T00:00:00.000Z,33,0,0,1,1,6.0,0,0.0,0.0,0.0,9863594.0,3896685.75,5833055.72,1875688.0,11739282.0,9863594.04,9485830.0,59659.30768867925,90.0,212.0,39.0,173.0,True,True,True,False,True,True,True
1261,1999-01-15T00:00:00.000Z,Severe Storm,DR,AL,1999,1998-12-23T00:00:00.000Z,12,0,0,1,1,6.0,0,0.0,0.0,0.0,5735788.21,2349946.79,3385841.42,1096729.0,6832517.21,5735788.22,5498755.69,53128.07369565217,73.0,138.0,30.0,108.0,True,True,False,False,True,True,True
1262,1999-01-19T00:00:00.000Z,Severe Storm,DR,TN,1999,1999-01-17T00:00:00.000Z,24,0,1,1,1,15.0,0,0.0,0.0,0.0,15377362.84,4437805.23,10793815.08,1494499.0,16871861.84,15374967.08,14941466.64,74335.65414179103,53.0,268.0,56.0,212.0,True,True,True,False,True,True,True
1263,1999-01-21T00:00:00.000Z,Severe Storm,DR,ME,1999,1998-10-08T00:00:00.000Z,2,0,0,1,1,3.0,0,0.0,0.0,0.0,1579219.78,113278.63,1465941.15,235411.0,1814630.78,0.0,0.0,0.0,0.0,0.0,0.0,0.0,0,0,0,0,0,0,0
1264,1999-01-21T00:00:00.000Z,Severe Storm,DR,LA,1999,1998-12-22T00:00:00.000Z,18,0,0,1,1,6.0,0,0.0,0.0,0.0,3033110.28,882780.99,2135164.26,915473.0,3948583.28,3033057.68,2910386.64,42179.5152173913,41.0,92.0,16.0,76.0,True,True,True,False,True,True,True
1265,1999-01-25T00:00:00.000Z,Severe Ice Storm,DR,MS,1999,1998-12-23T00:00:00.000Z,34,0,0,1,1,3.0,0,0.0,0.0,0.0,6970269.48,2590192.47,4349918.09,1319820.0,8290089.48,6970269.48,6677096.48,50873.114628571435,93.0,175.0,36.0,139.0,True,True,True,False,True,True,True
1266,1999-01-23T00:00:00.000Z,Severe Storm,DR,AR,1999,1999-01-21T00:00:00.000Z,22,0,1,1,1,10.0,0,0.0,0.0,0.0,7265330.4,4572203.46,2603875.52,3634575.0,10899905.4,7264503.91,7021560.25,29455.783782051287,46.0,312.0,30.0,282.0,True,True,True,False,True,True,True
1267,1999-02-09T00:00:00.000Z,Freezing,DR,CA,1999,1998-12-20T00:00:00.000Z,8,0,1,0,1,8.0,0,0.0,0.0,0.0,0.0,0.0,0.0,2167204.0,2167204.0,0.0,0.0,0.0,0.0,0.0,0.0,0.0,0,0,0,0,0,0,0
1268,1999-02-17T00:00:00.000Z,Severe Ice Storm,DR,WY,1999,1998-10-05T00:00:00.000Z,2,0,0,1,1,4.0,0,0.0,0.0,0.0,721979.29,43929.52,655398.71,120352.0,842331.29,718613.3400000001,683362.94,101238.95333333334,7.0,9.0,2.0,7.0,False,True,False,False,True,True,False
1269,1999-04-09T00:00:00.000Z,Severe Storm,DR,LA,1999,1999-04-03T00:00:00.000Z,5,0,1,1,1,4.0,0,0.0,0.0,0.0,1737569.4,898066.5,810242.78,1037030.0,2774599.4,1736553.53,1654713.1300000001,21630.235980392154,27.0,102.0,13.0,89.0,True,True,True,True,True,True,True
1270,1999-04-20T00:00:00.000Z,Severe Storm,DR,MO,1999,1999-04-03T00:00:00.000Z,6,0,1,0,1,11.0,0,0.0,0.0,0.0,0.0,0.0,0.0,319783.0,319783.0,0.0,0.0,0.0,0.0,0.0,0.0,0.0,0,0,0,0,0,0,0
1271,1999-04-20T00:00:00.000Z,Severe Storm,DR,GA,1999,1999-04-15T00:00:00.000Z,2,0,1,1,1,0.0,0,0.0,0.0,0.0,1868757.98,1691960.54,176797.44,495343.0,2364100.98,1868580.4000000001,1800849.31,64895.46945945946,7.0,37.0,6.0,31.0,True,True,True,False,True,True,True
1272,1999-05-04T00:00:00.000Z,Tornado,DR,OK,1999,1999-05-03T00:00:00.000Z,19,0,1,1,1,1.0,0,0.0,0.0,0.0,40588743.22,29892462.64,10342694.45,12665798.0,53254541.22,40593066.51,39757834.02,117735.34,78.0,371.0,68.0,303.0,True,True,True,True,True,True,True
1273,1999-05-04T00:00:00.000Z,Tornado,DR,KS,1999,1999-05-03T00:00:00.000Z,3,0,1,1,1,3.0,0,0.0,0.0,0.0,3144097.57,2597610.34,546487.23,1764725.0,4908822.57,3144097.57,3033944.15,45446.65305555556,13.0,72.0,17.0,55.0,True,True,True,False,True,True,True
1274,1999-05-06T00:00:00.000Z,Tornado,DR,TX,1999,1999-05-04T00:00:00.000Z,4,0,1,1,1,0.0,0,0.0,0.0,0.0,1525086.7,1060865.15,587622.94,778869.0,2303955.7,1525086.7000000002,1449955.91,52221.95210526315,15.0,38.0,8.0,30.0,True,True,True,False,True,True,True
1275,1999-05-12T00:00:00.000Z,Severe Storm,DR,TN,1999,1999-05-05T00:00:00.000Z,18,0,1,1,1,14.0,0,0.0,0.0,0.0,5322523.58,2426827.39,2821849.55,853245.0,6175768.58,5322244.0,5113084.74,53680.67858267717,49.0,127.0,21.0,106.0,True,True,True,False,True,True,True
1276,1999-05-17T00:00:00.000Z,Severe Storm,DR,CO,1999,1999-04-29T00:00:00.000Z,12,0,1,1,0,20.0,0,0.0,0.0,0.0,5242416.68,546984.2,4587872.59,1158596.0,6401012.68,5242363.94,5047597.55,22138.584440789473,49.0,304.0,24.0,280.0,True,True,True,True,True,True,True
1277,1999-05-21T00:00:00.000Z,Severe Storm,DR,IA,1999,1999-05-16T00:00:00.000Z,17,0,1,1,1,13.0,0,0.0,0.0,0.0,8534710.43,1862546.18,6422742.96,2449736.0,10984446.43,8533007.27,8200421.87,21955.61277108434,106.0,498.0,35.0,463.0,True,True,True,True,True,True,True
1278,1999-05-28T00:00:00.000Z,Severe Storm,DR,IL,1999,1999-05-16T00:00:00.000Z,1,0,1,1,1,1.0,0,0.0,0.0,0.0,501235.42,20563.57,469397.28,113954.0,615189.4199999999,500602.05,472808.88,11674.292222222222,25.0,54.0,1.0,53.0,True,True,True,False,True,True,True
1279,1999-06-08T00:00:00.000Z,Flood,DR,ND,1999,1999-03-01T00:00:00.000Z,46,0,1,1,1,140.0,0,0.0,0.0,0.0,48334834.63,3905669.96,43752362.0,11742244.0,60077078.63,48332870.72,47046812.96,26215.764012036107,263.0,1994.0,87.0,1907.0,True,True,True,True,True,True,True
1280,1999-06-09T00:00:00.000Z,Tornado,DR,SD,1999,1999-06-04T00:00:00.000Z,2,0,1,1,1,14.0,0,0.0,0.0,0.0,801099.77,621063.41,162372.31,1152684.0,1953783.77,801099.77,760273.1900000001,30718.107272727273,6.0,33.0,7.0,26.0,True,True,True,False,True,True,True
1281,1999-07-20T00:00:00.000Z,Severe Storm,DR,NV,1999,1999-07-08T00:00:00.000Z,1,0,1,1,1,8.0,0,0.0,0.0,0.0,4736115.0,429615.84,4190877.14,704930.0,5441045.0,4735855.02,4591605.01,38883.95651898734,10.0,158.0,27.0,131.0,True,True,True,True,True,True,True
1282,1999-07-22T00:00:00.000Z,Severe Storm,DR,IA,1999,1999-07-02T00:00:00.000Z,21,0,1,1,1,39.0,0,0.0,0.0,0.0,10955690.74,1814403.47,8883933.06,2636499.0,13592189.74,10955375.22,10559363.84,16983.294306393247,126.0,829.0,38.0,791.0,True,True,True,True,True,True,True
1283,1999-07-28T00:00:00.000Z,Severe Storm,DR,MN,1999,1999-07-04T00:00:00.000Z,9,0,1,1,1,29.0,0,0.0,0.0,0.0,11679939.6,3332720.86,8260184.09,2769144.0,14449083.6,11679813.36,11270477.65,30802.499344262294,156.0,488.0,42.0,446.0,True,True,True,True,True,True,True
1284,1999-08-16T00:00:00.000Z,Flood,DR,WI,1999,1999-07-04T00:00:00.000Z,10,0,0,1,1,27.0,0,0.0,0.0,0.0,4064691.72,950005.26,3086906.66,641581.0,4706272.720000001,4064147.16,3868901.11,17024.866435643566,146.0,303.0,14.0,289.0,True,True,True,True,True,True,True
1285,1999-08-16T00:00:00.000Z,Tornado,DR,UT,1999,1999-08-11T00:00:00.000Z,1,0,1,1,1,0.0,0,0.0,0.0,0.0,518798.92,331705.11,182722.6,86350.0,605148.9199999999,518798.92,492108.72000000003,41009.05875,7.0,16.0,4.0,12.0,True,True,True,False,True,False,False
1286,1999-08-20T00:00:00.000Z,Severe Storm,DR,NE,1999,1999-08-06T00:00:00.000Z,3,0,1,1,1,3.0,0,0.0,0.0,0.0,2083481.55,147935.45,1935546.1,621569.0,2705050.55,2083278.6300000001,1990333.52,47388.89214285714,21.0,56.0,8.0,48.0,True,True,True,True,True,True,True
1287,1999-08-22T00:00:00.000Z,Hurricane,DR,TX,1999,1999-08-21T00:00:00.000Z,13,0,1,1,1,5.0,0,0.0,0.0,0.0,3704291.45,2689766.86,906909.42,3182052.0,6886343.45,3704219.08,3536762.01,18067.748620689654,106.0,261.0,21.0,240.0,True,True,True,True,True,True,True
1288,1999-08-26T00:00:00.000Z,Severe Ice Storm,DR,MN,1999,1999-03-01T00:00:00.000Z,7,0,0,1,1,90.0,0,0.0,0.0,0.0,7734889.99,727111.27,6928401.83,1359545.0,9094434.99,7728905.2700000005,7499133.58,42274.329915611816,130.0,237.0,25.0,212.0,True,True,True,True,False,True,True
1289,1999-09-01T00:00:00.000Z,Severe Storm,DR,PA,1999,1999-08-20T00:00:00.000Z,2,0,1,1,1,1.0,0,0.0,0.0,0.0,785818.09,84066.71,685083.81,305977.0,1091795.0899999999,785818.08,745575.53,12910.397142857142,12.0,77.0,2.0,75.0,True,True,True,True,True,True,True
1290,1999-09-06T00:00:00.000Z,Hurricane,DR,VA,1999,1999-08-27T00:00:00.000Z,1,0,1,0,1,17.0,0,0.0,0.0,0.0,0.0,0.0,0.0,200782.0,200782.0,0.0,0.0,0.0,0.0,0.0,0.0,0.0,0,0,0,0,0,0,0
1291,1999-09-09T00:00:00.000Z,Hurricane,DR,NC,1999,1999-08-29T00:00:00.000Z,6,0,1,0,1,13.0,0,0.0,0.0,0.0,0.0,0.0,0.0,381636.0,381636.0,0.0,0.0,0.0,0.0,0.0,0.0,0.0,0,0,0,0,0,0,0
1292,1999-09-16T00:00:00.000Z,Hurricane,DR,NC,1999,1999-09-15T00:00:00.000Z,66,0,1,1,1,48.0,0,0.0,0.0,0.0,298105794.06,143602692.89,150485207.39,67665966.0,365771760.06,298138747.52,292821680.77,86211.44600158982,497.0,3774.0,651.0,3123.0,True,True,True,True,True,True,True
1293,1999-09-18T00:00:00.000Z,Hurricane,DR,VA,1999,1999-09-13T00:00:00.000Z,48,0,1,1,1,13.0,0,0.0,0.0,0.0,19890308.77,8206956.08,11605641.68,4034816.0,23925124.77,19890278.95,19325457.28,26925.05240334378,66.0,957.0,110.0,847.0,True,True,True,True,True,True,True
1294,1999-09-18T00:00:00.000Z,Hurricane,DR,PA,1999,1999-09-16T00:00:00.000Z,8,0,1,1,1,13.0,0,0.0,0.0,0.0,10347269.34,4079425.04,5840828.95,4277685.0,14624954.34,10343336.43,9949005.790000001,15717.227488151659,212.0,844.0,52.0,792.0,True,True,True,True,True,True,True
1295,1999-09-18T00:00:00.000Z,Hurricane,DR,NJ,1999,1999-09-16T00:00:00.000Z,9,0,1,1,1,2.0,0,0.0,0.0,0.0,38703382.74,17818465.28,20285139.28,9436261.0,48139643.74,38716029.98,37412770.2,33192.331781914894,359.0,1504.0,196.0,1308.0,True,True,True,True,True,True,True
1296,1999-09-19T00:00:00.000Z,Hurricane,DR,NY,1999,1999-09-16T00:00:00.000Z,15,0,1,1,1,2.0,0,0.0,0.0,0.0,41182922.07,10759369.68,29436671.56,4413443.0,45596365.07,41177336.09,39902126.5,37309.43241935484,301.0,1426.0,172.0,1254.0,True,True,True,True,True,True,True
1297,1999-09-21T00:00:00.000Z,Hurricane,DR,DE,1999,1999-09-15T00:00:00.000Z,1,0,1,1,1,2.0,0,0.0,0.0,0.0,3374929.57,413506.66,2970485.64,831368.0,4206297.57,3374724.1999999997,3247134.77,32092.843259259258,27.0,135.0,18.0,117.0,True,True,True,True,True,True,True
1298,1999-09-22T00:00:00.000Z,Flood,DR,PA,1999,1999-09-06T00:00:00.000Z,5,0,1,0,1,1.0,0,0.0,0.0,0.0,0.0,0.0,0.0,195648.0,195648.0,0.0,0.0,0.0,0.0,0.0,0.0,0.0,0,0,0,0,0,0,0
1299,1999-09-21T00:00:00.000Z,Hurricane,DR,SC,1999,1999-09-14T00:00:00.000Z,27,0,1,1,0,16.0,0,0.0,0.0,0.0,20544924.45,13046343.17,7178637.83,6074584.0,26619508.45,20550219.44,19870420.7,56737.43620985011,171.0,467.0,96.0,371.0,True,True,True,True,True,True,True
1300,1999-09-22T00:00:00.000Z,Hurricane,DR,FL,1999,1999-09-13T00:00:00.000Z,12,0,0,1,1,12.0,0,0.0,0.0,0.0,34309695.49,16704381.41,17070710.07,3599288.0,37908983.49,34289357.92,33378718.71,72215.9658184765,139.0,617.0,117.0,500.0,True,True,True,False,True,True,True
1301,1999-09-22T00:00:00.000Z,Severe Storm,DR,NM,1999,1999-07-16T00:00:00.000Z,8,0,0,1,1,22.0,0,0.0,0.0,0.0,1968329.67,18254.17,1953360.86,7803.0,1976132.67,1968329.67,1876782.35,20862.2615,28.0,120.0,8.0,112.0,True,True,True,True,False,True,True
1302,1999-09-23T00:00:00.000Z,Hurricane,DR,CT,1999,1999-09-16T00:00:00.000Z,3,0,1,1,1,5.0,0,0.0,0.0,0.0,1875868.51,590763.4,1224126.36,107462.0,1983330.51,1875868.5,1786597.59,17137.625755395682,38.0,139.0,9.0,130.0,True,True,True,True,True,True,True
1303,1999-09-24T00:00:00.000Z,Hurricane,DR,MD,1999,1999-09-16T00:00:00.000Z,11,0,1,1,1,4.0,0,0.0,0.0,0.0,5462529.93,1195275.68,4267254.25,1061424.0,6523953.93,5462529.95,5235027.62,21744.661744548288,82.0,321.0,26.0,295.0,True,True,True,True,True,True,True
1304,1999-10-15T00:00:00.000Z,Severe Storm,DR,AZ,2000,1999-09-14T00:00:00.000Z,2,0,1,0,1,9.0,0,0.0,0.0,0.0,0.0,0.0,0.0,10446.0,10446.0,0.0,0.0,0.0,0.0,0.0,0.0,0.0,0,0,0,0,0,0,0
1305,1999-10-18T00:00:00.000Z,Hurricane,DR,NH,2000,1999-09-16T00:00:00.000Z,3,0,0,1,1,2.0,0,0.0,0.0,0.0,594693.82,73108.21,521585.61,11345.0,606038.82,594693.8200000001,562599.68,15960.273404255318,21.0,47.0,2.0,45.0,True,True,True,False,True,True,True
1306,1999-10-20T00:00:00.000Z,Hurricane,DR,FL,2000,1999-10-14T00:00:00.000Z,19,0,1,1,1,10.0,0,0.0,0.0,0.0,106261560.28,32644798.12,72246572.61,21423043.0,127684603.28,106256336.92,104172516.38,98348.22808917197,214.0,1413.0,311.0,1102.0,True,True,True,True,True,True,True
1307,1999-11-10T00:00:00.000Z,Severe Storm,DR,VT,2000,1999-09-16T00:00:00.000Z,10,0,0,1,1,5.0,0,0.0,0.0,0.0,1010652.61,397663.92,612988.69,111961.0,1122613.6099999999,1010652.61,953423.41,13669.151290322581,43.0,93.0,7.0,86.0,True,True,True,False,True,True,True
1308,1999-11-18T00:00:00.000Z,Hurricane,DR,ME,2000,1999-09-16T00:00:00.000Z,5,0,0,1,1,3.0,0,0.0,0.0,0.0,920741.26,21376.49,880889.25,136145.0,1056886.26,920741.26,868601.53,12320.587446808511,53.0,94.0,2.0,92.0,True,True,True,False,True,True,True
1309,1999-11-23T00:00:00.000Z,Hurricane,DR,VI,2000,1999-11-17T00:00:00.000Z,3,0,1,1,1,3.0,0,0.0,0.0,0.0,4844695.58,1257343.05,1891051.87,1847365.0,6692060.58,4835954.62,4705840.24,37083.05843971631,42.0,141.0,22.0,119.0,True,True,True,True,True,True,True
1310,2000-01-10T00:00:00.000Z,Tornado,DR,KY,2000,2000-01-03T00:00:00.000Z,11,0,1,1,1,1.0,0,0.0,0.0,0.0,4680340.29,1386231.25,3245139.39,250405.0,4930745.29,4680096.86,4503709.28,23652.993307086614,23.0,254.0,16.0,238.0,True,True,True,False,True,True,True
1311,2000-01-28T00:00:00.000Z,Severe Storm,DR,GA,2000,2000-01-22T00:00:00.000Z,51,0,0,1,1,10.0,0,0.0,0.0,0.0,36909135.59,26066940.79,10849669.36,5289650.0,42198785.59,38324905.4,37291143.76,153469.14728395062,176.0,324.0,72.0,252.0,True,True,False,False,False,True,True
1312,2000-01-31T00:00:00.000Z,Severe Storm,DR,NC,2000,2000-01-24T00:00:00.000Z,33,0,0,1,1,8.0,0,0.0,0.0,0.0,27368107.85,20690288.33,6631775.1,3453353.0,30821460.85,27358422.21,26609711.43,89901.66625316456,195.0,395.0,51.0,344.0,True,True,False,False,False,True,False
1313,2000-01-31T00:00:00.000Z,Severe Storm,DR,SC,2000,2000-01-22T00:00:00.000Z,38,0,0,1,1,10.0,0,0.0,0.0,0.0,8726361.63,3164581.04,5580429.08,1311471.0,10037832.63,8726361.63,8410542.23,59433.66391534392,104.0,189.0,34.0,155.0,True,True,True,False,False,True,False
1314,2000-02-15T00:00:00.000Z,Snowstorm,DR,LA,2000,2000-01-27T00:00:00.000Z,8,0,0,1,1,3.0,0,0.0,0.0,0.0,2605294.29,1170005.58,1430613.75,405517.0,3010811.29,2605294.29,2494595.28,52991.7146031746,21.0,63.0,14.0,49.0,True,True,True,False,True,True,True
1315,2000-02-15T00:00:00.000Z,Severe Storm,DR,GA,2000,2000-02-14T00:00:00.000Z,6,0,1,1,1,0.0,0,0.0,0.0,0.0,2043473.79,1256195.35,847752.31,662973.0,2706446.79,2043473.79,1950154.12,63991.012926829266,18.0,41.0,10.0,31.0,True,True,False,False,False,True,True
1316,2000-02-17T00:00:00.000Z,Severe Storm,DR,AK,2000,1999-12-21T00:00:00.000Z,14,0,0,1,1,64.0,0,0.0,0.0,0.0,10798817.35,6382892.52,4291133.67,1583458.0,12382275.35,10797547.51,10444042.35,61076.26986842105,59.0,228.0,40.0,188.0,True,True,True,False,True,True,True
1317,2000-02-18T00:00:00.000Z,Severe Storm,DR,AL,2000,2000-01-22T00:00:00.000Z,3,0,0,1,0,7.0,0,0.0,0.0,0.0,3394920.15,1502165.83,1892754.32,438084.0,3833004.15,3394922.56,3251443.36,103220.42309523809,28.0,42.0,14.0,28.0,True,True,False,False,False,True,False
1318,2000-02-28T00:00:00.000Z,Severe Storm,DR,VA,2000,2000-01-25T00:00:00.000Z,109,0,0,1,1,5.0,0,0.0,0.0,0.0,13588960.08,13193223.02,451699.92,1454376.0,15043336.08,13588960.08,13232167.16,91038.88417525774,95.0,194.0,52.0,142.0,True,True,False,False,False,True,False
1319,2000-02-28T00:00:00.000Z,Flood,DR,WV,2000,2000-02-18T00:00:00.000Z,26,0,1,1,1,4.0,0,0.0,0.0,0.0,5134082.94,329668.71,4780114.36,1289906.0,6423988.94,5134008.6,4966115.75,6429.271475728156,85.0,1030.0,11.0,1019.0,True,True,True,True,True,True,True
1320,2000-02-28T00:00:00.000Z,Severe Storm,DR,KY,2000,2000-02-18T00:00:00.000Z,16,0,1,1,1,13.0,0,0.0,0.0,0.0,2820111.53,245508.68,2514961.75,420140.0,3240251.53,2819445.06,2699245.86,16976.561603773585,28.0,212.0,5.0,207.0,True,True,True,True,True,True,True
1321,2000-03-07T00:00:00.000Z,Severe Storm,DR,OH,2000,2000-02-18T00:00:00.000Z,7,0,1,0,1,13.0,0,0.0,0.0,0.0,0.0,0.0,0.0,316618.0,316618.0,0.0,0.0,0.0,0.0,0.0,0.0,0.0,0,0,0,0,0,0,0
1322,2000-03-17T00:00:00.000Z,Severe Storm,DR,AL,2000,2000-03-10T00:00:00.000Z,2,0,1,0,1,1.0,0,0.0,0.0,0.0,0.0,0.0,0.0,305250.0,305250.0,0.0,0.0,0.0,0.0,0.0,0.0,0.0,0,0,0,0,0,0,0
1323,2000-04-07T00:00:00.000Z,Tornado,DR,TX,2000,2000-03-28T00:00:00.000Z,1,0,1,1,1,1.0,0,0.0,0.0,0.0,3773011.29,2434987.46,1282012.04,556864.0,4329875.29,3770866.88,3633005.0300000003,47029.19029126213,24.0,103.0,18.0,85.0,True,True,True,True,True,True,True
1324,2000-04-10T00:00:00.000Z,Severe Storm,DR,MD,2000,2000-01-25T00:00:00.000Z,15,0,0,1,1,5.0,0,0.0,0.0,0.0,10907868.92,10902315.84,-40533.34,1613748.0,12521616.92,10907868.92,10553176.95,72530.42407216494,100.0,194.0,52.0,142.0,False,True,False,False,False,False,True
1325,2000-04-10T00:00:00.000Z,Severe Storm,DR,DC,2000,2000-01-25T00:00:00.000Z,1,0,0,1,1,6.0,0,0.0,0.0,0.0,1354522.51,1343225.92,0.0,98973.0,1453495.51,1354522.51,1291783.78,86118.91799999999,14.0,20.0,7.0,13.0,False,True,False,False,False,False,False
1326,2000-04-28T00:00:00.000Z,Severe Storm,DR,ME,2000,2000-03-28T00:00:00.000Z,8,0,0,1,1,29.0,0,0.0,0.0,0.0,2191132.01,26462.73,2159308.27,333150.0,2524282.01,2191132.02,2079226.58,7765.550476190476,138.0,357.0,4.0,353.0,True,True,True,True,True,True,True
1327,2000-05-03T00:00:00.000Z,Severe Storm,DR,KS,2000,2000-04-19T00:00:00.000Z,3,0,1,1,1,1.0,0,0.0,0.0,0.0,619592.3,274870.5,335828.76,343409.0,963001.3,619592.3099999999,587135.46,21158.034054054053,11.0,37.0,5.0,32.0,True,True,True,False,True,True,True
1328,2000-05-12T00:00:00.000Z,Flood,DR,MO,2000,2000-05-06T00:00:00.000Z,10,0,1,1,1,1.0,0,0.0,0.0,0.0,2551571.28,432319.67,2068700.53,888289.0,3439860.28,2550967.9499999997,2443912.27,18945.05569767442,29.0,172.0,12.0,160.0,True,True,True,True,True,True,True
1329,2000-05-13T00:00:00.000Z,Fire,DR,NM,2000,2000-05-05T00:00:00.000Z,21,0,1,1,1,35.0,0,0.0,0.0,0.0,5652343.85,1460174.48,4205941.58,1557307.0,7209650.85,5651294.31,5520791.21,205274.7,5.0,27.0,15.0,12.0,True,True,True,False,False,True,True
1330,2000-05-19T00:00:00.000Z,Severe Storm,DR,SD,2000,2000-04-18T00:00:00.000Z,5,0,0,1,1,2.0,0,0.0,0.0,0.0,1779885.95,156784.46,1615308.59,232618.0,2012503.95,1779885.95,1705191.67,55453.38658536586,15.0,41.0,6.0,35.0,True,True,True,False,False,True,True
1331,2000-06-12T00:00:00.000Z,Severe Storm,DR,TN,2000,2000-05-23T00:00:00.000Z,15,0,0,1,1,8.0,0,0.0,0.0,0.0,3700015.29,1268492.29,2364988.67,449273.0,4149288.29,3700015.34,3541378.21,37774.69936,44.0,125.0,18.0,107.0,True,True,True,False,True,True,True
1332,2000-06-24T00:00:00.000Z,Severe Storm,DR,WI,2000,2000-05-26T00:00:00.000Z,30,0,1,1,1,54.0,0,0.0,0.0,0.0,10905227.4,1145655.2,9726224.29,3154896.0,14060123.4,10909042.8,10436274.6,16883.5716,420.0,825.0,48.0,777.0,True,True,True,True,True,True,True
1333,2000-06-27T00:00:00.000Z,Severe Storm,DR,MN,2000,2000-05-17T00:00:00.000Z,18,0,1,1,1,70.0,0,0.0,0.0,0.0,11738303.73,3906085.02,7676010.71,4661056.0,16399359.73,11746521.0,11294554.28,22510.321285500748,280.0,669.0,51.0,618.0,True,True,True,True,True,True,True
1334,2000-06-27T00:00:00.000Z,Severe Storm,DR,ND,2000,2000-04-05T00:00:00.000Z,43,0,1,1,1,129.0,0,0.0,0.0,0.0,39700101.17,3878032.57,35024447.18,9520801.0,49220902.17,39700184.11,38851324.13,37903.35647936787,124.0,1139.0,67.0,1072.0,True,True,True,True,True,True,True
1335,2000-07-21T00:00:00.000Z,Severe Storm,DR,NY,2000,2000-05-03T00:00:00.000Z,28,0,0,1,1,101.0,0,0.0,0.0,0.0,31020492.12,4053927.92,26379603.98,2766765.0,33787257.120000005,31019902.55,29905773.7,24314.631457317075,363.0,1640.0,115.0,1525.0,True,True,True,True,True,True,True
1336,2000-07-27T00:00:00.000Z,Severe Storm,DR,VT,2000,2000-07-14T00:00:00.000Z,6,0,0,1,1,4.0,0,0.0,0.0,0.0,2474138.67,11080.45,2431124.77,304005.0,2778143.67,2474138.67,2362694.28,20862.640860927153,42.0,151.0,16.0,135.0,True,True,True,False,True,False,True
1337,2000-08-17T00:00:00.000Z,Severe Storm,DR,NJ,2000,2000-08-12T00:00:00.000Z,2,0,1,1,1,9.0,0,0.0,0.0,0.0,4697327.57,2066492.47,2599444.42,782081.0,5479408.57,4696331.64,4527807.96,39356.839545454546,36.0,154.0,20.0,134.0,True,True,True,True,True,True,True
1338,2000-08-17T00:00:00.000Z,Severe Storm,DR,DC,2000,2000-08-07T00:00:00.000Z,1,0,0,1,1,0.0,0,0.0,0.0,0.0,297203.25,294142.3,3060.95,45256.0,342459.25,297203.25,281655.34,75108.09199999999,4.0,5.0,1.0,4.0,True,True,True,False,False,False,False
1339,2000-08-21T00:00:00.000Z,Severe Storm,DR,OH,2000,2000-07-29T00:00:00.000Z,1,0,1,0,1,4.0,0,0.0,0.0,0.0,0.0,0.0,0.0,896815.0,896815.0,0.0,0.0,0.0,0.0,0.0,0.0,0.0,0,0,0,0,0,0,0
1340,2000-08-30T00:00:00.000Z,Fire,DR,MT,2000,2000-07-13T00:00:00.000Z,54,0,1,0,1,74.0,0,0.0,0.0,0.0,0.0,0.0,0.0,311009.0,311009.0,0.0,0.0,0.0,0.0,0.0,0.0,0.0,0,0,0,0,0,0,0
1341,2000-09-01T00:00:00.000Z,Fire,DR,ID,2000,2000-07-27T00:00:00.000Z,16,0,1,0,1,61.0,0,0.0,0.0,0.0,0.0,0.0,0.0,13056.0,13056.0,0.0,0.0,0.0,0.0,0.0,0.0,0.0,0,0,0,0,0,0,0
1342,2000-09-14T00:00:00.000Z,Earthquake,DR,CA,2000,2000-09-03T00:00:00.000Z,1,0,1,0,1,0.0,0,0.0,0.0,0.0,0.0,0.0,0.0,1000930.0,1000930.0,0.0,0.0,0.0,0.0,0.0,0.0,0.0,0,0,0,0,0,0,0
1343,2000-09-26T00:00:00.000Z,Severe Storm,DR,OH,2000,2000-09-20T00:00:00.000Z,1,0,1,1,1,0.0,0,0.0,0.0,0.0,3340810.2,642795.32,2670809.27,346748.0,3687558.2,3339556.2899999996,3229233.3899999997,107641.1125,22.0,40.0,6.0,34.0,True,True,True,False,True,True,True
1344,2000-10-03T00:00:00.000Z,Severe Storm,DR,FL,2001,2000-09-21T00:00:00.000Z,9,0,0,1,1,13.0,0,0.0,0.0,0.0,18565928.96,527841.99,17408770.89,1922332.0,20488260.96,18558879.31,18190565.66,39272.69778317152,34.0,618.0,118.0,500.0,True,True,True,True,True,True,True
1345,2000-10-04T00:00:00.000Z,Severe Storm,DR,FL,2001,2000-10-03T00:00:00.000Z,4,0,1,1,1,8.0,0,0.0,0.0,0.0,288481152.48,6632491.52,279844097.69,76656943.0,365138095.48,288442954.42,284707513.67,141279.01224413843,62.0,2687.0,1358.0,1329.0,True,True,True,True,True,True,True
1346,2000-10-17T00:00:00.000Z,Severe Storm,DR,MI,2001,2000-09-10T00:00:00.000Z,2,0,1,0,1,1.0,0,0.0,0.0,0.0,0.0,0.0,0.0,25581719.0,25581719.0,0.0,0.0,0.0,0.0,0.0,0.0,0.0,0,0,0,0,0,0,0
1347,2000-10-27T00:00:00.000Z,Severe Storm,DR,AZ,2001,2000-10-21T00:00:00.000Z,8,0,1,1,1,18.0,0,0.0,0.0,0.0,5616578.93,1514282.42,3706650.48,1343739.0,6960317.93,5616648.54,5417229.77,43511.88427710843,20.0,166.0,31.0,135.0,True,True,True,True,True,True,True
1348,2000-11-09T00:00:00.000Z,Severe Storm,DR,HI,2001,2000-10-28T00:00:00.000Z,2,0,1,1,1,5.0,0,0.0,0.0,0.0,4128414.91,564631.82,3220924.98,1154842.0,5283256.91,4123263.9299999997,4016825.21,61039.40238636364,13.0,88.0,21.0,67.0,True,True,True,True,True,True,True
1349,2000-11-27T00:00:00.000Z,Severe Storm,DR,OK,2001,2000-10-21T00:00:00.000Z,11,0,1,1,1,8.0,0,0.0,0.0,0.0,2838615.94,94167.46,2564548.23,538400.0,3377015.94,2837878.86,2720093.55,8553.750471698113,27.0,424.0,7.0,417.0,True,True,True,False,True,True,True
1350,2000-12-06T00:00:00.000Z,Severe Storm,DR,MT,2001,2000-10-31T00:00:00.000Z,7,0,0,1,1,20.0,0,0.0,0.0,0.0,2127262.15,22787.43,2097786.27,300092.0,2427354.15,2127112.23,2049746.26,182199.668,9.0,15.0,3.0,12.0,False,True,False,False,False,True,False
1351,2000-12-13T00:00:00.000Z,Severe Storm,DR,WY,2001,2000-10-31T00:00:00.000Z,4,0,0,1,1,20.0,0,0.0,0.0,0.0,682634.87,4604.47,686029.24,98588.0,781222.87,682634.87,648349.92,86446.65400000001,7.0,10.0,2.0,8.0,False,True,False,False,False,True,False
1352,2000-12-18T00:00:00.000Z,Severe Storm,DR,AL,2001,2000-12-16T00:00:00.000Z,11,0,1,1,1,6.0,0,0.0,0.0,0.0,1085125.11,1085125.11,0.0,192419.0,1277544.11,1084948.69,1030736.26,26947.35274509804,15.0,51.0,4.0,47.0,True,True,False,False,False,False,False
1353,2000-12-29T00:00:00.000Z,Tornado,DR,ND,2001,2000-11-01T00:00:00.000Z,9,0,0,1,1,19.0,0,0.0,0.0,0.0,817522.69,49651.86,765362.51,104509.0,922031.69,817522.69,773505.83,51567.055,12.0,20.0,8.0,12.0,False,True,False,False,False,True,False
1354,2000-12-29T00:00:00.000Z,Severe Ice Storm,DR,AR,2001,2000-12-12T00:00:00.000Z,67,0,1,1,1,27.0,0,0.0,0.0,0.0,185489007.3,152443939.55,33092101.88,28495935.0,213984942.3,171463074.73,167906973.27,95315.76556168505,518.0,1994.0,391.0,1603.0,True,True,True,False,True,True,True
1355,2001-01-05T00:00:00.000Z,Severe Ice Storm,DR,OK,2001,2000-12-25T00:00:00.000Z,65,0,1,1,0,16.0,0,0.0,0.0,0.0,160002351.14,59324006.19,99573522.52,23968328.0,183970679.14,156445609.54,152892603.65,56838.96114614917,467.0,3298.0,561.0,2737.0,True,True,True,True,True,True,True
1356,2001-01-08T00:00:00.000Z,Severe Ice Storm,DR,TX,2001,2000-12-12T00:00:00.000Z,46,0,1,1,1,34.0,0,0.0,0.0,0.0,39711803.79,24308976.34,15313037.01,4438038.0,44149841.79,39711759.31,38680109.04,61827.84249651325,201.0,717.0,82.0,635.0,True,True,True,False,True,True,True
1357,2001-01-12T00:00:00.000Z,Severe Ice Storm,DR,LA,2001,2000-12-11T00:00:00.000Z,8,0,0,1,1,23.0,0,0.0,0.0,0.0,4294159.44,2918003.52,1386461.64,351225.0,4645384.44,4290827.16,4136997.07,49801.33255319149,41.0,94.0,13.0,81.0,True,True,True,True,True,True,False
1358,2001-01-18T00:00:00.000Z,Severe Storm,DR,VT,2001,2000-12-16T00:00:00.000Z,2,0,0,1,1,2.0,0,0.0,0.0,0.0,727798.23,9329.08,703570.79,103931.0,831729.23,727798.23,686786.67,5907.840580645162,27.0,155.0,0.0,155.0,True,True,True,False,False,True,True
1359,2001-02-05T00:00:00.000Z,Freezing,DR,FL,2001,2000-12-01T00:00:00.000Z,49,0,1,0,1,55.0,0,0.0,0.0,0.0,0.0,0.0,0.0,273677.0,273677.0,0.0,0.0,0.0,0.0,0.0,0.0,0.0,0,0,0,0,0,0,0
1360,2001-02-23T00:00:00.000Z,Severe Storm,DR,MS,2001,2001-02-16T00:00:00.000Z,50,0,1,1,1,27.0,0,0.0,0.0,0.0,18209539.53,9579191.49,8903962.17,2730274.0,20939813.53,18206351.2,17662328.6,46264.14007827789,88.0,511.0,52.0,459.0,True,True,True,False,True,True,True
1361,2001-03-01T00:00:00.000Z,Earthquake,DR,WA,2001,2001-02-28T00:00:00.000Z,24,0,1,1,1,16.0,0,0.0,0.0,0.0,66734226.22,7138998.7,54761534.37,18838111.0,85572337.22,66728028.4,65230926.2,61292.85841437632,237.0,1419.0,205.0,1214.0,True,True,True,True,True,True,True
1362,2001-03-05T00:00:00.000Z,Severe Storm,DR,AL,2001,2001-02-16T00:00:00.000Z,6,0,0,1,1,1.0,0,0.0,0.0,0.0,4786803.73,4111602.56,675201.17,106606.0,4893409.73,4786803.73,4599385.45,47173.18346153846,44.0,130.0,15.0,115.0,True,True,True,False,True,True,True
1363,2001-03-13T00:00:00.000Z,Severe Storm,DR,AR,2001,2001-02-14T00:00:00.000Z,22,0,0,1,1,35.0,0,0.0,0.0,0.0,3019659.14,103814.9,2934328.57,431125.0,3450784.14,3024224.94,2885588.84,15787.258114754099,41.0,244.0,11.0,233.0,True,True,True,True,True,True,True
1364,2001-04-10T00:00:00.000Z,Severe Storm,DR,MA,2001,2001-03-05T00:00:00.000Z,7,0,1,0,1,42.0,0,0.0,0.0,0.0,0.0,0.0,0.0,1615134.0,1615134.0,0.0,0.0,0.0,0.0,0.0,0.0,0.0,0,0,0,0,0,0,0
1365,2001-04-17T00:00:00.000Z,Severe Storm,DR,MS,2001,2001-04-03T00:00:00.000Z,6,0,1,1,1,2.0,0,0.0,0.0,0.0,2855252.63,22820.59,2871984.6,417677.0,3272929.63,2854352.0,2732136.45,24212.135629139073,19.0,151.0,14.0,137.0,True,True,True,True,True,True,True
1366,2001-04-27T00:00:00.000Z,Severe Storm,DR,KS,2001,2001-04-21T00:00:00.000Z,1,0,1,1,1,10.0,0,0.0,0.0,0.0,2697313.17,912342.82,1767548.6,442317.0,3139630.17,2695118.57,2596750.59,54957.68365079365,16.0,63.0,13.0,50.0,True,True,True,False,True,True,True
1367,2001-05-02T00:00:00.000Z,Severe Storm,DR,IA,2001,2001-04-08T00:00:00.000Z,23,0,1,1,1,51.0,0,0.0,0.0,0.0,8618000.36,3601067.84,4689231.55,1876460.0,10494460.36,8617786.12,8296709.65,24692.58685267857,115.0,448.0,44.0,404.0,True,True,True,True,True,True,True
1368,2001-05-09T00:00:00.000Z,Flood,DR,IL,2001,2001-04-18T00:00:00.000Z,10,0,1,1,1,41.0,0,0.0,0.0,0.0,5964308.99,2663455.38,3341706.39,521140.0,6485448.99,5964161.63,5708431.83,31117.44650406504,89.0,246.0,28.0,218.0,True,True,True,True,True,True,True
1369,2001-05-11T00:00:00.000Z,Flood,DR,WI,2001,2001-04-10T00:00:00.000Z,32,0,1,1,0,87.0,0,0.0,0.0,0.0,19743137.17,11692409.39,8072012.75,3344251.0,23087388.17,19743015.9,18999009.0,25348.105784215786,459.0,1001.0,98.0,903.0,True,True,True,True,True,True,True
1370,2001-05-16T00:00:00.000Z,Flood,DR,MN,2001,2001-03-23T00:00:00.000Z,72,0,1,1,1,102.0,0,0.0,0.0,0.0,36227572.27,8928827.59,27261029.27,5117141.0,41344713.27,36225621.63,34907042.29,19243.376255161023,1068.0,2422.0,154.0,2268.0,True,True,True,True,True,True,True
1371,2001-05-16T00:00:00.000Z,Severe Storm,DR,ME,2001,2001-03-05T00:00:00.000Z,6,0,0,1,1,26.0,0,0.0,0.0,0.0,1160382.95,164540.76,988792.94,208923.0,1369305.95,1160349.44,1097753.51,10922.919029850747,70.0,134.0,7.0,127.0,True,True,True,True,True,True,True
1372,2001-05-16T00:00:00.000Z,Severe Storm,DR,PR,2001,2001-05-06T00:00:00.000Z,15,0,1,1,0,5.0,0,0.0,0.0,0.0,5147725.26,1542430.72,3033129.15,310644.0,5458369.26,5145377.73,4968092.95,23489.799716312056,25.0,282.0,24.0,258.0,True,True,True,True,True,True,True
1373,2001-05-16T00:00:00.000Z,Severe Storm,DR,NE,2001,2001-04-10T00:00:00.000Z,28,0,0,1,1,13.0,0,0.0,0.0,0.0,2982075.51,45727.81,2934671.07,415221.0,3397296.51,2982075.51,2851666.91,66705.65701754387,22.0,57.0,22.0,35.0,False,True,False,False,True,True,True
1374,2001-05-17T00:00:00.000Z,Severe Storm,DR,CO,2001,2001-04-11T00:00:00.000Z,14,0,0,1,1,11.0,0,0.0,0.0,0.0,4621871.5,30085.44,4645199.75,492411.0,5114282.5,4621871.5,4448803.17,228143.75230769234,17.0,26.0,9.0,17.0,False,True,False,False,True,True,False
1375,2001-05-17T00:00:00.000Z,Flood,DR,SD,2001,2001-03-01T00:00:00.000Z,24,0,0,1,1,60.0,0,0.0,0.0,0.0,5097818.74,480755.51,4573840.99,710833.0,5808651.74,5097309.13,4853091.98,5931.0610449129235,454.0,1091.0,9.0,1082.0,True,True,True,True,True,True,True
1376,2001-05-28T00:00:00.000Z,Flood,DR,ND,2001,2001-03-01T00:00:00.000Z,38,0,0,1,1,161.0,0,0.0,0.0,0.0,23460073.66,4220258.24,18158271.52,3517976.0,26978049.66,23457511.89,22681562.22,14912.268476331361,245.0,2028.0,59.0,1969.0,True,True,True,True,True,True,True
1377,2001-05-28T00:00:00.000Z,Severe Storm,DR,MT,2001,2001-04-08T00:00:00.000Z,2,0,0,1,1,1.0,0,0.0,0.0,0.0,741930.23,9998.01,730615.2,113141.0,855071.23,740551.5900000001,705643.88,134408.35857142857,4.0,7.0,2.0,5.0,False,True,False,False,False,True,False
1378,2001-06-03T00:00:00.000Z,Severe Storm,DR,WV,2001,2001-05-15T00:00:00.000Z,24,0,1,1,1,112.0,0,0.0,0.0,0.0,27714640.97,9528257.44,18283828.51,11061441.0,38776081.97,27710773.25,27069747.37,34917.91177777777,123.0,1035.0,123.0,912.0,True,True,True,True,True,True,True
1379,2001-06-09T00:00:00.000Z,Coastal Storm,DR,TX,2001,2001-06-05T00:00:00.000Z,31,0,1,1,1,15.0,0,0.0,0.0,0.0,433651817.0,101320637.9,329884828.43,201035427.0,634687244.0,433563363.29,427722506.63,354689.7208084577,175.0,1608.0,501.0,1107.0,True,True,True,True,True,True,True
1380,2001-06-11T00:00:00.000Z,Coastal Storm,DR,LA,2001,2001-06-05T00:00:00.000Z,27,0,1,1,1,17.0,0,0.0,0.0,0.0,9040908.02,6082907.61,2964651.36,14135775.0,23176683.02,9040899.27,8683079.51,32917.33588068182,123.0,352.0,49.0,303.0,True,True,True,True,True,True,True
1381,2001-06-17T00:00:00.000Z,Severe Storm,DR,FL,2001,2001-06-11T00:00:00.000Z,9,0,1,1,1,4.0,0,0.0,0.0,0.0,14683135.02,2171960.59,11970103.49,4038077.0,18721212.02,14674946.19,14292197.71,24601.700890322583,25.0,775.0,49.0,726.0,True,True,True,True,True,True,True
1382,2001-06-21T00:00:00.000Z,Severe Storm,DR,MS,2001,2001-06-06T00:00:00.000Z,5,0,0,1,1,7.0,0,0.0,0.0,0.0,1776446.25,475268.17,1329092.51,0.0,1776446.25,1776378.66,1689088.88,22842.65898989899,25.0,99.0,8.0,91.0,True,True,True,True,True,True,True
1383,2001-06-21T00:00:00.000Z,Severe Storm,DR,PA,2001,2001-06-15T00:00:00.000Z,3,0,1,1,1,8.0,0,0.0,0.0,0.0,6689724.02,777194.42,5803267.17,1800672.0,8490396.02,6681890.98,6486148.87,58111.03966442953,43.0,149.0,19.0,130.0,True,True,True,True,True,True,True
1384,2001-06-29T00:00:00.000Z,Severe Storm,DR,OK,2001,2001-05-27T00:00:00.000Z,48,0,0,1,1,3.0,0,0.0,0.0,0.0,6425209.53,2629470.0,3613225.53,1051510.0,7476719.53,6425198.399999999,6156720.01,33781.72732510288,114.0,243.0,34.0,209.0,True,True,True,False,True,True,False
1385,2001-07-07T00:00:00.000Z,Severe Storm,DR,MT,2001,2001-06-03T00:00:00.000Z,3,0,0,1,1,11.0,0,0.0,0.0,0.0,970883.22,776691.84,187695.22,136965.0,1107848.22,970883.22,922154.47,55888.149545454544,13.0,22.0,5.0,17.0,True,True,True,False,False,True,False
1386,2001-07-12T00:00:00.000Z,Severe Storm,DR,VA,2001,2001-07-08T00:00:00.000Z,10,0,1,1,1,50.0,0,0.0,0.0,0.0,7390259.93,837090.99,6533634.13,1663497.0,9053756.93,7388886.66,7194796.66,19340.86487903226,25.0,496.0,24.0,472.0,True,True,True,True,True,True,True
1387,2001-08-15T00:00:00.000Z,Severe Storm,DR,TN,2001,2001-07-27T00:00:00.000Z,8,0,1,1,1,26.0,0,0.0,0.0,0.0,3692932.67,356138.9,3187341.86,659897.0,4352829.67,3692730.25,3544571.27,32150.30557823129,29.0,147.0,25.0,122.0,True,True,True,False,True,True,True
1388,2001-08-15T00:00:00.000Z,Severe Storm,DR,KY,2001,2001-07-27T00:00:00.000Z,20,0,1,1,1,25.0,0,0.0,0.0,0.0,11677354.07,457515.74,11164447.48,2023999.0,13701353.07,11676894.33,11329830.49,28884.603518164437,33.0,523.0,40.0,483.0,True,True,True,False,True,True,True
1389,2001-08-16T00:00:00.000Z,Severe Storm,DR,DC,2001,2001-08-10T00:00:00.000Z,1,0,1,1,1,2.0,0,0.0,0.0,0.0,708827.27,276994.7,460813.63,255255.0,964082.27,708827.27,669301.77,17687.502352941177,13.0,51.0,4.0,47.0,True,True,True,False,True,True,False
1390,2001-08-27T00:00:00.000Z,Severe Storm,DR,OH,2001,2001-07-17T00:00:00.000Z,4,0,0,1,1,1.0,0,0.0,0.0,0.0,5935229.86,708833.51,5149869.54,914172.0,6849401.86,5934940.0,5693274.67,27880.20824175824,54.0,273.0,28.0,245.0,True,True,True,True,True,True,True
1391,2001-09-11T00:00:00.000Z,Fire,DR,NY,2001,2001-09-11T00:00:00.000Z,62,0,1,1,1,0.0,0,0.0,0.0,0.0,4732560097.4,2090168740.98,240887893.45,264635280.0,4997195377.4,4725917709.74,4701981583.46,4284453.582311192,180.0,1099.0,621.0,478.0,True,True,True,False,True,True,True
1392,2001-09-21T00:00:00.000Z,Terrorist,DR,VA,2001,2001-09-11T00:00:00.000Z,1,0,1,1,1,0.0,0,0.0,0.0,0.0,4938627.13,4905529.68,0.0,1792038.0,6730665.13,4938627.14,4810132.34,87456.95163636364,39.0,55.0,16.0,39.0,False,True,False,False,False,False,False
1393,2001-09-28T00:00:00.000Z,Coastal Storm,DR,FL,2001,2001-09-13T00:00:00.000Z,11,0,0,1,1,8.0,0,0.0,0.0,0.0,22990447.07,9766980.43,12715981.97,1575675.0,24566122.07,22980144.6,22373321.84,53758.681888489205,82.0,556.0,75.0,481.0,True,True,True,True,True,True,True
1394,2001-10-12T00:00:00.000Z,Severe Storm,DR,NE,2002,2001-08-17T00:00:00.000Z,1,0,0,1,1,1.0,0,0.0,0.0,0.0,1414196.5,35419.81,1376975.39,136586.0,1550782.5,1414196.4999999998,1358605.1300000001,129390.965,6.0,14.0,2.0,12.0,False,True,True,True,True,True,False
1395,2001-10-25T00:00:00.000Z,Severe Storm,DR,OK,2002,2001-10-09T00:00:00.000Z,3,0,1,1,1,1.0,0,0.0,0.0,0.0,1146338.86,516406.83,493589.53,244547.0,1390885.86,1146338.86,1094695.3599999999,56138.22307692308,15.0,26.0,9.0,17.0,True,True,True,False,True,True,False
1396,2001-11-28T00:00:00.000Z,Severe Storm,DR,PR,2002,2001-11-07T00:00:00.000Z,13,0,0,1,1,2.0,0,0.0,0.0,0.0,4853317.12,681327.02,3553040.63,93818.0,4947135.12,4851268.98,4675360.38,17861.929398280805,20.0,349.0,22.0,327.0,True,True,True,True,True,True,True
1397,2001-12-05T00:00:00.000Z,Earthquake,DR,GU,2002,2001-10-13T00:00:00.000Z,1,0,0,1,1,0.0,0,0.0,0.0,0.0,2452457.07,53540.13,2138681.23,197626.0,2650083.07,2451633.32,2356635.26,16196.80417525773,23.0,194.0,5.0,189.0,False,True,False,False,True,True,True
1398,2001-12-07T00:00:00.000Z,Severe Storm,DR,MS,2002,2001-11-24T00:00:00.000Z,23,0,1,1,1,23.0,0,0.0,0.0,0.0,5456042.93,402109.28,5117212.83,804721.0,6260763.93,5451432.0600000005,5230281.8,30150.00823275862,64.0,232.0,28.0,204.0,True,True,True,True,True,True,True
1399,2001-12-07T00:00:00.000Z,Severe Storm,DR,AL,2002,2001-11-24T00:00:00.000Z,19,0,1,1,1,1.0,0,0.0,0.0,0.0,2343447.82,1538493.06,804954.76,484316.0,2827763.82,2343447.82,2239876.0500000003,42063.398450704226,22.0,71.0,10.0,61.0,True,True,True,True,True,True,True
1400,2002-01-24T00:00:00.000Z,Severe Storm,DR,AR,2002,2001-12-15T00:00:00.000Z,20,0,0,1,1,46.0,0,0.0,0.0,0.0,2225170.96,85726.8,2165746.79,105414.0,2330584.96,2227848.64,2115997.25,11595.100368852458,42.0,244.0,5.0,239.0,True,True,True,True,True,True,True
1401,2002-02-01T00:00:00.000Z,Severe Ice Storm,DR,OK,2002,2002-01-30T00:00:00.000Z,45,0,1,1,1,12.0,0,0.0,0.0,0.0,109054038.02,24594047.06,83957589.48,19414568.0,128468606.02,108846010.2,107083436.78,244482.7313869863,255.0,584.0,108.0,476.0,True,True,True,False,True,True,True
1402,2002-02-06T00:00:00.000Z,Severe Ice Storm,DR,KS,2002,2002-01-29T00:00:00.000Z,35,0,1,1,1,17.0,0,0.0,0.0,0.0,45020240.33,19181030.22,25287060.53,6185233.0,51205473.33,45020240.32,43812518.94,80132.63500685872,269.0,729.0,107.0,622.0,True,True,True,True,True,True,True
1403,2002-02-06T00:00:00.000Z,Severe Ice Storm,DR,MO,2002,2002-01-29T00:00:00.000Z,43,0,1,1,1,15.0,0,0.0,0.0,0.0,43824367.31,34013640.27,9715546.9,6709061.0,50533428.31,43824367.31,42835827.7,90357.99362341771,222.0,632.0,122.0,510.0,True,True,True,True,True,True,True
1404,2002-03-01T00:00:00.000Z,Snowstorm,DR,NY,2002,2001-12-24T00:00:00.000Z,1,0,0,1,1,5.0,0,0.0,0.0,0.0,5913137.1,752305.98,5103846.86,338652.0,6251789.1,5912940.02,5711497.88,35420.141348837205,49.0,215.0,21.0,194.0,True,True,True,False,True,True,True
1405,2002-03-12T00:00:00.000Z,Severe Storm,DR,OR,2002,2002-02-07T00:00:00.000Z,5,0,0,1,1,1.0,0,0.0,0.0,0.0,4796806.64,1194355.67,3609871.51,752279.0,5549085.64,4796804.69,4601806.38,31495.69082051282,57.0,195.0,21.0,174.0,True,True,True,True,True,True,True
1406,2002-04-02T00:00:00.000Z,Severe Storm,DR,VA,2002,2002-03-17T00:00:00.000Z,10,0,1,1,1,3.0,0,0.0,0.0,0.0,6233212.7,785167.68,5406707.43,1149793.0,7383005.7,6232385.77,6045031.64,15470.328656429941,35.0,521.0,28.0,493.0,True,True,True,True,True,True,True
1407,2002-04-04T00:00:00.000Z,Severe Storm,DR,KY,2002,2002-03-17T00:00:00.000Z,37,0,1,1,1,4.0,0,0.0,0.0,0.0,10952618.23,614423.27,10272253.0,2133460.0,13086078.23,10951848.81,10563580.74,16115.460034324944,72.0,874.0,38.0,836.0,True,True,True,True,True,True,True
1408,2002-04-05T00:00:00.000Z,Severe Storm,DR,TN,2002,2002-01-23T00:00:00.000Z,37,0,1,1,1,56.0,0,0.0,0.0,0.0,7698001.21,386876.08,7231737.88,1252681.0,8950682.21,7697251.16,7390291.68,20744.677136842107,76.0,475.0,23.0,452.0,True,True,True,True,True,True,True
1409,2002-05-01T00:00:00.000Z,Tornado,DR,MD,2002,2002-04-28T00:00:00.000Z,3,0,1,1,1,0.0,0,0.0,0.0,0.0,4284113.3,3010762.41,1240215.47,849287.0,5133400.3,4281583.01,4121291.9499999997,54406.49267326733,29.0,101.0,17.0,84.0,True,True,True,False,True,True,True
1410,2002-05-05T00:00:00.000Z,Severe Storm,DR,WV,2002,2002-05-02T00:00:00.000Z,8,0,1,1,1,18.0,0,0.0,0.0,0.0,15255670.18,8294263.24,6945591.61,3846550.0,19102220.18,15254509.77,14879938.79,43318.59805676856,62.0,458.0,70.0,388.0,True,True,True,False,True,True,True
1411,2002-05-05T00:00:00.000Z,Severe Storm,DR,VA,2002,2002-04-28T00:00:00.000Z,15,0,1,1,1,5.0,0,0.0,0.0,0.0,6678555.87,2655782.18,4010838.23,1225737.0,7904292.87,6677712.22,6488409.92,58454.14189189189,10.0,148.0,27.0,121.0,True,True,True,False,True,True,True
1412,2002-05-06T00:00:00.000Z,Severe Storm,DR,MO,2002,2002-04-24T00:00:00.000Z,79,0,1,1,1,47.0,0,0.0,0.0,0.0,35299777.93,1386209.24,33708365.51,4988421.0,40288198.93,35294624.17,34125919.69,28433.81881948782,305.0,1601.0,178.0,1423.0,True,True,True,True,True,True,True
1413,2002-05-06T00:00:00.000Z,Flood,DR,MI,2002,2002-04-10T00:00:00.000Z,6,0,0,1,1,29.0,0,0.0,0.0,0.0,4906653.82,415565.69,4321699.99,771719.0,5678372.82,4905054.39,4724545.2700000005,27185.65344827586,36.0,232.0,18.0,214.0,True,True,True,True,True,True,True
1414,2002-05-07T00:00:00.000Z,Severe Storm,DR,KY,2002,2002-04-27T00:00:00.000Z,39,0,1,1,1,13.0,0,0.0,0.0,0.0,8191992.39,1466923.96,6665537.25,2027706.0,10219698.39,8191692.99,7932428.8,22794.336443965516,41.0,464.0,26.0,438.0,True,True,True,False,True,True,True
1415,2002-05-16T00:00:00.000Z,Earthquake,DR,NY,2002,2002-04-20T00:00:00.000Z,6,0,1,0,1,0.0,0,0.0,0.0,0.0,0.0,0.0,0.0,573827.0,573827.0,0.0,0.0,0.0,0.0,0.0,0.0,0.0,0,0,0,0,0,0,0
1416,2002-05-21T00:00:00.000Z,Tornado,DR,IL,2002,2002-04-21T00:00:00.000Z,68,0,1,1,1,32.0,0,0.0,0.0,0.0,15595158.21,3410971.44,12179540.99,2119922.0,17715080.21,15594246.02,15020218.61,22994.69748283753,432.0,874.0,38.0,836.0,True,True,True,True,True,True,True
1417,2002-05-29T00:00:00.000Z,Typhoon,DR,FM,2002,2002-02-26T00:00:00.000Z,1,0,0,1,1,5.0,0,0.0,0.0,0.0,1509686.69,125487.68,1336211.76,218629.0,1728315.69,1509686.69,1453550.31,20400.705263157895,8.0,95.0,3.0,92.0,True,True,True,True,True,True,True
1418,2002-06-13T00:00:00.000Z,Severe Storm,DR,IN,2002,2002-04-28T00:00:00.000Z,31,0,1,1,1,40.0,0,0.0,0.0,0.0,4620806.54,556297.96,4110565.71,888018.0,5508824.54,4620610.14,4413236.46,14823.927412060302,67.0,398.0,19.0,379.0,True,True,True,True,True,True,True
1419,2002-06-14T00:00:00.000Z,Severe Storm,DR,MN,2002,2002-06-09T00:00:00.000Z,19,0,1,1,1,19.0,0,0.0,0.0,0.0,26435703.2,3849174.16,22397523.78,5840208.0,32275911.2,26435014.29,25646454.98,32467.916944971537,342.0,1054.0,111.0,943.0,True,True,True,True,True,True,True
1420,2002-06-19T00:00:00.000Z,Flood,DR,IA,2002,2002-06-03T00:00:00.000Z,21,0,1,1,1,22.0,0,0.0,0.0,0.0,5581544.94,561438.53,4781884.9,1122434.0,6703978.94,5581545.03,5359356.93,19685.423608815425,68.0,363.0,15.0,348.0,True,True,True,True,True,True,True
1421,2002-06-19T00:00:00.000Z,Fire,DR,CO,2002,2002-04-23T00:00:00.000Z,60,0,1,0,1,105.0,0,0.0,0.0,0.0,0.0,0.0,0.0,55096.0,55096.0,0.0,0.0,0.0,0.0,0.0,0.0,0.0,0,0,0,0,0,0,0
1422,2002-06-25T00:00:00.000Z,Fire,DR,AZ,2002,2002-06-18T00:00:00.000Z,5,0,1,1,1,19.0,0,0.0,0.0,0.0,1238463.33,736982.53,240606.03,831698.0,2070161.33,1240837.74,1192531.68,42974.11405405405,8.0,37.0,8.0,29.0,True,True,True,False,True,True,False
1423,2002-06-26T00:00:00.000Z,Flood,DR,AK,2002,2002-04-27T00:00:00.000Z,10,0,1,1,1,33.0,0,0.0,0.0,0.0,3266024.79,337529.94,2783374.44,316082.0,3582106.79,3265714.18,3145079.28,95314.46636363637,20.0,44.0,11.0,33.0,True,True,True,True,True,True,True
1424,2002-07-03T00:00:00.000Z,Severe Storm,DR,MT,2002,2002-06-08T00:00:00.000Z,6,0,0,1,1,13.0,0,0.0,0.0,0.0,1428869.09,98133.91,1289354.48,218396.0,1647265.09,1428869.09,1361885.73,33626.806296296294,20.0,54.0,5.0,49.0,True,True,True,True,True,True,True
1425,2002-07-04T00:00:00.000Z,Flood,DR,TX,2002,2002-06-29T00:00:00.000Z,41,0,1,1,1,32.0,0,0.0,0.0,0.0,27960004.15,3632120.14,23910060.19,10058379.0,38018383.15,27951886.44,27045687.08,26055.573778901733,150.0,1384.0,137.0,1247.0,True,True,True,True,True,True,True
1426,2002-07-06T00:00:00.000Z,Typhoon,DR,GU,2002,2002-07-05T00:00:00.000Z,1,0,1,1,1,1.0,0,0.0,0.0,0.0,12698713.54,5084794.82,6625816.2,7923456.0,20622169.54,12654083.47,12367341.280000001,27956.308841463415,57.0,492.0,48.0,444.0,True,True,True,False,True,True,True
1427,2002-07-11T00:00:00.000Z,Typhoon,DR,FM,2002,2002-07-02T00:00:00.000Z,2,0,1,1,1,2.0,0,0.0,0.0,0.0,2193357.34,245479.87,1899767.97,1810224.0,4003581.34,2192319.56,2120843.89,20491.243304347827,47.0,115.0,8.0,107.0,True,True,True,True,True,True,True
1428,2002-07-12T00:00:00.000Z,Severe Storm,DR,VT,2002,2002-06-05T00:00:00.000Z,5,0,1,1,1,8.0,0,0.0,0.0,0.0,1788583.65,44429.26,1744454.58,237017.0,2025600.65,1788527.79,1700653.14,11325.660348258707,48.0,201.0,4.0,197.0,True,True,True,False,True,True,True
1429,2002-07-19T00:00:00.000Z,Severe Storm,DR,WI,2002,2002-06-21T00:00:00.000Z,8,0,0,1,1,4.0,0,0.0,0.0,0.0,3547202.78,394971.87,3138024.77,513181.0,4060383.78,3547190.78,3382774.15,12708.657837078652,97.0,356.0,12.0,344.0,True,True,True,True,True,True,True
1430,2002-08-06T00:00:00.000Z,Typhoon,DR,MP,2002,2002-07-04T00:00:00.000Z,1,0,0,1,1,1.0,0,0.0,0.0,0.0,734518.39,202508.57,295399.76,105972.0,840490.39,732738.15,711576.02,27263.448620689654,14.0,29.0,4.0,25.0,True,True,True,False,True,False,True
1431,2002-09-10T00:00:00.000Z,Severe Storm,DR,ND,2002,2002-06-08T00:00:00.000Z,6,0,0,1,1,64.0,0,0.0,0.0,0.0,1143690.22,71012.95,965171.71,157886.0,1301576.22,1143690.22,1088047.8,11699.437177419355,21.0,124.0,4.0,120.0,True,True,True,True,True,True,False
1432,2002-09-10T00:00:00.000Z,Tornado,DR,WI,2002,2002-09-02T00:00:00.000Z,19,0,1,1,1,4.0,0,0.0,0.0,0.0,2158899.02,981932.61,1165648.92,662196.0,2821095.02,2158368.77,2061620.9000000001,24631.46767857143,39.0,112.0,11.0,101.0,True,True,True,False,True,True,True
1433,2002-09-25T00:00:00.000Z,Severe Storm,DR,IN,2002,2002-09-20T00:00:00.000Z,32,0,1,1,1,0.0,0,0.0,0.0,0.0,3579584.09,2860877.17,752887.3,624820.0,4204404.09,3579478.82,3428122.3,32731.761500000004,48.0,140.0,20.0,120.0,True,True,True,False,True,True,True
1434,2002-09-26T00:00:00.000Z,Coastal Storm,DR,TX,2002,2002-09-06T00:00:00.000Z,11,0,1,0,1,24.0,0,0.0,0.0,0.0,0.0,0.0,0.0,1396381.0,1396381.0,0.0,0.0,0.0,0.0,0.0,0.0,0.0,0,0,0,0,0,0,0
1435,2002-09-27T00:00:00.000Z,Hurricane,DR,LA,2002,2002-09-21T00:00:00.000Z,16,0,1,1,1,10.0,0,0.0,0.0,0.0,6487026.47,6507378.72,0.0,4023296.0,10510322.469999999,6486645.930000001,6216719.9,35788.71129310345,99.0,232.0,42.0,190.0,True,True,False,False,False,False,False
1436,2002-10-01T00:00:00.000Z,Hurricane,DR,MS,2003,2002-09-23T00:00:00.000Z,11,0,1,1,1,13.0,0,0.0,0.0,0.0,6719649.01,999661.03,5784955.93,1685487.0,8405136.01,6709001.99,6457396.7,42311.362794117646,49.0,204.0,34.0,170.0,True,True,True,True,True,True,True
1437,2002-10-03T00:00:00.000Z,Hurricane,DR,LA,2003,2002-10-01T00:00:00.000Z,44,0,1,1,1,15.0,0,0.0,0.0,0.0,71737126.44,38966068.43,32755054.37,19929023.0,91666149.44,71736609.21,69809176.81,62106.02769846564,376.0,1499.0,271.0,1228.0,True,True,True,True,True,True,True
1438,2002-10-09T00:00:00.000Z,Hurricane,DR,AL,2003,2002-09-23T00:00:00.000Z,2,0,0,1,1,8.0,0,0.0,0.0,0.0,2745985.95,1232950.3,1488362.08,716877.0,3462862.95,2742844.06,2623953.48,35339.4397979798,25.0,99.0,12.0,87.0,True,True,True,True,True,True,True
1439,2002-11-05T00:00:00.000Z,Severe Storm,DR,TX,2003,2002-10-24T00:00:00.000Z,18,1,1,0,1,22.0,0,57974742.1,31700420.63,26274321.47,0.0,0.0,0.0,7154189.0,65128931.1,0.0,0.0,0.0,0.0,0.0,0.0,0.0,0,0,0,0,0,0,0
1440,2002-11-08T00:00:00.000Z,Earthquake,DR,AK,2003,2002-11-03T00:00:00.000Z,6,1,1,1,1,7.0,0,470371.72,376188.66,94183.06,18277293.72,1008608.59,17179138.74,2252775.0,21000440.439999998,18276789.54,17958628.86,413312.23672413785,13.0,58.0,11.0,47.0,False,True,True,False,True,True,True
1441,2002-11-13T00:00:00.000Z,Severe Storm,DR,TN,2003,2002-11-09T00:00:00.000Z,22,1,1,1,1,3.0,0,1880461.2,741924.97,1138536.23,3202892.95,1353453.47,1716011.76,599700.0,5683054.15,3202841.0500000003,3061613.52,38877.63123809524,46.0,105.0,20.0,85.0,True,True,True,False,True,True,True
1442,2002-11-14T00:00:00.000Z,Severe Storm,DR,AL,2003,2002-11-05T00:00:00.000Z,29,1,1,1,1,7.0,0,3306085.11,1546858.08,1759227.03,12603404.04,11477322.11,1095358.52,2304130.0,18213619.15,12603187.21,12273017.25,194809.79583333334,24.0,84.0,21.0,63.0,True,True,True,False,True,True,True
1443,2002-11-14T00:00:00.000Z,Severe Storm,DR,MS,2003,2002-11-10T00:00:00.000Z,6,1,1,1,1,1.0,0,2028548.78,640454.36,1388094.42,20182808.77,1810120.86,18509601.88,1685619.0,23896976.55,20181372.59,19785187.119999997,246970.91,20.0,107.0,37.0,70.0,True,True,True,False,True,True,True
1444,2002-11-18T00:00:00.000Z,Severe Storm,DR,OH,2003,2002-11-10T00:00:00.000Z,20,1,1,0,1,0.0,0,579893.02,297240.48,282652.54,0.0,0.0,0.0,140456.0,720349.02,0.0,0.0,0.0,0.0,0.0,0.0,0.0,0,0,0,0,0,0,0
1445,2002-12-04T00:00:00.000Z,Severe Storm,DR,AK,2003,2002-10-23T00:00:00.000Z,4,1,1,1,1,58.0,0,509173.67,461070.95,48102.72,8721045.16,441657.36,8028649.4,1695298.0,10925516.83,8712959.2,8452741.879999999,93273.21768595041,24.0,121.0,37.0,84.0,True,True,True,True,True,True,True
1446,2002-12-08T00:00:00.000Z,Typhoon,DR,GU,2003,2002-12-08T00:00:00.000Z,1,1,1,1,1,8.0,0,125463060.64,43407641.42,82055419.22,56986504.09,12598628.0,42212978.84,31049019.0,213498583.73000002,56951817.18,55998426.37,65418.11196774194,124.0,930.0,161.0,769.0,True,True,True,False,True,True,True
1447,2002-12-11T00:00:00.000Z,Typhoon,DR,MP,2003,2002-12-08T00:00:00.000Z,3,1,1,1,1,8.0,0,3682703.79,1438319.22,2244384.57,5149451.95,1032707.62,3847738.96,1027046.0,9859201.74,5145927.62,4992691.76,39066.44457746479,34.0,142.0,17.0,125.0,True,True,True,False,True,True,True
1448,2002-12-12T00:00:00.000Z,Severe Ice Storm,DR,NC,2003,2002-12-04T00:00:00.000Z,44,0,0,1,1,2.0,0,0.0,0.0,0.0,86565179.7,73888055.9,12258236.08,6401348.0,92966527.7,86564935.12,84583691.12,124869.41425884955,278.0,904.0,232.0,672.0,True,True,True,False,True,True,True
1449,2003-01-06T00:00:00.000Z,Typhoon,DR,FM,2003,2002-12-05T00:00:00.000Z,1,0,0,1,0,2.0,0,0.0,0.0,0.0,2603436.29,92330.13,2464159.91,0.0,2603436.29,2603211.7399999998,2509515.38,32485.635339805824,38.0,103.0,5.0,98.0,True,True,True,True,True,True,True
1450,2003-01-06T00:00:00.000Z,Severe Ice Storm,DR,AR,2003,2002-12-03T00:00:00.000Z,18,0,0,1,1,1.0,0,0.0,0.0,0.0,9586323.53,2695557.88,6896190.82,1255425.0,10841748.53,9588857.540000001,9265019.12,60264.98663414634,92.0,205.0,29.0,176.0,True,True,True,False,True,True,True
1451,2003-01-08T00:00:00.000Z,Severe Ice Storm,DR,SC,2003,2002-12-04T00:00:00.000Z,6,0,0,1,1,2.0,0,0.0,0.0,0.0,3939783.19,2348210.19,1556086.46,560847.0,4500630.1899999995,3939763.5,3764692.04,46945.666448598124,64.0,107.0,24.0,83.0,True,True,False,False,True,True,False
1452,2003-02-04T00:00:00.000Z,Severe Ice Storm,DR,OK,2003,2002-12-03T00:00:00.000Z,14,0,0,1,1,1.0,0,0.0,0.0,0.0,4409312.27,466456.99,3847197.05,732504.0,5141816.27,4408796.76,4242720.09,91241.29048387097,26.0,62.0,17.0,45.0,True,True,True,False,False,True,False
1453,2003-03-14T00:00:00.000Z,Severe Storm,DR,OH,2003,2003-02-14T00:00:00.000Z,31,1,1,1,1,32.0,0,2609145.45,1614171.25,994974.2,31856038.61,13005035.17,18927692.15,2108337.0,36573521.06,31846867.1,30931717.09,30429.759204126753,742.0,1357.0,94.0,1263.0,True,True,True,False,True,True,True
1454,2003-03-14T00:00:00.000Z,Severe Storm,DR,KY,2003,2003-02-15T00:00:00.000Z,52,1,1,1,1,11.0,0,9369739.03,6856715.41,2513023.62,36424884.27,17183377.43,19144277.15,2388516.0,48183139.300000004,36422472.26,35424002.51,33238.64814919071,149.0,1421.0,103.0,1318.0,True,True,True,True,True,True,True
1455,2003-03-14T00:00:00.000Z,Severe Storm,DR,WV,2003,2003-02-16T00:00:00.000Z,49,1,1,1,1,40.0,0,5431111.2,4371300.36,1059810.84,9335774.41,4245056.75,5200730.17,813465.0,15580350.61,9334402.14,9106165.73,15266.246290726816,178.0,798.0,41.0,757.0,True,True,True,False,True,True,True
1456,2003-03-20T00:00:00.000Z,Severe Storm,DR,TN,2003,2003-02-14T00:00:00.000Z,28,0,0,1,1,12.0,0,0.0,0.0,0.0,6239034.16,754985.05,5428511.09,72631.0,6311665.16,6238698.69,5989108.84,21466.3386827957,65.0,372.0,17.0,355.0,True,True,True,False,True,True,True
1457,2003-03-27T00:00:00.000Z,Severe Ice Storm,DR,NC,2003,2003-02-27T00:00:00.000Z,10,0,0,1,1,1.0,0,0.0,0.0,0.0,15296905.63,13577163.25,1363858.63,203068.0,15499973.63,15281855.879999999,14914075.76,123595.17385093166,60.0,161.0,43.0,118.0,True,True,True,False,True,True,True
1458,2003-03-27T00:00:00.000Z,Severe Storm,DR,VA,2003,2003-02-15T00:00:00.000Z,39,1,1,1,1,13.0,0,2242480.28,1213932.96,1028547.32,13709082.34,9032940.4,4639768.12,750602.0,16702164.62,13709083.4,13359140.27,34586.76902912621,71.0,515.0,49.0,466.0,True,True,True,True,True,True,True
1459,2003-04-24T00:00:00.000Z,Severe Storm,DR,MS,2003,2003-04-06T00:00:00.000Z,31,1,1,1,1,19.0,0,18270709.28,7651000.29,10619708.99,5991973.09,559485.46,5471976.93,815503.0,25078185.37,5991186.98,5755781.88,20391.348381962864,56.0,377.0,19.0,358.0,True,True,True,True,True,True,True
1460,2003-04-25T00:00:00.000Z,Severe Storm,DR,FL,2003,2003-03-27T00:00:00.000Z,1,1,1,0,1,0.0,0,14538920.62,3835447.42,10703473.2,0.0,0.0,0.0,423565.0,14962485.62,0.0,0.0,0.0,0.0,0.0,0.0,0.0,0,0,0,0,0,0,0
1461,2003-04-26T00:00:00.000Z,Severe Storm,DR,AK,2003,2003-03-06T00:00:00.000Z,3,1,1,1,1,8.0,0,789831.28,599410.0,190421.28,1910455.43,546004.4,1205199.83,203999.0,2904285.71,1909377.69,1828219.15,38692.468095238095,20.0,63.0,8.0,55.0,True,True,True,False,True,True,True
1462,2003-05-06T00:00:00.000Z,Severe Storm,DR,KS,2003,2003-05-04T00:00:00.000Z,15,1,1,1,1,26.0,0,2518800.62,1530744.62,988056.0,6146361.95,1469244.43,4615802.99,928244.0,9593406.57,6146361.97,5944481.850000001,64967.01319672132,36.0,122.0,19.0,103.0,True,True,True,True,True,True,True
1463,2003-05-06T00:00:00.000Z,Severe Storm,DR,MO,2003,2003-05-04T00:00:00.000Z,76,1,1,1,1,26.0,0,8779157.72,4444964.35,4334193.37,19562866.28,7127084.88,12269180.76,1697118.0,30039142.0,19559644.85,18954996.57,52109.955134020616,128.0,485.0,84.0,401.0,True,True,True,True,True,True,True
1464,2003-05-08T00:00:00.000Z,Severe Storm,DR,TN,2003,2003-05-04T00:00:00.000Z,73,1,1,1,1,26.0,0,22160601.08,9065299.34,13095301.74,38797058.53,16607328.23,21975368.26,4630711.0,65588370.61,38685200.15,37712700.7,51785.37570545829,196.0,971.0,104.0,867.0,True,True,True,True,True,True,True
1465,2003-05-10T00:00:00.000Z,Severe Storm,DR,OK,2003,2003-05-08T00:00:00.000Z,27,1,1,1,1,22.0,0,2305722.55,1229822.49,1075900.06,4366087.01,2280285.57,1914677.82,793525.0,7465334.56,4366087.01,4182955.0,31689.051761363637,52.0,176.0,23.0,153.0,True,True,True,False,True,True,True
1466,2003-05-12T00:00:00.000Z,Severe Storm,DR,AL,2003,2003-05-05T00:00:00.000Z,38,1,1,1,1,25.0,0,50014084.62,22764616.08,27249468.54,12587894.04,1980409.16,10416249.31,3112794.0,65714772.66,12585821.41,12137608.47,25893.56352,129.0,625.0,60.0,565.0,True,True,True,True,True,True,True
1467,2003-05-12T00:00:00.000Z,Severe Ice Storm,DR,NY,2003,2003-04-03T00:00:00.000Z,16,1,1,1,1,2.0,0,25872687.19,6302770.87,19569916.32,18090813.62,16703264.74,1156582.59,2421439.0,46384939.81,18090681.53,17407249.28,25643.29491169978,435.0,906.0,79.0,827.0,True,True,True,True,True,True,True
1468,2003-05-14T00:00:00.000Z,Freezing,DR,ME,2003,2002-12-17T00:00:00.000Z,11,0,0,1,1,166.0,0,0.0,0.0,0.0,1741049.6,125789.02,1615260.58,145376.0,1886425.6,1740990.66,1649844.62,11517.238481675391,118.0,191.0,3.0,188.0,False,True,False,False,True,True,False
1469,2003-05-15T00:00:00.000Z,Severe Storm,DR,IL,2003,2003-05-06T00:00:00.000Z,16,1,1,0,1,5.0,0,1644357.98,787056.7,857301.28,0.0,0.0,0.0,92411.0,1736768.98,0.0,0.0,0.0,0.0,0.0,0.0,0.0,0,0,0,0,0,0,0
1470,2003-05-23T00:00:00.000Z,Severe Storm,DR,MS,2003,2003-05-05T00:00:00.000Z,9,1,1,0,1,3.0,0,740552.45,390852.02,349700.43,0.0,0.0,0.0,0.0,740552.45,0.0,0.0,0.0,0.0,0.0,0.0,0.0,0,0,0,0,0,0,0
1471,2003-06-03T00:00:00.000Z,Severe Storm,DR,KY,2003,2003-05-04T00:00:00.000Z,44,1,1,1,1,23.0,0,4108811.57,2808922.31,1299889.26,4993708.33,387792.63,4561494.65,279127.0,9381646.9,4991746.8,4778199.54,14955.26117370892,59.0,426.0,13.0,413.0,True,True,True,False,True,True,True
1472,2003-06-06T00:00:00.000Z,Severe Storm,DR,AR,2003,2003-05-02T00:00:00.000Z,23,1,1,1,1,39.0,0,7297676.37,2955622.13,4342054.24,5305933.78,649888.94,4650221.11,1075159.0,13678769.15,5305933.78,5086748.71,14439.944161358811,60.0,471.0,12.0,459.0,True,True,True,True,True,True,True
1473,2003-06-06T00:00:00.000Z,Severe Storm,DR,AS,2003,2003-05-19T00:00:00.000Z,2,1,1,1,1,2.0,0,9679012.66,4961914.5,4717098.16,1509996.41,144601.1,1291674.65,895330.0,12084339.07,1509016.68,1449085.28,20910.32077922078,14.0,77.0,7.0,70.0,True,True,True,True,True,True,True
1474,2003-06-21T00:00:00.000Z,Severe Storm,DR,WV,2003,2003-06-11T00:00:00.000Z,20,1,1,1,1,34.0,0,10877948.83,8093288.65,2784660.18,4833478.25,992958.11,3853581.36,842726.0,16554153.08,4834800.72,4676292.36,16121.366744186045,41.0,387.0,20.0,367.0,True,True,True,False,True,True,True
1475,2003-07-02T00:00:00.000Z,Severe Storm,DR,KY,2003,2003-06-14T00:00:00.000Z,23,1,1,1,1,13.0,0,6621705.06,4682638.07,1939066.99,8904595.58,484092.83,8367825.54,781278.0,16307578.64,8900720.96,8613624.82,15841.168344827587,35.0,725.0,31.0,694.0,True,True,True,False,True,True,True
1476,2003-07-11T00:00:00.000Z,Severe Storm,DR,IN,2003,2003-07-04T00:00:00.000Z,46,1,1,1,1,33.0,0,13386838.38,9783608.01,3603230.37,6936604.6,2782537.86,4200530.19,1493653.0,21817095.98,6936178.93,6645265.88,21343.297860576924,137.0,416.0,34.0,382.0,True,True,True,True,True,True,True
1477,2003-07-14T00:00:00.000Z,Fire,DR,AZ,2003,2003-06-17T00:00:00.000Z,1,0,0,1,1,28.0,0,0.0,0.0,0.0,5363459.27,1662748.86,3641438.96,374643.0,5738102.27,5363454.39,5195324.09,266426.87576923077,6.0,26.0,11.0,15.0,True,True,True,False,True,True,False
1478,2003-07-15T00:00:00.000Z,Severe Storm,DR,OH,2003,2003-07-04T00:00:00.000Z,10,1,1,0,1,7.0,0,1980992.81,1468511.02,512481.79,0.0,0.0,0.0,32689.0,2013681.81,0.0,0.0,0.0,0.0,0.0,0.0,0.0,0,0,0,0,0,0,0
1479,2003-07-17T00:00:00.000Z,Hurricane,DR,TX,2003,2003-07-15T00:00:00.000Z,18,1,1,1,1,13.0,0,20213296.06,11924830.34,8288465.72,17889243.31,4631163.81,13121953.46,1577925.0,39680464.37,17877426.55,17318524.169999998,41839.14168478261,116.0,552.0,67.0,485.0,True,True,True,True,True,True,True
1480,2003-07-21T00:00:00.000Z,Severe Storm,DR,NE,2003,2003-06-09T00:00:00.000Z,19,0,0,1,1,35.0,0,0.0,0.0,0.0,3891329.31,432930.23,3452546.54,245527.0,4136856.31,3891230.96,3724337.04,35983.93123188405,48.0,138.0,17.0,121.0,True,True,True,False,True,True,True
1481,2003-07-29T00:00:00.000Z,Severe Storm,DR,FL,2003,2003-06-13T00:00:00.000Z,11,0,0,1,1,70.0,0,0.0,0.0,0.0,11748193.16,3671390.7,7769368.33,423256.0,12171449.16,11746692.82,11406602.7,58048.86702290076,37.0,262.0,44.0,218.0,True,True,True,True,True,True,True
1482,2003-07-29T00:00:00.000Z,Severe Storm,DR,TN,2003,2003-07-21T00:00:00.000Z,2,1,1,1,1,1.0,0,20592021.41,5813443.59,14778577.82,35430275.15,13078927.79,22317471.37,2920980.0,58943276.56,35429063.74,34804324.379999995,271378.746374269,28.0,171.0,43.0,128.0,True,True,True,False,True,True,True
1483,2003-08-01T00:00:00.000Z,Severe Storm,DR,ND,2003,2003-06-24T00:00:00.000Z,1,0,0,1,1,1.0,0,0.0,0.0,0.0,868596.02,0.0,886885.52,78581.0,947177.02,868596.0199999999,827871.5,367942.88999999996,3.0,3.0,1.0,2.0,False,False,False,False,False,True,False
1484,2003-08-01T00:00:00.000Z,Tornado,DR,OH,2003,2003-07-21T00:00:00.000Z,15,1,1,1,1,35.0,0,74778371.61,36715451.25,38062920.36,10875976.79,1583993.66,9322353.13,4328378.0,89982726.4,10874634.24,10442252.98,19216.422906336087,221.0,726.0,50.0,676.0,True,True,True,True,True,True,True
1485,2003-08-23T00:00:00.000Z,Severe Storm,DR,PA,2003,2003-07-21T00:00:00.000Z,15,1,1,1,1,53.0,0,2965355.19,2462966.1,502389.09,28586080.4,1355369.03,27283122.91,2110767.0,33662202.59,28584825.520000003,27913841.95,27909.66846560847,318.0,1134.0,28.0,1106.0,True,True,True,True,True,True,True
1486,2003-08-29T00:00:00.000Z,Severe Storm,DR,NY,2003,2003-07-21T00:00:00.000Z,17,1,1,1,1,23.0,0,1792438.3,1551072.1,241366.2,23721241.42,1428016.65,21731225.98,1453627.0,26967306.720000003,23721119.55,22891747.15,26101.186490179334,202.0,1171.0,89.0,1082.0,True,True,True,True,True,True,True
1487,2003-09-05T00:00:00.000Z,Severe Storm,DR,IN,2003,2003-08-26T00:00:00.000Z,21,1,1,0,1,20.0,0,8231038.84,6576154.9,1654883.94,0.0,0.0,0.0,697502.0,8928540.84,0.0,0.0,0.0,0.0,0.0,0.0,0.0,0,0,0,0,0,0,0
1488,2003-09-12T00:00:00.000Z,Severe Storm,DR,VT,2003,2003-07-21T00:00:00.000Z,4,0,0,1,1,28.0,0,0.0,0.0,0.0,966610.05,47365.55,923052.27,71661.0,1038271.05,966344.09,912664.88,11986.157254901962,31.0,102.0,2.0,100.0,True,False,True,False,True,False,True
1489,2003-09-12T00:00:00.000Z,Severe Storm,DR,NH,2003,2003-07-21T00:00:00.000Z,2,0,0,1,1,28.0,0,0.0,0.0,0.0,973986.52,58721.15,933375.05,59829.0,1033815.52,973986.52,923220.88,19030.732461538464,21.0,65.0,3.0,62.0,False,True,True,False,False,True,True
1490,2003-09-18T00:00:00.000Z,Hurricane,DR,NC,2003,2003-09-18T00:00:00.000Z,49,1,1,1,1,8.0,0,45380866.63,23122365.52,22258501.11,70854431.54,50724584.41,19149915.85,4706946.0,120942244.17000002,70845050.52,68990855.29,72890.81995249406,323.0,1263.0,222.0,1041.0,True,True,True,True,True,True,True
1491,2003-09-18T00:00:00.000Z,Hurricane,DR,VA,2003,2003-09-18T00:00:00.000Z,100,1,1,1,1,13.0,0,57048028.63,33948484.29,23099544.34,204913750.38,178024945.68,27447793.49,16387580.0,278349359.01,204904789.42,201143351.05,120544.59853231597,272.0,2228.0,481.0,1747.0,True,True,True,True,True,True,True
1492,2003-09-19T00:00:00.000Z,Hurricane,DR,MD,2003,2003-09-18T00:00:00.000Z,24,1,1,1,1,11.0,0,33051507.87,23148436.23,9903071.64,40676530.89,24147326.33,16345973.0,5339719.0,79067757.76,40668476.73,39532028.24,40147.77083777609,303.0,1313.0,176.0,1137.0,True,True,True,True,True,True,True
1493,2003-09-20T00:00:00.000Z,Hurricane,DR,DC,2003,2003-09-18T00:00:00.000Z,1,1,1,1,0,11.0,0,953918.36,665156.56,288761.8,4964970.09,4178036.2,828371.99,71658.0,5990546.45,4964337.19,4781171.18,84131.5507894737,26.0,76.0,12.0,64.0,True,True,True,False,True,True,True
1494,2003-09-20T00:00:00.000Z,Hurricane,DR,DE,2003,2003-09-18T00:00:00.000Z,3,1,1,1,1,11.0,0,1459279.09,1015627.62,443651.47,2216218.88,1798695.81,362348.24,287623.0,3963120.9699999997,2216218.88,2108962.2,15450.797472527473,87.0,182.0,13.0,169.0,True,True,True,False,True,True,True
1495,2003-09-23T00:00:00.000Z,Hurricane,DR,DE,2003,2003-09-15T00:00:00.000Z,1,1,1,1,1,0.0,0,1756.2,1756.2,0.0,8683492.28,534547.26,8175107.84,443191.0,9128439.479999999,8683424.22,8483538.82,195329.90206896552,19.0,58.0,18.0,40.0,True,True,True,False,True,False,True
1496,2003-09-23T00:00:00.000Z,Hurricane,DR,WV,2003,2003-09-18T00:00:00.000Z,10,0,0,1,1,12.0,0,0.0,0.0,0.0,1492914.01,575889.64,918931.86,0.0,1492914.01,1492914.01,1426062.63,8342.800087719297,41.0,228.0,3.0,225.0,True,True,True,False,True,True,True
1497,2003-09-26T00:00:00.000Z,Severe Storm,DR,PA,2003,2003-09-15T00:00:00.000Z,1,1,1,0,1,8.0,0,1009837.0,635579.11,374257.89,0.0,0.0,0.0,0.0,1009837.0,0.0,0.0,0.0,0.0,0.0,0.0,0.0,0,0,0,0,0,0,0
1498,2003-10-27T00:00:00.000Z,Fire,DR,CA,2004,2003-10-21T00:00:00.000Z,5,1,1,1,1,162.0,0,33842082.4,9327997.51,24514084.89,108149061.65,85290020.19,20414640.46,7280835.0,149271979.05,108122272.61999999,106312157.29,173976.80033128837,168.0,815.0,171.0,644.0,True,True,True,True,True,True,True
1499,2003-11-07T00:00:00.000Z,Severe Storm,DR,WA,2004,2003-10-15T00:00:00.000Z,15,1,1,1,1,8.0,0,2735259.91,1660130.53,1075129.38,9125551.24,1569833.28,6580370.83,507031.0,12367842.15,9125367.8,8844310.46,45355.437,61.0,260.0,34.0,226.0,True,True,True,True,True,True,True
1500,2003-11-21T00:00:00.000Z,Severe Storm,DR,WV,2004,2003-11-11T00:00:00.000Z,34,1,1,1,1,19.0,0,21655767.21,15159911.68,6495855.53,15753907.55,1906302.94,13828190.18,2546890.0,39956564.760000005,15749369.68,15379670.54,16685.29309194467,106.0,1229.0,55.0,1174.0,True,True,True,True,True,True,True
1501,2003-11-21T00:00:00.000Z,Severe Storm,DR,PR,2004,2003-11-10T00:00:00.000Z,31,1,1,1,1,13.0,0,58083771.07,16977312.0,41106459.07,7133712.69,1178384.43,5382315.63,2274847.0,67492330.75999999,7128245.52,6870351.87,18468.685866935484,31.0,496.0,23.0,473.0,True,True,True,True,False,True,True
1502,2003-12-09T00:00:00.000Z,Severe Storm,DR,VA,2004,2003-11-18T00:00:00.000Z,6,1,1,0,1,1.0,0,1220484.27,970511.05,249973.22,0.0,0.0,0.0,54661.0,1275145.27,0.0,0.0,0.0,0.0,0.0,0.0,0.0,0,0,0,0,0,0,0
1503,2003-12-09T00:00:00.000Z,Severe Storm,DR,VI,2004,2003-11-10T00:00:00.000Z,3,0,0,1,0,6.0,0,0.0,0.0,0.0,1557788.66,25578.31,673704.71,37700.0,1595488.66,1553280.26,1520686.4,40551.635800000004,19.0,50.0,9.0,41.0,True,True,True,True,True,True,True
1504,2003-12-19T00:00:00.000Z,Typhoon,DR,FM,2004,2003-11-22T00:00:00.000Z,2,0,0,1,1,4.0,0,0.0,0.0,0.0,1225379.55,329528.86,828091.03,57338.0,1282717.55,1225379.55,1174019.25,11769.615714285714,6.0,133.0,5.0,128.0,True,True,True,True,True,True,False
1505,2004-01-13T00:00:00.000Z,Earthquake,DR,CA,2004,2003-12-22T00:00:00.000Z,2,1,1,1,1,46.0,0,8134432.06,7834700.93,299731.13,47773159.64,6230771.35,40506647.12,2218157.0,58125748.7,47770760.33,46976991.78,276105.87792951544,39.0,227.0,44.0,183.0,True,True,True,True,True,True,True
1506,2004-01-13T00:00:00.000Z,Typhoon,DR,AS,2004,2004-01-02T00:00:00.000Z,3,1,1,1,1,4.0,0,25921601.38,11710373.75,14211227.63,12192558.84,1295562.79,10619079.89,1791043.0,39905203.22,12192388.200000001,11889074.07,47178.86521428571,31.0,280.0,57.0,223.0,True,True,True,True,True,True,True
1507,2004-01-26T00:00:00.000Z,Severe Storm,DR,OH,2004,2004-01-03T00:00:00.000Z,14,1,1,1,1,27.0,0,1238534.8,986202.99,252331.81,11703087.98,933998.65,10773864.15,774857.0,13716479.780000001,11702439.76,11242812.9,22119.397908689247,187.0,679.0,43.0,636.0,True,True,True,True,True,True,True
1508,2004-02-05T00:00:00.000Z,Severe Storm,DR,ME,2004,2003-12-10T00:00:00.000Z,7,0,0,1,1,21.0,0,0.0,0.0,0.0,2411749.43,133142.71,2278606.72,152917.0,2564666.43,2411749.48,2291076.45,7542.637061728395,110.0,405.0,6.0,399.0,True,True,True,False,True,True,True
1509,2004-02-13T00:00:00.000Z,Severe Ice Storm,DR,SC,2004,2004-01-26T00:00:00.000Z,26,0,0,1,1,4.0,0,0.0,0.0,0.0,16188809.94,9068111.07,6869111.28,980174.0,17168983.939999998,16188381.99,15648164.22,61455.89985294118,138.0,340.0,60.0,280.0,True,True,True,False,True,True,True
1510,2004-02-19T00:00:00.000Z,Severe Storm,DR,OR,2004,2003-12-26T00:00:00.000Z,30,0,0,1,1,19.0,0,0.0,0.0,0.0,10289394.05,6877869.17,3473033.53,795890.0,11085284.05,10289376.24,9913396.04,39282.97872403561,114.0,337.0,51.0,286.0,True,True,True,True,True,True,True
1511,2004-04-10T00:00:00.000Z,Typhoon,DR,FM,2004,2004-04-08T00:00:00.000Z,1,1,1,1,1,6.0,0,8112928.87,6374506.02,1738422.85,13797356.33,859301.52,12678864.48,262977.0,22173262.2,13795696.07,13564506.44,30785.76981632653,21.0,490.0,54.0,436.0,True,True,True,True,True,True,True
1512,2004-04-21T00:00:00.000Z,Flood,DR,MA,2004,2004-04-01T00:00:00.000Z,5,1,1,0,1,29.0,0,2728345.06,2479114.65,249230.41,0.0,0.0,0.0,8570.0,2736915.06,0.0,0.0,0.0,0.0,0.0,0.0,0.0,0,0,0,0,0,0,0
1513,2004-04-23T00:00:00.000Z,Severe Storm,DR,IL,2004,2004-04-20T00:00:00.000Z,4,1,1,1,1,3.0,0,749315.3,493902.39,255412.91,1913550.92,800920.84,1123487.03,161341.0,2824207.2199999997,1912518.33,1825870.53,31866.42551282051,20.0,78.0,8.0,70.0,True,True,True,False,True,True,True
1514,2004-04-29T00:00:00.000Z,Severe Storm,DR,NM,2004,2004-04-02T00:00:00.000Z,4,0,0,1,1,9.0,0,0.0,0.0,0.0,4438216.91,723051.72,3767390.76,0.0,4438216.91,4438216.92,4289805.57,57371.4919,26.0,100.0,9.0,91.0,True,True,True,True,True,True,True
1515,2004-05-05T00:00:00.000Z,Severe Storm,DR,ND,2004,2004-03-26T00:00:00.000Z,22,0,0,1,1,80.0,0,0.0,0.0,0.0,12621672.3,297264.96,11721614.21,633024.0,13254696.3,12620841.18,12186067.96,18805.659131944445,100.0,864.0,28.0,836.0,True,True,True,True,True,True,True
1516,2004-05-07T00:00:00.000Z,Severe Storm,DR,AR,2004,2004-04-19T00:00:00.000Z,14,0,0,1,1,29.0,0,0.0,0.0,0.0,7053105.35,314401.38,6763407.63,409670.0,7462775.35,7051695.2700000005,6787278.64,23329.192724935736,52.0,389.0,22.0,367.0,True,True,True,True,True,True,True
1517,2004-05-25T00:00:00.000Z,Severe Storm,DR,NE,2004,2004-05-20T00:00:00.000Z,39,1,1,1,1,12.0,0,829908.94,485999.91,343909.03,13351657.77,2023872.79,11322151.73,1054873.0,15236439.709999999,13341164.06,12935637.39,51794.34204204204,104.0,333.0,44.0,289.0,True,True,True,True,True,True,True
1518,2004-05-25T00:00:00.000Z,Severe Storm,DR,IA,2004,2004-05-19T00:00:00.000Z,77,1,1,1,1,36.0,0,6190448.7,5034199.56,1156249.14,14795285.63,2976622.78,11464342.66,1500076.0,22485810.330000002,14794308.86,14228752.31,16818.854601063827,296.0,1128.0,53.0,1075.0,True,True,True,True,True,True,True
1519,2004-06-03T00:00:00.000Z,Severe Storm,DR,OH,2004,2004-05-18T00:00:00.000Z,25,1,1,1,1,34.0,0,19193921.3,13999401.04,5194520.26,10648040.68,1569652.38,9122880.76,2164906.0,32006867.98,10646825.64,10227808.38,17189.10635220126,206.0,795.0,40.0,755.0,True,True,True,True,True,True,True
1520,2004-06-03T00:00:00.000Z,Severe Storm,DR,IN,2004,2004-05-25T00:00:00.000Z,69,1,1,1,1,31.0,0,5034664.25,3517498.8,1517165.45,4154202.26,1488548.35,2699195.9,451971.0,9640837.51,4154070.81,3962471.99,19197.97920289855,96.0,276.0,19.0,257.0,True,True,True,True,True,True,True
1521,2004-06-08T00:00:00.000Z,Severe Storm,DR,LA,2004,2004-05-12T00:00:00.000Z,9,1,1,0,1,7.0,0,5900558.36,3293656.58,2606901.78,0.0,0.0,0.0,0.0,5900558.36,0.0,0.0,0.0,0.0,0.0,0.0,0.0,0,0,0,0,0,0,0
1522,2004-06-07T00:00:00.000Z,Severe Storm,DR,WV,2004,2004-05-27T00:00:00.000Z,24,1,1,1,1,32.0,0,19563069.34,14778111.19,4784958.15,9399463.79,3266574.69,6192032.93,2008314.0,30970847.13,9399059.2,9123086.86,24328.917005988023,39.0,501.0,41.0,460.0,True,True,True,True,True,True,True
1523,2004-06-10T00:00:00.000Z,Severe Storm,DR,KY,2004,2004-05-26T00:00:00.000Z,78,1,1,1,1,23.0,0,21878709.14,14568555.25,7310153.89,17498353.8,1933408.39,15543366.98,1007424.0,40384486.94,17498004.97,16922150.1,16445.31031341108,108.0,1372.0,46.0,1326.0,True,True,True,False,True,True,True
1524,2004-06-11T00:00:00.000Z,Severe Storm,DR,MO,2004,2004-05-18T00:00:00.000Z,37,1,1,0,1,13.0,0,1396915.31,1044648.29,352267.02,0.0,0.0,0.0,16044.0,1412959.31,0.0,0.0,0.0,0.0,0.0,0.0,0.0,0,0,0,0,0,0,0
1525,2004-06-15T00:00:00.000Z,Severe Storm,DR,VA,2004,2004-05-24T00:00:00.000Z,4,1,1,0,1,33.0,0,1558980.89,1279215.12,279765.77,0.0,0.0,0.0,7249.0,1566229.89,0.0,0.0,0.0,0.0,0.0,0.0,0.0,0,0,0,0,0,0,0
1526,2004-06-18T00:00:00.000Z,Severe Storm,DR,WI,2004,2004-05-07T00:00:00.000Z,44,1,1,1,1,57.0,0,6568870.2,5100075.05,1468795.15,10868369.16,1734839.25,9087357.76,1322215.0,18759454.36,10867725.629999999,10423092.14,17932.169471649486,318.0,776.0,35.0,741.0,True,True,True,True,True,True,True
1527,2004-06-30T00:00:00.000Z,Severe Storm,DR,MI,2004,2004-05-20T00:00:00.000Z,26,1,1,0,1,19.0,0,41314005.89,26912181.7,14401824.19,0.0,0.0,0.0,1153207.0,42467212.89,0.0,0.0,0.0,0.0,0.0,0.0,0.0,0,0,0,0,0,0,0
1528,2004-06-30T00:00:00.000Z,Severe Storm,DR,AR,2004,2004-05-30T00:00:00.000Z,14,0,0,1,1,40.0,0,0.0,0.0,0.0,3303885.65,1058389.36,2248031.59,253348.0,3557233.65,3303885.65,3149203.75,13047.800681114551,65.0,323.0,19.0,304.0,True,True,True,True,True,True,True
1529,2004-06-30T00:00:00.000Z,Dam/Levee Break,DR,CA,2004,2004-06-03T00:00:00.000Z,1,0,0,1,1,39.0,0,0.0,0.0,0.0,21025562.11,15648947.84,5258243.16,895918.0,21921480.11,21007219.45,20600697.78,500415.5867272727,15.0,55.0,27.0,28.0,True,True,True,True,False,True,True
1530,2004-07-16T00:00:00.000Z,Severe Storm,DR,NJ,2004,2004-07-12T00:00:00.000Z,2,1,1,1,1,11.0,0,9640959.42,7850466.61,1790492.81,7337467.8,2462711.75,4594348.95,1233644.0,18212071.22,7336081.44,7100237.34,48798.88092783505,49.0,194.0,34.0,160.0,True,True,True,True,True,True,True
1531,2004-07-20T00:00:00.000Z,Severe Storm,DR,SD,2004,2004-05-28T00:00:00.000Z,10,0,0,1,1,19.0,0,0.0,0.0,0.0,1058536.53,61083.53,988894.23,78492.0,1137028.53,1058536.57,1001757.94,11514.45724137931,53.0,116.0,1.0,115.0,True,True,True,True,True,True,True
1532,2004-07-29T00:00:00.000Z,Typhoon,DR,MP,2004,2004-06-27T00:00:00.000Z,3,0,0,1,1,2.0,0,0.0,0.0,0.0,1907631.53,469793.62,1272345.58,122040.0,2029671.53,1907551.03,1834643.5399999998,20183.095643564357,25.0,101.0,6.0,95.0,True,True,True,False,True,True,True
1533,2004-07-29T00:00:00.000Z,Severe Storm,DR,GU,2004,2004-06-26T00:00:00.000Z,1,0,0,1,1,3.0,0,0.0,0.0,0.0,919429.84,245607.6,391587.93,0.0,919429.84,918914.97,883773.17,21424.802363636365,34.0,55.0,4.0,51.0,True,True,False,False,True,True,True
1534,2004-08-03T00:00:00.000Z,Severe Storm,DR,NY,2004,2004-05-13T00:00:00.000Z,62,0,0,1,1,35.0,0,0.0,0.0,0.0,18467868.44,692710.15,16073397.04,711134.0,19179002.44,18467322.38,17895313.08,23980.3175879397,207.0,995.0,46.0,949.0,True,True,True,True,True,True,True
1535,2004-08-03T00:00:00.000Z,Severe Storm,DR,KS,2004,2004-06-12T00:00:00.000Z,29,0,0,1,1,43.0,0,0.0,0.0,0.0,10223840.2,833386.98,9138256.14,771366.0,10995206.2,10223840.24,9886616.39,43940.51586666667,117.0,300.0,27.0,273.0,True,True,True,True,True,True,True
1536,2004-08-06T00:00:00.000Z,Severe Storm,DR,WV,2004,2004-07-22T00:00:00.000Z,4,1,1,0,1,41.0,0,1465037.44,1360295.78,104741.66,0.0,0.0,0.0,155450.0,1620487.44,0.0,0.0,0.0,0.0,0.0,0.0,0.0,0,0,0,0,0,0,0
1537,2004-08-06T00:00:00.000Z,Severe Storm,DR,KY,2004,2004-07-13T00:00:00.000Z,27,0,0,1,1,2.0,0,0.0,0.0,0.0,3480615.66,974965.19,2486208.76,215809.0,3696424.66,3480060.53,3321618.95,24881.163314606743,68.0,178.0,15.0,163.0,True,True,True,False,True,True,True
1538,2004-08-06T00:00:00.000Z,Severe Storm,DR,PA,2004,2004-07-27T00:00:00.000Z,7,1,1,0,1,29.0,0,9961967.69,7947412.69,2014555.0,0.0,0.0,0.0,741434.0,10703401.69,0.0,0.0,0.0,0.0,0.0,0.0,0.0,0,0,0,0,0,0,0
1539,2004-08-13T00:00:00.000Z,Hurricane,DR,FL,2004,2004-08-11T00:00:00.000Z,67,1,1,1,1,19.0,0,208970753.97,91728356.27,117242397.7,619521235.51,427297553.76,185176735.79,87636278.54,916128268.02,619329353.24,610143537.54,111905.33383077949,515.0,6004.0,1050.0,4954.0,True,True,True,True,True,True,True
1540,2004-08-26T00:00:00.000Z,Fire,DR,NV,2004,2004-07-14T00:00:00.000Z,1,0,0,1,1,13.0,0,0.0,0.0,0.0,6365836.25,6301599.55,20750.69,533754.0,6899590.25,6363307.89,6196187.55,284882.1848275862,5.0,29.0,10.0,19.0,True,True,True,False,True,False,True
1541,2004-08-26T00:00:00.000Z,Typhoon,DR,MP,2004,2004-08-21T00:00:00.000Z,3,1,1,1,1,5.0,0,13836392.68,9147550.58,4688842.1,6334210.46,1369348.37,4288055.7,1559063.0,21729666.14,6318747.34,6134117.21,22745.9554,51.0,300.0,19.0,281.0,True,True,True,True,True,True,True
1542,2004-09-01T00:00:00.000Z,Severe Storm,DR,IN,2004,2004-07-03T00:00:00.000Z,20,0,0,1,1,15.0,0,0.0,0.0,0.0,2900653.17,877713.3,2041233.57,194011.0,3094664.17,2900603.75,2762881.19,22264.957289156628,72.0,166.0,19.0,147.0,True,True,True,False,True,True,True
1543,2004-09-01T00:00:00.000Z,Hurricane,DR,SC,2004,2004-08-14T00:00:00.000Z,2,0,0,1,1,1.0,0,0.0,0.0,0.0,2426201.13,1184699.3,1173390.11,120370.0,2546571.13,2425845.64,2317127.17,32639.73368421053,31.0,95.0,16.0,79.0,True,True,True,True,True,True,True
1544,2004-09-03T00:00:00.000Z,Severe Storm,DR,VA,2004,2004-08-30T00:00:00.000Z,12,1,1,1,1,9.0,0,9262094.78,6458352.78,2803742.0,20783468.17,1704240.02,18952507.19,1593757.0,31639319.950000003,20778798.61,20353567.88,65392.98773493976,25.0,415.0,74.0,341.0,True,True,True,True,True,True,True
1545,2004-09-04T00:00:00.000Z,Hurricane,DR,FL,2004,2004-09-03T00:00:00.000Z,67,1,1,1,1,35.0,0,411815685.98,192014228.39,219801457.59,685254867.41,381357267.6,296162641.89,102446410.0,1199516963.3899999,684560096.11,672877213.8,88505.59188025967,794.0,8318.0,1569.0,6749.0,True,True,True,True,True,True,True
1546,2004-09-10T00:00:00.000Z,Hurricane,DR,NC,2004,2004-09-07T00:00:00.000Z,35,1,1,1,1,5.0,0,21289503.58,12088046.88,9201456.7,18285916.76,2704333.28,15053049.44,1839971.0,41415391.34,18277247.669999998,17817479.15,29631.90192893401,92.0,788.0,74.0,714.0,True,True,True,True,True,True,True
1547,2004-09-15T00:00:00.000Z,Severe Storm,DR,SC,2004,2004-08-28T00:00:00.000Z,3,0,0,1,1,2.0,0,0.0,0.0,0.0,12821500.42,4499165.39,8274409.55,630116.0,13451616.42,12820210.8,12501585.74,141531.1766101695,34.0,118.0,30.0,88.0,True,True,True,True,True,True,True
1548,2004-09-15T00:00:00.000Z,Hurricane,DR,LA,2004,2004-09-13T00:00:00.000Z,29,1,1,1,1,13.0,0,4252022.77,2779944.79,1472077.98,9018988.63,8786344.26,331743.56,262694.0,13533705.4,9017542.1,8714763.87,33353.05911764706,96.0,272.0,39.0,233.0,True,True,False,True,True,True,True
1549,2004-09-15T00:00:00.000Z,Hurricane,DR,AL,2004,2004-09-13T00:00:00.000Z,67,1,1,1,1,17.0,0,190193142.59,113359261.47,76833881.12,222148642.93,132796558.92,88114546.87,37574846.0,449916631.52,222150776.60999998,218222814.77,86835.65178146411,474.0,2773.0,339.0,2434.0,True,True,True,True,True,True,True
1550,2004-09-15T00:00:00.000Z,Hurricane,DR,MS,2004,2004-09-13T00:00:00.000Z,44,1,1,1,1,7.0,0,8514432.84,6200742.72,2313690.12,14444569.46,10517748.67,4216944.26,1565093.0,24524095.3,14441435.12,13963187.790000001,26936.619544715446,141.0,615.0,62.0,553.0,True,True,True,False,True,True,True
1551,2004-09-16T00:00:00.000Z,Hurricane,DR,FL,2004,2004-09-13T00:00:00.000Z,45,1,1,1,1,65.0,0,164517307.53,77889008.09,86628299.44,694779708.94,343273737.11,345029136.25,80168489.91,939465506.38,694725681.22,685917672.56,237858.66408948685,221.0,3196.0,757.0,2439.0,True,True,True,True,True,True,True
1552,2004-09-17T00:00:00.000Z,Severe Storm,DR,PR,2004,2004-09-14T00:00:00.000Z,78,1,1,1,1,5.0,0,416500859.48,118993520.93,297507338.55,41301481.72,24776802.29,15039652.6,7475103.0,465277444.20000005,41290464.54,40270032.15,47317.47472477064,101.0,1090.0,116.0,974.0,True,True,True,True,True,True,True
1553,2004-09-18T00:00:00.000Z,Hurricane,DR,NC,2004,2004-09-16T00:00:00.000Z,29,1,1,1,1,7.0,0,13371728.21,10026877.07,3344851.14,32660678.88,7583634.5,24320631.83,924963.0,46957370.09,32659384.82,31976492.13,33436.37665335463,98.0,1252.0,130.0,1122.0,True,True,True,True,True,True,True
1554,2004-09-18T00:00:00.000Z,Hurricane,DR,GA,2004,2004-09-14T00:00:00.000Z,31,1,1,1,1,46.0,0,4243819.01,2991644.47,1252174.54,11948606.45,3334803.34,8317605.56,892147.0,17084572.46,11948334.44,11529604.76,24703.00714524207,114.0,599.0,51.0,548.0,True,True,True,True,True,True,True
1555,2004-09-19T00:00:00.000Z,Severe Storm,DR,PA,2004,2004-09-08T00:00:00.000Z,67,1,1,0,1,1.0,0,3439214.02,2499993.13,939220.89,0.0,0.0,0.0,154339.0,3593553.02,0.0,0.0,0.0,0.0,0.0,0.0,0.0,0,0,0,0,0,0,0
1556,2004-09-19T00:00:00.000Z,Severe Storm,DR,OH,2004,2004-08-27T00:00:00.000Z,88,1,1,1,1,31.0,0,23662227.18,13809310.51,9852916.67,25804256.17,4029934.14,21814740.52,2541082.0,52007565.35,25798900.49,24883701.6,21004.372572692795,358.0,1582.0,123.0,1459.0,True,True,True,True,True,True,True
1557,2004-09-19T00:00:00.000Z,Hurricane,DR,PA,2004,2004-09-17T00:00:00.000Z,67,1,1,1,1,14.0,0,86766316.64,58004959.82,28761356.82,85266594.98,11140881.68,74104765.3,9768599.0,181801510.62,85228254.38,82517785.58,21820.144487128713,1429.0,5050.0,331.0,4719.0,True,True,True,True,True,True,True
1558,2004-09-20T00:00:00.000Z,Severe Storm,DR,WV,2004,2004-09-16T00:00:00.000Z,22,1,1,1,1,11.0,0,19308118.5,11920902.36,7387216.14,16023728.24,5990835.26,10181058.1,2245014.0,37576860.74,16017191.97,15566365.16,25371.390780487807,108.0,820.0,77.0,743.0,True,True,True,False,True,True,True
1559,2004-09-23T00:00:00.000Z,Severe Storm,DR,VT,2004,2004-08-12T00:00:00.000Z,7,0,0,1,1,31.0,0,0.0,0.0,0.0,2348737.81,12556.72,2344966.96,154535.0,2503272.81,2348737.81,2230721.42,10326.368581314879,56.0,289.0,3.0,286.0,True,True,True,False,True,True,True
1560,2004-09-24T00:00:00.000Z,Hurricane,DR,GA,2004,2004-09-03T00:00:00.000Z,80,0,0,1,1,57.0,0,0.0,0.0,0.0,15368109.08,4014469.39,11113158.18,1135905.0,16504014.08,15368109.16,14768176.77,23753.65176115802,214.0,829.0,71.0,758.0,True,True,True,True,True,True,True
1561,2004-09-26T00:00:00.000Z,Hurricane,DR,FL,2004,2004-09-24T00:00:00.000Z,53,1,1,1,1,54.0,0,398620293.65,199814423.84,198805869.81,520033714.9,382120268.87,134052326.49,84000410.17,1002654418.7199999,519927358.86,511124468.87,97604.56920878355,657.0,5738.0,1083.0,4655.0,True,True,True,True,True,True,True
1562,2004-09-30T00:00:00.000Z,Severe Storm,DR,KS,2004,2004-08-27T00:00:00.000Z,2,0,0,1,1,3.0,0,0.0,0.0,0.0,1681016.32,44273.78,1609629.69,101251.0,1782267.32,1681016.32,1604644.91,40368.424716981135,13.0,53.0,7.0,46.0,True,True,True,True,True,True,True
1563,2004-10-01T00:00:00.000Z,Severe Storm,DR,NJ,2005,2004-09-18T00:00:00.000Z,4,1,1,1,1,13.0,0,1785198.18,1401112.39,384085.79,4272883.41,1016901.74,3064206.4,406711.0,6464792.59,4272847.95,4098435.39,19326.919612676054,77.0,284.0,19.0,265.0,True,True,True,True,True,True,True
1564,2004-10-01T00:00:00.000Z,Severe Storm,DR,NY,2005,2004-08-13T00:00:00.000Z,18,1,1,1,1,34.0,0,2883537.86,1738636.54,1144901.32,14073648.07,852726.57,11332070.41,825556.0,17782741.93,14073071.99,13599369.06,25079.51734439834,223.0,723.0,39.0,684.0,True,True,True,True,True,True,True
1565,2004-10-01T00:00:00.000Z,Severe Storm,DR,NY,2005,2004-09-16T00:00:00.000Z,9,1,1,1,1,8.0,0,1612140.93,1228390.3,383750.63,11575109.97,746267.96,9612411.85,700048.0,13887298.9,11568620.93,11170396.95,21554.068798842258,129.0,691.0,36.0,655.0,True,True,True,True,True,True,True
1566,2004-10-07T00:00:00.000Z,Hurricane,DR,SC,2005,2004-09-06T00:00:00.000Z,28,1,1,0,1,35.0,0,7240598.76,5778026.85,1462571.91,0.0,0.0,0.0,213494.0,7454092.76,0.0,0.0,0.0,0.0,0.0,0.0,0.0,0,0,0,0,0,0,0
1567,2004-10-07T00:00:00.000Z,Hurricane,DR,VI,2005,2004-09-14T00:00:00.000Z,3,0,0,1,1,3.0,0,0.0,0.0,0.0,1685028.81,29074.57,1074752.35,113870.0,1798898.81,1680901.55,1631088.39,39541.536181818185,16.0,55.0,8.0,47.0,True,True,True,False,True,True,True
1568,2004-10-07T00:00:00.000Z,Severe Storm,DR,TN,2005,2004-09-16T00:00:00.000Z,15,0,0,1,1,4.0,0,0.0,0.0,0.0,6016293.51,536676.41,5449185.45,226946.0,6243239.51,6016293.51,5800713.89,42496.07087912088,43.0,182.0,28.0,154.0,True,True,True,False,True,True,True
1569,2004-10-07T00:00:00.000Z,Severe Storm,DR,MN,2005,2004-09-14T00:00:00.000Z,7,1,1,1,1,13.0,0,4210930.22,3076879.4,1134050.82,4045561.21,505296.22,3448743.72,614553.0,8871044.43,4045504.49,3869528.58,19093.282361623613,125.0,271.0,20.0,251.0,True,True,True,True,True,True,True
1570,2004-10-18T00:00:00.000Z,Severe Storm,DR,VA,2005,2004-09-27T00:00:00.000Z,10,1,1,0,1,3.0,0,2275380.47,1479351.47,796029.0,0.0,0.0,0.0,165776.0,2441156.47,0.0,0.0,0.0,0.0,0.0,0.0,0.0,0,0,0,0,0,0,0
1571,2004-11-15T00:00:00.000Z,Severe Storm,DR,AK,2005,2004-10-18T00:00:00.000Z,6,0,0,1,1,6.0,0,0.0,0.0,0.0,12384097.04,177158.31,11905516.68,464357.0,12848454.04,12380621.399999999,12083056.36,179040.524,36.0,90.0,19.0,71.0,True,True,True,True,True,True,True
1572,2004-11-15T00:00:00.000Z,Severe Storm,DR,DE,2005,2004-09-28T00:00:00.000Z,1,0,0,1,1,4.0,0,0.0,0.0,0.0,834072.23,247469.71,574363.07,8602.0,842674.23,834072.25,789674.53,13233.542124999998,26.0,80.0,5.0,75.0,True,True,True,False,True,True,True
1573,2005-01-21T00:00:00.000Z,Severe Storm,DR,IN,2005,2005-01-01T00:00:00.000Z,87,1,1,1,1,41.0,0,12352135.45,5247474.19,7104661.26,18239754.03,9750089.85,8557703.26,2364984.0,32956873.48,18239516.1,17605663.73,38440.84397058824,197.0,612.0,67.0,545.0,True,True,True,True,True,True,True
1574,2005-02-01T00:00:00.000Z,Severe Storm,DR,WV,2005,2005-01-04T00:00:00.000Z,6,0,0,1,1,21.0,0,0.0,0.0,0.0,8779277.11,815513.48,8043081.7,797224.0,9576501.11,8775784.32,8557994.08,34463.60798192771,37.0,332.0,52.0,280.0,True,True,True,False,True,True,True
1575,2005-02-01T00:00:00.000Z,Severe Storm,DR,HI,2005,2004-10-30T00:00:00.000Z,1,0,0,1,1,0.0,0,0.0,0.0,0.0,18589306.34,9095619.04,8842387.44,222817.0,18812123.34,18589306.34,18287178.28,241892.31524752476,9.0,101.0,39.0,62.0,True,True,True,False,True,False,True
1576,2005-02-01T00:00:00.000Z,Severe Storm,DR,UT,2005,2005-01-08T00:00:00.000Z,2,0,0,1,1,4.0,0,0.0,0.0,0.0,6686129.28,1579311.48,5152382.17,527138.0,7213267.28,6683029.4,6485573.62,60471.54685314685,15.0,143.0,30.0,113.0,True,True,True,False,False,True,True
1577,2005-02-04T00:00:00.000Z,Severe Storm,DR,CA,2005,2004-12-27T00:00:00.000Z,8,1,1,1,1,15.0,0,21484255.07,15066521.04,6417734.03,197423205.14,50225047.74,142460397.8,16609685.0,235517145.20999998,197364596.54,193279292.9,102228.9704165014,299.0,2521.0,623.0,1898.0,True,True,True,True,True,True,True
1578,2005-02-08T00:00:00.000Z,Snowstorm,DR,KY,2005,2004-12-21T00:00:00.000Z,30,0,0,1,1,2.0,0,0.0,0.0,0.0,2742185.07,1009567.52,1657841.26,144298.0,2886483.07,2741891.73,2618687.62,21033.89608433735,74.0,166.0,13.0,153.0,True,True,False,False,True,True,False
1579,2005-02-08T00:00:00.000Z,Severe Storm,DR,KS,2005,2005-01-04T00:00:00.000Z,38,0,0,1,1,2.0,0,0.0,0.0,0.0,82381461.35,12537232.14,69295516.64,2183102.0,84564563.35,82381461.43,80703967.76,152415.42369688384,327.0,706.0,55.0,651.0,True,True,True,True,True,True,True
1580,2005-02-15T00:00:00.000Z,Severe Storm,DR,OH,2005,2004-12-22T00:00:00.000Z,62,1,1,1,1,41.0,0,10017388.91,4306096.86,5711292.05,97938844.86,15498901.21,82705823.9,5694936.0,113651169.77,97936266.85,95306236.05,42299.66580784575,922.0,3008.0,321.0,2687.0,True,True,True,True,True,True,True
1581,2005-02-17T00:00:00.000Z,Severe Storm,DR,AZ,2005,2004-12-28T00:00:00.000Z,8,0,0,1,1,15.0,0,0.0,0.0,0.0,6186990.8,1331484.49,4610216.96,112353.0,6299343.8,6169589.01,5949613.57,35733.41346846847,32.0,222.0,45.0,177.0,True,True,True,True,True,True,True
1582,2005-02-18T00:00:00.000Z,Typhoon,DR,AS,2005,2005-02-15T00:00:00.000Z,5,1,1,1,1,6.0,0,2507569.84,1151270.77,1356299.07,5665226.65,673982.56,4624684.39,462000.0,8634796.49,5662484.54,5503787.54,86159.60563380281,16.0,71.0,26.0,45.0,True,True,False,False,True,True,True
1583,2005-03-07T00:00:00.000Z,Severe Storm,DR,NV,2005,2005-01-07T00:00:00.000Z,2,0,0,1,1,6.0,0,0.0,0.0,0.0,3950493.46,797674.23,3149041.55,410149.0,4360642.46,3947949.93,3796919.93,60376.284999999996,19.0,84.0,16.0,68.0,True,True,True,True,True,True,True
1584,2005-03-14T00:00:00.000Z,Severe Storm,DR,AK,2005,2005-01-07T00:00:00.000Z,1,0,0,1,1,5.0,0,0.0,0.0,0.0,2459682.68,309943.27,2011425.97,435749.0,2895431.68,2459682.69,2381846.54,158789.767,6.0,20.0,7.0,13.0,False,True,False,False,True,True,False
1585,2005-04-14T00:00:00.000Z,Severe Storm,DR,CA,2005,2005-02-16T00:00:00.000Z,7,0,0,1,1,7.0,0,0.0,0.0,0.0,77765373.82,21740284.62,53645033.32,3238180.0,81003553.82,77744409.59,76177474.28,144275.5180965909,153.0,704.0,223.0,481.0,True,True,True,True,True,True,True
1586,2005-04-14T00:00:00.000Z,Severe Storm,DR,AZ,2005,2005-02-10T00:00:00.000Z,12,0,0,1,1,5.0,0,0.0,0.0,0.0,9963311.57,556544.92,9255175.35,91326.0,10054637.57,9947162.42,9622701.08,73315.81634285714,23.0,175.0,44.0,131.0,True,True,True,True,True,True,True
1587,2005-04-14T00:00:00.000Z,Severe Storm,DR,PA,2005,2005-04-02T00:00:00.000Z,11,1,1,1,1,21.0,0,3869721.15,3227036.68,642684.47,18759804.26,1593857.45,17152485.33,1651431.0,24280956.41,18758828.419999998,18222937.52,34292.759,201.0,710.0,60.0,650.0,True,True,True,True,True,True,True
1588,2005-04-19T00:00:00.000Z,Severe Storm,DR,NJ,2005,2005-04-01T00:00:00.000Z,9,1,1,0,1,2.0,0,2514186.68,1782783.76,731402.92,0.0,0.0,0.0,125025.0,2639211.68,0.0,0.0,0.0,0.0,0.0,0.0,0.0,0,0,0,0,0,0,0
1589,2005-04-19T00:00:00.000Z,Severe Storm,DR,NY,2005,2005-04-02T00:00:00.000Z,21,1,1,1,1,2.0,0,8072710.16,5099512.15,2973198.01,52010898.76,5303268.02,40896837.59,1930842.0,62014450.92,52006527.17,50494296.33,24258.93683243243,457.0,2775.0,155.0,2620.0,True,True,True,True,True,True,True
1590,2005-06-23T00:00:00.000Z,Severe Storm,DR,NE,2005,2005-05-11T00:00:00.000Z,11,0,0,1,1,1.0,0,0.0,0.0,0.0,1688473.78,79841.55,1608632.23,0.0,1688473.78,1688466.03,1603281.32,15379.19568345324,30.0,139.0,6.0,133.0,True,True,True,True,True,True,True
1591,2005-06-29T00:00:00.000Z,Severe Storm,DR,ME,2005,2005-03-29T00:00:00.000Z,13,0,0,1,1,35.0,0,0.0,0.0,0.0,6969403.65,175399.76,6837654.19,456544.0,7425947.65,6969403.87,6647047.66,9847.665487804878,220.0,902.0,12.0,890.0,True,True,True,True,True,True,True
1592,2005-07-06T00:00:00.000Z,Flood,DR,ID,2005,2005-05-06T00:00:00.000Z,2,0,0,1,1,14.0,0,0.0,0.0,0.0,1906286.59,202473.88,1466606.24,82281.0,1988567.59,1906286.5899999999,1842911.43,102579.34708333334,4.0,24.0,12.0,12.0,True,True,True,False,True,True,True
1593,2005-07-10T00:00:00.000Z,Hurricane,DR,AL,2005,2005-07-10T00:00:00.000Z,46,1,1,1,1,6.0,0,4457183.03,2100996.87,2356186.16,20455676.21,13845092.58,6485304.38,992916.0,25905775.240000002,20453643.03,19864081.71,27512.578545706372,236.0,722.0,71.0,651.0,True,True,True,False,True,True,True
1594,2005-07-10T00:00:00.000Z,Hurricane,DR,MS,2005,2005-07-10T00:00:00.000Z,42,0,0,1,1,5.0,0,0.0,0.0,0.0,1707563.39,1735639.02,0.0,181466.0,1889029.39,1707563.33,1631057.59,12263.590902255639,82.0,133.0,5.0,128.0,True,True,False,False,False,False,False
1595,2005-07-10T00:00:00.000Z,Hurricane,DR,FL,2005,2005-07-07T00:00:00.000Z,20,1,1,1,1,13.0,0,21564056.01,6644116.97,14919939.04,197902127.28,118790208.11,74215141.0,11497847.0,230964030.29,197883399.94,194762008.49,133949.45605914717,183.0,1454.0,291.0,1163.0,True,True,True,True,True,True,True
1596,2005-07-22T00:00:00.000Z,Severe Storm,DR,SD,2005,2005-06-07T00:00:00.000Z,7,0,0,1,1,1.0,0,0.0,0.0,0.0,677994.86,78147.32,592788.77,4671.0,682665.86,677994.86,640944.04,22489.263684210528,22.0,38.0,4.0,34.0,True,True,False,False,True,True,True
1597,2005-07-22T00:00:00.000Z,Severe Storm,DR,ND,2005,2005-06-01T00:00:00.000Z,29,0,0,1,1,36.0,0,0.0,0.0,0.0,14394156.16,1144069.7,12525277.39,1091759.0,15485915.16,14393513.17,13934528.89,20643.74492222222,128.0,900.0,19.0,881.0,True,True,True,True,True,True,True
1598,2005-08-01T00:00:00.000Z,Flood,DR,UT,2005,2005-04-28T00:00:00.000Z,9,0,0,1,1,62.0,0,0.0,0.0,0.0,1993482.38,1025949.18,950776.43,0.0,1993482.38,1993482.41,1899389.61,14638.839595375723,26.0,173.0,7.0,166.0,True,True,True,True,True,True,True
1599,2005-08-22T00:00:00.000Z,Tornado,DR,WY,2005,2005-08-12T00:00:00.000Z,1,1,1,0,1,0.0,0,474304.46,284815.63,189488.83,0.0,0.0,0.0,17773.0,492077.46,0.0,0.0,0.0,0.0,0.0,0.0,0.0,0,0,0,0,0,0,0
1600,2005-08-23T00:00:00.000Z,Severe Storm,DR,KS,2005,2005-06-30T00:00:00.000Z,3,0,0,1,1,1.0,0,0.0,0.0,0.0,3444836.86,444730.93,2949222.67,178200.0,3623036.86,3444836.86,3309310.38,63948.02536231884,26.0,69.0,6.0,63.0,True,True,True,False,True,True,True
1601,2005-08-23T00:00:00.000Z,Severe Storm,DR,LA,2005,2005-07-05T00:00:00.000Z,5,0,0,1,1,1.0,0,0.0,0.0,0.0,2865304.42,2825868.68,81304.2,200225.0,3065529.42,2865304.42,2757606.14,111857.07636363637,17.0,33.0,7.0,26.0,True,True,False,True,True,True,True
1602,2005-08-28T00:00:00.000Z,Hurricane,DR,FL,2005,2005-08-24T00:00:00.000Z,11,0,0,1,1,13.0,0,0.0,0.0,0.0,188845255.19,145967693.92,35731389.86,10236074.0,199081329.19,188827963.16,185877961.44,133439.799856425,196.0,1393.0,280.0,1113.0,True,True,True,True,True,True,True
1603,2005-08-29T00:00:00.000Z,Hurricane,DR,LA,2005,2005-08-29T00:00:00.000Z,64,1,1,1,1,64.0,0,5247169458.98,3745182194.99,1501987263.99,13614901063.01,3069975588.15,10056604805.68,1684463631.38,20546534153.37,13623933120.11,13487578709.63,1181257.146015064,837.0,11418.0,4606.0,6812.0,True,True,True,True,True,True,True
1604,2005-08-29T00:00:00.000Z,Hurricane,DR,MS,2005,2005-08-29T00:00:00.000Z,82,1,1,1,1,46.0,0,1293717474.49,875826174.58,417891299.91,3218622939.83,1167843295.7,1821893613.35,334719377.82,4847059792.139999,3242573714.19,3208592421.44,398335.49644320295,734.0,8055.0,2418.0,5637.0,True,True,True,True,True,True,True
1605,2005-08-29T00:00:00.000Z,Hurricane,DR,AL,2005,2005-08-29T00:00:00.000Z,22,1,1,1,1,28.0,0,128278244.61,90412186.66,37866057.95,118841849.02,51144382.5,64892845.78,59190787.04,306310880.67,118836230.62,116810154.12,87302.05849775784,213.0,1338.0,205.0,1133.0,True,True,True,True,True,True,True
1606,2005-09-24T00:00:00.000Z,Hurricane,DR,TX,2005,2005-09-23T00:00:00.000Z,254,1,1,1,1,21.0,0,618379758.99,523188508.49,95191250.5,369044717.3,228259770.65,137759808.06,90546358.0,1077970834.29,368707480.58,362944743.33,128567.03632306059,557.0,2823.0,604.0,2219.0,True,True,True,True,True,True,True
1607,2005-09-24T00:00:00.000Z,Hurricane,DR,LA,2005,2005-09-23T00:00:00.000Z,64,1,1,1,1,39.0,0,523284650.26,417487431.21,105797219.05,674783408.94,263291884.84,350304780.92,131129136.85,1329197196.05,663021055.41,654867533.08,181202.96991422246,494.0,3614.0,874.0,2740.0,True,True,True,True,True,True,True
1608,2005-10-07T00:00:00.000Z,Hurricane,DR,NC,2006,2005-09-11T00:00:00.000Z,10,0,0,1,1,6.0,0,0.0,0.0,0.0,16887658.78,2576090.16,13835477.53,341998.0,17229656.78,16884091.96,16445440.65,109713.44055,63.0,200.0,30.0,170.0,True,False,True,True,True,True,True
1609,2005-10-24T00:00:00.000Z,Hurricane,DR,FL,2006,2005-10-23T00:00:00.000Z,20,1,1,1,1,26.0,0,342239388.43,150773551.02,191465837.41,1487640335.42,984933899.61,472055479.58,146249079.21,1976128803.0600002,1487340139.38,1467916621.24,176363.07596900157,554.0,8323.0,1802.0,6521.0,True,True,True,True,True,True,True
1610,2005-10-26T00:00:00.000Z,Severe Storm,DR,NH,2006,2005-10-07T00:00:00.000Z,6,1,1,1,1,11.0,0,1102655.35,899448.72,203206.63,12314320.29,2980911.52,9342296.65,958210.0,14375185.639999999,12314320.29,11906549.04,25776.55896103896,86.0,616.0,31.0,585.0,True,True,True,True,True,True,True
1611,2005-11-08T00:00:00.000Z,Typhoon,DR,MP,2006,2005-08-30T00:00:00.000Z,3,0,0,1,1,2.0,0,0.0,0.0,0.0,1046674.03,464017.15,528666.83,68814.0,1115488.03,1046597.39,995106.97,34020.748974358976,22.0,39.0,6.0,33.0,True,True,True,False,True,True,True
1612,2005-11-08T00:00:00.000Z,Tornado,DR,IN,2006,2005-11-06T00:00:00.000Z,2,1,1,1,1,0.0,0,885607.65,305110.65,580497.0,2507109.03,2255135.7,253661.66,233931.0,3626647.6799999997,2507107.08,2392441.04,41609.96077922078,30.0,77.0,13.0,64.0,True,True,True,False,True,False,True
1613,2005-11-10T00:00:00.000Z,Severe Storm,DR,PR,2006,2005-10-09T00:00:00.000Z,17,0,0,1,1,6.0,0,0.0,0.0,0.0,11822936.68,3246580.74,8117140.1,622180.0,12445116.68,11808758.52,11451685.74,31482.296639175256,28.0,485.0,43.0,442.0,True,True,True,True,True,True,True
1614,2005-11-10T00:00:00.000Z,Severe Storm,DR,MA,2006,2005-10-07T00:00:00.000Z,11,1,1,1,1,9.0,0,3640862.23,3069838.57,571023.66,7207478.21,978222.93,6165917.58,556944.0,11405284.44,7206711.31,6894325.87,12804.314735376045,139.0,718.0,23.0,695.0,True,True,True,True,True,True,True
1615,2005-11-15T00:00:00.000Z,Severe Storm,DR,KS,2006,2005-10-01T00:00:00.000Z,5,0,0,1,1,1.0,0,0.0,0.0,0.0,8128420.53,553279.69,7427977.19,0.0,8128420.53,8125543.46,7861711.47,56968.92228260869,58.0,184.0,31.0,153.0,True,True,True,True,True,True,True
1616,2005-11-21T00:00:00.000Z,Snowstorm,DR,ND,2006,2005-10-04T00:00:00.000Z,21,0,0,1,1,2.0,0,0.0,0.0,0.0,1990803.15,732682.59,1200401.24,111586.0,2102389.15,1990803.15,1896338.44,21610.693076923075,52.0,117.0,11.0,106.0,True,True,True,False,True,True,True
1617,2005-12-01T00:00:00.000Z,Severe Storm,DR,KY,2006,2005-11-15T00:00:00.000Z,2,1,1,0,1,0.0,0,459715.15,229744.12,229971.03,0.0,0.0,0.0,46967.0,506682.15,0.0,0.0,0.0,0.0,0.0,0.0,0.0,0,0,0,0,0,0,0
1618,2005-12-09T00:00:00.000Z,Severe Storm,DR,AK,2006,2005-09-22T00:00:00.000Z,4,0,0,1,1,4.0,0,0.0,0.0,0.0,1415493.42,144537.96,1179241.37,155550.0,1571043.42,1406229.32,1353235.78,64767.11571428571,9.0,28.0,4.0,24.0,True,True,True,True,False,True,True
1619,2005-12-16T00:00:00.000Z,Severe Storm,DR,CT,2006,2005-10-14T00:00:00.000Z,5,0,0,1,1,1.0,0,0.0,0.0,0.0,3698478.5,840787.72,2905365.21,127399.0,3825877.5,3698192.21,3520527.1,14229.386888217521,80.0,331.0,13.0,318.0,True,True,True,True,True,True,True
1620,2005-12-20T00:00:00.000Z,Severe Storm,DR,SD,2006,2005-11-27T00:00:00.000Z,26,0,0,1,1,2.0,0,0.0,0.0,0.0,24647039.99,1951932.35,22639395.87,1607048.0,26254087.99,24647036.04,24018669.69,113563.44925531915,131.0,282.0,38.0,244.0,True,True,False,False,True,True,True
1621,2006-01-04T00:00:00.000Z,Severe Storm,DR,ND,2006,2005-11-27T00:00:00.000Z,4,0,0,1,1,3.0,0,0.0,0.0,0.0,1982624.05,219740.22,1763057.61,104508.0,2087132.05,1982624.0499999998,1903005.56,93975.58222222223,15.0,27.0,7.0,20.0,True,True,False,False,True,True,False
1622,2006-01-04T00:00:00.000Z,Severe Storm,DR,MN,2006,2005-11-27T00:00:00.000Z,9,0,0,1,0,2.0,0,0.0,0.0,0.0,8177519.39,942474.29,7224640.32,643609.0,8821128.39,8177519.39,7928858.76,130747.81345679013,34.0,81.0,18.0,63.0,True,True,False,False,False,True,True
1623,2006-01-10T00:00:00.000Z,Fire,DR,OK,2006,2005-11-27T00:00:00.000Z,77,1,1,1,1,124.0,0,2170143.29,1248362.22,921781.07,9864252.61,9376912.47,267274.61,1519690.0,13554085.899999999,9864207.68,9580703.48,21578.15910472973,530.0,592.0,20.0,572.0,True,True,False,False,True,True,False
1624,2006-01-11T00:00:00.000Z,Fire,DR,TX,2006,2005-11-27T00:00:00.000Z,254,1,1,1,1,168.0,0,1657653.02,805363.38,852289.64,34095882.43,33808928.54,385466.97,1681560.0,37435095.45,34095882.45,33469197.44,105690.08035460993,182.0,423.0,42.0,381.0,True,True,False,False,False,True,False
1625,2006-01-20T00:00:00.000Z,Severe Ice Storm,DR,SC,2006,2005-12-15T00:00:00.000Z,7,0,0,1,1,1.0,0,0.0,0.0,0.0,11286153.18,8641038.55,2584295.94,632542.0,11918695.18,11286098.45,10898110.36,62207.76017094017,114.0,234.0,45.0,189.0,True,True,True,True,True,True,True
1626,2006-01-26T00:00:00.000Z,Severe Storm,DR,KS,2006,2005-11-27T00:00:00.000Z,17,0,0,1,1,1.0,0,0.0,0.0,0.0,38376189.28,212317.97,38102662.32,571436.0,38947625.28,38376189.28,37772346.690000005,1049231.85125,26.0,48.0,7.0,41.0,False,True,True,False,True,True,False
1627,2006-01-26T00:00:00.000Z,Severe Storm,DR,NE,2006,2005-11-27T00:00:00.000Z,29,0,0,1,1,1.0,0,0.0,0.0,0.0,5444137.27,87046.64,5357090.63,376173.0,5820310.27,5444137.27,5229296.57,69723.9522,43.0,100.0,25.0,75.0,False,True,False,False,True,True,True
1628,2006-02-03T00:00:00.000Z,Severe Storm,DR,CA,2006,2005-12-17T00:00:00.000Z,31,1,1,1,1,17.0,0,7031442.71,5331007.59,1700435.12,154939297.05,28269857.08,118563720.66,5236367.56,167207107.32000002,154888148.71,151216308.41,65831.26671451876,361.0,3065.0,466.0,2599.0,True,True,True,True,True,True,True
1629,2006-02-03T00:00:00.000Z,Severe Storm,DR,NV,2006,2005-12-31T00:00:00.000Z,8,0,0,1,1,4.0,0,0.0,0.0,0.0,7817752.5,2747131.51,5063363.18,640210.0,8457962.5,7811177.63,7532473.18,25637.408447837148,27.0,393.0,37.0,356.0,True,True,True,True,True,True,True
1630,2006-02-27T00:00:00.000Z,Severe Storm,DR,ID,2006,2005-12-30T00:00:00.000Z,1,0,0,1,1,5.0,0,0.0,0.0,0.0,1106062.86,74669.15,982516.64,138344.0,1244406.86,1106062.8599999999,1057959.5,83395.04117647058,3.0,17.0,2.0,15.0,False,True,True,False,False,False,False
1631,2006-03-16T00:00:00.000Z,Severe Storm,DR,MO,2006,2006-03-08T00:00:00.000Z,41,1,1,1,1,5.0,0,1587654.75,964476.46,623178.29,5542439.5,736968.2,4785166.54,970594.0,8100688.25,5542251.12,5305344.22,32901.35813953488,100.0,215.0,29.0,186.0,True,True,True,False,True,True,True
1632,2006-03-20T00:00:00.000Z,Severe Storm,DR,OR,2006,2005-12-18T00:00:00.000Z,20,0,0,1,1,34.0,0,0.0,0.0,0.0,7631752.69,1327531.7,6349460.48,1197009.0,8828761.690000001,7630593.61,7332007.34,22052.002612612614,81.0,444.0,28.0,416.0,True,True,True,True,True,True,True
1633,2006-03-28T00:00:00.000Z,Severe Storm,DR,IL,2006,2006-03-11T00:00:00.000Z,6,1,1,1,1,2.0,0,1067253.81,632984.92,434268.89,10198573.49,2500610.61,8553586.84,751110.0,12016937.3,10198538.830000002,9936802.479999999,77241.53226744186,54.0,172.0,24.0,148.0,True,True,True,False,True,True,True
1634,2006-04-05T00:00:00.000Z,Severe Storm,DR,TN,2006,2006-04-02T00:00:00.000Z,15,1,1,1,1,6.0,0,1597672.53,818504.04,779168.49,12467781.38,4130088.81,8267858.06,716476.0,14781929.91,12467516.5,12061764.78,103092.00538461539,51.0,156.0,37.0,119.0,True,True,True,False,True,True,True
1635,2006-04-05T00:00:00.000Z,Severe Storm,DR,MO,2006,2006-03-30T00:00:00.000Z,7,1,1,1,1,4.0,0,2611696.48,1480688.19,1131008.29,16319372.8,5473768.33,10809863.84,3075208.0,22006277.28,16315312.350000001,15974386.629999999,242036.15988636363,23.0,88.0,19.0,69.0,True,True,True,False,True,True,True
1636,2006-04-12T00:00:00.000Z,Severe Storm,DR,AR,2006,2006-04-01T00:00:00.000Z,7,1,1,1,1,2.0,0,1230390.88,755400.93,474989.95,2286579.47,1024215.71,1181259.24,568677.0,4085647.35,2286579.47,2188664.42,49487.741016949156,17.0,59.0,10.0,49.0,True,True,True,False,True,True,True
1637,2006-04-13T00:00:00.000Z,Severe Storm,DR,OK,2006,2006-03-12T00:00:00.000Z,1,1,1,0,1,0.0,0,215839.32,170580.92,45258.4,0.0,0.0,0.0,127894.0,343733.32,0.0,0.0,0.0,0.0,0.0,0.0,0.0,0,0,0,0,0,0,0
1638,2006-04-13T00:00:00.000Z,Severe Storm,DR,KS,2006,2006-03-12T00:00:00.000Z,2,0,0,1,1,0.0,0,0.0,0.0,0.0,4911052.76,390469.01,4427814.47,238076.0,5149128.76,4911052.7700000005,4767552.58,87078.58465753424,10.0,73.0,28.0,45.0,True,True,True,False,True,True,False
1640,2006-05-02T00:00:00.000Z,Severe Storm,DR,HI,2006,2006-02-20T00:00:00.000Z,2,1,1,1,1,41.0,0,627043.17,527647.9,99395.27,8107171.18,3669293.29,4061872.18,400486.0,9134700.35,8101151.03,7865734.76,78678.64149253731,18.0,134.0,21.0,113.0,True,True,True,True,True,True,True
1641,2006-05-17T00:00:00.000Z,Severe Storm,DR,WA,2006,2006-01-27T00:00:00.000Z,11,0,0,1,1,8.0,0,0.0,0.0,0.0,6585337.32,1020157.17,5058677.43,657887.0,7243224.32,6585166.2,6345907.38,51920.02404907975,50.0,163.0,19.0,144.0,True,True,True,True,True,True,True
1642,2006-05-25T00:00:00.000Z,Severe Storm,DR,MA,2006,2006-05-12T00:00:00.000Z,3,1,1,1,1,11.0,0,18613563.29,16757185.29,1856378.0,18874930.28,7480717.08,11332714.43,1881915.0,39370408.57,18864319.89,18254354.69,53142.223864628824,101.0,458.0,75.0,383.0,True,True,True,True,True,True,True
1643,2006-05-25T00:00:00.000Z,Severe Storm,DR,NH,2006,2006-05-12T00:00:00.000Z,7,1,1,1,1,11.0,0,8999191.49,8194081.13,805110.36,14406821.44,3129951.94,11388030.49,1662883.0,25068895.93,14405897.01,13863155.89,19893.94216970999,139.0,931.0,53.0,878.0,True,True,True,True,True,True,True
1644,2006-05-25T00:00:00.000Z,Severe Storm,DR,ME,2006,2006-05-13T00:00:00.000Z,1,1,1,1,1,10.0,0,1013205.06,934193.09,79011.97,3764478.02,499112.39,3298125.88,85895.0,4863578.08,3764193.44,3613809.86,21463.70182222222,43.0,225.0,8.0,217.0,True,True,True,True,True,True,True
1645,2006-06-05T00:00:00.000Z,Severe Storm,DR,ND,2006,2006-03-30T00:00:00.000Z,12,0,0,1,1,31.0,0,0.0,0.0,0.0,7378304.78,1365272.14,5411784.82,373069.0,7751373.78,7377276.04,7108168.18,15237.229131832797,61.0,622.0,16.0,606.0,True,True,True,True,True,True,True
1646,2006-06-05T00:00:00.000Z,Severe Storm,DR,CA,2006,2006-03-29T00:00:00.000Z,17,0,0,1,1,18.0,0,0.0,0.0,0.0,35359079.9,5348080.36,27584939.92,1394670.0,36753749.9,35345593.31,34392153.44,71987.95952904239,112.0,637.0,131.0,506.0,True,True,True,True,True,True,True
1647,2006-06-05T00:00:00.000Z,Severe Storm,DR,SD,2006,2006-04-18T00:00:00.000Z,6,0,0,1,1,2.0,0,0.0,0.0,0.0,3177445.62,124778.3,3045175.82,160630.0,3338075.62,3177445.62,3061272.77,185531.68,11.0,22.0,7.0,15.0,True,True,False,False,True,True,False
1648,2006-06-05T00:00:00.000Z,Flood,DR,MN,2006,2006-03-30T00:00:00.000Z,9,0,0,1,1,34.0,0,0.0,0.0,0.0,7012366.06,943817.7,5957663.65,375402.0,7387768.06,7011197.45,6718066.79,17173.929731800767,209.0,522.0,20.0,502.0,True,True,True,True,True,True,True
1649,2006-06-30T00:00:00.000Z,Severe Storm,DR,PA,2006,2006-06-23T00:00:00.000Z,28,1,1,1,1,17.0,0,20691866.81,17761717.66,2930149.15,83099595.01,10974939.6,71652052.96,5503215.0,109294676.82000001,83250596.86,80969489.88,29920.041618625277,710.0,3608.0,269.0,3339.0,True,True,True,True,True,True,True
1650,2006-07-01T00:00:00.000Z,Severe Storm,DR,NY,2006,2006-06-26T00:00:00.000Z,21,1,1,1,1,14.0,0,31528398.09,24766553.19,6761844.9,218051022.04,29227725.38,175593249.2,10584690.0,260164110.13,218001682.03,213290337.78,62671.97903460437,506.0,4537.0,683.0,3854.0,True,True,True,True,True,True,True
1651,2006-07-02T00:00:00.000Z,Severe Storm,DR,OH,2006,2006-06-21T00:00:00.000Z,6,1,1,0,1,2.0,0,8830355.16,7477482.29,1352872.87,0.0,0.0,0.0,1685290.0,10515645.16,0.0,0.0,0.0,0.0,0.0,0.0,0.0,0,0,0,0,0,0,0
1652,2006-07-02T00:00:00.000Z,Severe Storm,DR,MD,2006,2006-06-22T00:00:00.000Z,3,0,0,1,1,20.0,0,0.0,0.0,0.0,8321148.68,1153887.8,7059572.88,760524.0,9081672.68,8319611.16,8080028.600000001,55813.643575129536,30.0,193.0,20.0,173.0,True,True,True,True,True,True,True
1653,2006-07-07T00:00:00.000Z,Severe Storm,DR,NJ,2006,2006-06-23T00:00:00.000Z,4,1,1,1,1,17.0,0,542186.19,431234.49,110951.7,2262523.33,2169929.36,0.0,52500.0,2857209.52,2262523.33,2165538.37,34893.66734939759,35.0,83.0,10.0,73.0,True,True,False,False,False,False,False
1654,2006-07-05T00:00:00.000Z,Severe Storm,DR,DE,2006,2006-06-23T00:00:00.000Z,1,0,0,1,1,21.0,0,0.0,0.0,0.0,534107.74,99138.55,441779.67,53347.0,587454.74,534107.72,505370.02,12730.635849056605,12.0,53.0,2.0,51.0,True,True,True,False,True,True,True
1655,2006-07-13T00:00:00.000Z,Severe Storm,DR,VA,2006,2006-06-23T00:00:00.000Z,16,0,0,1,1,13.0,0,0.0,0.0,0.0,7144503.13,1485639.3,4938085.92,307609.0,7452112.13,7144246.0600000005,6929076.1,35561.41496153847,19.0,260.0,33.0,227.0,True,True,True,True,True,True,True
1656,2006-08-01T00:00:00.000Z,Severe Storm,DR,OH,2006,2006-07-27T00:00:00.000Z,3,1,1,1,1,8.0,0,9412548.07,8152005.28,1260542.79,7435852.31,1409408.52,6040207.37,2797299.0,19645699.38,7435581.86,7157297.21,31152.50029315961,49.0,307.0,36.0,271.0,True,True,True,True,True,True,True
1657,2006-08-04T00:00:00.000Z,Flood,DR,AK,2006,2006-05-13T00:00:00.000Z,3,0,0,1,1,17.0,0,0.0,0.0,0.0,985181.75,116917.34,724333.62,73741.0,1058922.75,984830.9,939027.69,32987.54315789473,12.0,38.0,6.0,32.0,True,True,True,False,True,True,True
1658,2006-08-15T00:00:00.000Z,Severe Storm,DR,TX,2006,2006-07-27T00:00:00.000Z,2,1,1,1,1,29.0,0,4604303.23,3601405.13,1002898.1,7092979.92,4064041.31,2978902.66,843339.0,12540622.15,7062556.82,6859707.26,26029.575738636366,29.0,352.0,26.0,326.0,True,True,True,True,True,True,True
1659,2006-08-30T00:00:00.000Z,Severe Storm,DR,NM,2006,2006-07-26T00:00:00.000Z,20,1,1,1,1,54.0,0,1734450.72,1077205.11,657245.61,32673168.62,5635097.89,26358472.57,37359.0,34444978.34,32543692.75,31568967.61,30287.135840517243,121.0,1392.0,125.0,1267.0,True,True,True,True,True,True,True
1660,2006-09-07T00:00:00.000Z,Severe Storm,DR,AZ,2006,2006-07-25T00:00:00.000Z,11,0,0,1,1,10.0,0,0.0,0.0,0.0,10997536.94,2311503.82,8535563.57,1123094.0,12120630.94,10987157.81,10667965.62,48217.2946440678,27.0,295.0,50.0,245.0,True,True,True,True,True,True,True
1661,2006-09-22T00:00:00.000Z,Severe Storm,DR,VA,2006,2006-08-29T00:00:00.000Z,26,0,0,1,1,9.0,0,0.0,0.0,0.0,37319126.81,13118437.56,21598221.43,1713943.0,39033069.81,37318018.45,36752758.57,192171.28525490197,45.0,255.0,33.0,222.0,True,True,True,False,True,True,True
1662,2006-10-06T00:00:00.000Z,Severe Storm,DR,IN,2007,2006-09-12T00:00:00.000Z,3,1,1,0,1,2.0,0,12105107.36,11102170.39,1002936.97,0.0,0.0,0.0,939730.0,13044837.36,0.0,0.0,0.0,0.0,0.0,0.0,0.0,0,0,0,0,0,0,0
1663,2006-10-16T00:00:00.000Z,Severe Storm,DR,AK,2007,2006-08-15T00:00:00.000Z,3,0,0,1,1,10.0,0,0.0,0.0,0.0,9169973.3,783529.61,8173862.99,1257854.0,10427827.3,9164954.26,8918807.22,126790.52574468085,12.0,94.0,21.0,73.0,True,True,True,False,True,True,True
1664,2006-10-17T00:00:00.000Z,Earthquake,DR,HI,2007,2006-10-15T00:00:00.000Z,4,1,1,1,1,92.0,0,9498514.38,9442754.21,55760.17,20136568.72,2231924.98,16598853.46,1660378.0,31295461.1,20133549.6,19652355.86,39280.275515695066,33.0,669.0,57.0,612.0,True,True,True,True,True,True,True
1665,2006-10-24T00:00:00.000Z,Severe Storm,DR,NY,2007,2006-10-12T00:00:00.000Z,4,1,1,1,1,13.0,0,9121209.04,6373884.58,2747324.46,112329438.73,107788894.78,2005515.19,7291700.0,128742347.77000001,112322140.92,110407861.89,220374.97241017962,228.0,668.0,163.0,505.0,True,True,True,False,True,True,True
1666,2006-10-27T00:00:00.000Z,Fire,DR,AK,2007,2006-08-03T00:00:00.000Z,1,0,0,1,1,1.0,0,0.0,0.0,0.0,3058863.94,3025216.69,0.0,339901.0,3398764.94,3058863.9400000004,2956693.1,657042.9133333333,3.0,6.0,4.0,2.0,False,True,False,False,False,False,False
1667,2006-11-02T00:00:00.000Z,Severe Storm,DR,MO,2007,2006-07-19T00:00:00.000Z,1,0,0,1,1,2.0,0,0.0,0.0,0.0,670103.7,0.0,670103.7,128567.0,798670.7,669950.54,636997.42,141554.98166666666,2.0,6.0,4.0,2.0,False,False,True,False,True,True,False
1668,2006-11-02T00:00:00.000Z,Severe Storm,DR,LA,2007,2006-10-16T00:00:00.000Z,24,1,1,1,1,23.0,0,6102556.19,5396714.93,705841.26,10048518.85,656308.69,9236288.81,0.0,16151075.04,10048433.39,9711321.129999999,32780.82893670886,57.0,395.0,29.0,366.0,True,True,True,True,True,True,True
1669,2006-12-08T00:00:00.000Z,Severe Storm,DR,AK,2007,2006-10-08T00:00:00.000Z,3,0,0,1,1,5.0,0,0.0,0.0,0.0,9244257.84,1454023.1,7450873.21,1055799.0,10300056.84,9242609.72,8965902.23,113906.62238095238,18.0,105.0,39.0,66.0,True,True,True,True,True,True,True
1670,2006-12-12T00:00:00.000Z,Severe Storm,DR,NY,2007,2006-11-16T00:00:00.000Z,9,1,1,1,1,1.0,0,2979765.22,2744484.82,235280.4,30215066.75,1842018.13,24695916.93,0.0,33194831.97,30211460.16,29389796.75,32874.49173657718,124.0,1192.0,99.0,1093.0,True,True,True,True,True,True,True
1671,2006-12-12T00:00:00.000Z,Severe Storm,DR,WA,2007,2006-11-02T00:00:00.000Z,14,1,1,1,1,9.0,0,5388213.23,4388471.79,999741.44,29307531.18,6411805.81,21462981.8,4299208.0,38994952.41,29299785.12,28553860.69,63908.52026845637,111.0,596.0,80.0,516.0,True,True,True,True,True,True,True
1672,2006-12-29T00:00:00.000Z,Severe Storm,DR,OR,2007,2006-11-05T00:00:00.000Z,4,0,0,1,1,3.0,0,0.0,0.0,0.0,4290223.59,1187862.31,3152429.25,1340672.0,5630895.59,4289946.35,4122933.71,34036.63055555556,28.0,162.0,15.0,147.0,True,True,True,False,True,True,True
1673,2006-12-29T00:00:00.000Z,Severe Storm,DR,MO,2007,2006-11-30T00:00:00.000Z,14,0,0,1,1,2.0,0,0.0,0.0,0.0,6654375.1,5436752.43,1193597.49,1213406.0,7867781.1,6654356.69,6370236.96,33439.56271653543,130.0,254.0,35.0,219.0,True,True,False,False,True,True,True
1674,2007-01-07T00:00:00.000Z,Severe Storm,DR,NE,2007,2006-12-19T00:00:00.000Z,59,0,0,1,1,13.0,0,0.0,0.0,0.0,124357843.32,4764531.32,119436182.08,17408694.0,141766537.32,124354592.43,122367888.03999999,269681.2947768595,196.0,605.0,105.0,500.0,True,True,True,True,True,True,True
1675,2007-01-07T00:00:00.000Z,Severe Storm,DR,KS,2007,2006-12-28T00:00:00.000Z,44,0,0,1,1,3.0,0,0.0,0.0,0.0,240543859.57,2159373.67,237654268.12,32870167.0,273414026.57,240543591.66,237131447.89000002,582274.8860220995,211.0,543.0,73.0,470.0,True,True,True,False,True,True,True
1676,2007-01-15T00:00:00.000Z,Severe Ice Storm,DR,MO,2007,2007-01-12T00:00:00.000Z,39,0,0,1,1,10.0,0,0.0,0.0,0.0,106468427.8,50424683.6,55998359.05,16724761.0,123193188.8,106468365.27,104231893.01,138422.1671912351,378.0,1004.0,207.0,797.0,True,True,True,False,True,True,True
1677,2007-02-01T00:00:00.000Z,Severe Storm,DR,OK,2007,2006-12-28T00:00:00.000Z,3,0,0,1,1,2.0,0,0.0,0.0,0.0,6768439.14,530628.13,6196747.37,237184.0,7005623.14,6768439.14,6593706.76,109895.11112500001,17.0,80.0,27.0,53.0,True,True,True,False,True,True,True
1678,2007-02-01T00:00:00.000Z,Severe Storm,DR,OK,2007,2007-01-12T00:00:00.000Z,48,0,0,1,1,14.0,0,0.0,0.0,0.0,75910130.6,35316542.58,40198398.8,9858211.0,85768341.6,75907440.62,74055206.61,84828.41402920963,322.0,1164.0,203.0,961.0,True,True,True,True,True,True,True
1679,2007-02-03T00:00:00.000Z,Severe Storm,DR,FL,2007,2007-02-01T00:00:00.000Z,4,1,1,1,1,1.0,0,3655288.86,3024688.43,630600.43,10278159.2,7638572.95,2374495.13,2327370.0,16260818.059999999,10277638.09,9961543.04,99119.83022388059,32.0,134.0,34.0,100.0,True,True,True,False,True,True,True
1680,2007-02-08T00:00:00.000Z,Severe Storm,DR,FL,2007,2006-12-25T00:00:00.000Z,1,1,1,0,1,0.0,0,943028.88,798183.02,144845.86,0.0,0.0,0.0,238501.0,1181529.88,0.0,0.0,0.0,0.0,0.0,0.0,0.0,0,0,0,0,0,0,0
1681,2007-02-09T00:00:00.000Z,Severe Ice Storm,DR,IL,2007,2006-11-30T00:00:00.000Z,18,0,0,1,1,1.0,0,0.0,0.0,0.0,21894005.83,12401650.88,9709104.75,2866338.0,24760343.83,21893998.3,21156874.42,37283.809407114626,394.0,759.0,85.0,674.0,True,True,True,False,True,True,True
1682,2007-02-14T00:00:00.000Z,Severe Storm,DR,WA,2007,2006-12-14T00:00:00.000Z,19,0,0,1,1,1.0,0,0.0,0.0,0.0,30374675.17,8487345.37,21269934.67,4507985.0,34882660.17,30375200.69,29555964.42,64039.04709415584,166.0,616.0,82.0,534.0,True,True,True,True,True,True,True
1683,2007-02-22T00:00:00.000Z,Severe Storm,DR,OR,2007,2006-12-14T00:00:00.000Z,10,0,0,1,1,1.0,0,0.0,0.0,0.0,5095726.19,1278165.2,3845431.28,893692.0,5989418.19,5095726.19,4907313.37,53271.33674796748,50.0,123.0,13.0,110.0,True,True,True,False,True,True,True
1684,2007-02-23T00:00:00.000Z,Severe Storm,DR,PA,2007,2006-11-16T00:00:00.000Z,8,0,0,1,1,1.0,0,0.0,0.0,0.0,10083964.13,1480899.87,8556389.45,1223627.0,11307591.13,10076620.09,9730054.95,21106.4324512987,98.0,616.0,25.0,591.0,True,True,True,True,True,True,True
1685,2007-02-23T00:00:00.000Z,Severe Storm,DR,LA,2007,2007-02-12T00:00:00.000Z,3,1,1,0,1,1.0,0,862378.0,699848.72,162529.28,0.0,0.0,0.0,0.0,862378.0,0.0,0.0,0.0,0.0,0.0,0.0,0.0,0,0,0,0,0,0,0
1686,2007-03-03T00:00:00.000Z,Severe Storm,DR,GA,2007,2007-03-01T00:00:00.000Z,16,1,1,1,1,1.0,0,1354036.12,906501.94,447534.18,50808150.05,29983464.9,20449721.81,8877853.0,61040039.169999994,50807908.55,50028216.82,406974.21384146344,39.0,164.0,45.0,119.0,True,True,True,False,True,True,True
1687,2007-03-03T00:00:00.000Z,Severe Storm,DR,AL,2007,2007-03-01T00:00:00.000Z,8,1,1,1,1,0.0,0,1669966.27,1176166.5,493799.77,10437817.83,3032359.16,7388636.85,1560380.0,13668164.1,10436690.959999999,10202514.38,171057.59911392405,14.0,79.0,16.0,63.0,True,True,True,False,True,True,True
1688,2007-03-14T00:00:00.000Z,Severe Storm,DR,IA,2007,2007-02-23T00:00:00.000Z,48,0,0,1,1,7.0,0,0.0,0.0,0.0,65377279.14,13939362.28,50951621.84,8187875.0,73565154.14,65298112.71,63865019.97,87157.99234390992,403.0,977.0,188.0,789.0,True,True,True,False,True,True,True
1689,2007-03-13T00:00:00.000Z,Freezing,DR,CA,2007,2007-01-11T00:00:00.000Z,16,0,1,0,1,6.0,0,0.0,0.0,0.0,0.0,0.0,0.0,1141292.0,1141292.0,0.0,0.0,0.0,0.0,0.0,0.0,0.0,0,0,0,0,0,0,0
1690,2007-04-02T00:00:00.000Z,Severe Storm,DR,NM,2007,2007-03-23T00:00:00.000Z,2,1,1,0,1,1.0,0,916208.97,706944.53,209264.44,0.0,0.0,0.0,0.0,916208.97,0.0,0.0,0.0,0.0,0.0,0.0,0.0,0,0,0,0,0,0,0
1691,2007-04-20T00:00:00.000Z,Flood,DR,ME,2007,2007-03-16T00:00:00.000Z,4,0,0,1,1,2.0,0,0.0,0.0,0.0,1241633.57,62621.91,1202083.38,186168.0,1427801.57,1241633.57,1172497.01,6656.862372881356,57.0,236.0,0.0,236.0,True,True,True,False,True,True,True
1692,2007-04-24T00:00:00.000Z,Severe Storm,DR,NY,2007,2007-04-14T00:00:00.000Z,14,1,1,1,1,4.0,0,12307474.22,11097850.83,1209623.39,85457156.97,11882512.61,62731744.96,1680577.0,99445208.19,85444368.04,83476381.01,52823.56035612536,407.0,2106.0,155.0,1951.0,True,True,True,True,True,True,True
1693,2007-04-25T00:00:00.000Z,Severe Storm,DR,ME,2007,2007-04-15T00:00:00.000Z,13,1,1,1,1,8.0,0,1996983.07,1834542.4,162440.67,25954650.36,3758315.1,22212449.16,2554032.0,30505665.43,25954650.39,25039468.29,19467.32327696793,281.0,1715.0,79.0,1636.0,True,True,True,True,True,True,True
1694,2007-04-26T00:00:00.000Z,Severe Storm,DR,NJ,2007,2007-04-14T00:00:00.000Z,15,1,1,1,1,6.0,0,18821508.61,15919488.9,2902019.71,18376605.51,10209897.79,7543513.67,4954462.0,42152576.120000005,18371023.29,17687103.06,19917.907179054055,286.0,1184.0,62.0,1122.0,True,True,True,True,True,True,True
1695,2007-04-27T00:00:00.000Z,Severe Storm,DR,NH,2007,2007-04-15T00:00:00.000Z,10,1,1,1,1,8.0,0,3509042.32,3208483.04,300559.28,23206738.62,2966351.43,20372449.16,3622962.0,30338742.94,23206412.31,22346074.35,16155.269799675149,206.0,1847.0,58.0,1789.0,True,True,True,True,True,True,True
1696,2007-05-01T00:00:00.000Z,Severe Storm,DR,WV,2007,2007-04-14T00:00:00.000Z,18,0,0,1,1,4.0,0,0.0,0.0,0.0,6708634.83,615680.44,6086077.94,877049.0,7585683.83,6708389.88,6534764.75,26975.29133126935,32.0,323.0,38.0,285.0,True,True,True,False,True,True,True
1697,2007-05-01T00:00:00.000Z,Severe Storm,DR,TX,2007,2007-04-21T00:00:00.000Z,5,1,1,1,1,3.0,0,4865458.46,4068758.21,796700.25,0.0,0.0,0.0,1638715.0,6504173.46,0.0,0.0,0.0,0.0,0.0,0.0,0.0,0,0,0,0,0,0,0
1698,2007-05-04T00:00:00.000Z,Severe Storm,DR,VT,2007,2007-04-15T00:00:00.000Z,8,0,0,1,1,6.0,0,0.0,0.0,0.0,3563486.84,804204.08,2791537.38,506120.0,4069606.84,3563486.93,3398007.88,22068.959514563106,74.0,206.0,14.0,192.0,True,True,True,False,True,True,True
1699,2007-05-06T00:00:00.000Z,Severe Storm,DR,KS,2007,2007-05-04T00:00:00.000Z,42,1,1,1,1,28.0,0,9846774.22,8178988.91,1667785.31,88439351.38,11507911.04,75731892.09,11181858.0,109467983.6,88417525.39,86661739.07000001,93946.10969820555,420.0,1226.0,150.0,1076.0,True,True,True,True,True,True,True
1700,2007-05-11T00:00:00.000Z,Severe Storm,DR,CT,2007,2007-04-15T00:00:00.000Z,7,1,1,1,1,12.0,0,2613838.46,2492287.94,121550.52,4843030.23,720243.04,4182022.67,660034.0,8116902.69,4842259.24,4634274.08,20941.813243243243,51.0,296.0,13.0,283.0,True,True,True,True,True,True,True
1701,2007-05-16T00:00:00.000Z,Severe Storm,DR,MA,2007,2007-04-15T00:00:00.000Z,8,0,0,1,1,10.0,0,0.0,0.0,0.0,8293666.78,1640046.85,6654062.84,439600.0,8733266.780000001,8293407.4799999995,7947970.52,18366.44850953206,125.0,577.0,32.0,545.0,True,True,True,True,True,True,True
1702,2007-05-22T00:00:00.000Z,Severe Storm,DR,SD,2007,2007-05-04T00:00:00.000Z,27,1,1,1,1,35.0,0,6932866.4,6347786.57,585079.83,6226611.95,455841.49,5722423.08,2021318.0,15180796.350000001,6226504.79,5939128.84,6443.316777868185,370.0,1229.0,6.0,1223.0,True,True,True,False,True,True,True
1703,2007-05-25T00:00:00.000Z,Severe Storm,DR,KY,2007,2007-04-14T00:00:00.000Z,9,0,0,1,1,1.0,0,0.0,0.0,0.0,3337603.76,435292.86,2894410.76,423213.0,3760816.76,3337566.66,3200899.88,13902.050879478827,17.0,307.0,8.0,299.0,True,True,True,False,False,True,True
1704,2007-05-25T00:00:00.000Z,Severe Storm,DR,RI,2007,2007-04-15T00:00:00.000Z,1,0,0,1,1,1.0,0,0.0,0.0,0.0,592556.62,57543.51,547536.61,31532.0,624088.62,592556.63,562673.95,35924.114285714284,8.0,21.0,1.0,20.0,True,True,True,True,False,False,True
1705,2007-05-25T00:00:00.000Z,Severe Storm,DR,IA,2007,2007-05-05T00:00:00.000Z,19,1,1,1,1,2.0,0,2518434.46,2301656.2,216778.26,12175172.49,670897.94,11293748.08,2957925.0,17651531.95,12170083.36,11723545.18,20406.517676240208,167.0,766.0,48.0,718.0,True,True,True,True,True,True,True
1706,2007-06-06T00:00:00.000Z,Severe Storm,DR,NE,2007,2007-05-04T00:00:00.000Z,19,0,0,1,1,15.0,0,0.0,0.0,0.0,6109252.52,362549.23,5718317.04,831281.0,6940533.52,6108982.81,5857153.15,18332.246103286383,65.0,426.0,15.0,411.0,True,True,True,True,True,True,True
1707,2007-06-07T00:00:00.000Z,Severe Storm,DR,OK,2007,2007-05-04T00:00:00.000Z,27,0,0,1,1,7.0,0,0.0,0.0,0.0,5918785.05,444131.72,5351905.66,231527.0,6150312.05,5918785.29,5664828.33,14091.610932835822,92.0,536.0,11.0,525.0,True,True,True,True,True,True,True
1708,2007-06-11T00:00:00.000Z,Severe Storm,DR,MO,2007,2007-05-05T00:00:00.000Z,30,1,1,1,1,13.0,0,2428002.26,2213415.22,214587.04,7642999.09,1142606.34,6457306.31,456511.0,10527512.35,7642230.07,7318967.47,14081.705974025974,161.0,693.0,17.0,676.0,True,True,True,True,True,True,True
1709,2007-06-29T00:00:00.000Z,Severe Storm,DR,TX,2007,2007-06-16T00:00:00.000Z,78,1,1,1,1,48.0,0,25681950.62,20738900.84,4943049.78,64991768.07,5013808.21,59366574.49,8707734.0,99381452.69,64985026.15,63058675.2,20474.583127731912,276.0,4118.0,141.0,3977.0,True,True,True,True,True,True,True
1710,2007-07-02T00:00:00.000Z,Severe Storm,DR,NY,2007,2007-06-19T00:00:00.000Z,3,0,0,1,1,0.0,0,0.0,0.0,0.0,12737075.85,3566927.67,7420102.25,1857348.0,14594423.85,12730455.97,12447804.23,119978.41637681158,18.0,138.0,44.0,94.0,True,True,True,False,True,True,True
1711,2007-07-02T00:00:00.000Z,Severe Storm,DR,KS,2007,2007-06-26T00:00:00.000Z,23,1,1,1,1,29.0,0,18925702.89,15020214.63,3905488.26,31811618.94,3468315.72,27390490.69,1038831.0,51776152.83,31798292.24,30962233.759999998,53337.179948320416,183.0,774.0,86.0,688.0,True,True,True,True,True,True,True
1712,2007-07-07T00:00:00.000Z,Severe Storm,DR,OK,2007,2007-06-10T00:00:00.000Z,60,1,1,1,1,45.0,0,10969558.71,9226623.3,1742935.41,24196877.31,1820154.23,22347310.22,991359.0,36157795.019999996,24193852.15,23322913.41,16348.97673833246,234.0,1907.0,69.0,1838.0,True,True,True,True,True,True,True
1713,2007-07-17T00:00:00.000Z,Severe Storm,DR,ND,2007,2007-06-02T00:00:00.000Z,13,0,0,1,1,16.0,0,0.0,0.0,0.0,2939821.65,295753.63,2178656.38,345661.0,3285482.65,2939709.14,2824844.22,9535.337544303798,42.0,395.0,4.0,391.0,True,True,True,True,True,True,True
1714,2007-07-24T00:00:00.000Z,Severe Storm,DR,NE,2007,2007-05-28T00:00:00.000Z,15,0,0,1,1,5.0,0,0.0,0.0,0.0,2306258.82,75893.92,2223734.18,27051.0,2333309.82,2306258.83,2199002.97,14959.202755102042,33.0,196.0,1.0,195.0,True,True,True,True,True,True,True
1715,2007-08-03T00:00:00.000Z,Severe Storm,DR,VT,2007,2007-07-09T00:00:00.000Z,5,0,0,1,1,2.0,0,0.0,0.0,0.0,4905985.03,201407.7,4743733.31,620770.0,5526755.03,4905985.0600000005,4702647.16,23210.8736900369,35.0,271.0,14.0,257.0,True,True,True,False,True,True,True
1716,2007-08-08T00:00:00.000Z,Severe Storm,DR,ME,2007,2007-07-11T00:00:00.000Z,1,0,0,1,1,1.0,0,0.0,0.0,0.0,1665070.31,99059.76,1593604.14,149208.0,1814278.31,1665070.3100000003,1600612.9200000002,93189.06130434784,6.0,23.0,2.0,21.0,True,True,True,False,False,True,True
1717,2007-08-23T00:00:00.000Z,Severe Storm,DR,MN,2007,2007-08-18T00:00:00.000Z,8,1,1,1,1,13.0,0,19808888.8,18218886.8,1590002.0,31229991.27,5020333.38,26018147.42,4153948.0,55192828.07,31219866.29,30341117.9,43186.94552828175,150.0,937.0,132.0,805.0,True,True,True,True,True,True,True
1718,2007-08-24T00:00:00.000Z,Severe Storm,DR,OK,2007,2007-08-18T00:00:00.000Z,23,1,1,1,1,25.0,0,5648799.17,4579273.47,1069525.7,15871568.64,883626.61,14840653.64,1581929.0,23102296.810000002,15861253.38,15336180.48,17704.10314285714,110.0,1155.0,49.0,1106.0,True,True,True,True,True,True,True
1719,2007-08-26T00:00:00.000Z,Severe Storm,DR,WI,2007,2007-08-18T00:00:00.000Z,14,1,1,1,1,13.0,0,8012383.98,7512653.08,499730.9,10250604.99,1741864.87,8492034.94,3247237.0,21510225.97,10250605.03,9834914.97,19879.197080181544,134.0,661.0,41.0,620.0,True,True,True,True,True,True,True
1720,2007-08-27T00:00:00.000Z,Severe Storm,DR,OH,2007,2007-08-20T00:00:00.000Z,8,1,1,1,1,8.0,0,18462462.78,15067072.08,3395390.7,10749431.03,3361846.43,7358453.32,4523515.0,33735408.81,10747081.09,10397079.76,33792.234111922146,93.0,411.0,36.0,375.0,True,True,True,True,True,True,True
1721,2007-08-29T00:00:00.000Z,Severe Storm,DR,NE,2007,2007-06-11T00:00:00.000Z,6,0,0,1,1,5.0,0,0.0,0.0,0.0,1315541.44,47053.28,1265438.28,0.0,1315541.44,1315541.44,1251675.83,22252.013066666666,13.0,75.0,5.0,70.0,True,True,True,True,True,True,True
1722,2007-08-30T00:00:00.000Z,Severe Storm,DR,IL,2007,2007-08-07T00:00:00.000Z,2,1,1,0,1,1.0,0,1658875.8,1436946.52,221929.28,0.0,0.0,0.0,159288.0,1818163.8,0.0,0.0,0.0,0.0,0.0,0.0,0.0,0,0,0,0,0,0,0
1723,2007-08-31T00:00:00.000Z,Severe Storm,DR,OK,2007,2007-05-24T00:00:00.000Z,9,0,0,1,1,8.0,0,0.0,0.0,0.0,1295072.88,79665.35,1181170.23,61821.0,1356893.88,1295072.88,1228382.92,10566.733032258066,26.0,155.0,4.0,151.0,True,True,True,False,True,True,True
1724,2007-08-31T00:00:00.000Z,Severe Storm,DR,NY,2007,2007-08-08T00:00:00.000Z,2,1,1,0,1,0.0,0,5101498.73,4314722.41,786776.32,0.0,0.0,0.0,243792.0,5345290.73,0.0,0.0,0.0,0.0,0.0,0.0,0.0,0,0,0,0,0,0,0
1725,2007-09-07T00:00:00.000Z,Severe Storm,DR,ND,2007,2007-07-15T00:00:00.000Z,2,0,0,1,1,0.0,0,0.0,0.0,0.0,719520.31,15794.82,707202.55,3954.0,723474.31,719520.31,683917.6199999999,70145.39461538462,6.0,13.0,2.0,11.0,True,True,False,False,True,True,True
1726,2007-09-07T00:00:00.000Z,Severe Storm,DR,ND,2007,2007-08-26T00:00:00.000Z,1,1,1,1,1,1.0,0,432005.4,306633.18,125372.22,7797703.29,1964642.09,5559105.07,1248152.0,9477860.690000001,7797698.239999999,7607655.73,107910.00946808512,18.0,94.0,13.0,81.0,True,True,True,False,True,True,True
1727,2007-09-14T00:00:00.000Z,Severe Storm,DR,IA,2007,2007-08-17T00:00:00.000Z,17,0,0,1,1,19.0,0,0.0,0.0,0.0,6273629.81,555114.76,5542234.48,1200284.0,7473913.81,6271143.87,6020937.53,17008.2963559322,88.0,472.0,15.0,457.0,True,True,True,True,True,True,True
1728,2007-09-21T00:00:00.000Z,Severe Storm,DR,MO,2007,2007-08-19T00:00:00.000Z,7,0,0,1,1,2.0,0,0.0,0.0,0.0,5571824.46,107254.64,5450630.59,313396.0,5885220.46,5569917.0,5367749.14,24426.615733788396,16.0,293.0,13.0,280.0,True,True,True,False,True,True,True
1729,2007-09-25T00:00:00.000Z,Severe Storm,DR,IL,2007,2007-08-20T00:00:00.000Z,9,1,1,1,1,11.0,0,4468107.41,4026708.01,441399.4,16677630.18,14497502.65,2274835.58,2708300.0,23854037.59,16677561.48,16089130.22,47448.343554083884,159.0,453.0,62.0,391.0,True,True,True,True,True,True,True
1730,2007-10-02T00:00:00.000Z,Severe Storm,DR,TX,2008,2007-08-14T00:00:00.000Z,6,1,1,0,1,6.0,0,4461751.16,3627169.48,834581.68,0.0,0.0,0.0,454660.0,4916411.16,0.0,0.0,0.0,0.0,0.0,0.0,0.0,0,0,0,0,0,0,0
1731,2007-10-24T00:00:00.000Z,Fire,DR,CA,2008,2007-10-21T00:00:00.000Z,7,1,1,1,1,162.0,0,14938068.56,10900944.96,4037123.6,139746763.82,129969609.41,6686179.13,39873509.62,194558342.0,139717974.59,137465712.69,256363.05886713287,152.0,715.0,150.0,565.0,True,True,True,True,True,True,True
1732,2007-11-30T00:00:00.000Z,Severe Storm,DR,IN,2008,2007-08-15T00:00:00.000Z,1,1,1,0,1,12.0,0,4922508.64,4122801.46,799707.18,0.0,0.0,0.0,802654.0,5725162.64,0.0,0.0,0.0,0.0,0.0,0.0,0.0,0,0,0,0,0,0,0
1733,2007-12-08T00:00:00.000Z,Severe Storm,DR,OR,2008,2007-12-01T00:00:00.000Z,12,1,1,1,1,16.0,0,6402583.39,5427021.71,975561.68,55917310.24,8074400.58,45855402.11,15310499.0,77630392.63,55917310.24,55917310.24,85072.11719540232,145.0,870.0,77.0,793.0,True,True,True,True,True,True,True
1734,2007-12-08T00:00:00.000Z,Severe Storm,DR,WA,2008,2007-12-01T00:00:00.000Z,12,1,1,1,1,16.0,0,21160441.15,17930951.94,3229489.21,61335357.03,14805955.64,44277323.8,9535992.0,92031790.18,61335357.98,61335357.98,57193.623237156935,156.0,1421.0,179.0,1242.0,True,True,True,True,True,True,True
1735,2007-12-18T00:00:00.000Z,Severe Ice Storm,DR,OK,2008,2007-12-08T00:00:00.000Z,25,0,0,1,1,26.0,0,0.0,0.0,0.0,98996546.81,66157314.78,29980755.51,9834760.0,108831306.81,99033360.99,99033360.99,125213.4381757402,259.0,1047.0,363.0,684.0,True,True,True,False,True,True,True
1736,2007-12-27T00:00:00.000Z,Severe Ice Storm,DR,MO,2008,2007-12-06T00:00:00.000Z,42,0,0,1,1,9.0,0,0.0,0.0,0.0,24948123.75,17434937.19,7315053.96,2137722.0,27085845.75,24948123.75,24948123.75,46956.32231966054,239.0,707.0,105.0,602.0,True,True,True,False,True,True,True
1737,2008-01-04T00:00:00.000Z,Severe Ice Storm,DR,IA,2008,2007-12-10T00:00:00.000Z,30,0,0,1,1,1.0,0,0.0,0.0,0.0,28052065.58,6899645.98,20569367.2,4620556.0,32672621.58,28052065.58,28052065.58,49929.025823293174,254.0,747.0,78.0,669.0,True,True,True,False,True,True,True
1738,2008-01-08T00:00:00.000Z,Severe Storm,DR,NV,2008,2008-01-05T00:00:00.000Z,1,1,1,1,1,5.0,0,1928655.92,1789105.28,139550.64,1112379.14,389759.18,682088.96,100726.0,3141761.0599999996,1112379.14,1112379.14,52487.92178571429,7.0,28.0,9.0,19.0,True,True,True,True,True,True,False
1739,2008-01-11T00:00:00.000Z,Severe Ice Storm,DR,NE,2008,2007-12-10T00:00:00.000Z,8,0,0,1,1,2.0,0,0.0,0.0,0.0,2895288.73,848668.63,2042503.41,33064.0,2928352.73,2895288.73,2895288.73,41945.78956521739,44.0,92.0,10.0,82.0,True,True,False,False,True,True,True
1740,2008-01-30T00:00:00.000Z,Severe Storm,DR,IN,2008,2008-01-07T00:00:00.000Z,21,1,1,1,1,67.0,0,7674152.07,6753112.89,921039.18,4976848.47,1106726.53,3700701.27,1300611.0,13951611.54,4976848.53,4976848.53,19639.77328358209,80.0,335.0,19.0,316.0,True,True,True,True,True,True,True
1741,2008-02-01T00:00:00.000Z,Severe Storm,DR,KS,2008,2007-12-06T00:00:00.000Z,60,0,0,1,1,13.0,0,0.0,0.0,0.0,227086533.09,20961968.95,203016247.94,21234684.0,248321217.09,227086533.09,227086533.09,241684.08532051282,568.0,1248.0,176.0,1072.0,True,True,True,False,True,True,True
1742,2008-02-05T00:00:00.000Z,Severe Storm,DR,MO,2008,2008-01-07T00:00:00.000Z,9,0,0,1,1,3.0,0,0.0,0.0,0.0,1334506.76,191135.32,1126687.79,111712.0,1446218.76,1334506.76,1334506.76,18476.885416666668,38.0,96.0,5.0,91.0,True,True,True,False,True,True,True
1743,2008-02-06T00:00:00.000Z,Severe Storm,DR,HI,2008,2007-12-04T00:00:00.000Z,3,0,0,1,1,3.0,0,0.0,0.0,0.0,2629570.0,1000841.59,1526800.41,339127.0,2968697.0,2629570.0,2629570.0,50320.54043478261,23.0,69.0,17.0,52.0,True,True,True,False,True,True,True
1744,2008-02-07T00:00:00.000Z,Severe Storm,DR,AR,2008,2008-02-05T00:00:00.000Z,12,1,1,1,1,7.0,0,4360723.47,3402839.22,957884.25,4912916.3,2051785.36,2803847.34,1692900.0,10966539.77,4908799.07,4908799.07,27775.927872340424,35.0,235.0,24.0,211.0,True,True,True,True,True,True,True
1745,2008-02-07T00:00:00.000Z,Severe Storm,DR,TN,2008,2008-02-05T00:00:00.000Z,19,1,1,1,1,1.0,0,4069837.78,2771174.97,1298662.81,15633642.31,5888668.93,9517511.69,2847013.0,22550493.09,15633642.31,15633642.31,89909.24450216451,51.0,231.0,51.0,180.0,True,True,True,False,True,True,True
1746,2008-02-21T00:00:00.000Z,Severe Storm,DR,KY,2008,2008-02-05T00:00:00.000Z,23,1,1,1,1,1.0,0,1466605.44,1198433.35,268172.09,4765349.85,1545213.95,2883445.24,2271823.0,8503778.29,4765349.85,4765349.85,25898.627717842326,60.0,241.0,17.0,224.0,True,True,True,False,True,True,True
1747,2008-03-07T00:00:00.000Z,Severe Storm,DR,IL,2008,2008-01-07T00:00:00.000Z,2,1,1,0,1,67.0,0,4800659.42,3951572.59,849086.83,0.0,0.0,0.0,493658.0,5294317.42,0.0,0.0,0.0,0.0,0.0,0.0,0.0,0,0,0,0,0,0,0
1748,2008-03-12T00:00:00.000Z,Severe Ice Storm,DR,MO,2008,2008-02-10T00:00:00.000Z,18,0,0,1,1,4.0,0,0.0,0.0,0.0,10068998.77,4645909.03,5391099.99,0.0,10068998.77,10068998.77,10068998.77,60699.85542986425,82.0,221.0,39.0,182.0,True,True,True,False,True,True,True
1749,2008-03-19T00:00:00.000Z,Severe Storm,DR,MO,2008,2008-03-17T00:00:00.000Z,71,1,1,1,1,53.0,0,13924227.09,12299985.24,1624241.85,26045574.54,2638236.4,22891794.14,7387525.0,47357326.629999995,26045574.61,26045574.61,17321.093483709272,263.0,1995.0,54.0,1941.0,True,True,True,True,True,True,True
1750,2008-03-20T00:00:00.000Z,Severe Storm,DR,GA,2008,2008-03-14T00:00:00.000Z,7,1,1,1,1,2.0,0,1345162.7,1061095.33,284067.37,3505637.41,779414.42,2553779.99,932979.0,5783779.11,3505637.4099999997,3505637.4099999997,48334.981649484536,18.0,97.0,10.0,87.0,True,True,True,False,True,True,True
1751,2008-03-26T00:00:00.000Z,Severe Storm,DR,AR,2008,2008-03-18T00:00:00.000Z,59,1,1,1,1,41.0,0,11670465.18,10030933.28,1639531.9,39745530.51,3673107.95,35711732.95,7267526.0,58683521.69,39745530.71,39745530.71,12676.529834572044,214.0,4171.0,72.0,4099.0,True,True,True,True,True,True,True
1752,2008-05-05T00:00:00.000Z,Severe Storm,DR,OK,2008,2008-03-17T00:00:00.000Z,14,0,0,1,1,6.0,0,0.0,0.0,0.0,3020576.08,82107.37,2836362.71,1247.0,3021823.08,3020576.13,3020576.13,8971.147673378076,29.0,447.0,5.0,442.0,False,True,True,False,True,True,True
1753,2008-05-08T00:00:00.000Z,Severe Storm,DR,MS,2008,2008-03-20T00:00:00.000Z,4,1,1,0,1,60.0,0,1598081.52,1371741.06,226340.46,0.0,0.0,0.0,116373.0,1714454.52,0.0,0.0,0.0,0.0,0.0,0.0,0.0,0,0,0,0,0,0,0
1754,2008-05-09T00:00:00.000Z,Flood,DR,OK,2008,2008-04-09T00:00:00.000Z,24,0,0,1,1,19.0,0,0.0,0.0,0.0,20695468.8,458980.05,19798316.75,75650.0,20771118.8,20585926.389999997,20585926.389999997,30463.8179800222,67.0,901.0,21.0,880.0,True,True,True,True,True,True,True
1755,2008-05-09T00:00:00.000Z,Flood,DR,ME,2008,2008-04-28T00:00:00.000Z,7,1,1,1,1,16.0,0,1261470.96,1093134.16,168336.8,2984256.53,538799.22,3315278.37,211419.0,4457146.49,2984256.55,2984256.55,8115.8710836501905,119.0,526.0,6.0,520.0,True,True,True,True,True,True,True
1756,2008-05-14T00:00:00.000Z,Severe Storm,DR,OK,2008,2008-05-10T00:00:00.000Z,4,1,1,1,1,3.0,0,1469127.78,778243.02,690884.76,2229174.06,1309273.28,785865.78,10909.0,3709210.84,2229174.12,2229174.12,57045.9684,14.0,50.0,12.0,38.0,True,True,True,False,True,True,False
1757,2008-05-19T00:00:00.000Z,Severe Storm,DR,KY,2008,2008-04-03T00:00:00.000Z,15,0,0,1,1,1.0,0,0.0,0.0,0.0,3499571.24,129307.62,3257223.37,488767.0,3988338.24,3499571.24,3499571.24,8848.921077504727,31.0,529.0,7.0,522.0,True,True,True,True,False,True,True
1758,2008-05-20T00:00:00.000Z,Severe Storm,DR,AR,2008,2008-05-02T00:00:00.000Z,12,1,1,1,1,10.0,0,2474245.11,2107834.16,366410.95,2676958.28,1231171.54,1431427.8,587931.0,5739134.39,2676958.28,2676958.28,41935.191529411764,25.0,85.0,12.0,73.0,True,True,True,False,True,True,True
1759,2008-05-22T00:00:00.000Z,Snowstorm,DR,SD,2008,2008-05-01T00:00:00.000Z,6,0,0,1,1,1.0,0,0.0,0.0,0.0,7826995.83,271120.6,7543693.27,811968.0,8638963.83,7826995.83,7826995.83,298055.24914285715,18.0,35.0,8.0,27.0,False,True,False,False,True,True,False
1760,2008-05-23T00:00:00.000Z,Severe Storm,DR,MO,2008,2008-05-10T00:00:00.000Z,3,1,1,0,1,1.0,0,1642832.66,1291904.6,350928.06,0.0,0.0,0.0,196919.0,1839751.66,0.0,0.0,0.0,0.0,0.0,0.0,0.0,0,0,0,0,0,0,0
1761,2008-05-23T00:00:00.000Z,Severe Storm,DR,GA,2008,2008-05-11T00:00:00.000Z,14,1,1,1,1,1.0,0,2458564.0,1897324.21,561239.79,10732656.8,7148287.99,3334457.14,1775988.0,14967208.8,10732656.81,10732656.81,76488.73596774194,49.0,186.0,41.0,145.0,True,True,True,False,True,True,True
1762,2008-05-26T00:00:00.000Z,Severe Storm,DR,CO,2008,2008-05-22T00:00:00.000Z,2,1,1,0,1,0.0,0,419744.26,172931.52,246812.74,0.0,0.0,0.0,182642.0,602386.26,0.0,0.0,0.0,0.0,0.0,0.0,0.0,0,0,0,0,0,0,0
1763,2008-05-27T00:00:00.000Z,Severe Storm,DR,IA,2008,2008-05-25T00:00:00.000Z,85,1,1,1,1,80.0,0,138694619.65,122368728.95,16325890.7,1155494246.42,250989227.19,873100944.31,274772523.0,1568961389.0700002,1155301209.48,1155301057.32,132037.11840585686,954.0,9698.0,1169.0,8529.0,True,True,True,True,True,True,True
1764,2008-05-28T00:00:00.000Z,Severe Storm,DR,MS,2008,2008-04-04T00:00:00.000Z,1,1,1,1,1,0.0,0,549480.66,447761.87,101718.79,4330036.43,4163010.38,85852.56,295657.0,5175174.09,4330036.43,4330036.43,285572.5957894737,6.0,19.0,8.0,11.0,True,True,True,False,True,True,True
1765,2008-05-30T00:00:00.000Z,Severe Storm,DR,NE,2008,2008-04-23T00:00:00.000Z,5,0,0,1,1,3.0,0,0.0,0.0,0.0,499319.42,49698.18,442427.68,0.0,499319.42,499319.42,499319.42,12756.948076923078,15.0,52.0,2.0,50.0,True,True,True,True,True,True,False
1766,2008-06-08T00:00:00.000Z,Severe Storm,DR,IN,2008,2008-05-30T00:00:00.000Z,50,1,1,1,1,28.0,0,56449366.63,47181025.55,9268341.08,100905332.7,22002694.42,75422616.55,18074955.0,175429654.33,100905332.77,100905332.77,58126.95791685095,308.0,2261.0,236.0,2025.0,True,True,True,True,True,True,True
1767,2008-06-13T00:00:00.000Z,Severe Storm,DR,MT,2008,2008-05-01T00:00:00.000Z,4,0,0,1,1,1.0,0,0.0,0.0,0.0,3346388.88,15741.08,3267072.98,493091.0,3839479.88,3346388.8800000004,3346388.8800000004,343963.5130769231,5.0,13.0,6.0,7.0,False,True,True,False,False,True,False
1768,2008-06-14T00:00:00.000Z,Severe Storm,DR,WI,2008,2008-06-05T00:00:00.000Z,31,1,1,1,1,50.0,0,56679489.87,50118678.0,6560811.87,48563081.65,13669669.95,34007466.0,18525751.0,123768322.52,48563081.65,48563081.65,20550.30372703412,738.0,3048.0,186.0,2862.0,True,True,True,True,True,True,True
1769,2008-06-19T00:00:00.000Z,Severe Storm,DR,WV,2008,2008-06-03T00:00:00.000Z,18,1,1,1,1,4.0,0,2619379.95,2404215.89,215164.06,3985862.62,417833.3,3523766.57,812801.0,7418043.57,3985862.62,3985862.62,16878.117420382165,42.0,314.0,22.0,292.0,True,True,True,True,True,True,True
1770,2008-06-20T00:00:00.000Z,Severe Storm,DR,NE,2008,2008-05-22T00:00:00.000Z,62,1,1,1,1,33.0,0,1560229.95,1320958.06,239271.89,36258650.19,3260544.36,32835593.41,2865034.0,40683914.14,36258650.24,36258650.24,44879.82747211896,215.0,1076.0,90.0,986.0,True,True,True,True,True,True,True
1771,2008-06-24T00:00:00.000Z,Severe Storm,DR,IL,2008,2008-06-01T00:00:00.000Z,25,1,1,1,1,51.0,0,10024142.17,8979826.09,1044316.08,53407870.95,26389243.37,26645847.98,6066205.0,69498218.12,53407871.51,53407871.51,43354.47322517846,360.0,1541.0,140.0,1401.0,True,True,True,True,True,True,True
1772,2008-06-25T00:00:00.000Z,Severe Storm,DR,MN,2008,2008-06-06T00:00:00.000Z,6,0,0,1,1,6.0,0,0.0,0.0,0.0,6361368.91,442756.09,5774481.57,779118.0,7140486.91,6361368.93,6361368.93,23757.129605633803,101.0,355.0,22.0,333.0,True,True,True,True,True,True,True
1773,2008-06-25T00:00:00.000Z,Severe Storm,DR,MO,2008,2008-06-01T00:00:00.000Z,61,1,1,1,1,73.0,0,5367078.69,4930561.66,436517.03,28697245.28,13489800.61,15062995.91,5317199.0,39381522.97,28697245.28,28697245.28,25340.480892983698,284.0,1411.0,78.0,1333.0,True,True,True,True,True,True,True
1774,2008-07-09T00:00:00.000Z,Severe Storm,DR,SD,2008,2008-06-02T00:00:00.000Z,30,0,0,1,1,10.0,0,0.0,0.0,0.0,4716310.17,230693.3,4425946.02,541355.0,5257665.17,4716310.43,4716310.43,8828.9061971831,223.0,710.0,4.0,706.0,True,True,True,True,True,True,True
1775,2008-07-09T00:00:00.000Z,Severe Storm,DR,OK,2008,2008-06-03T00:00:00.000Z,26,0,0,1,1,17.0,0,0.0,0.0,0.0,9638507.73,711874.01,8615701.72,93369.0,9731876.73,9638507.75,9638507.75,22804.470572450806,55.0,559.0,28.0,531.0,True,True,True,False,True,True,False
1776,2008-07-09T00:00:00.000Z,Severe Storm,DR,KS,2008,2008-05-22T00:00:00.000Z,54,0,0,1,1,25.0,0,0.0,0.0,0.0,55300511.2,3442262.9,50898705.78,5908173.0,61208684.2,55300511.2,55300511.2,90367.83656403942,207.0,812.0,88.0,724.0,True,True,True,False,True,True,True
1777,2008-07-14T00:00:00.000Z,Severe Storm,DR,MI,2008,2008-06-06T00:00:00.000Z,12,0,0,1,1,37.0,0,0.0,0.0,0.0,14547910.96,3694972.87,10776393.99,1175154.0,15723064.96,14547910.96,14547910.96,60688.8720062696,112.0,319.0,64.0,255.0,True,True,True,True,True,True,True
1778,2008-07-15T00:00:00.000Z,Severe Storm,DR,VT,2008,2008-06-14T00:00:00.000Z,2,0,0,1,1,3.0,0,0.0,0.0,0.0,1086864.23,10494.54,1070445.67,53071.0,1139935.23,1086864.23,1086864.23,40199.377499999995,6.0,36.0,5.0,31.0,False,True,True,False,False,False,False
1779,2008-07-18T00:00:00.000Z,Severe Storm,DR,NE,2008,2008-06-27T00:00:00.000Z,4,0,0,1,1,0.0,0,0.0,0.0,0.0,12058395.64,4324047.97,7722877.57,1281647.0,13340042.64,12060965.74,12060965.74,189023.94211764706,23.0,85.0,28.0,57.0,True,True,True,True,True,True,True
1780,2008-07-24T00:00:00.000Z,Hurricane,DR,TX,2008,2008-07-22T00:00:00.000Z,16,1,1,1,1,10.0,0,34868169.3,29354250.25,5513919.05,66192238.19,41312387.2,22862265.3,14538117.54,115598525.03,66192135.58,66192239.23,66907.19682515337,125.0,1304.0,178.0,1126.0,True,True,True,True,True,True,True
1781,2008-07-31T00:00:00.000Z,Flood,DR,ID,2008,2008-05-15T00:00:00.000Z,2,0,0,1,1,25.0,0,0.0,0.0,0.0,1655156.5,250629.68,1309133.42,192093.0,1847249.5,1655156.5,1655156.5,44617.760816326525,6.0,49.0,10.0,39.0,True,True,True,True,False,False,True
1782,2008-08-11T00:00:00.000Z,Severe Storm,DR,NH,2008,2008-07-24T00:00:00.000Z,5,0,0,1,1,0.0,0,0.0,0.0,0.0,1269313.62,538789.82,729640.38,206865.0,1476178.62,1269313.6199999999,1269313.6199999999,27739.731475409833,22.0,61.0,3.0,58.0,True,True,True,False,True,True,True
1783,2008-08-14T00:00:00.000Z,Severe Storm,DR,NM,2008,2008-07-26T00:00:00.000Z,2,0,0,1,1,25.0,0,0.0,0.0,0.0,49601279.98,3613882.43,45513338.55,91806.0,49693085.98,49601279.98,49601279.98,434059.34289473685,26.0,152.0,36.0,116.0,True,True,True,True,True,True,True
1784,2008-08-15T00:00:00.000Z,Severe Storm,DR,VT,2008,2008-07-18T00:00:00.000Z,3,0,0,1,1,0.0,0,0.0,0.0,0.0,449482.54,180418.52,264534.22,52815.0,502297.54,450920.11,450920.11,35366.28,7.0,17.0,3.0,14.0,True,True,True,False,False,True,False
1785,2008-08-24T00:00:00.000Z,Severe Storm,DR,FL,2008,2008-08-18T00:00:00.000Z,44,1,1,1,1,25.0,0,19216129.55,17095730.28,2120399.27,98506316.9,40325973.33,54851315.87,15748405.0,133470851.45,98506309.21,98506309.21,69168.87428571428,303.0,1876.0,266.0,1610.0,True,True,True,True,True,True,True
1786,2008-09-02T00:00:00.000Z,Hurricane,DR,LA,2008,2008-09-01T00:00:00.000Z,64,1,1,1,1,10.0,0,216888044.03,165776649.38,51111394.65,710892253.34,514212195.65,153908240.69,189145133.69,1116925431.06,711087962.79,711087962.79,123827.87937320115,775.0,6254.0,1052.0,5202.0,True,True,True,True,True,True,True
1787,2008-09-05T00:00:00.000Z,Severe Storm,DR,NH,2008,2008-07-24T00:00:00.000Z,4,0,0,1,1,21.0,0,0.0,0.0,0.0,3673097.45,208435.76,3459158.78,555038.0,4228135.45,3673097.4499999997,3673097.4499999997,20744.613093220338,43.0,236.0,12.0,224.0,True,True,True,False,True,True,True
1788,2008-09-09T00:00:00.000Z,Severe Storm,DR,ME,2008,2008-07-18T00:00:00.000Z,3,0,0,1,1,29.0,0,0.0,0.0,0.0,2660766.77,115109.71,2544618.23,0.0,2660766.77,2660766.77,2660766.77,20866.720235294117,30.0,170.0,10.0,160.0,True,True,True,True,True,True,True
1789,2008-09-10T00:00:00.000Z,Hurricane,DR,AL,2008,2008-08-29T00:00:00.000Z,2,0,0,1,1,5.0,0,0.0,0.0,0.0,7955261.42,1829034.73,5576907.69,1264949.02,9220210.44,7817931.67,7817931.67,98332.00330188678,30.0,106.0,13.0,93.0,True,True,True,False,True,True,True
1790,2008-09-12T00:00:00.000Z,Severe Storm,DR,VT,2008,2008-07-21T00:00:00.000Z,7,0,0,1,1,22.0,0,0.0,0.0,0.0,4570622.52,191540.21,4339131.55,604887.0,5175509.52,4561537.65,4561537.65,21187.9618815331,60.0,287.0,17.0,270.0,True,True,True,True,True,True,True
1791,2008-09-13T00:00:00.000Z,Hurricane,DR,TX,2008,2008-09-07T00:00:00.000Z,51,1,1,1,1,25.0,0,531895066.34,412587878.82,119307187.52,2226431971.24,1313240844.26,835270942.98,383916059.77,3142243097.35,2226759508.02,2226759508.02,167538.50462055506,989.0,13836.0,2475.0,11361.0,True,True,True,True,True,True,True
1792,2008-09-13T00:00:00.000Z,Hurricane,DR,LA,2008,2008-09-11T00:00:00.000Z,29,1,1,1,1,57.0,0,63878324.09,54137482.22,9740841.87,220637580.3,123311137.83,88386279.47,37080349.27,321596253.65999997,220681375.87,220681375.87,155955.3985994587,221.0,1478.0,330.0,1148.0,True,True,True,True,True,True,True
1793,2008-09-18T00:00:00.000Z,Hurricane,DR,AR,2008,2008-09-02T00:00:00.000Z,18,0,0,1,1,6.0,0,0.0,0.0,0.0,3895660.58,662127.06,3216753.75,608954.0,4504614.58,3892478.31,3892478.31,12003.326388888889,42.0,432.0,15.0,417.0,True,True,True,False,True,True,True
1794,2008-09-22T00:00:00.000Z,Hurricane,DR,MS,2008,2008-08-28T00:00:00.000Z,22,1,1,1,1,11.0,0,7176481.13,5986936.24,1189544.89,24732240.18,14079869.38,9554296.04,2894813.0,34803534.31,24732240.18,24732240.18,77804.20558752997,117.0,417.0,87.0,330.0,True,True,True,True,True,True,True
1795,2008-09-23T00:00:00.000Z,Severe Storm,DR,IN,2008,2008-09-12T00:00:00.000Z,38,1,1,1,1,24.0,0,36905735.96,31083614.42,5822121.54,25003384.15,14164269.43,9883034.52,3249259.0,65158379.11,25003384.93,25003384.93,38824.80914994097,260.0,847.0,118.0,729.0,True,True,True,True,True,True,True
1796,2008-09-26T00:00:00.000Z,Severe Storm,DR,AK,2008,2008-07-27T00:00:00.000Z,4,0,0,1,1,10.0,0,0.0,0.0,0.0,12186818.01,1089112.9,10421346.21,1787687.0,13974505.01,12186818.01,12186818.01,281995.6310526316,10.0,57.0,17.0,40.0,True,True,True,True,True,True,True
1797,2008-09-26T00:00:00.000Z,Severe Storm,DR,AL,2008,2008-09-12T00:00:00.000Z,2,0,0,1,1,2.0,0,0.0,0.0,0.0,5940451.74,1118829.25,4396630.01,1905215.0,7845666.74,5940451.74,5940451.74,235733.1509090909,9.0,33.0,10.0,23.0,True,True,True,False,True,True,True
1798,2008-10-01T00:00:00.000Z,Severe Storm,DR,PR,2009,2008-09-21T00:00:00.000Z,26,1,1,1,1,12.0,0,29999815.09,12559208.69,17440606.4,24304226.68,4346712.06,19496993.33,4813241.0,59117282.769999996,23852674.43,23852674.43,38271.83291215403,38.0,831.0,92.0,739.0,True,True,True,True,True,True,True
1799,2008-10-03T00:00:00.000Z,Severe Storm,DR,NH,2009,2008-09-06T00:00:00.000Z,2,0,0,1,1,1.0,0,0.0,0.0,0.0,823848.76,67615.9,756068.62,319962.0,1143810.76,823848.76,823848.76,14265.066623376622,13.0,77.0,4.0,73.0,True,True,True,True,True,True,False
1800,2008-10-03T00:00:00.000Z,Severe Storm,DR,IL,2009,2008-09-13T00:00:00.000Z,16,1,1,1,1,22.0,0,64635964.92,57513293.79,7122671.13,27884821.59,10219096.54,17488404.91,10859257.12,103380043.63000001,27884821.63,27884821.63,49525.24904127829,293.0,751.0,61.0,690.0,True,True,True,True,True,True,True
1801,2008-10-08T00:00:00.000Z,Severe Storm,DR,NC,2009,2008-09-04T00:00:00.000Z,4,0,0,1,1,11.0,0,0.0,0.0,0.0,4657982.0,1440783.27,3071593.91,466669.0,5124651.0,4657982.0,4657982.0,65532.261063829785,37.0,94.0,15.0,79.0,True,True,True,True,True,True,True
1802,2008-10-09T00:00:00.000Z,Severe Storm,DR,KY,2009,2008-09-12T00:00:00.000Z,35,0,0,1,1,2.0,0,0.0,0.0,0.0,18812748.86,13423088.38,4869890.36,2710679.0,21523427.86,18812748.87,18812748.87,46016.081070110704,228.0,542.0,72.0,470.0,True,True,True,False,True,True,True
1803,2008-10-09T00:00:00.000Z,Severe Storm,DR,OK,2009,2008-09-12T00:00:00.000Z,11,0,0,1,1,7.0,0,0.0,0.0,0.0,6149283.51,62016.6,5923527.91,725370.39,6874653.899999999,6149283.51,6149283.51,21489.352242744062,28.0,379.0,17.0,362.0,True,True,True,False,True,True,True
1804,2008-10-22T00:00:00.000Z,Severe Storm,DR,AR,2009,2008-09-13T00:00:00.000Z,20,0,0,1,1,10.0,0,0.0,0.0,0.0,2543014.21,852550.36,1683452.85,311362.0,2854376.21,2543014.21,2543014.21,31090.095229357798,42.0,109.0,13.0,96.0,True,True,True,True,True,True,True
1805,2008-10-24T00:00:00.000Z,Severe Storm,DR,OH,2009,2008-09-14T00:00:00.000Z,33,0,0,1,1,0.0,0,0.0,0.0,0.0,38841921.56,32124189.94,6349045.86,4713715.0,43555636.56,38841921.56,38841921.56,32653.36615287429,739.0,1583.0,160.0,1423.0,True,True,True,False,True,True,True
1806,2008-10-27T00:00:00.000Z,Hurricane,DR,FL,2009,2008-08-31T00:00:00.000Z,6,0,0,1,1,7.0,0,0.0,0.0,0.0,1107827.99,415990.06,407110.11,3947586.15,5055414.14,1107827.99,1107827.99,92146.31266666666,11.0,15.0,4.0,11.0,False,True,True,False,True,False,True
1807,2008-10-29T00:00:00.000Z,Hurricane,DR,VI,2009,2008-10-14T00:00:00.000Z,3,0,0,1,1,2.0,0,0.0,0.0,0.0,7256252.51,5109636.26,1964392.59,824950.0,8081202.51,7263873.39,7263873.39,79283.88982905983,34.0,117.0,18.0,99.0,True,True,True,False,True,True,True
1808,2008-10-31T00:00:00.000Z,Severe Storm,DR,KS,2009,2008-09-11T00:00:00.000Z,9,0,0,1,1,6.0,0,0.0,0.0,0.0,3364325.1,189696.35,2935586.8,319768.0,3684093.1,3364325.1,3364325.1,20126.39108597285,84.0,221.0,5.0,216.0,True,True,True,False,True,True,True
1809,2008-11-13T00:00:00.000Z,Severe Storm,DR,MO,2009,2008-09-11T00:00:00.000Z,56,1,0,1,1,13.0,0,6869983.55,5100986.2,1768997.35,8529243.13,1331527.78,7090658.85,139569.0,15538795.68,8529244.63,8529244.63,25068.786909492275,157.0,453.0,28.0,425.0,True,True,True,True,True,True,True
1810,2008-11-18T00:00:00.000Z,Fire,DR,CA,2009,2008-11-13T00:00:00.000Z,4,1,0,1,1,15.0,0,3839488.88,3069213.15,770275.73,55930929.34,40263757.18,15594457.47,8166071.75,67936489.97,55930929.31,55930929.31,323041.95064935065,43.0,231.0,69.0,162.0,True,True,True,True,True,True,True
1811,2008-12-12T00:00:00.000Z,Snowstorm,DR,SD,2009,2008-11-05T00:00:00.000Z,17,0,0,1,1,2.0,0,0.0,0.0,0.0,5825275.23,319740.39,5486438.33,1134370.0,6959645.23,5825275.23,5825275.23,146427.69981132075,23.0,53.0,16.0,37.0,False,True,True,False,False,True,False
1812,2009-01-02T00:00:00.000Z,Severe Ice Storm,DR,NH,2009,2008-12-11T00:00:00.000Z,10,0,0,1,1,12.0,0,0.0,0.0,0.0,14898663.36,13271189.98,1620701.65,2232817.0,17131480.36,14893789.42,14893789.42,36233.81031021898,197.0,548.0,65.0,483.0,True,True,True,False,True,True,True
1813,2009-01-05T00:00:00.000Z,Severe Ice Storm,DR,MA,2009,2008-12-11T00:00:00.000Z,7,0,0,1,1,7.0,0,0.0,0.0,0.0,49802008.6,42186959.25,7556237.51,5612828.0,55414836.6,49802008.6,49802008.6,69886.48461052631,247.0,950.0,178.0,772.0,True,True,True,True,True,True,True
1814,2009-01-05T00:00:00.000Z,Flood,DR,HI,2009,2008-12-10T00:00:00.000Z,2,1,0,1,1,6.0,0,3674159.05,2920671.78,753487.27,985503.02,527410.5,361692.68,0.0,4659662.07,985503.02,985503.02,29810.946744186047,22.0,43.0,6.0,37.0,True,True,True,False,True,True,True
1815,2009-01-09T00:00:00.000Z,Severe Storm,DR,ME,2009,2008-12-11T00:00:00.000Z,7,0,0,1,1,18.0,0,0.0,0.0,0.0,9781024.74,9553307.85,198758.02,680052.0,10461076.74,9781024.74,9781024.74,39610.069848024315,150.0,329.0,57.0,272.0,True,True,True,False,True,True,True
1816,2009-01-14T00:00:00.000Z,Severe Ice Storm,DR,VT,2009,2008-12-11T00:00:00.000Z,2,0,0,1,1,7.0,0,0.0,0.0,0.0,1337879.37,1010030.46,321246.91,93590.0,1431469.37,1337879.37,1337879.37,31256.813859649126,22.0,57.0,6.0,51.0,True,True,True,False,True,True,False
1817,2009-01-30T00:00:00.000Z,Flood,DR,WA,2009,2009-01-06T00:00:00.000Z,23,1,0,1,1,10.0,0,9506708.04,8474203.73,1032504.31,52767460.88,10098859.54,39841615.74,10634383.44,72908552.36,52769440.64,52769440.64,36790.86026898734,194.0,1896.0,168.0,1728.0,True,True,True,True,True,True,True
1818,2009-02-05T00:00:00.000Z,Severe Ice Storm,DR,KY,2009,2009-01-26T00:00:00.000Z,103,0,0,1,1,18.0,0,0.0,0.0,0.0,255208480.28,178944080.57,71856578.63,44962054.56,300170534.84000003,255193886.79,255193886.79,151719.31818629647,692.0,2233.0,371.0,1862.0,True,True,True,False,True,True,True
1819,2009-02-06T00:00:00.000Z,Severe Storm,DR,AR,2009,2009-01-26T00:00:00.000Z,30,0,0,1,1,4.0,0,0.0,0.0,0.0,220817573.8,72959754.24,146956946.34,29958447.0,250776020.8,220817573.88,220817573.88,247781.5644781145,270.0,1188.0,245.0,943.0,True,True,True,False,True,True,True
1820,2009-02-15T00:00:00.000Z,Severe Storm,DR,OK,2009,2009-02-10T00:00:00.000Z,5,1,0,1,1,1.0,0,1251943.17,1000815.99,251127.18,729454.15,561493.99,144384.16,300107.0,2281504.32,729454.15,729454.15,38589.8724,10.0,25.0,5.0,20.0,True,True,True,False,True,True,False
1821,2009-02-17T00:00:00.000Z,Severe Ice Storm,DR,TN,2009,2009-01-27T00:00:00.000Z,7,0,0,1,1,4.0,0,0.0,0.0,0.0,6143015.93,2952414.14,3093298.11,532472.0,6675487.93,6143015.93,6143015.93,85876.34936842106,36.0,95.0,25.0,70.0,True,True,True,False,True,True,True
1822,2009-02-17T00:00:00.000Z,Severe Storm,DR,MO,2009,2009-01-26T00:00:00.000Z,21,0,0,1,1,2.0,0,0.0,0.0,0.0,135879596.08,25984585.11,109071876.09,27004063.0,162883659.08,135879596.08,135879596.08,315681.7464111498,193.0,574.0,124.0,450.0,True,True,True,False,True,True,True
1823,2009-02-17T00:00:00.000Z,Severe Storm,DR,OK,2009,2009-01-26T00:00:00.000Z,10,0,0,1,1,2.0,0,0.0,0.0,0.0,9203600.91,3952139.14,5070573.74,964338.0,10167938.91,9203600.91,9203600.91,57375.284366197186,55.0,213.0,26.0,187.0,True,True,True,False,True,True,True
1824,2009-03-02T00:00:00.000Z,Severe Storm,DR,OR,2009,2008-12-13T00:00:00.000Z,10,0,0,1,1,13.0,0,0.0,0.0,0.0,10887118.75,6505428.33,4118092.57,1655323.0,12542441.75,10887118.75,10887118.75,32279.105458612976,112.0,447.0,44.0,403.0,True,True,True,False,True,True,True
1825,2009-03-02T00:00:00.000Z,Severe Storm,DR,WA,2009,2008-12-12T00:00:00.000Z,34,0,0,1,1,24.0,0,0.0,0.0,0.0,26341587.62,12516048.66,12588742.81,5132047.0,31473634.62,26341587.62,26341587.62,32264.12715477294,291.0,1079.0,88.0,991.0,True,True,True,True,True,True,True
1826,2009-03-02T00:00:00.000Z,Severe Storm,DR,IL,2009,2009-01-26T00:00:00.000Z,9,0,0,1,1,2.0,0,0.0,0.0,0.0,11999525.1,5388395.85,6584926.5,164087.0,12163612.1,11999525.1,11999525.1,67193.51306722689,95.0,238.0,46.0,192.0,True,True,True,False,True,True,True
1827,2009-03-04T00:00:00.000Z,Severe Storm,DR,NY,2009,2008-12-11T00:00:00.000Z,9,0,0,1,1,20.0,0,0.0,0.0,0.0,18571978.65,15291436.85,527906.77,1671236.0,20243214.65,18532228.9,18532228.9,18974.469598765434,268.0,1296.0,82.0,1214.0,True,True,True,False,True,True,True
1828,2009-03-05T00:00:00.000Z,Severe Storm,DR,IN,2009,2009-01-26T00:00:00.000Z,21,0,0,1,1,2.0,0,0.0,0.0,0.0,11300288.42,8661935.17,2405710.44,929579.0,12229867.42,11300288.42,11300288.42,63246.84911392405,119.0,237.0,54.0,183.0,True,True,True,False,True,True,True
1829,2009-03-24T00:00:00.000Z,Severe Storm,DR,ND,2009,2009-03-13T00:00:00.000Z,52,1,0,1,1,150.0,0,7862984.44,7434137.3,428847.14,114432778.94,45073912.12,63742668.39,15009211.0,137304974.38,114429518.7,114429518.7,22795.630314331378,293.0,5631.0,272.0,5359.0,True,True,True,True,True,True,True
1830,2009-04-09T00:00:00.000Z,Severe Storm,DR,MN,2009,2009-03-16T00:00:00.000Z,30,1,0,1,1,67.0,0,2440267.06,2321345.07,118921.99,29675993.97,9311835.82,19243999.22,3063408.0,35179669.03,29675994.06,29675994.06,18646.338001902946,579.0,2102.0,89.0,2013.0,True,True,True,True,True,True,True
1831,2009-04-21T00:00:00.000Z,Severe Storm,DR,FL,2009,2009-03-26T00:00:00.000Z,23,1,0,1,1,40.0,0,3220613.51,2916598.19,304015.32,30341897.73,2877347.78,27051645.87,6984586.55,40547097.79,30341893.26,30341893.26,31174.52265227448,72.0,1297.0,157.0,1140.0,True,True,True,True,True,True,True
1832,2009-04-22T00:00:00.000Z,Severe Storm,DR,IN,2009,2009-03-08T00:00:00.000Z,16,1,0,0,1,6.0,0,2961606.39,2685781.9,275824.49,0.0,0.0,0.0,208629.0,3170235.39,0.0,0.0,0.0,0.0,0.0,0.0,0.0,0,0,0,0,0,0,0
1833,2009-04-23T00:00:00.000Z,Severe Storm,DR,GA,2009,2009-03-26T00:00:00.000Z,47,1,0,1,1,18.0,0,4420415.46,4020055.64,400359.82,21240762.9,1922969.31,18615824.94,5450849.0,31112027.36,21240757.52,21240757.52,29142.59329875519,89.0,964.0,74.0,890.0,True,True,True,True,True,True,True
1834,2009-04-27T00:00:00.000Z,Tornado,DR,AR,2009,2009-04-09T00:00:00.000Z,5,1,0,1,1,0.0,0,1864525.69,1583637.41,280888.28,4704401.46,2875234.42,1768141.04,1280884.0,7849811.15,4704401.46,4704401.46,45830.08810218978,20.0,137.0,15.0,122.0,True,True,True,False,True,True,True
1835,2009-04-28T00:00:00.000Z,Severe Storm,DR,AL,2009,2009-03-25T00:00:00.000Z,21,1,0,1,1,9.0,0,2075746.91,1830940.6,244806.31,18067054.08,684326.01,16888048.74,1369212.95,21512013.939999998,18067054.87,18067054.87,18546.197937984496,76.0,1290.0,49.0,1241.0,True,True,True,True,True,True,True
1836,2009-05-08T00:00:00.000Z,Severe Storm,DR,AL,2009,2009-04-10T00:00:00.000Z,6,0,0,1,1,3.0,0,0.0,0.0,0.0,6100444.28,3010700.1,2801845.18,666076.0,6766520.28,6100444.3,6100444.3,52535.68071895425,57.0,153.0,24.0,129.0,True,True,True,False,True,True,True
1837,2009-05-12T00:00:00.000Z,Severe Storm,DR,MS,2009,2009-03-25T00:00:00.000Z,11,0,0,1,1,3.0,0,0.0,0.0,0.0,2643437.02,369934.49,2240380.53,195097.0,2838534.02,2643437.02,2643437.02,19114.14059782609,23.0,184.0,6.0,178.0,True,True,True,False,True,True,True
1838,2009-05-15T00:00:00.000Z,Severe Storm,DR,WV,2009,2009-05-03T00:00:00.000Z,11,1,0,1,1,36.0,0,13905805.19,13048600.38,857204.81,21409371.72,7864079.89,14067288.92,4283824.0,39599000.91,21381063.73,21381063.73,45857.469001996,42.0,501.0,70.0,431.0,True,True,True,True,True,True,True
1839,2009-05-15T00:00:00.000Z,Severe Storm,DR,TN,2009,2009-04-10T00:00:00.000Z,5,0,0,1,1,0.0,0,0.0,0.0,0.0,4546528.04,3299949.64,1185838.63,703135.0,5249663.04,4546528.04,4546528.04,104206.30517241379,20.0,58.0,18.0,40.0,True,True,True,False,True,True,True
1840,2009-05-27T00:00:00.000Z,Severe Storm,DR,FL,2009,2009-05-17T00:00:00.000Z,5,1,0,1,1,11.0,0,7382877.18,5906743.59,1476133.59,5187726.21,1903507.66,3068546.66,2530307.0,15100910.39,5187726.21,5187726.21,32729.53476190476,37.0,210.0,29.0,181.0,True,True,True,True,True,True,True
1841,2009-05-29T00:00:00.000Z,Severe Storm,DR,KY,2009,2009-05-03T00:00:00.000Z,24,1,0,1,1,17.0,0,15106854.42,13370790.11,1736064.31,32588079.77,3694476.84,27933778.17,6212268.35,53907202.54,32547308.88,32547308.88,25981.437055393588,50.0,1372.0,75.0,1297.0,True,True,True,False,True,True,True
1842,2009-06-03T00:00:00.000Z,Severe Storm,DR,AL,2009,2009-05-06T00:00:00.000Z,4,1,0,1,1,2.0,0,6501748.46,5943688.23,558060.23,3945262.25,540831.07,3165927.18,881798.0,11328808.71,3945262.25,3945262.25,19894.51835249042,24.0,261.0,10.0,251.0,True,True,True,True,True,True,True
1843,2009-06-11T00:00:00.000Z,Flood,DR,AK,2009,2009-04-28T00:00:00.000Z,8,1,0,1,1,33.0,0,5852701.19,2696850.42,3155850.77,19558149.68,4738750.9,14060646.74,3479110.0,28889960.87,19558149.68,19558149.68,116915.2536036036,28.0,222.0,41.0,181.0,True,True,True,True,True,True,True
1844,2009-06-16T00:00:00.000Z,Severe Storm,DR,SD,2009,2009-03-11T00:00:00.000Z,16,0,0,1,1,117.0,0,0.0,0.0,0.0,5301081.25,470689.31,4735723.71,793594.0,6094675.25,5301082.19,5301082.19,8559.159368165248,257.0,823.0,5.0,818.0,True,True,True,True,True,True,True
1845,2009-06-16T00:00:00.000Z,Severe Storm,DR,AR,2009,2009-04-27T00:00:00.000Z,38,0,0,1,1,26.0,0,0.0,0.0,0.0,9045503.16,436410.39,8584903.77,1374399.0,10419902.16,9039446.1,9039446.1,9737.996760904685,73.0,1238.0,14.0,1224.0,True,True,True,True,True,True,True
1846,2009-06-19T00:00:00.000Z,Fire,DR,OK,2009,2009-04-09T00:00:00.000Z,9,1,0,0,1,3.0,0,2055904.84,1798705.32,257199.52,0.0,0.0,0.0,198355.0,2254259.84,0.0,0.0,0.0,0.0,0.0,0.0,0.0,0,0,0,0,0,0,0
1847,2009-06-19T00:00:00.000Z,Severe Storm,DR,MO,2009,2009-05-08T00:00:00.000Z,53,1,0,1,1,8.0,0,5417824.37,5010124.02,407700.35,27072334.75,5608318.67,20995181.77,7114907.0,39605066.120000005,27072334.75,27072334.75,48576.98377027027,194.0,740.0,71.0,669.0,True,True,True,False,True,True,True
1848,2009-06-24T00:00:00.000Z,Severe Storm,DR,KS,2009,2009-03-26T00:00:00.000Z,33,0,0,1,1,3.0,0,0.0,0.0,0.0,12436207.3,1616896.05,10567032.73,2065029.0,14501236.3,12436207.3,12436207.3,67717.6612295082,133.0,244.0,22.0,222.0,True,True,True,True,True,True,True
1849,2009-06-25T00:00:00.000Z,Severe Storm,DR,KS,2009,2009-04-25T00:00:00.000Z,28,0,0,1,1,21.0,0,0.0,0.0,0.0,11534817.8,1848282.71,9043559.23,1455392.0,12990209.8,11534911.55,11534911.55,17470.66104118993,184.0,874.0,35.0,839.0,True,True,True,True,True,True,True
1850,2009-07-02T00:00:00.000Z,Severe Storm,DR,IL,2009,2009-05-08T00:00:00.000Z,8,0,0,1,1,1.0,0,0.0,0.0,0.0,15612814.36,11771539.15,3883162.25,794466.0,16407280.36,15665103.6,15665103.6,42528.65754065041,114.0,492.0,47.0,445.0,True,True,True,False,True,True,True
1851,2009-07-13T00:00:00.000Z,Severe Storm,DR,TN,2009,2009-06-12T00:00:00.000Z,3,0,0,1,1,2.0,0,0.0,0.0,0.0,8931032.41,3599419.33,5299623.68,1308247.0,10239279.41,8931032.41,8931032.41,228795.76884615386,15.0,52.0,18.0,34.0,True,True,True,False,True,True,True
1852,2009-07-30T00:00:00.000Z,Severe Storm,DR,ME,2009,2009-06-18T00:00:00.000Z,9,0,0,1,1,20.0,0,0.0,0.0,0.0,2915456.44,147380.37,2766773.17,229235.0,3144691.44,2915456.44,2915456.44,10448.495403225807,79.0,372.0,6.0,366.0,True,True,True,True,True,True,True
1853,2009-07-31T00:00:00.000Z,Severe Storm,DR,NE,2009,2009-06-05T00:00:00.000Z,17,0,0,1,1,21.0,0,0.0,0.0,0.0,4491366.48,115396.42,4342179.14,410465.0,4901831.48,4491366.48,4491366.48,24301.411910569106,49.0,246.0,13.0,233.0,True,True,True,True,True,True,True
1854,2009-08-13T00:00:00.000Z,Severe Storm,DR,IA,2009,2009-07-10T00:00:00.000Z,1,0,0,1,1,0.0,0,0.0,0.0,0.0,6484641.68,834966.45,5443756.58,912871.0,7397512.68,6484641.68,6484641.68,113188.41342105262,10.0,76.0,18.0,58.0,True,True,False,False,True,True,True
1855,2009-08-14T00:00:00.000Z,Severe Storm,DR,KY,2009,2009-08-04T00:00:00.000Z,2,1,0,1,1,0.0,0,17693443.86,12307674.68,5385769.18,5883928.99,691116.89,4513565.65,4072594.0,27649966.85,5883928.99,5883928.99,41182.82654054054,32.0,185.0,18.0,167.0,True,True,True,False,True,True,True
1856,2009-08-21T00:00:00.000Z,Severe Storm,DR,TN,2009,2009-07-15T00:00:00.000Z,6,0,0,1,1,2.0,0,0.0,0.0,0.0,2203358.38,383569.5,1776744.36,185505.0,2388863.38,2203358.38,2203358.38,27322.082710280374,16.0,107.0,8.0,99.0,True,True,True,True,True,True,False
1857,2009-09-01T00:00:00.000Z,Severe Storm,DR,NY,2009,2009-08-08T00:00:00.000Z,6,1,0,1,1,2.0,0,4626437.19,4297309.99,329127.2,41582963.17,5359964.73,32175398.55,1007258.0,47216658.36,41582963.25,41582963.25,42450.372573189525,129.0,1298.0,116.0,1182.0,True,True,True,True,True,True,True
1858,2009-09-24T00:00:00.000Z,Severe Storm,DR,GA,2009,2009-09-18T00:00:00.000Z,23,1,0,1,1,20.0,0,58951222.09,51103383.71,7847838.38,79094216.7,7457302.56,70583904.39,27764486.0,165809924.79000002,79094223.79,79094223.79,50776.7819178744,112.0,2070.0,206.0,1864.0,True,True,True,True,True,True,True
1859,2009-09-29T00:00:00.000Z,Earthquake,DR,AS,2009,2009-09-29T00:00:00.000Z,5,1,0,1,1,7.0,0,22780503.01,18259342.0,4521161.01,94144289.11,33272376.92,58867918.92,9822639.74,126747431.86,94144283.14,94144283.14,590699.5125568182,28.0,176.0,54.0,122.0,True,True,True,True,True,True,True
1860,2009-09-30T00:00:00.000Z,Severe Storm,DR,KS,2009,2009-07-08T00:00:00.000Z,5,0,0,1,1,6.0,0,0.0,0.0,0.0,3143581.09,169848.37,2832828.06,463613.0,3607194.09,3143581.09,3143581.09,22871.207472527472,35.0,182.0,9.0,173.0,True,True,True,False,True,True,True
1861,2009-12-03T00:00:00.000Z,Severe Storm,DR,AR,2010,2009-10-29T00:00:00.000Z,38,0,0,1,1,10.0,0,0.0,0.0,0.0,15305769.72,622189.49,14604217.44,1217406.0,16523175.72,15306835.01,15306835.01,10876.55090715048,81.0,1874.0,16.0,1858.0,True,True,True,True,True,True,True
1862,2009-12-09T00:00:00.000Z,Severe Storm,DR,VA,2010,2009-11-11T00:00:00.000Z,12,0,0,1,1,5.0,0,0.0,0.0,0.0,7711083.63,4334273.77,2961035.2,1071884.0,8782967.629999999,7711083.63,7711083.63,32308.349174603176,28.0,315.0,35.0,280.0,True,True,True,True,True,True,True
1863,2009-12-10T00:00:00.000Z,Severe Storm,DR,LA,2010,2009-10-29T00:00:00.000Z,11,0,0,1,1,5.0,0,0.0,0.0,0.0,6310528.42,3015956.79,3118547.95,631452.15,6941980.57,6310528.75,6310528.75,25168.406987951807,40.0,332.0,28.0,304.0,True,True,True,True,True,True,True
1864,2009-12-16T00:00:00.000Z,Severe Storm,DR,NE,2010,2009-11-16T00:00:00.000Z,7,0,0,1,1,1.0,0,0.0,0.0,0.0,5125804.16,161232.94,4945531.0,572187.0,5697991.16,5125804.16,5125804.16,179756.19184210527,20.0,38.0,11.0,27.0,False,True,True,False,True,True,False
1865,2009-12-18T00:00:00.000Z,Severe Storm,DR,AK,2010,2009-10-06T00:00:00.000Z,1,0,0,1,1,5.0,0,0.0,0.0,0.0,3950737.77,832070.82,2805052.94,504725.0,4455462.77,3950737.77,3950737.77,100607.7871153846,5.0,52.0,19.0,33.0,True,True,True,True,True,True,True
1866,2009-12-22T00:00:00.000Z,Hurricane,DR,AL,2010,2009-11-09T00:00:00.000Z,2,0,0,1,1,1.0,0,0.0,0.0,0.0,4228940.04,796996.58,3157235.46,1485616.0,5714556.04,4228940.04,4228940.04,145974.14052631578,12.0,38.0,7.0,31.0,True,True,True,False,False,True,True
1867,2009-12-22T00:00:00.000Z,Severe Storm,DR,NJ,2010,2009-11-11T00:00:00.000Z,3,0,0,1,1,4.0,0,0.0,0.0,0.0,12182946.13,1412267.55,10483649.28,2708545.0,14891491.13,12182946.13,12182946.13,83669.69725388601,48.0,193.0,18.0,175.0,True,True,True,True,True,True,True
1868,2009-12-23T00:00:00.000Z,Severe Storm,DR,KS,2010,2009-11-14T00:00:00.000Z,3,0,0,1,1,2.0,0,0.0,0.0,0.0,19988438.27,28063.66,19824316.38,4996596.0,24985034.27,19988438.27,19988438.27,429371.84032258065,26.0,62.0,10.0,52.0,False,True,True,False,False,True,False
1869,2009-12-31T00:00:00.000Z,Severe Storm,DR,NY,2010,2009-11-12T00:00:00.000Z,2,0,0,1,1,2.0,0,0.0,0.0,0.0,17438357.78,1107909.3,15859192.35,309213.0,17747570.78,17438357.78,17438357.78,321316.77347222227,21.0,72.0,16.0,56.0,True,True,True,False,True,True,True
1870,2009-12-31T00:00:00.000Z,Severe Storm,DR,AL,2010,2009-12-12T00:00:00.000Z,14,0,0,1,1,6.0,0,0.0,0.0,0.0,19986986.22,337196.7,18978293.77,1672344.0,21659330.22,19986987.54,19986987.54,18754.77927608233,49.0,1409.0,58.0,1351.0,True,True,True,True,True,True,True
1871,2010-02-02T00:00:00.000Z,Severe Storm,DR,NC,2010,2009-12-18T00:00:00.000Z,14,0,0,1,1,7.0,0,0.0,0.0,0.0,18885702.86,13126074.12,5293596.93,1746827.0,20632529.86,18885702.86,18885702.86,100594.74136546186,79.0,249.0,41.0,208.0,True,True,True,False,True,True,True
1872,2010-02-04T00:00:00.000Z,Severe Storm,DR,AR,2010,2009-12-23T00:00:00.000Z,25,0,0,1,1,10.0,0,0.0,0.0,0.0,9308284.68,190531.08,9085444.01,1418762.0,10727046.68,9308283.83,9308283.83,12074.26894839338,63.0,1027.0,11.0,1016.0,True,True,True,True,True,True,True
1873,2010-02-05T00:00:00.000Z,Snowstorm,DR,NJ,2010,2009-12-19T00:00:00.000Z,7,0,0,1,1,1.0,0,0.0,0.0,0.0,13737974.24,13590235.23,147739.01,412057.48,14150031.72,13737974.24,13737974.24,37082.67617408907,414.0,494.0,59.0,435.0,False,True,True,False,True,False,False
1874,2010-02-16T00:00:00.000Z,Snowstorm,DR,VA,2010,2009-12-18T00:00:00.000Z,50,0,0,1,1,2.0,0,0.0,0.0,0.0,22887905.74,21001197.77,928081.94,4308099.0,27196004.74,22887905.74,22887905.74,71698.53914691943,130.0,422.0,80.0,342.0,True,True,True,False,True,True,True
1875,2010-02-19T00:00:00.000Z,Snowstorm,DR,MD,2010,2009-12-18T00:00:00.000Z,12,0,0,1,1,2.0,0,0.0,0.0,0.0,24581512.14,24433079.68,0.0,3397069.0,27978581.14,24581140.89,24581140.89,88064.01873655914,287.0,372.0,71.0,301.0,False,True,False,False,False,False,False
1876,2010-02-25T00:00:00.000Z,Severe Storm,DR,OK,2010,2009-12-24T00:00:00.000Z,54,0,0,1,1,1.0,0,0.0,0.0,0.0,18085951.67,5487552.17,12233957.76,3177806.11,21263757.78,18085951.79,18085951.79,29805.737167701867,185.0,805.0,59.0,746.0,True,True,True,False,True,True,True
1877,2010-02-25T00:00:00.000Z,Severe Storm,DR,IA,2010,2009-12-23T00:00:00.000Z,27,0,0,1,1,4.0,0,0.0,0.0,0.0,5996437.44,2749347.17,2986321.27,1505411.0,7501848.44,5996437.45,5996437.45,20129.52347715736,227.0,394.0,32.0,362.0,True,True,True,False,True,True,True
1878,2010-02-25T00:00:00.000Z,Severe Storm,DR,NE,2010,2009-12-22T00:00:00.000Z,58,0,0,1,1,17.0,0,0.0,0.0,0.0,6577021.37,3133357.82,3340563.19,54775.0,6631796.37,6575546.06,6575546.06,23369.865347593586,209.0,374.0,31.0,343.0,True,True,True,False,True,True,True
1879,2010-02-26T00:00:00.000Z,Severe Storm,DR,ND,2010,2010-01-20T00:00:00.000Z,26,0,0,1,1,5.0,0,0.0,0.0,0.0,12773947.54,112691.04,12518072.96,992229.0,13766176.54,12773947.540000001,12773947.540000001,209874.9264197531,13.0,81.0,30.0,51.0,False,True,False,False,False,True,False
1880,2010-03-02T00:00:00.000Z,Severe Storm,DR,IA,2010,2010-01-19T00:00:00.000Z,27,0,0,1,1,7.0,0,0.0,0.0,0.0,84281914.59,5984834.17,77280358.34,21711154.0,105993068.59,84281914.73,84281914.73,224429.29636,131.0,500.0,205.0,295.0,True,True,True,False,True,True,True
1881,2010-03-02T00:00:00.000Z,Snowstorm,DR,WV,2010,2009-12-18T00:00:00.000Z,18,0,0,1,1,2.0,0,0.0,0.0,0.0,2944843.15,2914471.35,35055.01,255138.0,3199981.15,2918124.75,2918124.75,27465.69838028169,89.0,142.0,19.0,123.0,True,True,False,False,True,True,True
1882,2010-03-03T00:00:00.000Z,Snowstorm,DR,DC,2010,2009-12-18T00:00:00.000Z,1,0,0,1,1,2.0,0,0.0,0.0,0.0,3536705.06,3536705.01,0.0,0.0,3536705.06,3531079.81,3531079.81,88973.71037735848,44.0,53.0,9.0,44.0,False,True,False,False,False,False,False
1883,2010-03-05T00:00:00.000Z,Severe Ice Storm,DR,OK,2010,2010-01-28T00:00:00.000Z,50,0,0,1,1,2.0,0,0.0,0.0,0.0,118162678.93,18463782.92,97604362.25,11516711.19,129679390.12,118162679.16,118162679.16,137611.5222368421,263.0,1140.0,193.0,947.0,True,True,True,False,True,True,True
1884,2010-03-08T00:00:00.000Z,Severe Storm,DR,CA,2010,2010-01-17T00:00:00.000Z,6,0,0,1,1,20.0,0,0.0,0.0,0.0,28014674.09,7457446.19,19002709.49,7574086.0,35588760.09,28020124.17,28020124.17,85510.13574074075,114.0,432.0,101.0,331.0,True,True,True,True,True,True,True
1885,2010-03-09T00:00:00.000Z,Severe Storm,DR,KS,2010,2009-12-22T00:00:00.000Z,51,0,0,1,1,17.0,0,0.0,0.0,0.0,15069225.02,609559.78,13830000.89,2350354.0,17419579.02,15069225.07,15069225.07,31389.280424528304,300.0,636.0,63.0,573.0,False,True,True,False,True,True,True
1886,2010-03-09T00:00:00.000Z,Severe Storm,DR,SD,2010,2009-12-23T00:00:00.000Z,15,0,0,1,1,4.0,0,0.0,0.0,0.0,874502.99,494573.42,365872.61,186548.0,1061050.99,874502.99,874502.99,12627.616630434783,77.0,92.0,2.0,90.0,False,True,False,False,True,True,False
1887,2010-03-10T00:00:00.000Z,Severe Storm,DR,SD,2010,2010-01-20T00:00:00.000Z,32,0,0,1,1,6.0,0,0.0,0.0,0.0,49059867.72,10667443.86,37848913.93,9243656.0,58303523.72,49059867.72,49059867.72,132327.386653144,52.0,493.0,249.0,244.0,True,True,False,False,True,True,True
1888,2010-03-18T00:00:00.000Z,Severe Storm,DR,AZ,2010,2010-01-18T00:00:00.000Z,14,0,0,1,1,4.0,0,0.0,0.0,0.0,6758605.82,2873721.74,3526341.04,1046453.3,7805059.12,6758605.82,6758605.82,27025.99350453172,47.0,331.0,27.0,304.0,True,True,True,True,True,True,True
1889,2010-03-23T00:00:00.000Z,Snowstorm,DR,NJ,2010,2010-02-05T00:00:00.000Z,7,0,0,1,1,1.0,0,0.0,0.0,0.0,14025375.64,13675672.08,349703.56,2004623.0,16029998.64,14025375.64,14025375.64,34258.93106227106,404.0,546.0,59.0,487.0,True,True,True,False,True,True,True
1890,2010-03-24T00:00:00.000Z,Severe Storm,DR,DC,2010,2010-02-05T00:00:00.000Z,1,0,0,1,1,6.0,0,0.0,0.0,0.0,7638439.83,5962927.88,1647693.95,0.0,7638439.83,7638439.83,7638439.83,134011.79802631578,51.0,76.0,24.0,52.0,True,True,False,False,True,False,True
1891,2010-03-25T00:00:00.000Z,Severe Storm,DR,ME,2010,2010-02-23T00:00:00.000Z,5,0,0,1,1,7.0,0,0.0,0.0,0.0,5295215.58,2994439.09,2296845.57,224743.0,5519958.58,5295215.58,5295215.58,13870.319882121808,108.0,509.0,12.0,497.0,True,True,True,False,True,True,True
1892,2010-03-29T00:00:00.000Z,Severe Storm,DR,NH,2010,2010-02-23T00:00:00.000Z,6,0,0,1,1,8.0,0,0.0,0.0,0.0,6841093.22,3508574.92,3330433.2,894520.0,7735613.22,6841093.22,6841093.22,21769.41646778043,131.0,419.0,18.0,401.0,True,True,True,False,True,True,True
1893,2010-03-29T00:00:00.000Z,Severe Storm,DR,WV,2010,2010-03-12T00:00:00.000Z,6,1,0,1,1,28.0,0,4373420.87,4052960.37,320460.5,5802632.98,685746.08,5090363.81,1057567.0,11233620.850000001,5802633.0,5802633.0,29387.446566037735,27.0,265.0,24.0,241.0,True,True,True,False,True,True,True
1894,2010-03-29T00:00:00.000Z,Severe Storm,DR,RI,2010,2010-03-12T00:00:00.000Z,5,1,0,1,1,31.0,0,37132716.72,33983726.63,3148990.09,25963715.03,6402863.88,19313520.76,2197433.0,65293864.75,25960642.71,25960642.71,39497.50256164383,108.0,730.0,65.0,665.0,True,True,True,True,True,True,True
1895,2010-03-29T00:00:00.000Z,Severe Storm,DR,MA,2010,2010-03-12T00:00:00.000Z,7,1,0,1,1,45.0,0,58954565.86,56928024.52,2026541.34,25084370.59,12005581.82,12858213.19,10908419.35,94947355.8,25084370.68,25084370.68,25066.543303303304,212.0,1332.0,103.0,1229.0,True,True,True,True,True,True,True
1896,2010-03-31T00:00:00.000Z,Snowstorm,DR,DE,2010,2010-02-05T00:00:00.000Z,3,0,0,1,1,6.0,0,0.0,0.0,0.0,9201061.54,7699691.39,1449413.9,208855.0,9409916.54,9201061.540000001,9201061.540000001,34404.06672222222,186.0,360.0,33.0,327.0,True,True,True,False,True,True,True
1897,2010-04-02T00:00:00.000Z,Severe Storm,DR,NJ,2010,2010-03-12T00:00:00.000Z,16,1,0,1,1,34.0,0,16839844.02,15323835.76,1516008.26,31525292.67,17244437.8,13437260.92,8070040.93,56435177.62,31525292.7,31525292.7,28120.634406438632,378.0,1491.0,121.0,1370.0,True,True,True,True,True,True,True
1898,2010-04-16T00:00:00.000Z,Snowstorm,DR,PA,2010,2010-02-05T00:00:00.000Z,27,0,0,1,1,6.0,0,0.0,0.0,0.0,44167865.22,43098114.71,472495.05,4954255.0,49122120.22,44167865.22,44167865.22,28177.089088729015,1615.0,2085.0,154.0,1931.0,True,True,True,False,True,True,True
1899,2010-04-16T00:00:00.000Z,Severe Storm,DR,NY,2010,2010-03-13T00:00:00.000Z,9,0,0,1,1,18.0,0,0.0,0.0,0.0,87911844.27,68534479.64,16630163.72,14575777.0,102487621.27,87911502.6,87911502.6,90599.2397439876,256.0,1289.0,120.0,1169.0,True,True,True,True,True,True,True
1900,2010-04-19T00:00:00.000Z,Flood,DR,MN,2010,2010-03-01T00:00:00.000Z,28,0,0,1,1,56.0,0,0.0,0.0,0.0,12721044.7,3924565.83,8451254.62,1807555.0,14528599.7,12739008.46,12739008.46,23561.828184357542,261.0,716.0,39.0,677.0,True,True,True,True,True,True,True
1901,2010-04-21T00:00:00.000Z,Severe Storm,DR,ND,2010,2010-04-01T00:00:00.000Z,13,0,0,1,1,2.0,0,0.0,0.0,0.0,26651652.74,2688684.29,23791745.3,2836942.0,29488594.74,26651652.740000002,26651652.740000002,645260.193090909,13.0,55.0,28.0,27.0,True,True,True,False,False,True,False
1902,2010-04-21T00:00:00.000Z,Flood,DR,NE,2010,2010-03-06T00:00:00.000Z,37,0,0,1,1,28.0,0,0.0,0.0,0.0,3112391.72,84434.32,2980646.75,23471.0,3135862.72,3112391.7199999997,3112391.7199999997,23759.11051724138,69.0,174.0,15.0,159.0,True,True,True,True,False,True,True
1903,2010-04-23T00:00:00.000Z,Snowstorm,DR,WV,2010,2010-02-05T00:00:00.000Z,20,0,0,1,1,6.0,0,0.0,0.0,0.0,3302658.43,3195592.7,108699.81,372956.0,3675614.43,3282733.12,3282733.12,22596.676237113403,111.0,194.0,10.0,184.0,True,True,True,False,True,True,True
1904,2010-04-23T00:00:00.000Z,Severe Storm,DR,CT,2010,2010-03-12T00:00:00.000Z,5,1,0,1,1,66.0,0,5283702.22,4941144.26,342557.96,9398848.44,3791545.17,5289868.47,683397.0,15365947.66,9398851.2,9398851.2,30728.70575308642,70.0,405.0,30.0,375.0,True,True,True,True,True,True,True
1905,2010-04-27T00:00:00.000Z,Snowstorm,DR,VA,2010,2010-02-05T00:00:00.000Z,38,0,0,1,1,6.0,0,0.0,0.0,0.0,27888157.43,22477506.98,4595584.54,3401021.0,31289178.43,27888157.43,27888157.43,68951.8166977612,113.0,536.0,76.0,460.0,True,True,True,False,True,True,True
1906,2010-04-29T00:00:00.000Z,Severe Storm,DR,MS,2010,2010-04-23T00:00:00.000Z,9,1,0,1,1,1.0,0,4273071.42,3672435.69,600635.73,5648118.08,1734213.42,3693711.26,1874578.0,11795767.5,5648118.08,5648118.08,40872.76,33.0,153.0,12.0,141.0,True,True,True,False,True,True,True
1907,2010-04-30T00:00:00.000Z,Flood,DR,ND,2010,2010-02-26T00:00:00.000Z,30,0,0,1,1,139.0,0,0.0,0.0,0.0,19679317.4,2022028.66,15871712.34,58901.0,19738218.4,19679318.14,19679318.14,22252.577309991462,94.0,1171.0,60.0,1111.0,True,True,True,True,True,True,True
1908,2010-05-03T00:00:00.000Z,Severe Storm,DR,AL,2010,2010-04-24T00:00:00.000Z,3,1,0,1,1,1.0,0,1549737.37,1271585.7,278151.67,7358685.38,5139044.56,2016055.82,931412.0,9839834.75,7358685.38,7358685.38,108321.92344444444,24.0,90.0,16.0,74.0,True,True,True,False,True,True,True
1909,2010-05-04T00:00:00.000Z,Severe Storm,DR,TN,2010,2010-04-30T00:00:00.000Z,49,1,0,1,1,18.0,0,169303511.72,146829691.09,22473820.63,245881944.82,61318428.82,178350444.0,64806420.55,479991877.09,245908060.47,245908060.47,53220.2371607108,273.0,5121.0,353.0,4768.0,True,True,True,True,True,True,True
1910,2010-05-06T00:00:00.000Z,Snowstorm,DR,MD,2010,2010-02-05T00:00:00.000Z,22,0,0,1,1,6.0,0,0.0,0.0,0.0,59386940.85,55541372.77,3798837.29,5042587.0,64429527.85,59386940.85,59386940.85,68532.63052722558,609.0,1157.0,165.0,992.0,True,True,True,False,True,True,True
1911,2010-05-07T00:00:00.000Z,Earthquake,DR,CA,2010,2010-04-04T00:00:00.000Z,1,0,0,1,1,91.0,0,0.0,0.0,0.0,26687516.62,2482997.77,22948703.39,2477129.75,29164646.37,26687516.57,26687516.57,178804.82441624365,26.0,197.0,92.0,105.0,True,True,True,True,True,True,True
1912,2010-05-11T00:00:00.000Z,Severe Storm,DR,KY,2010,2010-05-01T00:00:00.000Z,83,1,0,1,1,31.0,0,20784629.22,17774255.03,3010374.19,22537694.93,2124005.07,19878091.74,7554240.74,50876564.89,22537691.32,22537691.32,10928.387052173912,175.0,2300.0,37.0,2263.0,True,True,True,True,True,True,True
1913,2010-05-12T00:00:00.000Z,Severe Storm,DR,NH,2010,2010-03-14T00:00:00.000Z,2,0,0,1,1,17.0,0,0.0,0.0,0.0,2489369.98,405170.18,2081702.18,402888.0,2892257.98,2489369.98,2489369.98,26546.61816,40.0,125.0,6.0,119.0,True,True,True,False,True,True,True
1914,2010-05-13T00:00:00.000Z,Severe Storm,DR,SD,2010,2010-04-02T00:00:00.000Z,3,0,0,1,1,0.0,0,0.0,0.0,0.0,1862942.69,332136.52,1524356.34,418576.0,2281518.69,1862942.69,1862942.69,206814.47166666668,3.0,12.0,8.0,4.0,False,True,False,False,False,True,False
1915,2010-05-13T00:00:00.000Z,Flood,DR,SD,2010,2010-03-10T00:00:00.000Z,37,0,0,1,1,102.0,0,0.0,0.0,0.0,21498619.82,6370181.0,14770906.73,2780704.0,24279323.82,21498625.42,21498625.42,11811.113196856906,660.0,2418.0,46.0,2372.0,True,True,True,True,True,True,True
1916,2010-05-14T00:00:00.000Z,Severe Storm,DR,MS,2010,2010-05-01T00:00:00.000Z,9,1,0,1,1,1.0,0,1320029.19,843762.76,476266.43,7246904.42,963871.16,5983741.49,1308289.37,9875222.98,7244942.93,7244942.93,19207.1840430622,38.0,418.0,11.0,407.0,True,True,True,True,True,True,True
1917,2010-05-24T00:00:00.000Z,Severe Storm,DR,OK,2010,2010-05-10T00:00:00.000Z,16,1,0,1,1,3.0,0,2733258.17,2425506.08,307752.09,6414974.86,2463004.33,3831516.83,2081508.77,11229741.8,6413129.89,6413129.89,38197.83910313901,55.0,223.0,30.0,193.0,True,True,True,False,True,True,True
1918,2010-06-24T00:00:00.000Z,Flood,DR,WV,2010,2010-06-12T00:00:00.000Z,5,1,0,1,1,17.0,0,5733945.27,5357251.61,376693.66,5659644.93,1263814.86,4384380.61,963402.0,12356992.2,5659644.93,5659644.93,34918.40981481482,30.0,216.0,28.0,188.0,True,True,True,True,True,True,True
1919,2010-06-24T00:00:00.000Z,Severe Storm,DR,PR,2010,2010-05-26T00:00:00.000Z,10,0,0,1,1,5.0,0,0.0,0.0,0.0,4712458.08,198341.92,4360395.62,434136.0,5146594.08,4712458.08,4712458.08,26406.93618644068,15.0,236.0,16.0,220.0,True,True,True,False,False,False,True
1920,2010-07-01T00:00:00.000Z,Severe Storm,DR,ME,2010,2010-03-12T00:00:00.000Z,2,0,0,1,1,20.0,0,0.0,0.0,0.0,1258988.51,138347.12,1120246.78,155861.0,1414849.51,1258988.51,1258988.51,12262.654890510948,30.0,137.0,2.0,135.0,True,True,True,True,True,True,True
1921,2010-07-02T00:00:00.000Z,Tornado,DR,MN,2010,2010-06-17T00:00:00.000Z,13,0,0,1,1,9.0,0,0.0,0.0,0.0,13066488.27,4017683.47,8638358.27,2374487.0,15440975.27,13066488.27,13066488.27,37576.452673913045,136.0,460.0,48.0,412.0,True,True,True,True,True,True,True
1922,2010-07-10T00:00:00.000Z,Severe Storm,DR,MT,2010,2010-06-15T00:00:00.000Z,3,0,0,1,1,45.0,0,0.0,0.0,0.0,12373472.43,3014643.17,9358799.27,3963820.89,16337293.32,12373472.53,12373472.53,80685.65237179487,7.0,156.0,23.0,133.0,True,True,True,True,True,True,True
1923,2010-07-14T00:00:00.000Z,Flood,DR,WY,2010,2010-06-04T00:00:00.000Z,3,0,0,1,1,14.0,0,0.0,0.0,0.0,3004023.04,1728655.15,1245722.67,64912.0,3068935.04,3004023.04,3004023.04,53273.09680000001,10.0,75.0,13.0,62.0,True,True,True,False,False,True,True
1924,2010-07-15T00:00:00.000Z,Severe Storm,DR,NE,2010,2010-06-01T00:00:00.000Z,61,0,0,1,1,89.0,0,0.0,0.0,0.0,49926354.5,2567255.04,46878425.53,1234417.0,51160771.5,49926354.55,49926354.55,56949.72381522669,208.0,1169.0,125.0,1044.0,True,True,True,True,True,True,True
1925,2010-07-23T00:00:00.000Z,Severe Storm,DR,KY,2010,2010-07-17T00:00:00.000Z,8,1,0,1,1,13.0,0,10602928.54,9705873.5,897055.04,5930565.92,1577960.8,4144901.42,2821027.04,19354521.5,5926582.87,5926582.87,11973.140772727273,26.0,660.0,12.0,648.0,True,True,True,False,True,True,True
1926,2010-07-26T00:00:00.000Z,Severe Storm,DR,OK,2010,2010-06-13T00:00:00.000Z,7,0,0,1,1,2.0,0,0.0,0.0,0.0,3383812.1,254006.0,3015914.1,541078.83,3924890.93,3383812.1,3383812.1,25275.622542372883,28.0,177.0,13.0,164.0,True,True,True,True,True,True,True
1927,2010-07-27T00:00:00.000Z,Severe Storm,DR,ID,2010,2010-06-02T00:00:00.000Z,7,0,0,1,1,8.0,0,0.0,0.0,0.0,2515039.14,127028.91,2185224.33,223662.0,2738701.14,2515039.14,2515039.14,32767.030495049505,18.0,101.0,13.0,88.0,True,True,True,False,False,True,True
1928,2010-07-27T00:00:00.000Z,Severe Storm,DR,IA,2010,2010-05-12T00:00:00.000Z,2,0,0,1,1,1.0,0,0.0,0.0,0.0,3008481.95,263431.93,2608541.86,2454493.0,5462974.95,3008481.95,3008481.95,42022.017789473684,18.0,95.0,16.0,79.0,True,True,True,True,True,True,True
1929,2010-07-29T00:00:00.000Z,Severe Storm,DR,SD,2010,2010-06-16T00:00:00.000Z,4,0,0,1,1,8.0,0,0.0,0.0,0.0,666648.61,50947.14,609797.68,112780.0,779428.61,666648.65,666648.65,12491.505915492959,13.0,71.0,1.0,70.0,True,True,True,False,True,True,True
1930,2010-07-29T00:00:00.000Z,Severe Storm,DR,IA,2010,2010-06-01T00:00:00.000Z,61,1,0,1,1,91.0,0,26438629.85,23938991.35,2499638.5,52178015.97,10928262.85,38962295.96,15487774.0,94104419.82,52227603.13,52227603.13,38089.050330033,410.0,1818.0,173.0,1645.0,True,True,True,True,True,True,True
1931,2010-08-03T00:00:00.000Z,Hurricane,DR,TX,2010,2010-06-30T00:00:00.000Z,21,1,0,1,1,45.0,0,10259307.7,8273536.99,1985770.71,19746564.26,11650760.51,7391922.75,2695875.0,32701746.96,19746571.81,19746571.81,32577.988389513106,117.0,801.0,68.0,733.0,True,True,True,True,True,True,True
1932,2010-08-10T00:00:00.000Z,Severe Storm,DR,KS,2010,2010-06-07T00:00:00.000Z,41,0,0,1,1,44.0,0,0.0,0.0,0.0,7384786.3,681066.07,6227277.36,990370.0,8375156.3,7384786.31,7384786.31,18000.764165137614,191.0,545.0,19.0,526.0,True,True,True,True,True,True,True
1933,2010-08-11T00:00:00.000Z,Severe Storm,DR,WI,2010,2010-07-20T00:00:00.000Z,3,1,0,1,1,4.0,0,61762768.74,48776373.72,12986395.02,11708670.41,2433475.86,8960635.38,11179104.0,84650543.15,11708670.4,11708670.4,48331.266479750775,85.0,321.0,41.0,280.0,True,True,True,True,True,True,True
1934,2010-08-17T00:00:00.000Z,Severe Storm,DR,MO,2010,2010-06-12T00:00:00.000Z,37,0,0,1,1,49.0,0,0.0,0.0,0.0,17450052.93,3136193.16,13924511.99,1579035.0,19029087.93,17450052.95,17450052.95,19522.92605882353,241.0,1190.0,35.0,1155.0,True,True,True,True,True,True,True
1935,2010-08-19T00:00:00.000Z,Severe Storm,DR,IL,2010,2010-07-19T00:00:00.000Z,11,1,0,1,1,19.0,0,374827388.04,318249256.27,56578131.77,5010717.42,734014.91,4215071.38,46935363.7,426773469.16,5010717.44,5010717.44,12983.259376218322,159.0,513.0,6.0,507.0,True,True,True,True,True,True,True
1936,2010-09-13T00:00:00.000Z,Flood,DR,NM,2010,2010-07-25T00:00:00.000Z,7,0,0,1,1,15.0,0,0.0,0.0,0.0,11968744.67,1263643.96,10289627.97,209530.0,12178274.67,11968744.66,11968744.66,34465.87052287582,20.0,459.0,54.0,405.0,True,True,True,True,True,True,True
1937,2010-09-15T00:00:00.000Z,Severe Storm,DR,TN,2010,2010-08-17T00:00:00.000Z,10,0,0,1,1,4.0,0,0.0,0.0,0.0,3950567.97,69335.05,3833296.08,537972.0,4488539.970000001,3950567.98,3950567.98,16885.673954983922,28.0,311.0,16.0,295.0,True,True,True,True,True,True,True
1938,2010-09-23T00:00:00.000Z,Severe Storm,DR,SD,2010,2010-07-21T00:00:00.000Z,12,0,0,1,1,9.0,0,0.0,0.0,0.0,3144150.1,484015.16,2619203.82,135660.0,3279810.1,3144150.19,3144150.19,14460.123287197233,103.0,289.0,6.0,283.0,True,True,True,True,True,True,True
1939,2010-09-28T00:00:00.000Z,Hurricane,DR,VI,2010,2010-08-29T00:00:00.000Z,3,0,0,1,1,2.0,0,0.0,0.0,0.0,908945.77,623399.76,270882.07,182310.0,1091255.77,908945.77,908945.77,21554.27946428571,15.0,56.0,3.0,53.0,True,True,True,False,True,True,True
1940,2010-10-04T00:00:00.000Z,Severe Storm,DR,AZ,2011,2010-07-20T00:00:00.000Z,2,0,0,1,1,18.0,0,0.0,0.0,0.0,6363902.22,3177980.28,3084920.67,1141916.0,7505818.22,6363902.2299999995,6363902.2299999995,403213.37047619047,6.0,21.0,7.0,14.0,True,True,False,True,False,True,True
1941,2010-10-13T00:00:00.000Z,Severe Storm,DR,MN,2011,2010-09-22T00:00:00.000Z,29,0,0,1,1,22.0,0,0.0,0.0,0.0,25078569.96,4190685.38,20063150.44,996035.0,26074604.96,25078569.61,25078569.61,21368.02780283505,457.0,1552.0,62.0,1490.0,True,True,True,True,True,True,True
1942,2010-10-14T00:00:00.000Z,Severe Storm,DR,NC,2011,2010-09-27T00:00:00.000Z,14,1,0,0,1,4.0,0,5391278.01,4319299.54,1071978.47,0.0,0.0,0.0,230611.0,5621889.01,0.0,0.0,0.0,0.0,0.0,0.0,0.0,0,0,0,0,0,0,0
1943,2010-10-14T00:00:00.000Z,Tornado,DR,NY,2011,2010-09-16T00:00:00.000Z,3,0,0,1,1,0.0,0,0.0,0.0,0.0,22213776.98,11536454.74,10267899.58,974818.0,23188594.98,22213776.98,22213776.98,182269.3465432099,27.0,162.0,54.0,108.0,True,True,True,False,True,False,True
1944,2010-10-21T00:00:00.000Z,Severe Storm,DR,WI,2011,2010-09-22T00:00:00.000Z,9,0,0,1,1,17.0,0,0.0,0.0,0.0,4019463.94,450201.75,3507506.82,648546.0,4668009.9399999995,4019463.94,4019463.94,9975.060820895522,183.0,536.0,7.0,529.0,True,True,True,True,True,True,True
1945,2010-10-21T00:00:00.000Z,Severe Storm,DR,NE,2011,2010-09-13T00:00:00.000Z,7,0,0,1,1,1.0,0,0.0,0.0,0.0,2138551.99,65844.71,2064752.98,14946.0,2153497.99,2138551.99,2138551.99,74967.13631578947,13.0,38.0,5.0,33.0,True,True,True,False,True,True,True
1946,2010-10-26T00:00:00.000Z,Severe Storm,DR,PR,2011,2010-10-04T00:00:00.000Z,21,0,0,1,1,4.0,0,0.0,0.0,0.0,17541820.75,444762.01,16504549.0,288278.0,17830098.75,17541820.73,17541820.73,33465.49779220779,31.0,693.0,58.0,635.0,True,True,True,False,True,True,True
1947,2010-11-02T00:00:00.000Z,Severe Storm,DR,SD,2011,2010-09-22T00:00:00.000Z,5,0,0,1,1,1.0,0,0.0,0.0,0.0,1079972.79,78585.54,981395.83,173937.0,1253909.79,1079972.89,1079972.89,8440.144117647058,65.0,170.0,1.0,169.0,True,True,True,True,True,True,True
1948,2010-11-05T00:00:00.000Z,Severe Storm,DR,VI,2011,2010-10-01T00:00:00.000Z,3,0,0,1,1,7.0,0,0.0,0.0,0.0,100179.04,25067.66,70889.03,242102.0,342281.04,100179.04,100179.04,6007.481363636363,5.0,22.0,0.0,22.0,True,True,True,False,True,True,False
1949,2010-11-24T00:00:00.000Z,Severe Storm,DR,VI,2011,2010-11-08T00:00:00.000Z,1,0,0,1,1,4.0,0,0.0,0.0,0.0,837036.96,139605.49,630147.47,156373.0,993409.96,837036.96,837036.96,57559.01368421053,9.0,19.0,5.0,14.0,True,True,True,True,False,True,False
1950,2010-12-21T00:00:00.000Z,Severe Storm,DR,AZ,2011,2010-10-03T00:00:00.000Z,1,0,0,1,1,3.0,0,0.0,0.0,0.0,574530.98,68111.93,506419.05,74844.0,649374.98,574530.98,574530.98,106394.62666666666,1.0,6.0,3.0,3.0,True,True,True,False,False,False,True
1951,2010-12-22T00:00:00.000Z,Severe Storm,DR,VT,2011,2010-12-01T00:00:00.000Z,3,0,0,1,1,4.0,0,0.0,0.0,0.0,1555019.55,1127995.2,398819.52,148960.0,1703979.55,1555019.55,1555019.55,42121.58571428571,23.0,49.0,8.0,41.0,True,True,True,False,True,True,True
1952,2011-01-26T00:00:00.000Z,Flood,DR,CA,2011,2010-12-17T00:00:00.000Z,10,0,0,1,1,18.0,0,0.0,0.0,0.0,80864515.33,19696907.87,58651166.89,10122435.51,90986950.84,80864515.54,80864515.54,90777.60799322609,198.0,1181.0,170.0,1011.0,True,True,True,True,True,True,True
1953,2011-02-01T00:00:00.000Z,Severe Storm,DR,ME,2011,2010-12-12T00:00:00.000Z,3,0,0,1,1,7.0,0,0.0,0.0,0.0,1600455.83,158889.17,1438208.97,193119.0,1793574.83,1600455.83,1600455.83,9783.584678899082,66.0,218.0,3.0,215.0,True,True,True,True,False,True,True
1954,2011-02-04T00:00:00.000Z,Snowstorm,DR,NJ,2011,2010-12-26T00:00:00.000Z,15,0,0,1,1,1.0,0,0.0,0.0,0.0,52013289.04,47586106.36,3047901.96,7365952.14,59379241.18,52013289.04,52013289.04,64341.99969187675,789.0,1071.0,197.0,874.0,True,True,True,False,True,True,True
1955,2011-02-11T00:00:00.000Z,Flood,DR,UT,2011,2010-12-20T00:00:00.000Z,3,0,0,1,1,4.0,0,0.0,0.0,0.0,8701342.5,719864.78,7732105.6,1065773.0,9767115.5,8701342.5,8701342.5,72992.97468354431,20.0,158.0,36.0,122.0,True,True,True,True,False,True,True
1956,2011-02-17T00:00:00.000Z,Severe Storm,DR,OR,2011,2011-01-13T00:00:00.000Z,6,0,0,1,1,8.0,0,0.0,0.0,0.0,3990138.12,211695.1,3634367.37,728851.0,4718989.12,3990138.12,3990138.12,52721.58810000001,22.0,100.0,13.0,87.0,True,True,True,False,True,True,True
1957,2011-02-18T00:00:00.000Z,Severe Storm,DR,NY,2011,2010-12-26T00:00:00.000Z,10,0,0,1,1,1.0,0,0.0,0.0,0.0,44492035.36,34434355.49,9612764.64,5329015.09,49821050.45,44492035.36,44492035.36,109063.02075506446,326.0,543.0,99.0,444.0,True,True,True,False,True,True,True
1958,2011-03-03T00:00:00.000Z,Snowstorm,DR,CT,2011,2011-01-11T00:00:00.000Z,8,0,0,1,1,1.0,0,0.0,0.0,0.0,13744126.49,13511916.01,132523.84,2168421.0,15912547.49,13744126.49,13744126.49,55265.263836858,275.0,331.0,93.0,238.0,True,True,True,False,True,True,False
1959,2011-03-07T00:00:00.000Z,Snowstorm,DR,MA,2011,2011-01-11T00:00:00.000Z,7,0,0,1,1,1.0,0,0.0,0.0,0.0,25846401.41,25828959.22,0.0,1524502.24,27370903.65,25846401.41,25846401.41,76230.20734513275,387.0,452.0,130.0,322.0,True,True,False,False,False,False,False
1960,2011-03-17T00:00:00.000Z,Snowstorm,DR,IL,2011,2011-01-31T00:00:00.000Z,65,0,0,1,1,3.0,0,0.0,0.0,0.0,48259660.62,46468123.86,1242496.24,4512689.89,52772350.51,48133180.160000004,48133180.160000004,30560.744733333333,1913.0,2100.0,176.0,1924.0,True,True,True,True,True,True,True
1961,2011-03-23T00:00:00.000Z,Severe Storm,DR,MO,2011,2011-01-31T00:00:00.000Z,62,0,0,1,1,5.0,0,0.0,0.0,0.0,9807841.2,7036419.52,2451128.68,1769996.0,11577837.2,9807841.2,9807841.2,14462.145044345898,542.0,902.0,29.0,873.0,True,True,True,False,True,True,True
1962,2011-03-24T00:00:00.000Z,Severe Storm,DR,NM,2011,2011-02-01T00:00:00.000Z,15,0,0,1,1,4.0,0,0.0,0.0,0.0,1801838.12,973829.45,773695.45,15000.0,1816838.12,1801838.1199999999,1801838.1199999999,13955.594210526315,45.0,171.0,10.0,161.0,False,True,False,False,True,True,True
1963,2011-03-25T00:00:00.000Z,Severe Storm,DR,WA,2011,2011-01-11T00:00:00.000Z,7,0,0,1,1,10.0,0,0.0,0.0,0.0,7610816.89,1113835.77,6223170.56,1296030.03,8906846.92,7610816.890000001,7610816.890000001,91421.22207207208,19.0,111.0,11.0,100.0,True,True,True,True,False,True,True
1964,2011-03-25T00:00:00.000Z,Tsunami,DR,OR,2011,2011-03-11T00:00:00.000Z,3,0,0,1,1,0.0,0,0.0,0.0,0.0,5611823.23,811190.6,4611151.64,1211616.0,6823439.23,5611823.23,5611823.23,274831.7307407408,13.0,27.0,11.0,16.0,True,True,False,False,False,True,True
1965,2011-03-31T00:00:00.000Z,Severe Storm,DR,TN,2011,2011-02-28T00:00:00.000Z,13,0,0,1,1,1.0,0,0.0,0.0,0.0,5614462.32,657367.69,4887355.71,1210847.0,6825309.32,5614459.69,5614459.69,35201.41344339623,31.0,212.0,14.0,198.0,True,True,True,False,True,True,True
1966,2011-04-05T00:00:00.000Z,Snowstorm,DR,WI,2011,2011-01-31T00:00:00.000Z,11,0,0,1,1,3.0,0,0.0,0.0,0.0,8143719.94,8082616.57,47965.6,1681284.0,9825003.940000001,8143719.94,8143719.94,23044.401656050955,452.0,471.0,27.0,444.0,False,True,True,False,True,False,False
1967,2011-04-08T00:00:00.000Z,Tsunami,DR,HI,2011,2011-03-11T00:00:00.000Z,3,0,0,1,1,1.0,0,0.0,0.0,0.0,7050406.37,752823.79,6218843.73,851500.0,7901906.37,7050406.38,7050406.38,151198.3140322581,34.0,62.0,13.0,49.0,True,True,True,False,True,True,True
1968,2011-04-18T00:00:00.000Z,Tsunami,DR,CA,2011,2011-03-11T00:00:00.000Z,3,0,0,1,1,0.0,0,0.0,0.0,0.0,37703713.52,9391241.13,27270667.39,4257267.97,41960981.49,37703713.47,37703713.47,666091.1598666667,15.0,75.0,51.0,24.0,True,True,False,True,True,True,True
1969,2011-04-19T00:00:00.000Z,Severe Storm,DR,NC,2011,2011-04-16T00:00:00.000Z,20,1,0,1,1,0.0,0,8587054.39,6226279.65,2360774.74,19065881.0,15325917.46,3199104.26,4033352.91,31686288.3,19065881.0,19065881.0,55719.39898454746,77.0,453.0,66.0,387.0,True,True,True,False,True,True,True
1970,2011-04-22T00:00:00.000Z,Severe Storm,DR,OK,2011,2011-04-14T00:00:00.000Z,2,1,0,1,1,0.0,0,1647254.75,1412144.33,235110.42,4871305.3,1475453.09,3246920.58,883701.35,7402261.399999999,4871305.33,4871305.33,100709.84046875,13.0,64.0,16.0,48.0,True,True,True,False,True,True,True
1971,2011-04-28T00:00:00.000Z,Severe Storm,DR,AL,2011,2011-04-15T00:00:00.000Z,67,1,0,1,1,46.0,0,77097372.06,57302364.2,19795007.86,201042382.97,127136287.57,67088089.24,63346282.14,341486037.16999996,201014627.64000002,201014627.64000002,98907.52873389605,354.0,2251.0,364.0,1887.0,True,True,True,True,True,True,True
1972,2011-04-29T00:00:00.000Z,Severe Storm,DR,MS,2011,2011-04-15T00:00:00.000Z,40,1,0,1,1,13.0,0,10653250.32,9120883.93,1532366.39,23729627.61,12590189.48,10375236.13,2809443.0,37192320.93,23729627.61,23729627.61,50624.351532258064,114.0,620.0,72.0,548.0,True,True,True,True,True,True,True
1973,2011-04-29T00:00:00.000Z,Severe Storm,DR,GA,2011,2011-04-27T00:00:00.000Z,26,1,0,1,1,1.0,0,5526673.58,4096508.97,1430164.61,20288231.29,12477864.03,7231149.02,4331361.0,30146265.869999997,20288231.29,20288231.29,75870.24367231638,69.0,354.0,52.0,302.0,True,True,True,False,True,True,True
1974,2011-05-01T00:00:00.000Z,Severe Storm,DR,TN,2011,2011-04-25T00:00:00.000Z,52,1,0,1,1,3.0,0,8585761.3,6981406.64,1604354.66,50409497.12,18838478.32,31325015.95,8713370.0,67708628.42,50409497.29,50409497.29,49763.27623424759,158.0,1349.0,123.0,1226.0,True,True,True,True,True,True,True
1975,2011-05-02T00:00:00.000Z,Severe Storm,DR,AR,2011,2011-04-14T00:00:00.000Z,60,1,0,1,1,50.0,0,24279487.62,20707889.78,3571597.84,49985260.71,8202123.79,40039946.92,8857972.23,83122720.56,49985260.8,49985260.8,15271.832330097086,236.0,4326.0,119.0,4207.0,True,True,True,True,True,True,True
1976,2011-05-04T00:00:00.000Z,Severe Storm,DR,KY,2011,2011-04-12T00:00:00.000Z,79,1,0,1,1,38.0,0,9203306.37,8283359.63,919946.74,29874525.72,5872891.36,23293964.87,5682652.95,44760485.04,29874525.86,29874525.86,26050.532006578946,168.0,1520.0,100.0,1420.0,True,True,True,True,True,True,True
1977,2011-05-05T00:00:00.000Z,Severe Storm,DR,IA,2011,2011-04-09T00:00:00.000Z,6,0,0,1,1,1.0,0,0.0,0.0,0.0,2702114.08,693840.84,1880111.6,669375.0,3371489.08,2702114.08,2702114.08,45145.448375,22.0,80.0,12.0,68.0,True,True,True,False,True,True,True
1978,2011-05-09T00:00:00.000Z,Severe Storm,DR,TN,2011,2011-04-04T00:00:00.000Z,9,0,0,1,1,0.0,0,0.0,0.0,0.0,7041838.42,2135392.16,4865260.83,1186863.0,8228701.42,7041838.42,7041838.42,87620.46037383177,34.0,107.0,23.0,84.0,True,True,True,False,True,True,True
1979,2011-05-09T00:00:00.000Z,Severe Storm,DR,TN,2011,2011-04-19T00:00:00.000Z,18,1,0,1,1,49.0,0,11386784.01,10011898.05,1374885.96,18433516.77,8549345.81,9665495.17,4213705.0,34034005.78,18433516.830000002,18433516.830000002,44393.350760869565,69.0,552.0,70.0,482.0,True,True,True,True,True,True,True
1980,2011-05-09T00:00:00.000Z,Severe Storm,DR,MO,2011,2011-04-19T00:00:00.000Z,41,1,0,1,1,48.0,0,37062310.48,22596129.42,14466181.06,160170851.47,63857572.56,94239416.78,92526566.0,289759727.95,160170851.57,160170851.57,131108.63061468414,233.0,1757.0,164.0,1593.0,True,True,True,True,True,True,True
1981,2011-05-10T00:00:00.000Z,Flood,DR,ND,2011,2011-02-14T00:00:00.000Z,48,1,0,1,1,156.0,0,95754618.67,93631947.01,2122671.66,224355761.7,94967791.86,119773860.39,71549737.0,391660117.37,224345415.4,224345415.4,58833.47366643043,224.0,4233.0,497.0,3736.0,True,True,True,True,True,True,True
1982,2011-05-10T00:00:00.000Z,Flood,DR,MN,2011,2011-03-16T00:00:00.000Z,34,0,0,1,1,70.0,0,0.0,0.0,0.0,20249390.34,8967827.81,10654952.85,574042.0,20823432.34,20249390.34,20249390.34,21161.386516587678,427.0,1266.0,65.0,1201.0,True,True,True,True,True,True,True
1983,2011-05-11T00:00:00.000Z,Flood,DR,MS,2011,2011-05-03T00:00:00.000Z,14,1,0,1,1,45.0,0,13543057.75,12834588.26,708469.49,7465375.43,5162720.64,2038082.79,1443981.0,22452414.18,7465375.43,7465375.43,38760.34690196079,37.0,255.0,33.0,222.0,True,True,True,True,True,True,True
1984,2011-05-13T00:00:00.000Z,Flood,DR,SD,2011,2011-03-11T00:00:00.000Z,40,1,0,1,1,133.0,0,4799393.02,4685835.84,113557.18,52125303.31,30268210.99,21054306.61,7676674.0,64601370.33,52125305.0,52125305.0,29090.708337531487,644.0,2382.0,144.0,2238.0,True,True,True,True,True,True,True
1985,2011-05-13T00:00:00.000Z,Severe Storm,DR,OK,2011,2011-01-31T00:00:00.000Z,16,0,0,1,1,5.0,0,0.0,0.0,0.0,3490382.1,2796925.42,581688.68,405892.16,3896274.2600000002,3490382.1,3490382.1,16913.548095238093,107.0,273.0,14.0,259.0,True,True,True,False,True,True,False
1986,2011-05-20T00:00:00.000Z,Severe Storm,DR,ND,2011,2011-04-29T00:00:00.000Z,9,0,0,1,1,2.0,0,0.0,0.0,0.0,5934923.13,94913.51,5815317.82,487940.0,6422863.13,5934923.13,5934923.13,225883.57628571428,13.0,35.0,13.0,22.0,True,True,False,False,True,True,True
1987,2011-05-20T00:00:00.000Z,Flood,DR,ID,2011,2011-03-31T00:00:00.000Z,6,0,0,1,1,11.0,0,0.0,0.0,0.0,2926897.38,295274.53,2498291.94,409119.0,3336016.38,2926897.38,2926897.38,56884.94529411764,14.0,68.0,14.0,54.0,True,True,True,True,False,False,False
1988,2011-05-27T00:00:00.000Z,Severe Storm,DR,OK,2011,2011-04-21T00:00:00.000Z,10,0,0,1,1,7.0,0,0.0,0.0,0.0,3925597.14,127571.07,3672650.08,476492.68,4402089.82,3925597.48,3925597.48,9892.004704761905,34.0,525.0,10.0,515.0,True,True,True,True,True,True,True
1989,2011-06-06T00:00:00.000Z,Severe Storm,DR,OK,2011,2011-05-22T00:00:00.000Z,15,1,0,1,1,3.0,0,3441115.24,2745020.87,696094.37,7221515.88,1651224.58,5405303.52,1653744.81,12316375.930000002,7221515.88,7221515.88,40564.13223628692,52.0,237.0,24.0,213.0,True,True,True,True,True,True,True
1990,2011-06-07T00:00:00.000Z,Severe Storm,DR,MN,2011,2011-05-21T00:00:00.000Z,2,0,0,1,1,1.0,0,0.0,0.0,0.0,3548610.44,2458366.46,948474.24,147565.0,3696175.44,3548610.4299999997,3548610.4299999997,55764.57047619048,17.0,84.0,14.0,70.0,True,True,True,False,True,False,True
1991,2011-06-07T00:00:00.000Z,Severe Storm,DR,IL,2011,2011-04-19T00:00:00.000Z,21,1,0,1,1,56.0,0,15324105.42,14279071.76,1045033.66,13938556.78,7937513.38,5705862.98,1529021.39,30791683.59,13938556.78,13938556.78,32862.54371278459,190.0,571.0,56.0,515.0,True,True,True,True,True,True,True
1992,2011-06-10T00:00:00.000Z,Flood,DR,AK,2011,2011-05-08T00:00:00.000Z,3,0,0,1,1,5.0,0,0.0,0.0,0.0,1756346.8,900587.41,658196.23,306106.24,2062453.04,1756346.8,1756346.8,64456.09305555556,5.0,36.0,10.0,26.0,True,True,True,False,True,True,True
1993,2011-06-10T00:00:00.000Z,Flood,DR,NY,2011,2011-04-26T00:00:00.000Z,23,0,0,1,1,12.0,0,0.0,0.0,0.0,35684182.87,2257934.92,32495422.95,4693006.0,40377188.87,35684182.93,35684182.93,26004.279336622807,333.0,1824.0,113.0,1711.0,True,True,True,True,True,True,True
1994,2011-06-15T00:00:00.000Z,Tornado,DR,MA,2011,2011-06-01T00:00:00.000Z,2,1,0,1,1,0.0,0,4904077.68,3001943.65,1902134.03,75239301.83,27367275.85,46982840.39,7260627.0,87404006.50999999,75239301.84,75239301.84,438695.9349122807,26.0,228.0,77.0,151.0,True,True,True,False,True,True,True
1995,2011-06-15T00:00:00.000Z,Severe Storm,DR,VT,2011,2011-04-23T00:00:00.000Z,8,1,0,1,1,16.0,0,1805969.74,1744834.03,61135.71,14747309.61,587657.83,13957354.76,1041788.0,17595067.35,14747310.48,14747310.48,36087.74843462247,80.0,543.0,29.0,514.0,True,True,True,False,True,True,True
1996,2011-06-17T00:00:00.000Z,Severe Storm,DR,MT,2011,2011-04-04T00:00:00.000Z,55,1,0,1,1,109.0,0,6708117.08,6271847.46,436269.62,42263772.07,3743449.94,38421379.54,7332356.37,56304245.519999996,42263772.42,42263772.42,35117.88230049876,119.0,1604.0,120.0,1484.0,True,True,True,True,True,True,True
1997,2011-06-23T00:00:00.000Z,Severe Storm,DR,IN,2011,2011-04-19T00:00:00.000Z,36,0,0,1,1,48.0,0,0.0,0.0,0.0,13570671.84,3268242.01,9830601.68,1807320.0,15377991.84,13098843.69,13098843.69,27649.484034810128,152.0,632.0,55.0,577.0,True,True,True,True,True,True,True
1998,2011-06-27T00:00:00.000Z,Flood,DR,IA,2011,2011-05-25T00:00:00.000Z,6,1,0,1,1,68.0,0,4820193.95,4623721.37,196472.58,46273268.6,20179914.61,24584420.05,10962304.0,62055766.550000004,46273268.6,46273268.6,102397.77798668886,120.0,601.0,160.0,441.0,True,True,True,True,True,True,True
1999,2011-07-01T00:00:00.000Z,Fire,DR,TX,2011,2011-04-06T00:00:00.000Z,122,0,0,1,1,145.0,0,0.0,0.0,0.0,52813413.07,49125112.11,2973445.78,11629211.82,64442624.89,52813413.07,52813413.07,171713.20486552565,118.0,409.0,29.0,380.0,True,True,True,False,True,True,True
2001,1970-06-26T00:00:00.000Z,Fire,FM,AK,1970,1970-06-26T00:00:00.000Z,1,0,0,1,0,0.0,0,0.0,0.0,0.0,0.0,0.0,0.0,0.0,0.0,0.0,0.0,0.0,0.0,0.0,0.0,0.0,0,0,0,0,0,0,0
2002,1970-07-18T00:00:00.000Z,Fire,FM,WA,1970,1970-07-18T00:00:00.000Z,1,0,0,1,0,0.0,0,0.0,0.0,0.0,0.0,0.0,0.0,0.0,0.0,0.0,0.0,0.0,0.0,0.0,0.0,0.0,0,0,0,0,0,0,0
2003,1971-04-08T00:00:00.000Z,Fire,FM,OK,1971,1971-04-08T00:00:00.000Z,1,0,0,1,0,0.0,0,0.0,0.0,0.0,0.0,0.0,0.0,0.0,0.0,0.0,0.0,0.0,0.0,0.0,0.0,0.0,0,0,0,0,0,0,0
2004,1971-06-11T00:00:00.000Z,Fire,FM,AK,1971,1971-06-11T00:00:00.000Z,1,0,0,1,0,0.0,0,0.0,0.0,0.0,0.0,0.0,0.0,0.0,0.0,0.0,0.0,0.0,0.0,0.0,0.0,0.0,0,0,0,0,0,0,0
2005,1971-06-18T00:00:00.000Z,Fire,FM,AK,1971,1971-06-18T00:00:00.000Z,1,0,0,1,0,0.0,0,0.0,0.0,0.0,0.0,0.0,0.0,0.0,0.0,0.0,0.0,0.0,0.0,0.0,0.0,0.0,0,0,0,0,0,0,0
2006,1973-05-24T00:00:00.000Z,Fire,FM,AK,1973,1973-05-24T00:00:00.000Z,1,0,0,1,0,0.0,0,0.0,0.0,0.0,0.0,0.0,0.0,0.0,0.0,0.0,0.0,0.0,0.0,0.0,0.0,0.0,0,0,0,0,0,0,0
2007,1973-08-16T00:00:00.000Z,Fire,FM,MT,1973,1973-08-16T00:00:00.000Z,1,0,0,1,0,0.0,0,0.0,0.0,0.0,0.0,0.0,0.0,0.0,0.0,0.0,0.0,0.0,0.0,0.0,0.0,0.0,0,0,0,0,0,0,0
2008,1973-08-17T00:00:00.000Z,Fire,FM,OR,1973,1973-08-17T00:00:00.000Z,1,0,0,1,0,0.0,0,0.0,0.0,0.0,0.0,0.0,0.0,0.0,0.0,0.0,0.0,0.0,0.0,0.0,0.0,0.0,0,0,0,0,0,0,0
2009,1973-08-18T00:00:00.000Z,Fire,FM,MT,1973,1973-08-18T00:00:00.000Z,1,0,0,1,0,0.0,0,0.0,0.0,0.0,0.0,0.0,0.0,0.0,0.0,0.0,0.0,0.0,0.0,0.0,0.0,0.0,0,0,0,0,0,0,0
2010,1973-08-18T00:00:00.000Z,Fire,FM,OR,1973,1973-08-18T00:00:00.000Z,1,0,0,1,0,0.0,0,0.0,0.0,0.0,0.0,0.0,0.0,0.0,0.0,0.0,0.0,0.0,0.0,0.0,0.0,0.0,0,0,0,0,0,0,0
2011,1973-08-20T00:00:00.000Z,Fire,FM,OR,1973,1973-08-20T00:00:00.000Z,1,0,0,1,0,0.0,0,0.0,0.0,0.0,0.0,0.0,0.0,0.0,0.0,0.0,0.0,0.0,0.0,0.0,0.0,0.0,0,0,0,0,0,0,0
2012,1973-08-23T00:00:00.000Z,Fire,FM,MT,1973,1973-08-23T00:00:00.000Z,1,0,0,1,0,0.0,0,0.0,0.0,0.0,0.0,0.0,0.0,0.0,0.0,0.0,0.0,0.0,0.0,0.0,0.0,0.0,0,0,0,0,0,0,0
2013,1973-09-04T00:00:00.000Z,Fire,FM,OR,1973,1973-09-04T00:00:00.000Z,1,0,0,1,0,0.0,0,0.0,0.0,0.0,0.0,0.0,0.0,0.0,0.0,0.0,0.0,0.0,0.0,0.0,0.0,0.0,0,0,0,0,0,0,0
2014,1973-09-07T00:00:00.000Z,Fire,FM,OR,1973,1973-09-07T00:00:00.000Z,1,0,0,1,0,0.0,0,0.0,0.0,0.0,0.0,0.0,0.0,0.0,0.0,0.0,0.0,0.0,0.0,0.0,0.0,0.0,0,0,0,0,0,0,0
2015,1974-05-21T00:00:00.000Z,Fire,FM,NM,1974,1974-05-21T00:00:00.000Z,1,0,0,1,0,0.0,0,0.0,0.0,0.0,0.0,0.0,0.0,0.0,0.0,0.0,0.0,0.0,0.0,0.0,0.0,0.0,0,0,0,0,0,0,0
2016,1974-07-08T00:00:00.000Z,Fire,FM,SD,1974,1974-07-08T00:00:00.000Z,1,0,0,1,0,0.0,0,0.0,0.0,0.0,0.0,0.0,0.0,0.0,0.0,0.0,0.0,0.0,0.0,0.0,0.0,0.0,0,0,0,0,0,0,0
2017,1975-07-29T00:00:00.000Z,Fire,FM,SD,1975,1975-07-29T00:00:00.000Z,1,0,0,1,0,0.0,0,0.0,0.0,0.0,0.0,0.0,0.0,0.0,0.0,0.0,0.0,0.0,0.0,0.0,0.0,0.0,0,0,0,0,0,0,0
2018,1976-09-08T00:00:00.000Z,Fire,FM,MN,1976,1976-09-08T00:00:00.000Z,1,0,0,1,0,0.0,0,0.0,0.0,0.0,0.0,0.0,0.0,0.0,0.0,0.0,0.0,0.0,0.0,0.0,0.0,0.0,0,0,0,0,0,0,0
2019,1976-09-11T00:00:00.000Z,Fire,FM,MN,1976,1976-09-11T00:00:00.000Z,1,0,0,1,0,0.0,0,0.0,0.0,0.0,0.0,0.0,0.0,0.0,0.0,0.0,0.0,0.0,0.0,0.0,0.0,0.0,0,0,0,0,0,0,0
2020,1976-09-11T00:00:00.000Z,Fire,FM,MN,1976,1976-09-11T00:00:00.000Z,1,0,0,1,0,0.0,0,0.0,0.0,0.0,0.0,0.0,0.0,0.0,0.0,0.0,0.0,0.0,0.0,0.0,0.0,0.0,0,0,0,0,0,0,0
2021,1976-09-11T00:00:00.000Z,Fire,FM,MN,1976,1976-09-11T00:00:00.000Z,1,0,0,1,0,0.0,0,0.0,0.0,0.0,0.0,0.0,0.0,0.0,0.0,0.0,0.0,0.0,0.0,0.0,0.0,0.0,0,0,0,0,0,0,0
2022,1976-09-11T00:00:00.000Z,Fire,FM,MN,1976,1976-09-11T00:00:00.000Z,1,0,0,1,0,0.0,0,0.0,0.0,0.0,0.0,0.0,0.0,0.0,0.0,0.0,0.0,0.0,0.0,0.0,0.0,0.0,0,0,0,0,0,0,0
2023,1976-09-11T00:00:00.000Z,Fire,FM,MN,1976,1976-09-11T00:00:00.000Z,1,0,0,1,0,0.0,0,0.0,0.0,0.0,0.0,0.0,0.0,0.0,0.0,0.0,0.0,0.0,0.0,0.0,0.0,0.0,0,0,0,0,0,0,0
2024,1976-10-01T00:00:00.000Z,Fire,FM,MN,1977,1976-10-01T00:00:00.000Z,1,0,0,1,0,0.0,0,0.0,0.0,0.0,0.0,0.0,0.0,0.0,0.0,0.0,0.0,0.0,0.0,0.0,0.0,0.0,0,0,0,0,0,0,0
2025,1977-06-18T00:00:00.000Z,Fire,FM,NM,1977,1977-06-18T00:00:00.000Z,1,0,0,1,0,0.0,0,0.0,0.0,0.0,0.0,0.0,0.0,0.0,0.0,0.0,0.0,0.0,0.0,0.0,0.0,0.0,0,0,0,0,0,0,0
2026,1977-07-16T00:00:00.000Z,Fire,FM,MT,1977,1977-07-16T00:00:00.000Z,1,0,0,1,0,0.0,0,0.0,0.0,0.0,0.0,0.0,0.0,0.0,0.0,0.0,0.0,0.0,0.0,0.0,0.0,0.0,0,0,0,0,0,0,0
2027,1977-07-22T00:00:00.000Z,Fire,FM,ME,1977,1977-07-22T00:00:00.000Z,1,0,0,1,0,0.0,0,0.0,0.0,0.0,0.0,0.0,0.0,0.0,0.0,0.0,0.0,0.0,0.0,0.0,0.0,0.0,0,0,0,0,0,0,0
2028,1977-08-07T00:00:00.000Z,Fire,FM,CA,1977,1977-08-07T00:00:00.000Z,1,0,0,1,0,0.0,0,0.0,0.0,0.0,0.0,0.0,0.0,0.0,0.0,0.0,0.0,0.0,0.0,0.0,0.0,0.0,0,0,0,0,0,0,0
2029,1977-08-20T00:00:00.000Z,Fire,FM,ID,1977,1977-08-20T00:00:00.000Z,1,0,0,1,0,0.0,0,0.0,0.0,0.0,0.0,0.0,0.0,0.0,0.0,0.0,0.0,0.0,0.0,0.0,0.0,0.0,0,0,0,0,0,0,0
2030,1978-08-11T00:00:00.000Z,Fire,FM,OR,1978,1978-08-11T00:00:00.000Z,1,0,0,1,0,0.0,0,0.0,0.0,0.0,0.0,0.0,0.0,0.0,0.0,0.0,0.0,0.0,0.0,0.0,0.0,0.0,0,0,0,0,0,0,0
2031,1978-09-12T00:00:00.000Z,Fire,FM,CO,1978,1978-09-12T00:00:00.000Z,1,0,0,1,0,0.0,0,0.0,0.0,0.0,0.0,0.0,0.0,0.0,0.0,0.0,0.0,0.0,0.0,0.0,0.0,0.0,0,0,0,0,0,0,0
2032,1979-06-11T00:00:00.000Z,Fire,FM,NV,1979,1979-06-11T00:00:00.000Z,1,0,0,1,0,0.0,0,0.0,0.0,0.0,0.0,0.0,0.0,0.0,0.0,0.0,0.0,0.0,0.0,0.0,0.0,0.0,0,0,0,0,0,0,0
2033,1979-07-23T00:00:00.000Z,Fire,FM,WA,1979,1979-07-23T00:00:00.000Z,1,0,0,1,0,0.0,0,0.0,0.0,0.0,0.0,0.0,0.0,0.0,0.0,0.0,0.0,0.0,0.0,0.0,0.0,0.0,0,0,0,0,0,0,0
2034,1979-07-25T00:00:00.000Z,Fire,FM,OR,1979,1979-07-25T00:00:00.000Z,1,0,0,1,0,0.0,0,0.0,0.0,0.0,0.0,0.0,0.0,0.0,0.0,0.0,0.0,0.0,0.0,0.0,0.0,0.0,0,0,0,0,0,0,0
2035,1979-07-26T00:00:00.000Z,Fire,FM,OR,1979,1979-07-26T00:00:00.000Z,1,0,0,1,0,0.0,0,0.0,0.0,0.0,0.0,0.0,0.0,0.0,0.0,0.0,0.0,0.0,0.0,0.0,0.0,0.0,0,0,0,0,0,0,0
2036,1979-08-03T00:00:00.000Z,Fire,FM,OR,1979,1979-08-03T00:00:00.000Z,1,0,0,1,0,0.0,0,0.0,0.0,0.0,0.0,0.0,0.0,0.0,0.0,0.0,0.0,0.0,0.0,0.0,0.0,0.0,0,0,0,0,0,0,0
2037,1979-08-06T00:00:00.000Z,Fire,FM,MT,1979,1979-08-06T00:00:00.000Z,1,0,0,1,0,0.0,0,0.0,0.0,0.0,0.0,0.0,0.0,0.0,0.0,0.0,0.0,0.0,0.0,0.0,0.0,0.0,0,0,0,0,0,0,0
2038,1979-08-08T00:00:00.000Z,Fire,FM,ID,1979,1979-08-08T00:00:00.000Z,1,0,0,1,0,0.0,0,0.0,0.0,0.0,0.0,0.0,0.0,0.0,0.0,0.0,0.0,0.0,0.0,0.0,0.0,0.0,0,0,0,0,0,0,0
2039,1980-04-24T00:00:00.000Z,Fire,FM,WI,1980,1980-04-24T00:00:00.000Z,1,0,0,1,0,0.0,0,0.0,0.0,0.0,0.0,0.0,0.0,0.0,0.0,0.0,0.0,0.0,0.0,0.0,0.0,0.0,0,0,0,0,0,0,0
2040,1980-06-15T00:00:00.000Z,Fire,FM,CO,1980,1980-06-15T00:00:00.000Z,1,0,0,1,0,0.0,0,0.0,0.0,0.0,0.0,0.0,0.0,0.0,0.0,0.0,0.0,0.0,0.0,0.0,0.0,0.0,0,0,0,0,0,0,0
2041,1981-07-29T00:00:00.000Z,Fire,FM,OR,1981,1981-07-29T00:00:00.000Z,1,0,0,1,0,0.0,0,0.0,0.0,0.0,0.0,0.0,0.0,0.0,0.0,0.0,0.0,0.0,0.0,0.0,0.0,0.0,0,0,0,0,0,0,0
2042,1981-08-09T00:00:00.000Z,Fire,FM,NV,1981,1981-08-09T00:00:00.000Z,1,0,0,1,0,0.0,0,0.0,0.0,0.0,0.0,0.0,0.0,0.0,0.0,0.0,0.0,0.0,0.0,0.0,0.0,0.0,0,0,0,0,0,0,0
2043,1981-09-15T00:00:00.000Z,Fire,FM,OR,1981,1981-09-15T00:00:00.000Z,1,0,0,1,0,0.0,0,0.0,0.0,0.0,0.0,0.0,0.0,0.0,0.0,0.0,0.0,0.0,0.0,0.0,0.0,0.0,0,0,0,0,0,0,0
2044,1983-03-04T00:00:00.000Z,Fire,FM,HI,1983,1983-03-04T00:00:00.000Z,1,0,0,1,0,0.0,0,0.0,0.0,0.0,0.0,0.0,0.0,0.0,0.0,0.0,0.0,0.0,0.0,0.0,0.0,0.0,0,0,0,0,0,0,0
2045,1983-07-19T00:00:00.000Z,Fire,FM,NV,1983,1983-07-19T00:00:00.000Z,1,0,0,1,0,0.0,0,0.0,0.0,0.0,0.0,0.0,0.0,0.0,0.0,0.0,0.0,0.0,0.0,0.0,0.0,0.0,0,0,0,0,0,0,0
2046,1984-08-27T00:00:00.000Z,Fire,FM,OR,1984,1984-08-27T00:00:00.000Z,1,0,0,1,0,0.0,0,0.0,0.0,0.0,0.0,0.0,0.0,0.0,0.0,0.0,0.0,0.0,0.0,0.0,0.0,0.0,0,0,0,0,0,0,0
2047,1984-08-27T00:00:00.000Z,Fire,FM,MT,1984,1984-08-27T00:00:00.000Z,1,0,0,1,0,0.0,0,0.0,0.0,0.0,0.0,0.0,0.0,0.0,0.0,0.0,0.0,0.0,0.0,0.0,0.0,0.0,0,0,0,0,0,0,0
2048,1984-08-28T00:00:00.000Z,Fire,FM,MT,1984,1984-08-28T00:00:00.000Z,1,0,0,1,0,0.0,0,0.0,0.0,0.0,0.0,0.0,0.0,0.0,0.0,0.0,0.0,0.0,0.0,0.0,0.0,0.0,0,0,0,0,0,0,0
2049,1984-08-28T00:00:00.000Z,Fire,FM,MT,1984,1984-08-28T00:00:00.000Z,1,0,0,1,0,0.0,0,0.0,0.0,0.0,0.0,0.0,0.0,0.0,0.0,0.0,0.0,0.0,0.0,0.0,0.0,0.0,0,0,0,0,0,0,0
2050,1985-05-17T00:00:00.000Z,Fire,FM,FL,1985,1985-05-17T00:00:00.000Z,1,0,0,1,0,0.0,0,0.0,0.0,0.0,0.0,0.0,0.0,0.0,0.0,0.0,0.0,0.0,0.0,0.0,0.0,0.0,0,0,0,0,0,0,0
2051,1985-05-17T00:00:00.000Z,Fire,FM,FL,1985,1985-05-17T00:00:00.000Z,1,0,0,1,0,0.0,0,0.0,0.0,0.0,0.0,0.0,0.0,0.0,0.0,0.0,0.0,0.0,0.0,0.0,0.0,0.0,0,0,0,0,0,0,0
2052,1985-05-17T00:00:00.000Z,Fire,FM,FL,1985,1985-05-17T00:00:00.000Z,1,0,0,1,0,0.0,0,0.0,0.0,0.0,0.0,0.0,0.0,0.0,0.0,0.0,0.0,0.0,0.0,0.0,0.0,0.0,0,0,0,0,0,0,0
2053,1985-05-20T00:00:00.000Z,Fire,FM,FL,1985,1985-05-20T00:00:00.000Z,1,0,0,1,0,0.0,0,0.0,0.0,0.0,0.0,0.0,0.0,0.0,0.0,0.0,0.0,0.0,0.0,0.0,0.0,0.0,0,0,0,0,0,0,0
2054,1985-07-11T00:00:00.000Z,Fire,FM,CA,1985,1985-07-11T00:00:00.000Z,1,0,0,1,0,0.0,0,0.0,0.0,0.0,0.0,0.0,0.0,0.0,0.0,0.0,0.0,0.0,0.0,0.0,0.0,0.0,0,0,0,0,0,0,0
2055,1985-07-11T00:00:00.000Z,Fire,FM,CA,1985,1985-07-11T00:00:00.000Z,1,0,0,1,0,0.0,0,0.0,0.0,0.0,0.0,0.0,0.0,0.0,0.0,0.0,0.0,0.0,0.0,0.0,0.0,0.0,0,0,0,0,0,0,0
2056,1985-07-15T00:00:00.000Z,Fire,FM,SD,1985,1985-07-15T00:00:00.000Z,1,0,0,1,0,0.0,0,0.0,0.0,0.0,0.0,0.0,0.0,0.0,0.0,0.0,0.0,0.0,0.0,0.0,0.0,0.0,0,0,0,0,0,0,0
2057,1985-07-15T00:00:00.000Z,Fire,FM,SD,1985,1985-07-15T00:00:00.000Z,1,0,0,1,0,0.0,0,0.0,0.0,0.0,0.0,0.0,0.0,0.0,0.0,0.0,0.0,0.0,0.0,0.0,0.0,0.0,0,0,0,0,0,0,0
2058,1985-08-30T00:00:00.000Z,Fire,FM,WA,1985,1985-08-30T00:00:00.000Z,1,0,0,1,0,0.0,0,0.0,0.0,0.0,0.0,0.0,0.0,0.0,0.0,0.0,0.0,0.0,0.0,0.0,0.0,0.0,0,0,0,0,0,0,0
2059,1986-05-10T00:00:00.000Z,Fire,FM,NC,1986,1986-05-10T00:00:00.000Z,1,0,0,1,0,0.0,0,0.0,0.0,0.0,0.0,0.0,0.0,0.0,0.0,0.0,0.0,0.0,0.0,0.0,0.0,0.0,0,0,0,0,0,0,0
2060,1987-07-16T00:00:00.000Z,Fire,FM,OR,1987,1987-07-16T00:00:00.000Z,1,0,0,1,0,0.0,0,0.0,0.0,0.0,0.0,0.0,0.0,0.0,0.0,0.0,0.0,0.0,0.0,0.0,0.0,0.0,0,0,0,0,0,0,0
2061,1987-07-22T00:00:00.000Z,Fire,FM,SD,1987,1987-07-22T00:00:00.000Z,1,0,0,1,0,0.0,0,0.0,0.0,0.0,0.0,0.0,0.0,0.0,0.0,0.0,0.0,0.0,0.0,0.0,0.0,0.0,0,0,0,0,0,0,0
2062,1987-09-02T00:00:00.000Z,Fire,FM,OR,1987,1987-08-30T00:00:00.000Z,1,0,0,1,0,0.0,0,0.0,0.0,0.0,0.0,0.0,0.0,0.0,0.0,0.0,0.0,0.0,0.0,0.0,0.0,0.0,0,0,0,0,0,0,0
2063,1987-09-02T00:00:00.000Z,Fire,FM,OR,1987,1987-08-30T00:00:00.000Z,1,0,0,1,0,0.0,0,0.0,0.0,0.0,0.0,0.0,0.0,0.0,0.0,0.0,0.0,0.0,0.0,0.0,0.0,0.0,0,0,0,0,0,0,0
2064,1987-09-02T00:00:00.000Z,Fire,FM,OR,1987,1987-08-30T00:00:00.000Z,1,0,0,1,0,0.0,0,0.0,0.0,0.0,0.0,0.0,0.0,0.0,0.0,0.0,0.0,0.0,0.0,0.0,0.0,0.0,0,0,0,0,0,0,0
2065,1987-09-02T00:00:00.000Z,Fire,FM,CA,1987,1987-09-02T00:00:00.000Z,1,0,0,1,0,0.0,0,0.0,0.0,0.0,0.0,0.0,0.0,0.0,0.0,0.0,0.0,0.0,0.0,0.0,0.0,0.0,0,0,0,0,0,0,0
2066,1987-10-10T00:00:00.000Z,Fire,FM,OR,1988,1987-10-09T00:00:00.000Z,1,0,0,1,0,0.0,0,0.0,0.0,0.0,0.0,0.0,0.0,0.0,0.0,0.0,0.0,0.0,0.0,0.0,0.0,0.0,0,0,0,0,0,0,0
2067,1988-03-12T00:00:00.000Z,Fire,FM,TX,1988,1988-03-12T00:00:00.000Z,1,0,0,1,0,0.0,0,0.0,0.0,0.0,0.0,0.0,0.0,0.0,0.0,0.0,0.0,0.0,0.0,0.0,0.0,0.0,0,0,0,0,0,0,0
2068,1988-07-26T00:00:00.000Z,Fire,FM,SD,1988,1988-07-26T00:00:00.000Z,1,0,0,1,0,0.0,0,0.0,0.0,0.0,0.0,0.0,0.0,0.0,0.0,0.0,0.0,0.0,0.0,0.0,0.0,0.0,0,0,0,0,0,0,0
2069,1988-08-26T00:00:00.000Z,Fire,FM,OR,1988,1988-08-23T00:00:00.000Z,1,0,0,1,0,0.0,0,0.0,0.0,0.0,0.0,0.0,0.0,0.0,0.0,0.0,0.0,0.0,0.0,0.0,0.0,0.0,0,0,0,0,0,0,0
2070,1988-09-06T00:00:00.000Z,Fire,FM,WA,1988,1988-09-06T00:00:00.000Z,1,0,0,1,0,0.0,0,0.0,0.0,0.0,0.0,0.0,0.0,0.0,0.0,0.0,0.0,0.0,0.0,0.0,0.0,0.0,0,0,0,0,0,0,0
2071,1988-09-13T00:00:00.000Z,Fire,FM,CA,1988,1988-09-13T00:00:00.000Z,1,0,0,1,0,0.0,0,0.0,0.0,0.0,3314655.92,3314655.92,0.0,0.0,3314655.92,0.0,0.0,0.0,0.0,0.0,0.0,0.0,0,0,0,0,0,0,0
2072,1989-07-10T00:00:00.000Z,Fire,FM,CO,1989,1989-07-09T00:00:00.000Z,1,0,0,1,0,0.0,0,0.0,0.0,0.0,0.0,0.0,0.0,0.0,0.0,0.0,0.0,0.0,0.0,0.0,0.0,0.0,0,0,0,0,0,0,0
2073,1990-06-27T00:00:00.000Z,Fire,FM,AZ,1990,1990-06-25T00:00:00.000Z,1,0,0,1,0,0.0,0,0.0,0.0,0.0,172823.13,0.0,172823.13,0.0,172823.13,0.0,0.0,0.0,0.0,0.0,0.0,0.0,0,0,0,0,0,0,0
2074,1990-07-05T00:00:00.000Z,Fire,FM,AK,1990,1990-07-01T00:00:00.000Z,1,0,0,1,0,0.0,0,0.0,0.0,0.0,1726889.5,1726889.5,0.0,0.0,1726889.5,0.0,0.0,0.0,0.0,0.0,0.0,0.0,0,0,0,0,0,0,0
2075,1990-08-05T00:00:00.000Z,Fire,FM,OR,1990,1990-08-04T00:00:00.000Z,1,0,0,1,0,0.0,0,0.0,0.0,0.0,917118.14,1140896.94,-223778.8,0.0,917118.14,0.0,0.0,0.0,0.0,0.0,0.0,0.0,0,0,0,0,0,0,0
2076,1990-09-14T00:00:00.000Z,Fire,FM,SD,1990,1988-09-14T00:00:00.000Z,1,0,0,1,0,0.0,0,0.0,0.0,0.0,715276.08,406214.9,309061.18,0.0,715276.08,0.0,0.0,0.0,0.0,0.0,0.0,0.0,0,0,0,0,0,0,0
2077,1990-11-24T00:00:00.000Z,Fire,FM,CO,1991,1990-11-24T00:00:00.000Z,1,0,0,1,0,0.0,0,0.0,0.0,0.0,0.0,0.0,0.0,0.0,0.0,0.0,0.0,0.0,0.0,0.0,0.0,0.0,0,0,0,0,0,0,0
2078,1991-07-03T00:00:00.000Z,Fire,FM,AK,1991,1991-07-01T00:00:00.000Z,1,0,0,1,0,161.0,0,0.0,0.0,0.0,0.0,0.0,0.0,0.0,0.0,0.0,0.0,0.0,0.0,0.0,0.0,0.0,0,0,0,0,0,0,0
2079,1991-10-18T00:00:00.000Z,Fire,FM,WA,1992,1991-10-16T00:00:00.000Z,1,0,0,1,0,0.0,0,0.0,0.0,0.0,0.0,0.0,0.0,0.0,0.0,0.0,0.0,0.0,0.0,0.0,0.0,0.0,0,0,0,0,0,0,0
2080,1992-05-22T00:00:00.000Z,Fire,FM,ME,1992,1992-05-19T00:00:00.000Z,1,0,0,1,0,2.0,0,0.0,0.0,0.0,151581.41,0.0,151581.41,0.0,151581.41,0.0,0.0,0.0,0.0,0.0,0.0,0.0,0,0,0,0,0,0,0
2081,1992-06-09T00:00:00.000Z,Fire,FM,OR,1992,1992-06-09T00:00:00.000Z,1,0,0,1,0,0.0,0,0.0,0.0,0.0,145795.3,145795.3,0.0,0.0,145795.3,0.0,0.0,0.0,0.0,0.0,0.0,0.0,0,0,0,0,0,0,0
2082,1992-06-11T00:00:00.000Z,Fire,FM,OR,1992,1992-06-11T00:00:00.000Z,1,0,0,1,0,0.0,0,0.0,0.0,0.0,265690.51,265690.51,0.0,0.0,265690.51,0.0,0.0,0.0,0.0,0.0,0.0,0.0,0,0,0,0,0,0,0
2083,1992-08-04T00:00:00.000Z,Fire,FM,OR,1992,1992-08-03T00:00:00.000Z,1,0,0,1,0,0.0,0,0.0,0.0,0.0,3923373.29,3923373.29,0.0,0.0,3923373.29,0.0,0.0,0.0,0.0,0.0,0.0,0.0,0,0,0,0,0,0,0
2084,1992-08-04T00:00:00.000Z,Fire,FM,OR,1992,1992-08-01T00:00:00.000Z,1,0,0,1,0,0.0,0,0.0,0.0,0.0,639513.43,639513.43,0.0,0.0,639513.43,0.0,0.0,0.0,0.0,0.0,0.0,0.0,0,0,0,0,0,0,0
2085,1992-08-06T00:00:00.000Z,Fire,FM,WA,1992,1992-08-04T00:00:00.000Z,1,0,0,1,0,0.0,0,0.0,0.0,0.0,1488663.62,1488663.62,0.0,0.0,1488663.62,0.0,0.0,0.0,0.0,0.0,0.0,0.0,0,0,0,0,0,0,0
2086,1993-06-10T00:00:00.000Z,Fire,FM,AZ,1993,1993-06-10T00:00:00.000Z,1,0,0,1,0,1132.0,0,0.0,0.0,0.0,206437.7,206437.7,0.0,0.0,206437.7,0.0,0.0,0.0,0.0,0.0,0.0,0.0,0,0,0,0,0,0,0
2087,1993-06-18T00:00:00.000Z,Fire,FM,AZ,1993,1993-06-18T00:00:00.000Z,1,0,0,1,0,0.0,0,0.0,0.0,0.0,158330.0,158330.0,0.0,0.0,158330.0,0.0,0.0,0.0,0.0,0.0,0.0,0.0,0,0,0,0,0,0,0
2088,1993-06-27T00:00:00.000Z,Fire,FM,AZ,1993,1993-06-26T00:00:00.000Z,1,0,0,1,0,0.0,0,0.0,0.0,0.0,138096.0,138096.0,0.0,0.0,138096.0,0.0,0.0,0.0,0.0,0.0,0.0,0.0,0,0,0,0,0,0,0
2089,1993-07-04T00:00:00.000Z,Fire,FM,AZ,1993,1993-07-04T00:00:00.000Z,1,0,0,1,0,0.0,0,0.0,0.0,0.0,22420.0,22420.0,0.0,0.0,22420.0,0.0,0.0,0.0,0.0,0.0,0.0,0.0,0,0,0,0,0,0,0
2090,1993-08-23T00:00:00.000Z,Fire,FM,TX,1993,1993-08-21T00:00:00.000Z,1,0,0,1,0,0.0,0,0.0,0.0,0.0,210625.4,210625.4,0.0,0.0,210625.4,0.0,0.0,0.0,0.0,0.0,0.0,0.0,0,0,0,0,0,0,0
2091,1993-09-29T00:00:00.000Z,Fire,FM,TX,1993,1993-05-22T00:00:00.000Z,1,0,0,1,0,0.0,0,0.0,0.0,0.0,100369.9,100369.9,0.0,0.0,100369.9,0.0,0.0,0.0,0.0,0.0,0.0,0.0,0,0,0,0,0,0,0
2092,1993-09-29T00:00:00.000Z,Fire,FM,TX,1993,1993-04-02T00:00:00.000Z,1,0,0,1,0,0.0,0,0.0,0.0,0.0,0.0,0.0,0.0,0.0,0.0,0.0,0.0,0.0,0.0,0.0,0.0,0.0,0,0,0,0,0,0,0
2093,1994-04-23T00:00:00.000Z,Fire,FM,AZ,1994,1994-04-22T00:00:00.000Z,1,0,0,1,0,0.0,0,0.0,0.0,0.0,0.0,0.0,0.0,0.0,0.0,0.0,0.0,0.0,0.0,0.0,0.0,0.0,0,0,0,0,0,0,0
2094,1994-06-11T00:00:00.000Z,Fire,FM,AZ,1994,1994-06-10T00:00:00.000Z,1,0,0,1,0,0.0,0,0.0,0.0,0.0,115026.8,115026.8,0.0,0.0,115026.8,0.0,0.0,0.0,0.0,0.0,0.0,0.0,0,0,0,0,0,0,0
2095,1994-06-28T00:00:00.000Z,Fire,FM,AZ,1994,1994-06-27T00:00:00.000Z,1,0,0,1,0,0.0,0,0.0,0.0,0.0,179704.0,179704.0,0.0,0.0,179704.0,0.0,0.0,0.0,0.0,0.0,0.0,0.0,0,0,0,0,0,0,0
2096,1994-06-29T00:00:00.000Z,Fire,FM,AZ,1994,1994-06-28T00:00:00.000Z,1,0,0,1,0,0.0,0,0.0,0.0,0.0,78682.0,78682.0,0.0,0.0,78682.0,0.0,0.0,0.0,0.0,0.0,0.0,0.0,0,0,0,0,0,0,0
2097,1994-06-29T00:00:00.000Z,Fire,FM,AZ,1994,1994-06-28T00:00:00.000Z,1,0,0,1,0,0.0,0,0.0,0.0,0.0,250772.0,250772.0,0.0,0.0,250772.0,0.0,0.0,0.0,0.0,0.0,0.0,0.0,0,0,0,0,0,0,0
2098,1994-07-05T00:00:00.000Z,Fire,FM,CO,1994,1994-07-04T00:00:00.000Z,1,0,0,1,0,0.0,0,0.0,0.0,0.0,4417.78,4417.78,0.0,0.0,4417.78,0.0,0.0,0.0,0.0,0.0,0.0,0.0,0,0,0,0,0,0,0
2099,1994-07-06T00:00:00.000Z,Fire,FM,CO,1994,1994-07-06T00:00:00.000Z,1,0,0,1,0,0.0,0,0.0,0.0,0.0,86755.2,86755.2,0.0,0.0,86755.2,0.0,0.0,0.0,0.0,0.0,0.0,0.0,0,0,0,0,0,0,0
2100,1994-07-11T00:00:00.000Z,Fire,FM,TX,1994,1994-07-01T00:00:00.000Z,1,0,0,1,0,0.0,0,0.0,0.0,0.0,0.0,0.0,0.0,0.0,0.0,0.0,0.0,0.0,0.0,0.0,0.0,0.0,0,0,0,0,0,0,0
2101,1994-07-11T00:00:00.000Z,Fire,FM,WA,1994,1994-07-11T00:00:00.000Z,1,0,0,1,0,0.0,0,0.0,0.0,0.0,0.0,0.0,0.0,0.0,0.0,0.0,0.0,0.0,0.0,0.0,0.0,0.0,0,0,0,0,0,0,0
2102,1994-07-12T00:00:00.000Z,Fire,FM,CO,1994,1994-07-12T00:00:00.000Z,1,0,0,1,0,0.0,0,0.0,0.0,0.0,5283.6,5283.6,0.0,0.0,5283.6,0.0,0.0,0.0,0.0,0.0,0.0,0.0,0,0,0,0,0,0,0
2103,1994-07-26T00:00:00.000Z,Fire,FM,WA,1994,1994-07-24T00:00:00.000Z,1,0,0,1,0,0.0,0,0.0,0.0,0.0,17711728.14,17711728.14,0.0,0.0,17711728.14,0.0,0.0,0.0,0.0,0.0,0.0,0.0,0,0,0,0,0,0,0
2104,1994-07-28T00:00:00.000Z,Fire,FM,WA,1994,1994-07-26T00:00:00.000Z,1,0,0,1,0,0.0,0,0.0,0.0,0.0,12218145.6,12218145.6,0.0,0.0,12218145.6,0.0,0.0,0.0,0.0,0.0,0.0,0.0,0,0,0,0,0,0,0
2105,1994-07-29T00:00:00.000Z,Fire,FM,WA,1994,1994-07-26T00:00:00.000Z,1,0,0,1,0,0.0,0,0.0,0.0,0.0,0.0,0.0,0.0,0.0,0.0,0.0,0.0,0.0,0.0,0.0,0.0,0.0,0,0,0,0,0,0,0
2106,1994-08-04T00:00:00.000Z,Fire,FM,NV,1994,1994-08-04T00:00:00.000Z,1,0,0,1,0,0.0,0,0.0,0.0,0.0,0.0,0.0,0.0,0.0,0.0,0.0,0.0,0.0,0.0,0.0,0.0,0.0,0,0,0,0,0,0,0
2107,1994-08-06T00:00:00.000Z,Fire,FM,UT,1994,1994-08-06T00:00:00.000Z,1,0,0,1,0,0.0,0,0.0,0.0,0.0,145739.3,145739.3,0.0,0.0,145739.3,0.0,0.0,0.0,0.0,0.0,0.0,0.0,0,0,0,0,0,0,0
2108,1994-08-06T00:00:00.000Z,Fire,FM,UT,1994,1994-08-04T00:00:00.000Z,1,0,0,1,0,0.0,0,0.0,0.0,0.0,8815.1,8815.1,0.0,0.0,8815.1,0.0,0.0,0.0,0.0,0.0,0.0,0.0,0,0,0,0,0,0,0
2109,1994-08-16T00:00:00.000Z,Fire,FM,SD,1994,1994-08-14T00:00:00.000Z,1,0,0,1,0,0.0,0,0.0,0.0,0.0,49833.0,49833.0,0.0,0.0,49833.0,0.0,0.0,0.0,0.0,0.0,0.0,0.0,0,0,0,0,0,0,0
2110,1994-08-21T00:00:00.000Z,Fire,FM,MT,1994,1994-08-21T00:00:00.000Z,1,0,0,1,0,0.0,0,0.0,0.0,0.0,16959.0,16959.0,0.0,0.0,16959.0,0.0,0.0,0.0,0.0,0.0,0.0,0.0,0,0,0,0,0,0,0
2111,1994-08-21T00:00:00.000Z,Fire,FM,MT,1994,1994-08-13T00:00:00.000Z,1,0,0,1,0,0.0,0,0.0,0.0,0.0,2887129.0,2887129.0,0.0,0.0,2887129.0,0.0,0.0,0.0,0.0,0.0,0.0,0.0,0,0,0,0,0,0,0
2112,1994-08-24T00:00:00.000Z,Fire,FM,OR,1994,1994-08-24T00:00:00.000Z,1,0,0,1,0,0.0,0,0.0,0.0,0.0,3563854.01,3563854.01,0.0,0.0,3563854.01,0.0,0.0,0.0,0.0,0.0,0.0,0.0,0,0,0,0,0,0,0
2113,1995-06-11T00:00:00.000Z,Fire,FM,AZ,1995,1995-06-11T00:00:00.000Z,1,0,0,1,0,0.0,0,0.0,0.0,0.0,171329.2,171329.2,0.0,0.0,171329.2,0.0,0.0,0.0,0.0,0.0,0.0,0.0,0,0,0,0,0,0,0
2114,1995-07-08T00:00:00.000Z,Fire,FM,AZ,1995,1995-07-07T00:00:00.000Z,1,0,0,1,0,0.0,0,0.0,0.0,0.0,1332890.0,1332890.0,0.0,0.0,1332890.0,0.0,0.0,0.0,0.0,0.0,0.0,0.0,0,0,0,0,0,0,0
2115,1995-08-25T00:00:00.000Z,Fire,FM,NY,1995,1995-08-21T00:00:00.000Z,1,0,0,1,0,0.0,0,0.0,0.0,0.0,6199578.0,6199578.0,0.0,0.0,6199578.0,0.0,0.0,0.0,0.0,0.0,0.0,0.0,0,0,0,0,0,0,0
2116,1995-09-12T00:00:00.000Z,Fire,FM,MA,1995,1995-09-05T00:00:00.000Z,1,0,0,1,0,0.0,0,0.0,0.0,0.0,79664.9,0.0,79664.9,0.0,79664.9,0.0,0.0,0.0,0.0,0.0,0.0,0.0,0,0,0,0,0,0,0
2117,1996-02-22T00:00:00.000Z,Fire,FM,TX,1996,1996-02-21T00:00:00.000Z,1,0,0,1,0,0.0,0,0.0,0.0,0.0,228928.7,228928.7,0.0,0.0,228928.7,0.0,0.0,0.0,0.0,0.0,0.0,0.0,0,0,0,0,0,0,0
2118,1996-02-23T00:00:00.000Z,Fire,FM,OK,1996,1996-02-23T00:00:00.000Z,1,0,0,1,0,0.0,0,0.0,0.0,0.0,0.0,0.0,0.0,0.0,0.0,0.0,0.0,0.0,0.0,0.0,0.0,0.0,0,0,0,0,0,0,0
2119,1996-02-24T00:00:00.000Z,Fire,FM,OK,1996,1996-02-23T00:00:00.000Z,1,0,0,1,0,0.0,0,0.0,0.0,0.0,90917.25,90917.25,0.0,0.0,90917.25,0.0,0.0,0.0,0.0,0.0,0.0,0.0,0,0,0,0,0,0,0
2120,1996-02-25T00:00:00.000Z,Fire,FM,OK,1996,1996-02-24T00:00:00.000Z,1,0,0,1,0,0.0,0,0.0,0.0,0.0,106274.0,106274.0,0.0,0.0,106274.0,0.0,0.0,0.0,0.0,0.0,0.0,0.0,0,0,0,0,0,0,0
2121,1996-02-26T00:00:00.000Z,Fire,FM,TX,1996,1996-02-26T00:00:00.000Z,1,0,0,1,0,0.0,0,0.0,0.0,0.0,13685.7,13685.7,0.0,0.0,13685.7,0.0,0.0,0.0,0.0,0.0,0.0,0.0,0,0,0,0,0,0,0
2122,1996-03-02T00:00:00.000Z,Fire,FM,TX,1996,1996-03-02T00:00:00.000Z,1,0,0,1,0,0.0,0,0.0,0.0,0.0,22213.1,22213.1,0.0,0.0,22213.1,0.0,0.0,0.0,0.0,0.0,0.0,0.0,0,0,0,0,0,0,0
2123,1996-03-03T00:00:00.000Z,Fire,FM,TX,1996,1996-03-03T00:00:00.000Z,1,0,0,1,0,0.0,0,0.0,0.0,0.0,6106.1,6106.1,0.0,0.0,6106.1,0.0,0.0,0.0,0.0,0.0,0.0,0.0,0,0,0,0,0,0,0
2124,1996-03-04T00:00:00.000Z,Fire,FM,TX,1996,1996-03-04T00:00:00.000Z,1,0,0,1,0,0.0,0,0.0,0.0,0.0,254.1,254.1,0.0,0.0,254.1,0.0,0.0,0.0,0.0,0.0,0.0,0.0,0,0,0,0,0,0,0
2125,1996-03-05T00:00:00.000Z,Fire,FM,TX,1996,1996-03-05T00:00:00.000Z,1,0,0,1,0,0.0,0,0.0,0.0,0.0,8712.9,8712.9,0.0,0.0,8712.9,0.0,0.0,0.0,0.0,0.0,0.0,0.0,0,0,0,0,0,0,0
2126,1996-03-07T00:00:00.000Z,Fire,FM,TX,1996,1996-03-06T00:00:00.000Z,1,0,0,1,0,0.0,0,0.0,0.0,0.0,15425.2,15425.2,0.0,0.0,15425.2,0.0,0.0,0.0,0.0,0.0,0.0,0.0,0,0,0,0,0,0,0
2127,1996-03-07T00:00:00.000Z,Fire,FM,TX,1996,1996-03-07T00:00:00.000Z,1,0,0,1,0,0.0,0,0.0,0.0,0.0,3388.0,3388.0,0.0,0.0,3388.0,0.0,0.0,0.0,0.0,0.0,0.0,0.0,0,0,0,0,0,0,0
2128,1996-03-07T00:00:00.000Z,Fire,FM,TX,1996,1996-03-07T00:00:00.000Z,1,0,0,1,0,0.0,0,0.0,0.0,0.0,985.6,985.6,0.0,0.0,985.6,0.0,0.0,0.0,0.0,0.0,0.0,0.0,0,0,0,0,0,0,0
2129,1996-03-07T00:00:00.000Z,Fire,FM,TX,1996,1996-03-07T00:00:00.000Z,1,0,0,1,0,0.0,0,0.0,0.0,0.0,10304.7,10304.7,0.0,0.0,10304.7,0.0,0.0,0.0,0.0,0.0,0.0,0.0,0,0,0,0,0,0,0
2130,1996-03-07T00:00:00.000Z,Fire,FM,TX,1996,1996-03-07T00:00:00.000Z,1,0,0,1,0,0.0,0,0.0,0.0,0.0,154.0,154.0,0.0,0.0,154.0,0.0,0.0,0.0,0.0,0.0,0.0,0.0,0,0,0,0,0,0,0
2131,1996-03-10T00:00:00.000Z,Fire,FM,TX,1996,1996-03-10T00:00:00.000Z,1,0,0,1,0,0.0,0,0.0,0.0,0.0,12667.2,12667.2,0.0,0.0,12667.2,0.0,0.0,0.0,0.0,0.0,0.0,0.0,0,0,0,0,0,0,0
2132,1996-03-10T00:00:00.000Z,Fire,FM,TX,1996,1996-03-10T00:00:00.000Z,1,0,0,1,0,0.0,0,0.0,0.0,0.0,3908.1,3908.1,0.0,0.0,3908.1,0.0,0.0,0.0,0.0,0.0,0.0,0.0,0,0,0,0,0,0,0
2133,1996-03-11T00:00:00.000Z,Fire,FM,TX,1996,1996-03-11T00:00:00.000Z,1,0,0,1,0,0.0,0,0.0,0.0,0.0,19758.2,19758.2,0.0,0.0,19758.2,0.0,0.0,0.0,0.0,0.0,0.0,0.0,0,0,0,0,0,0,0
2134,1996-03-11T00:00:00.000Z,Fire,FM,TX,1996,1996-03-11T00:00:00.000Z,1,0,0,1,0,0.0,0,0.0,0.0,0.0,9263.1,9263.1,0.0,0.0,9263.1,0.0,0.0,0.0,0.0,0.0,0.0,0.0,0,0,0,0,0,0,0
2135,1996-03-11T00:00:00.000Z,Fire,FM,TX,1996,1996-03-11T00:00:00.000Z,1,0,0,1,0,0.0,0,0.0,0.0,0.0,3612.0,3612.0,0.0,0.0,3612.0,0.0,0.0,0.0,0.0,0.0,0.0,0.0,0,0,0,0,0,0,0
2136,1996-03-12T00:00:00.000Z,Fire,FM,OK,1996,1996-03-12T00:00:00.000Z,1,0,0,1,0,0.0,0,0.0,0.0,0.0,43485.4,43485.4,0.0,0.0,43485.4,0.0,0.0,0.0,0.0,0.0,0.0,0.0,0,0,0,0,0,0,0
2137,1996-03-12T00:00:00.000Z,Fire,FM,TX,1996,1996-03-12T00:00:00.000Z,1,0,0,1,0,0.0,0,0.0,0.0,0.0,10665.2,10665.2,0.0,0.0,10665.2,0.0,0.0,0.0,0.0,0.0,0.0,0.0,0,0,0,0,0,0,0
2138,1996-03-12T00:00:00.000Z,Fire,FM,TX,1996,1996-03-12T00:00:00.000Z,1,0,0,1,0,0.0,0,0.0,0.0,0.0,19322.8,19322.8,0.0,0.0,19322.8,0.0,0.0,0.0,0.0,0.0,0.0,0.0,0,0,0,0,0,0,0
2139,1996-03-12T00:00:00.000Z,Fire,FM,TX,1996,1996-03-12T00:00:00.000Z,1,0,0,1,0,0.0,0,0.0,0.0,0.0,10684.8,10684.8,0.0,0.0,10684.8,0.0,0.0,0.0,0.0,0.0,0.0,0.0,0,0,0,0,0,0,0
2140,1996-03-12T00:00:00.000Z,Fire,FM,OK,1996,1996-03-12T00:00:00.000Z,1,0,0,1,0,0.0,0,0.0,0.0,0.0,10342.5,10342.5,0.0,0.0,10342.5,0.0,0.0,0.0,0.0,0.0,0.0,0.0,0,0,0,0,0,0,0
2141,1996-03-12T00:00:00.000Z,Fire,FM,TX,1996,1996-03-12T00:00:00.000Z,1,0,0,1,0,0.0,0,0.0,0.0,0.0,10298.4,10298.4,0.0,0.0,10298.4,0.0,0.0,0.0,0.0,0.0,0.0,0.0,0,0,0,0,0,0,0
2142,1996-03-14T00:00:00.000Z,Fire,FM,TX,1996,1996-03-14T00:00:00.000Z,1,0,0,1,0,0.0,0,0.0,0.0,0.0,287844.9,279057.1,8787.8,0.0,287844.9,0.0,0.0,0.0,0.0,0.0,0.0,0.0,0,0,0,0,0,0,0
2143,1996-03-14T00:00:00.000Z,Fire,FM,TX,1996,1996-03-14T00:00:00.000Z,1,0,0,1,0,0.0,0,0.0,0.0,0.0,10542.0,10542.0,0.0,0.0,10542.0,0.0,0.0,0.0,0.0,0.0,0.0,0.0,0,0,0,0,0,0,0
2144,1996-03-14T00:00:00.000Z,Fire,FM,OK,1996,1996-03-14T00:00:00.000Z,1,0,0,1,0,0.0,0,0.0,0.0,0.0,50911.7,50911.7,0.0,0.0,50911.7,0.0,0.0,0.0,0.0,0.0,0.0,0.0,0,0,0,0,0,0,0
2145,1996-03-14T00:00:00.000Z,Fire,FM,TX,1996,1996-03-14T00:00:00.000Z,1,0,0,1,0,0.0,0,0.0,0.0,0.0,341529.3,341529.3,0.0,0.0,341529.3,0.0,0.0,0.0,0.0,0.0,0.0,0.0,0,0,0,0,0,0,0
2146,1996-03-14T00:00:00.000Z,Fire,FM,TX,1996,1996-03-14T00:00:00.000Z,1,0,0,1,0,0.0,0,0.0,0.0,0.0,90075.3,90075.3,0.0,0.0,90075.3,0.0,0.0,0.0,0.0,0.0,0.0,0.0,0,0,0,0,0,0,0
2147,1996-03-19T00:00:00.000Z,Fire,FM,TX,1996,1996-03-19T00:00:00.000Z,1,0,0,1,0,0.0,0,0.0,0.0,0.0,242500.3,242500.3,0.0,0.0,242500.3,0.0,0.0,0.0,0.0,0.0,0.0,0.0,0,0,0,0,0,0,0
2148,1996-03-19T00:00:00.000Z,Fire,FM,TX,1996,1996-03-19T00:00:00.000Z,1,0,0,1,0,0.0,0,0.0,0.0,0.0,55195.7,55195.7,0.0,0.0,55195.7,0.0,0.0,0.0,0.0,0.0,0.0,0.0,0,0,0,0,0,0,0
2149,1996-03-19T00:00:00.000Z,Fire,FM,TX,1996,1996-03-19T00:00:00.000Z,1,0,0,1,0,0.0,0,0.0,0.0,0.0,1709.4,1709.4,0.0,0.0,1709.4,0.0,0.0,0.0,0.0,0.0,0.0,0.0,0,0,0,0,0,0,0
2150,1996-03-19T00:00:00.000Z,Fire,FM,TX,1996,1996-03-19T00:00:00.000Z,1,0,0,1,0,0.0,0,0.0,0.0,0.0,3832.5,3832.5,0.0,0.0,3832.5,0.0,0.0,0.0,0.0,0.0,0.0,0.0,0,0,0,0,0,0,0
2151,1996-03-19T00:00:00.000Z,Fire,FM,TX,1996,1996-03-19T00:00:00.000Z,1,0,0,1,0,0.0,0,0.0,0.0,0.0,26617.5,26617.5,0.0,0.0,26617.5,0.0,0.0,0.0,0.0,0.0,0.0,0.0,0,0,0,0,0,0,0
2152,1996-03-22T00:00:00.000Z,Fire,FM,TX,1996,1996-02-22T00:00:00.000Z,1,0,0,1,0,0.0,0,0.0,0.0,0.0,10467.1,10467.1,0.0,0.0,10467.1,0.0,0.0,0.0,0.0,0.0,0.0,0.0,0,0,0,0,0,0,0
2153,1996-03-23T00:00:00.000Z,Fire,FM,TX,1996,1996-03-23T00:00:00.000Z,1,0,0,1,0,0.0,0,0.0,0.0,0.0,1717.1,1717.1,0.0,0.0,1717.1,0.0,0.0,0.0,0.0,0.0,0.0,0.0,0,0,0,0,0,0,0
2154,1996-03-23T00:00:00.000Z,Fire,FM,TX,1996,1996-03-23T00:00:00.000Z,1,0,0,1,0,0.0,0,0.0,0.0,0.0,14725.9,14725.9,0.0,0.0,14725.9,0.0,0.0,0.0,0.0,0.0,0.0,0.0,0,0,0,0,0,0,0
2155,1996-03-23T00:00:00.000Z,Fire,FM,TX,1996,1996-03-23T00:00:00.000Z,1,0,0,1,0,0.0,0,0.0,0.0,0.0,7036.4,7036.4,0.0,0.0,7036.4,0.0,0.0,0.0,0.0,0.0,0.0,0.0,0,0,0,0,0,0,0
2156,1996-03-24T00:00:00.000Z,Fire,FM,TX,1996,1996-03-24T00:00:00.000Z,1,0,0,1,0,0.0,0,0.0,0.0,0.0,3756.2,3756.2,0.0,0.0,3756.2,0.0,0.0,0.0,0.0,0.0,0.0,0.0,0,0,0,0,0,0,0
2157,1996-03-24T00:00:00.000Z,Fire,FM,TX,1996,1996-03-24T00:00:00.000Z,1,0,0,1,0,0.0,0,0.0,0.0,0.0,58709.0,58709.0,0.0,0.0,58709.0,0.0,0.0,0.0,0.0,0.0,0.0,0.0,0,0,0,0,0,0,0
2158,1996-03-24T00:00:00.000Z,Fire,FM,TX,1996,1996-03-24T00:00:00.000Z,1,0,0,1,0,0.0,0,0.0,0.0,0.0,52328.5,52328.5,0.0,0.0,52328.5,0.0,0.0,0.0,0.0,0.0,0.0,0.0,0,0,0,0,0,0,0
2159,1996-03-24T00:00:00.000Z,Fire,FM,TX,1996,1996-03-24T00:00:00.000Z,1,0,0,1,0,0.0,0,0.0,0.0,0.0,5010.6,5010.6,0.0,0.0,5010.6,0.0,0.0,0.0,0.0,0.0,0.0,0.0,0,0,0,0,0,0,0
2160,1996-03-30T00:00:00.000Z,Fire,FM,TX,1996,1996-03-30T00:00:00.000Z,1,0,0,1,0,0.0,0,0.0,0.0,0.0,10498.6,10498.6,0.0,0.0,10498.6,0.0,0.0,0.0,0.0,0.0,0.0,0.0,0,0,0,0,0,0,0
2161,1996-03-30T00:00:00.000Z,Fire,FM,TX,1996,1996-03-30T00:00:00.000Z,1,0,0,1,0,0.0,0,0.0,0.0,0.0,1610.0,1610.0,0.0,0.0,1610.0,0.0,0.0,0.0,0.0,0.0,0.0,0.0,0,0,0,0,0,0,0
2162,1996-03-30T00:00:00.000Z,Fire,FM,TX,1996,1996-03-03T00:00:00.000Z,1,0,0,1,0,0.0,0,0.0,0.0,0.0,19501.3,19501.3,0.0,0.0,19501.3,0.0,0.0,0.0,0.0,0.0,0.0,0.0,0,0,0,0,0,0,0
2163,1996-03-31T00:00:00.000Z,Fire,FM,TX,1996,1996-03-31T00:00:00.000Z,1,0,0,1,0,0.0,0,0.0,0.0,0.0,16529.1,16529.1,0.0,0.0,16529.1,0.0,0.0,0.0,0.0,0.0,0.0,0.0,0,0,0,0,0,0,0
2164,1996-04-01T00:00:00.000Z,Fire,FM,TX,1996,1996-04-01T00:00:00.000Z,1,0,0,1,0,0.0,0,0.0,0.0,0.0,44075.5,44075.5,0.0,0.0,44075.5,0.0,0.0,0.0,0.0,0.0,0.0,0.0,0,0,0,0,0,0,0
2165,1996-04-02T00:00:00.000Z,Fire,FM,TX,1996,1996-04-02T00:00:00.000Z,1,0,0,1,0,0.0,0,0.0,0.0,0.0,5310.9,5310.9,0.0,0.0,5310.9,0.0,0.0,0.0,0.0,0.0,0.0,0.0,0,0,0,0,0,0,0
2166,1996-04-02T00:00:00.000Z,Fire,FM,TX,1996,1996-04-02T00:00:00.000Z,1,0,0,1,0,0.0,0,0.0,0.0,0.0,37398.2,37398.2,0.0,0.0,37398.2,0.0,0.0,0.0,0.0,0.0,0.0,0.0,0,0,0,0,0,0,0
2167,1996-04-02T00:00:00.000Z,Fire,FM,TX,1996,1996-04-02T00:00:00.000Z,1,0,0,1,0,0.0,0,0.0,0.0,0.0,21858.2,21858.2,0.0,0.0,21858.2,0.0,0.0,0.0,0.0,0.0,0.0,0.0,0,0,0,0,0,0,0
2168,1996-04-03T00:00:00.000Z,Fire,FM,TX,1996,1996-04-03T00:00:00.000Z,1,0,0,1,0,0.0,0,0.0,0.0,0.0,23340.8,23340.8,0.0,0.0,23340.8,0.0,0.0,0.0,0.0,0.0,0.0,0.0,0,0,0,0,0,0,0
2169,1996-04-14T00:00:00.000Z,Fire,FM,TX,1996,1996-04-14T00:00:00.000Z,1,0,0,1,0,0.0,0,0.0,0.0,0.0,304833.9,304833.9,0.0,0.0,304833.9,0.0,0.0,0.0,0.0,0.0,0.0,0.0,0,0,0,0,0,0,0
2170,1996-04-15T00:00:00.000Z,Fire,FM,TX,1996,1996-04-15T00:00:00.000Z,1,0,0,1,0,0.0,0,0.0,0.0,0.0,1067.5,1067.5,0.0,0.0,1067.5,0.0,0.0,0.0,0.0,0.0,0.0,0.0,0,0,0,0,0,0,0
2171,1996-04-16T00:00:00.000Z,Fire,FM,TX,1996,1996-04-16T00:00:00.000Z,1,0,0,1,0,0.0,0,0.0,0.0,0.0,17969.0,17969.0,0.0,0.0,17969.0,0.0,0.0,0.0,0.0,0.0,0.0,0.0,0,0,0,0,0,0,0
2172,1996-04-16T00:00:00.000Z,Fire,FM,TX,1996,1996-04-16T00:00:00.000Z,1,0,0,1,0,0.0,0,0.0,0.0,0.0,9716.0,9716.0,0.0,0.0,9716.0,0.0,0.0,0.0,0.0,0.0,0.0,0.0,0,0,0,0,0,0,0
2173,1996-04-17T00:00:00.000Z,Fire,FM,OK,1996,1996-04-17T00:00:00.000Z,1,0,0,1,0,0.0,0,0.0,0.0,0.0,28434.0,28434.0,0.0,0.0,28434.0,0.0,0.0,0.0,0.0,0.0,0.0,0.0,0,0,0,0,0,0,0
2174,1996-04-25T00:00:00.000Z,Fire,FM,TX,1996,1996-04-25T00:00:00.000Z,1,0,0,1,0,0.0,0,0.0,0.0,0.0,7865.2,7865.2,0.0,0.0,7865.2,0.0,0.0,0.0,0.0,0.0,0.0,0.0,0,0,0,0,0,0,0
2175,1996-05-01T00:00:00.000Z,Fire,FM,TX,1996,1996-05-01T00:00:00.000Z,1,0,0,1,0,0.0,0,0.0,0.0,0.0,67507.3,67507.3,0.0,0.0,67507.3,0.0,0.0,0.0,0.0,0.0,0.0,0.0,0,0,0,0,0,0,0
2176,1996-05-02T00:00:00.000Z,Fire,FM,AZ,1996,1996-05-02T00:00:00.000Z,1,0,0,1,0,0.0,0,0.0,0.0,0.0,0.0,0.0,0.0,0.0,0.0,0.0,0.0,0.0,0.0,0.0,0.0,0.0,0,0,0,0,0,0,0
2177,1996-05-05T00:00:00.000Z,Fire,FM,NM,1996,1996-05-05T00:00:00.000Z,1,0,0,1,0,0.0,0,0.0,0.0,0.0,964468.0,964468.0,0.0,0.0,964468.0,0.0,0.0,0.0,0.0,0.0,0.0,0.0,0,0,0,0,0,0,0
2178,1996-05-19T00:00:00.000Z,Fire,FM,CO,1996,1996-05-18T00:00:00.000Z,1,0,0,1,0,0.0,0,0.0,0.0,0.0,0.0,0.0,0.0,0.0,0.0,0.0,0.0,0.0,0.0,0.0,0.0,0.0,0,0,0,0,0,0,0
2179,1996-05-24T00:00:00.000Z,Fire,FM,TX,1996,1996-05-24T00:00:00.000Z,1,0,0,1,0,0.0,0,0.0,0.0,0.0,46133.5,46133.5,0.0,0.0,46133.5,0.0,0.0,0.0,0.0,0.0,0.0,0.0,0,0,0,0,0,0,0
2180,1996-06-05T00:00:00.000Z,Fire,FM,AK,1996,1996-06-02T00:00:00.000Z,1,0,0,1,0,0.0,0,0.0,0.0,0.0,8006377.4,8006377.4,0.0,0.0,8006377.4,0.0,0.0,0.0,0.0,0.0,0.0,0.0,0,0,0,0,0,0,0
2181,1996-06-21T00:00:00.000Z,Fire,FM,AZ,1996,1996-06-21T00:00:00.000Z,1,0,0,1,0,755.0,0,0.0,0.0,0.0,738080.77,738080.77,0.0,0.0,738080.77,0.0,0.0,0.0,0.0,0.0,0.0,0.0,0,0,0,0,0,0,0
2182,1996-06-24T00:00:00.000Z,Fire,FM,AZ,1996,1996-06-24T00:00:00.000Z,1,0,0,1,0,0.0,0,0.0,0.0,0.0,78416.73,78416.73,0.0,0.0,78416.73,0.0,0.0,0.0,0.0,0.0,0.0,0.0,0,0,0,0,0,0,0
2183,1996-06-24T00:00:00.000Z,Fire,FM,NV,1996,1996-06-24T00:00:00.000Z,1,0,0,1,0,0.0,0,0.0,0.0,0.0,932280.44,932280.44,0.0,0.0,932280.44,0.0,0.0,0.0,0.0,0.0,0.0,0.0,0,0,0,0,0,0,0
2184,1996-07-17T00:00:00.000Z,Fire,FM,TX,1996,1996-07-07T00:00:00.000Z,1,0,0,1,0,0.0,0,0.0,0.0,0.0,1190.0,1190.0,0.0,0.0,1190.0,0.0,0.0,0.0,0.0,0.0,0.0,0.0,0,0,0,0,0,0,0
2185,1996-08-05T00:00:00.000Z,Fire,FM,NV,1996,1996-08-05T00:00:00.000Z,1,0,0,1,0,0.0,0,0.0,0.0,0.0,558515.77,558515.77,0.0,0.0,558515.77,0.0,0.0,0.0,0.0,0.0,0.0,0.0,0,0,0,0,0,0,0
2186,1996-08-11T00:00:00.000Z,Fire,FM,WA,1996,1996-08-11T00:00:00.000Z,1,0,0,1,0,0.0,0,0.0,0.0,0.0,272044.68,268617.3,3427.38,0.0,272044.68,0.0,0.0,0.0,0.0,0.0,0.0,0.0,0,0,0,0,0,0,0
2187,1996-08-12T00:00:00.000Z,Fire,FM,OR,1996,1996-08-12T00:00:00.000Z,1,0,0,1,0,0.0,0,0.0,0.0,0.0,357301.86,357301.86,0.0,0.0,357301.86,0.0,0.0,0.0,0.0,0.0,0.0,0.0,0,0,0,0,0,0,0
2188,1996-08-13T00:00:00.000Z,Fire,FM,NV,1996,1996-08-13T00:00:00.000Z,1,0,0,1,0,0.0,0,0.0,0.0,0.0,28676.64,28676.64,0.0,0.0,28676.64,0.0,0.0,0.0,0.0,0.0,0.0,0.0,0,0,0,0,0,0,0
2189,1996-08-24T00:00:00.000Z,Fire,FM,OR,1996,1996-08-24T00:00:00.000Z,1,0,0,1,0,0.0,0,0.0,0.0,0.0,285171.51,285171.51,0.0,0.0,285171.51,0.0,0.0,0.0,0.0,0.0,0.0,0.0,0,0,0,0,0,0,0
2190,1996-08-26T00:00:00.000Z,Fire,FM,NV,1996,1996-08-26T00:00:00.000Z,1,0,0,1,0,0.0,0,0.0,0.0,0.0,0.0,0.0,0.0,0.0,0.0,0.0,0.0,0.0,0.0,0.0,0.0,0.0,0,0,0,0,0,0,0
2191,1996-09-06T00:00:00.000Z,Fire,FM,MT,1996,1996-09-06T00:00:00.000Z,1,0,0,1,0,0.0,0,0.0,0.0,0.0,0.0,0.0,0.0,0.0,0.0,0.0,0.0,0.0,0.0,0.0,0.0,0.0,0,0,0,0,0,0,0
2192,1997-07-21T00:00:00.000Z,Fire,FM,WA,1997,1997-07-21T00:00:00.000Z,1,0,0,1,0,0.0,0,0.0,0.0,0.0,0.0,0.0,0.0,0.0,0.0,0.0,0.0,0.0,0.0,0.0,0.0,0.0,0,0,0,0,0,0,0
2193,1997-08-14T00:00:00.000Z,Fire,FM,WA,1997,1997-08-14T00:00:00.000Z,1,0,0,1,0,0.0,0,0.0,0.0,0.0,537898.9,537898.9,0.0,0.0,537898.9,0.0,0.0,0.0,0.0,0.0,0.0,0.0,0,0,0,0,0,0,0
2194,1997-08-27T00:00:00.000Z,Fire,FM,WA,1997,1997-09-26T00:00:00.000Z,1,0,0,1,0,0.0,0,0.0,0.0,0.0,134398.6,134398.6,0.0,0.0,134398.6,0.0,0.0,0.0,0.0,0.0,0.0,0.0,0,0,0,0,0,0,0
2195,1998-02-18T00:00:00.000Z,Fire,FM,HI,1998,1998-02-16T00:00:00.000Z,1,0,0,1,0,0.0,0,0.0,0.0,0.0,0.0,0.0,0.0,0.0,0.0,0.0,0.0,0.0,0.0,0.0,0.0,0.0,0,0,0,0,0,0,0
2196,1998-03-16T00:00:00.000Z,Fire,FM,HI,1998,1998-03-14T00:00:00.000Z,1,0,0,1,0,31.0,0,0.0,0.0,0.0,0.0,0.0,0.0,0.0,0.0,0.0,0.0,0.0,0.0,0.0,0.0,0.0,0,0,0,0,0,0,0
2197,1998-03-22T00:00:00.000Z,Fire,FM,GU,1998,1998-03-20T00:00:00.000Z,1,0,0,1,0,0.0,0,0.0,0.0,0.0,0.0,0.0,0.0,0.0,0.0,0.0,0.0,0.0,0.0,0.0,0.0,0.0,0,0,0,0,0,0,0
2198,1998-05-11T00:00:00.000Z,Fire,FM,TX,1998,1998-05-10T00:00:00.000Z,1,0,0,1,0,4.0,0,0.0,0.0,0.0,0.0,0.0,0.0,0.0,0.0,0.0,0.0,0.0,0.0,0.0,0.0,0.0,0,0,0,0,0,0,0
2199,1998-05-15T00:00:00.000Z,Fire,FM,TX,1998,1998-05-20T00:00:00.000Z,1,0,0,1,0,0.0,0,0.0,0.0,0.0,196740.6,194185.6,2555.0,0.0,196740.6,0.0,0.0,0.0,0.0,0.0,0.0,0.0,0,0,0,0,0,0,0
2200,1998-06-08T00:00:00.000Z,Fire,FM,FL,1998,1998-06-06T00:00:00.000Z,1,0,0,1,0,0.0,0,0.0,0.0,0.0,0.0,0.0,0.0,0.0,0.0,0.0,0.0,0.0,0.0,0.0,0.0,0.0,0,0,0,0,0,0,0
2201,1998-06-16T00:00:00.000Z,Fire,FM,FL,1998,1998-06-16T00:00:00.000Z,1,0,0,1,0,0.0,0,0.0,0.0,0.0,99009898.86,98815713.86,194185.0,0.0,99009898.86,0.0,0.0,0.0,0.0,0.0,0.0,0.0,0,0,0,0,0,0,0
2202,1998-06-18T00:00:00.000Z,Fire,FM,TX,1998,1998-06-22T00:00:00.000Z,1,0,0,1,0,0.0,0,0.0,0.0,0.0,121107.7,119620.9,1486.8,0.0,121107.7,0.0,0.0,0.0,0.0,0.0,0.0,0.0,0,0,0,0,0,0,0
2203,1998-06-18T00:00:00.000Z,Fire,FM,FL,1998,1998-06-18T00:00:00.000Z,1,0,0,1,0,0.0,0,0.0,0.0,0.0,0.0,0.0,0.0,0.0,0.0,0.0,0.0,0.0,0.0,0.0,0.0,0.0,0,0,0,0,0,0,0
2204,1998-06-19T00:00:00.000Z,Fire,FM,FL,1998,1998-06-19T00:00:00.000Z,1,0,0,1,0,0.0,0,0.0,0.0,0.0,0.0,0.0,0.0,0.0,0.0,0.0,0.0,0.0,0.0,0.0,0.0,0.0,0,0,0,0,0,0,0
2205,1998-06-19T00:00:00.000Z,Fire,FM,FL,1998,1998-06-19T00:00:00.000Z,1,0,0,1,0,0.0,0,0.0,0.0,0.0,0.0,0.0,0.0,0.0,0.0,0.0,0.0,0.0,0.0,0.0,0.0,0.0,0,0,0,0,0,0,0
2206,1998-06-19T00:00:00.000Z,Fire,FM,FL,1998,1998-06-19T00:00:00.000Z,1,0,0,1,0,0.0,0,0.0,0.0,0.0,0.0,0.0,0.0,0.0,0.0,0.0,0.0,0.0,0.0,0.0,0.0,0.0,0,0,0,0,0,0,0
2207,1998-06-19T00:00:00.000Z,Fire,FM,FL,1998,1998-06-19T00:00:00.000Z,1,0,0,1,0,0.0,0,0.0,0.0,0.0,0.0,0.0,0.0,0.0,0.0,0.0,0.0,0.0,0.0,0.0,0.0,0.0,0,0,0,0,0,0,0
2208,1998-06-20T00:00:00.000Z,Fire,FM,FL,1998,1998-06-20T00:00:00.000Z,1,0,0,1,0,0.0,0,0.0,0.0,0.0,0.0,0.0,0.0,0.0,0.0,0.0,0.0,0.0,0.0,0.0,0.0,0.0,0,0,0,0,0,0,0
2209,1998-06-20T00:00:00.000Z,Fire,FM,FL,1998,1998-06-20T00:00:00.000Z,1,0,0,1,0,0.0,0,0.0,0.0,0.0,0.0,0.0,0.0,0.0,0.0,0.0,0.0,0.0,0.0,0.0,0.0,0.0,0,0,0,0,0,0,0
2210,1998-06-20T00:00:00.000Z,Fire,FM,TX,1998,1998-06-20T00:00:00.000Z,1,0,0,1,0,1.0,0,0.0,0.0,0.0,2978.5,2978.5,0.0,0.0,2978.5,0.0,0.0,0.0,0.0,0.0,0.0,0.0,0,0,0,0,0,0,0
2211,1998-06-21T00:00:00.000Z,Fire,FM,FL,1998,1998-06-21T00:00:00.000Z,1,0,0,1,0,0.0,0,0.0,0.0,0.0,0.0,0.0,0.0,0.0,0.0,0.0,0.0,0.0,0.0,0.0,0.0,0.0,0,0,0,0,0,0,0
2212,1998-06-21T00:00:00.000Z,Fire,FM,FL,1998,1998-06-21T00:00:00.000Z,1,0,0,1,0,0.0,0,0.0,0.0,0.0,0.0,0.0,0.0,0.0,0.0,0.0,0.0,0.0,0.0,0.0,0.0,0.0,0,0,0,0,0,0,0
2213,1998-06-26T00:00:00.000Z,Fire,FM,NM,1998,1998-06-24T00:00:00.000Z,1,0,0,1,0,7.0,0,0.0,0.0,0.0,1337956.9,1337956.9,0.0,0.0,1337956.9,0.0,0.0,0.0,0.0,0.0,0.0,0.0,0,0,0,0,0,0,0
2214,1998-06-27T00:00:00.000Z,Fire,FM,FL,1998,1998-06-27T00:00:00.000Z,1,0,0,1,0,0.0,0,0.0,0.0,0.0,0.0,0.0,0.0,0.0,0.0,0.0,0.0,0.0,0.0,0.0,0.0,0.0,0,0,0,0,0,0,0
2215,1998-06-28T00:00:00.000Z,Fire,FM,FL,1998,1998-06-28T00:00:00.000Z,1,0,0,1,0,0.0,0,0.0,0.0,0.0,0.0,0.0,0.0,0.0,0.0,0.0,0.0,0.0,0.0,0.0,0.0,0.0,0,0,0,0,0,0,0
2216,1998-06-29T00:00:00.000Z,Fire,FM,TX,1998,1998-06-29T00:00:00.000Z,1,0,0,1,0,2.0,0,0.0,0.0,0.0,48676.6,47998.3,678.3,0.0,48676.6,0.0,0.0,0.0,0.0,0.0,0.0,0.0,0,0,0,0,0,0,0
2217,1998-07-02T00:00:00.000Z,Fire,FM,TX,1998,1998-07-02T00:00:00.000Z,1,0,0,1,0,1.0,0,0.0,0.0,0.0,10378.9,10240.3,138.6,0.0,10378.9,0.0,0.0,0.0,0.0,0.0,0.0,0.0,0,0,0,0,0,0,0
2218,1998-07-10T00:00:00.000Z,Fire,FM,TX,1998,1998-07-10T00:00:00.000Z,1,0,0,1,0,2.0,0,0.0,0.0,0.0,10792.0,10527.0,265.0,0.0,10792.0,0.0,0.0,0.0,0.0,0.0,0.0,0.0,0,0,0,0,0,0,0
2219,1998-07-12T00:00:00.000Z,Fire,FM,TX,1998,1998-07-12T00:00:00.000Z,1,0,0,1,0,2.0,0,0.0,0.0,0.0,10918.0,10650.0,268.0,0.0,10918.0,0.0,0.0,0.0,0.0,0.0,0.0,0.0,0,0,0,0,0,0,0
2220,1998-07-22T00:00:00.000Z,Fire,FM,TX,1998,1998-07-15T00:00:00.000Z,1,0,0,1,0,9.0,0,0.0,0.0,0.0,12209.0,11909.0,300.0,0.0,12209.0,0.0,0.0,0.0,0.0,0.0,0.0,0.0,0,0,0,0,0,0,0
2221,1998-07-23T00:00:00.000Z,Fire,FM,TX,1998,1998-07-23T00:00:00.000Z,1,0,0,1,0,1.0,0,0.0,0.0,0.0,14446.0,14092.0,354.0,0.0,14446.0,0.0,0.0,0.0,0.0,0.0,0.0,0.0,0,0,0,0,0,0,0
2222,1998-07-23T00:00:00.000Z,Fire,FM,TX,1998,1998-07-23T00:00:00.000Z,1,0,0,1,0,2.0,0,0.0,0.0,0.0,31229.0,30463.0,766.0,0.0,31229.0,0.0,0.0,0.0,0.0,0.0,0.0,0.0,0,0,0,0,0,0,0
2223,1998-07-26T00:00:00.000Z,Fire,FM,TX,1998,1998-07-26T00:00:00.000Z,1,0,0,1,0,0.0,0,0.0,0.0,0.0,13535.0,13203.0,332.0,0.0,13535.0,0.0,0.0,0.0,0.0,0.0,0.0,0.0,0,0,0,0,0,0,0
2224,1998-07-26T00:00:00.000Z,Fire,FM,TX,1998,1998-07-26T00:00:00.000Z,1,0,0,1,0,2.0,0,0.0,0.0,0.0,36992.0,36084.0,908.0,0.0,36992.0,0.0,0.0,0.0,0.0,0.0,0.0,0.0,0,0,0,0,0,0,0
2225,1998-07-28T00:00:00.000Z,Fire,FM,WA,1998,1998-07-28T00:00:00.000Z,1,0,0,1,0,3.0,0,0.0,0.0,0.0,1184534.16,1184534.16,0.0,0.0,1184534.16,0.0,0.0,0.0,0.0,0.0,0.0,0.0,0,0,0,0,0,0,0
2226,1998-07-29T00:00:00.000Z,Fire,FM,OK,1998,1998-07-29T00:00:00.000Z,1,0,0,1,0,17.0,0,0.0,0.0,0.0,1132660.9,1132660.9,0.0,0.0,1132660.9,0.0,0.0,0.0,0.0,0.0,0.0,0.0,0,0,0,0,0,0,0
2227,1998-07-30T00:00:00.000Z,Fire,FM,TX,1998,1998-07-30T00:00:00.000Z,1,0,0,1,0,4.0,0,0.0,0.0,0.0,44916.0,43814.0,1102.0,0.0,44916.0,0.0,0.0,0.0,0.0,0.0,0.0,0.0,0,0,0,0,0,0,0
2228,1998-07-31T00:00:00.000Z,Fire,FM,TX,1998,1998-07-31T00:00:00.000Z,1,0,0,1,0,1.0,0,0.0,0.0,0.0,84854.0,82772.0,2082.0,0.0,84854.0,0.0,0.0,0.0,0.0,0.0,0.0,0.0,0,0,0,0,0,0,0
2229,1998-07-31T00:00:00.000Z,Fire,FM,TX,1998,1998-07-31T00:00:00.000Z,1,0,0,1,0,1.0,0,0.0,0.0,0.0,18799.0,18338.0,461.0,0.0,18799.0,0.0,0.0,0.0,0.0,0.0,0.0,0.0,0,0,0,0,0,0,0
2230,1998-08-01T00:00:00.000Z,Fire,FM,TX,1998,1998-08-01T00:00:00.000Z,1,0,0,1,0,1.0,0,0.0,0.0,0.0,20704.0,20196.0,508.0,0.0,20704.0,0.0,0.0,0.0,0.0,0.0,0.0,0.0,0,0,0,0,0,0,0
2231,1998-08-02T00:00:00.000Z,Fire,FM,TX,1998,1998-08-02T00:00:00.000Z,1,0,0,1,0,1.0,0,0.0,0.0,0.0,9565.0,9565.0,0.0,0.0,9565.0,0.0,0.0,0.0,0.0,0.0,0.0,0.0,0,0,0,0,0,0,0
2232,1998-08-02T00:00:00.000Z,Fire,FM,TX,1998,1998-08-02T00:00:00.000Z,1,0,0,1,0,1.0,0,0.0,0.0,0.0,13292.0,12731.0,561.0,0.0,13292.0,0.0,0.0,0.0,0.0,0.0,0.0,0.0,0,0,0,0,0,0,0
2233,1998-08-03T00:00:00.000Z,Fire,FM,TX,1998,1998-08-03T00:00:00.000Z,1,0,0,1,0,1.0,0,0.0,0.0,0.0,367.0,367.0,0.0,0.0,367.0,0.0,0.0,0.0,0.0,0.0,0.0,0.0,0,0,0,0,0,0,0
2234,1998-08-03T00:00:00.000Z,Fire,FM,TX,1998,1998-08-03T00:00:00.000Z,1,0,0,1,0,0.0,0,0.0,0.0,0.0,393.0,393.0,0.0,0.0,393.0,0.0,0.0,0.0,0.0,0.0,0.0,0.0,0,0,0,0,0,0,0
2235,1998-08-05T00:00:00.000Z,Fire,FM,TX,1998,1998-08-05T00:00:00.000Z,1,0,0,1,0,7.0,0,0.0,0.0,0.0,38992.0,37996.0,996.0,0.0,38992.0,0.0,0.0,0.0,0.0,0.0,0.0,0.0,0,0,0,0,0,0,0
2236,1998-08-25T00:00:00.000Z,Fire,FM,HI,1998,1998-08-25T00:00:00.000Z,1,0,0,1,0,0.0,0,0.0,0.0,0.0,0.0,0.0,0.0,0.0,0.0,0.0,0.0,0.0,0.0,0.0,0.0,0.0,0,0,0,0,0,0,0
2237,1998-09-03T00:00:00.000Z,Fire,FM,WA,1998,1998-09-03T00:00:00.000Z,1,0,0,1,0,0.0,0,0.0,0.0,0.0,230928.14,230928.14,0.0,0.0,230928.14,0.0,0.0,0.0,0.0,0.0,0.0,0.0,0,0,0,0,0,0,0
2238,1998-09-02T00:00:00.000Z,Fire,FM,TX,1998,1998-09-02T00:00:00.000Z,1,0,0,1,0,0.0,0,0.0,0.0,0.0,809.0,809.0,0.0,0.0,809.0,0.0,0.0,0.0,0.0,0.0,0.0,0.0,0,0,0,0,0,0,0
2239,1998-09-04T00:00:00.000Z,Fire,FM,TX,1998,1998-09-04T00:00:00.000Z,1,0,0,1,0,0.0,0,0.0,0.0,0.0,89.0,89.0,0.0,0.0,89.0,0.0,0.0,0.0,0.0,0.0,0.0,0.0,0,0,0,0,0,0,0
2240,1998-09-04T00:00:00.000Z,Fire,FM,TX,1998,1998-09-04T00:00:00.000Z,1,0,0,1,0,0.0,0,0.0,0.0,0.0,10223.0,9959.0,264.0,0.0,10223.0,0.0,0.0,0.0,0.0,0.0,0.0,0.0,0,0,0,0,0,0,0
2241,1998-09-04T00:00:00.000Z,Fire,FM,TX,1998,1998-09-04T00:00:00.000Z,1,0,0,1,0,1.0,0,0.0,0.0,0.0,0.0,0.0,0.0,0.0,0.0,0.0,0.0,0.0,0.0,0.0,0.0,0.0,0,0,0,0,0,0,0
2242,1998-09-04T00:00:00.000Z,Fire,FM,TX,1998,1998-09-04T00:00:00.000Z,1,0,0,1,0,1.0,0,0.0,0.0,0.0,361.0,361.0,0.0,0.0,361.0,0.0,0.0,0.0,0.0,0.0,0.0,0.0,0,0,0,0,0,0,0
2243,1998-09-05T00:00:00.000Z,Fire,FM,OK,1998,1998-09-05T00:00:00.000Z,1,0,0,1,0,3.0,0,0.0,0.0,0.0,1483.3,1483.3,0.0,0.0,1483.3,0.0,0.0,0.0,0.0,0.0,0.0,0.0,0,0,0,0,0,0,0
2244,1998-09-05T00:00:00.000Z,Fire,FM,TX,1998,1998-09-05T00:00:00.000Z,1,0,0,1,0,0.0,0,0.0,0.0,0.0,451.0,451.0,0.0,0.0,451.0,0.0,0.0,0.0,0.0,0.0,0.0,0.0,0,0,0,0,0,0,0
2245,1998-09-08T00:00:00.000Z,Fire,FM,TX,1998,1998-09-08T00:00:00.000Z,1,0,0,1,0,2.0,0,0.0,0.0,0.0,16169.0,15754.0,415.0,0.0,16169.0,0.0,0.0,0.0,0.0,0.0,0.0,0.0,0,0,0,0,0,0,0
2246,1998-09-09T00:00:00.000Z,Fire,FM,TX,1998,1998-09-09T00:00:00.000Z,1,0,0,1,0,1.0,0,0.0,0.0,0.0,321.0,321.0,0.0,0.0,321.0,0.0,0.0,0.0,0.0,0.0,0.0,0.0,0,0,0,0,0,0,0
2247,1998-09-09T00:00:00.000Z,Fire,FM,OK,1998,1998-09-09T00:00:00.000Z,1,0,0,1,0,3.0,0,0.0,0.0,0.0,4595.5,4595.5,0.0,0.0,4595.5,0.0,0.0,0.0,0.0,0.0,0.0,0.0,0,0,0,0,0,0,0
2248,1998-09-25T00:00:00.000Z,Fire,FM,WA,1998,1998-09-25T00:00:00.000Z,1,0,0,1,0,0.0,0,0.0,0.0,0.0,18718.34,18718.34,0.0,0.0,18718.34,0.0,0.0,0.0,0.0,0.0,0.0,0.0,0,0,0,0,0,0,0
2249,1999-03-02T00:00:00.000Z,Fire,FM,TX,1999,1999-03-03T00:00:00.000Z,1,0,0,1,0,0.0,0,0.0,0.0,0.0,0.0,0.0,0.0,0.0,0.0,0.0,0.0,0.0,0.0,0.0,0.0,0.0,0,0,0,0,0,0,0
2250,1999-04-13T00:00:00.000Z,Fire,FM,TN,1999,1999-04-13T00:00:00.000Z,3,0,0,1,0,6.0,1,0.0,0.0,0.0,0.0,0.0,0.0,0.0,0.0,0.0,0.0,0.0,0.0,0.0,0.0,0.0,0,0,0,0,0,0,0
2251,1999-04-15T00:00:00.000Z,Fire,FM,FL,1999,1999-04-13T00:00:00.000Z,6,0,0,1,0,6.0,1,0.0,0.0,0.0,1287229.08,1233867.6,53361.48,0.0,1287229.08,0.0,0.0,0.0,0.0,0.0,0.0,0.0,0,0,0,0,0,0,0
2252,1999-04-15T00:00:00.000Z,Fire,FM,FL,1999,1999-04-13T00:00:00.000Z,5,0,0,1,0,6.0,1,0.0,0.0,0.0,993223.0,993223.0,0.0,0.0,993223.0,0.0,0.0,0.0,0.0,0.0,0.0,0.0,0,0,0,0,0,0,0
2253,1999-04-15T00:00:00.000Z,Fire,FM,FL,1999,1999-04-13T00:00:00.000Z,4,0,0,1,0,6.0,1,0.0,0.0,0.0,579368.3,579368.3,0.0,0.0,579368.3,0.0,0.0,0.0,0.0,0.0,0.0,0.0,0,0,0,0,0,0,0
2254,1999-04-15T00:00:00.000Z,Fire,FM,FL,1999,1999-04-13T00:00:00.000Z,3,0,0,1,0,6.0,1,0.0,0.0,0.0,1273616.4,1273616.4,0.0,0.0,1273616.4,0.0,0.0,0.0,0.0,0.0,0.0,0.0,0,0,0,0,0,0,0
2255,1999-04-17T00:00:00.000Z,Fire,FM,FL,1999,1999-04-13T00:00:00.000Z,7,0,0,1,0,6.0,1,0.0,0.0,0.0,193692.1,193692.1,0.0,0.0,193692.1,0.0,0.0,0.0,0.0,0.0,0.0,0.0,0,0,0,0,0,0,0
2256,1999-04-18T00:00:00.000Z,Fire,FM,FL,1999,1999-04-13T00:00:00.000Z,4,0,0,1,0,6.0,1,0.0,0.0,0.0,472703.0,472703.0,0.0,0.0,472703.0,0.0,0.0,0.0,0.0,0.0,0.0,0.0,0,0,0,0,0,0,0
2257,1999-04-19T00:00:00.000Z,Fire,FM,FL,1999,1999-04-13T00:00:00.000Z,2,0,0,1,0,6.0,1,0.0,0.0,0.0,71617.0,71617.0,0.0,0.0,71617.0,0.0,0.0,0.0,0.0,0.0,0.0,0.0,0,0,0,0,0,0,0
2258,1999-04-20T00:00:00.000Z,Fire,FM,FL,1999,1999-04-13T00:00:00.000Z,5,0,0,1,0,6.0,1,0.0,0.0,0.0,1513182.3,1513182.3,0.0,0.0,1513182.3,0.0,0.0,0.0,0.0,0.0,0.0,0.0,0,0,0,0,0,0,0
2259,1999-04-21T00:00:00.000Z,Fire,FM,FL,1999,1999-04-13T00:00:00.000Z,3,0,0,1,0,6.0,1,0.0,0.0,0.0,405179.6,405179.6,0.0,0.0,405179.6,0.0,0.0,0.0,0.0,0.0,0.0,0.0,0,0,0,0,0,0,0
2260,1999-04-23T00:00:00.000Z,Fire,FM,FL,1999,1999-04-13T00:00:00.000Z,5,0,0,1,0,6.0,1,0.0,0.0,0.0,245553.7,245553.7,0.0,0.0,245553.7,0.0,0.0,0.0,0.0,0.0,0.0,0.0,0,0,0,0,0,0,0
2261,1999-05-06T00:00:00.000Z,Fire,FM,MI,1999,1999-05-05T00:00:00.000Z,1,0,0,1,0,4.0,0,0.0,0.0,0.0,685887.95,685887.95,0.0,0.0,685887.95,0.0,0.0,0.0,0.0,0.0,0.0,0.0,0,0,0,0,0,0,0
2262,1999-05-14T00:00:00.000Z,Fire,FM,FL,1999,1999-05-14T00:00:00.000Z,3,0,0,1,0,6.0,1,0.0,0.0,0.0,298379.9,298379.9,0.0,0.0,298379.9,0.0,0.0,0.0,0.0,0.0,0.0,0.0,0,0,0,0,0,0,0
2263,1999-06-12T00:00:00.000Z,Fire,FM,AZ,1999,1999-06-11T00:00:00.000Z,2,0,0,1,0,1.0,0,0.0,0.0,0.0,0.0,0.0,0.0,0.0,0.0,0.0,0.0,0.0,0.0,0.0,0.0,0.0,0,0,0,0,0,0,0
2264,1999-06-24T00:00:00.000Z,Fire,FM,NV,1999,1999-06-24T00:00:00.000Z,1,0,0,1,0,2.0,0,0.0,0.0,0.0,0.0,0.0,0.0,0.0,0.0,0.0,0.0,0.0,0.0,0.0,0.0,0.0,0,0,0,0,0,0,0
2265,1999-07-03T00:00:00.000Z,Fire,FM,NV,1999,1999-07-02T00:00:00.000Z,1,0,0,1,0,2.0,0,0.0,0.0,0.0,71328.85,71328.85,0.0,0.0,71328.85,0.0,0.0,0.0,0.0,0.0,0.0,0.0,0,0,0,0,0,0,0
2266,1999-07-26T00:00:00.000Z,Fire,FM,MT,1999,1999-07-24T00:00:00.000Z,1,0,0,1,0,2.0,0,0.0,0.0,0.0,406510.13,406510.13,0.0,0.0,406510.13,0.0,0.0,0.0,0.0,0.0,0.0,0.0,0,0,0,0,0,0,0
2267,1999-08-05T00:00:00.000Z,Fire,FM,NV,1999,1999-08-05T00:00:00.000Z,1,0,0,1,0,6.0,1,0.0,0.0,0.0,0.0,0.0,0.0,0.0,0.0,0.0,0.0,0.0,0.0,0.0,0.0,0.0,0,0,0,0,0,0,0
2268,1999-08-05T00:00:00.000Z,Fire,FM,NV,1999,1999-08-05T00:00:00.000Z,1,0,0,1,0,0.0,0,0.0,0.0,0.0,0.0,0.0,0.0,0.0,0.0,0.0,0.0,0.0,0.0,0.0,0.0,0.0,0,0,0,0,0,0,0
2269,1999-08-09T00:00:00.000Z,Fire,FM,NY,1999,1999-08-06T00:00:00.000Z,1,0,0,1,0,0.0,0,0.0,0.0,0.0,728217.43,728217.43,0.0,0.0,728217.43,0.0,0.0,0.0,0.0,0.0,0.0,0.0,0,0,0,0,0,0,0
2270,1999-08-21T00:00:00.000Z,Fire,FM,TX,1999,1999-08-21T00:00:00.000Z,1,0,0,1,0,1.0,0,0.0,0.0,0.0,109772.6,109772.6,0.0,0.0,109772.6,0.0,0.0,0.0,0.0,0.0,0.0,0.0,0,0,0,0,0,0,0
2271,1999-08-25T00:00:00.000Z,Fire,FM,NV,1999,1999-08-24T00:00:00.000Z,1,0,0,1,0,4.0,0,0.0,0.0,0.0,0.0,0.0,0.0,0.0,0.0,0.0,0.0,0.0,0.0,0.0,0.0,0.0,0,0,0,0,0,0,0
2272,1999-08-26T00:00:00.000Z,Fire,FM,TX,1999,1999-08-26T00:00:00.000Z,1,0,0,1,0,3.0,0,0.0,0.0,0.0,56133.0,56133.0,0.0,0.0,56133.0,0.0,0.0,0.0,0.0,0.0,0.0,0.0,0,0,0,0,0,0,0
2273,1999-08-31T00:00:00.000Z,Fire,FM,TX,1999,1999-08-31T00:00:00.000Z,1,0,0,1,0,0.0,0,0.0,0.0,0.0,0.0,0.0,0.0,0.0,0.0,0.0,0.0,0.0,0.0,0.0,0.0,0.0,0,0,0,0,0,0,0
2274,1999-08-31T00:00:00.000Z,Fire,FM,TX,1999,1999-08-31T00:00:00.000Z,1,0,0,1,0,1.0,0,0.0,0.0,0.0,27252.68,27252.68,0.0,0.0,27252.68,0.0,0.0,0.0,0.0,0.0,0.0,0.0,0,0,0,0,0,0,0
2275,1999-09-16T00:00:00.000Z,Fire,FM,TX,1999,1999-09-16T00:00:00.000Z,1,0,0,1,0,2.0,0,0.0,0.0,0.0,60072.88,60072.88,0.0,0.0,60072.88,0.0,0.0,0.0,0.0,0.0,0.0,0.0,0,0,0,0,0,0,0
2276,1999-09-18T00:00:00.000Z,Fire,FM,AL,1999,1999-09-15T00:00:00.000Z,1,0,0,1,0,6.0,1,0.0,0.0,0.0,0.0,0.0,0.0,0.0,0.0,0.0,0.0,0.0,0.0,0.0,0.0,0.0,0,0,0,0,0,0,0
2277,1999-09-18T00:00:00.000Z,Fire,FM,AL,1999,1999-09-10T00:00:00.000Z,1,0,0,1,0,6.0,1,0.0,0.0,0.0,0.0,0.0,0.0,0.0,0.0,0.0,0.0,0.0,0.0,0.0,0.0,0.0,0,0,0,0,0,0,0
2278,1999-09-18T00:00:00.000Z,Fire,FM,AL,1999,1999-09-17T00:00:00.000Z,1,0,0,1,0,6.0,1,0.0,0.0,0.0,0.0,0.0,0.0,0.0,0.0,0.0,0.0,0.0,0.0,0.0,0.0,0.0,0,0,0,0,0,0,0
2279,1999-09-18T00:00:00.000Z,Fire,FM,AL,1999,1999-09-17T00:00:00.000Z,1,0,0,1,0,6.0,1,0.0,0.0,0.0,0.0,0.0,0.0,0.0,0.0,0.0,0.0,0.0,0.0,0.0,0.0,0.0,0,0,0,0,0,0,0
2280,1999-09-18T00:00:00.000Z,Fire,FM,AL,1999,1999-09-17T00:00:00.000Z,1,0,0,1,0,6.0,1,0.0,0.0,0.0,0.0,0.0,0.0,0.0,0.0,0.0,0.0,0.0,0.0,0.0,0.0,0.0,0,0,0,0,0,0,0
2281,1999-09-18T00:00:00.000Z,Fire,FM,AL,1999,1999-09-15T00:00:00.000Z,1,0,0,1,0,6.0,1,0.0,0.0,0.0,0.0,0.0,0.0,0.0,0.0,0.0,0.0,0.0,0.0,0.0,0.0,0.0,0,0,0,0,0,0,0
2282,1999-09-19T00:00:00.000Z,Fire,FM,TX,1999,1999-09-19T00:00:00.000Z,1,0,0,1,0,9.0,0,0.0,0.0,0.0,338108.89,338108.89,0.0,0.0,338108.89,0.0,0.0,0.0,0.0,0.0,0.0,0.0,0,0,0,0,0,0,0
2283,1999-09-24T00:00:00.000Z,Fire,FM,AL,1999,1998-09-16T00:00:00.000Z,1,0,0,1,0,6.0,1,0.0,0.0,0.0,0.0,0.0,0.0,0.0,0.0,0.0,0.0,0.0,0.0,0.0,0.0,0.0,0,0,0,0,0,0,0
2284,1999-08-31T00:00:00.000Z,Fire,FM,TX,1999,1998-07-07T00:00:00.000Z,1,0,0,1,0,5.0,0,0.0,0.0,0.0,0.0,0.0,0.0,0.0,0.0,0.0,0.0,0.0,0.0,0.0,0.0,0.0,0,0,0,0,0,0,0
2285,1999-08-31T00:00:00.000Z,Fire,FM,TX,1999,1998-07-27T00:00:00.000Z,2,0,0,1,0,5.0,0,0.0,0.0,0.0,0.0,0.0,0.0,0.0,0.0,0.0,0.0,0.0,0.0,0.0,0.0,0.0,0,0,0,0,0,0,0
2286,1999-10-26T00:00:00.000Z,Fire,FM,TX,2000,1999-10-26T00:00:00.000Z,1,0,0,1,0,0.0,0,0.0,0.0,0.0,25820.76,25820.76,0.0,0.0,25820.76,0.0,0.0,0.0,0.0,0.0,0.0,0.0,0,0,0,0,0,0,0
2287,1999-11-22T00:00:00.000Z,Fire,FM,TX,2000,1999-11-22T00:00:00.000Z,1,0,0,1,0,0.0,0,0.0,0.0,0.0,55893.18,55893.18,0.0,0.0,55893.18,0.0,0.0,0.0,0.0,0.0,0.0,0.0,0,0,0,0,0,0,0
2288,1999-11-20T00:00:00.000Z,Fire,FM,KY,2000,1999-11-16T00:00:00.000Z,3,0,0,1,0,6.0,1,0.0,0.0,0.0,926850.15,925935.25,0.0,0.0,926850.15,0.0,0.0,0.0,0.0,0.0,0.0,0.0,0,0,0,0,0,0,0
2289,2000-01-03T00:00:00.000Z,Fire,FM,TX,2000,2000-01-03T00:00:00.000Z,1,0,0,1,0,0.0,0,0.0,0.0,0.0,0.0,0.0,0.0,0.0,0.0,0.0,0.0,0.0,0.0,0.0,0.0,0.0,0,0,0,0,0,0,0
2290,2000-01-04T00:00:00.000Z,Fire,FM,TX,2000,2000-01-04T00:00:00.000Z,1,0,0,1,0,0.0,0,0.0,0.0,0.0,0.0,0.0,0.0,0.0,0.0,0.0,0.0,0.0,0.0,0.0,0.0,0.0,0,0,0,0,0,0,0
2291,2000-01-05T00:00:00.000Z,Fire,FM,TX,2000,2000-01-05T00:00:00.000Z,1,0,0,1,0,0.0,0,0.0,0.0,0.0,0.0,0.0,0.0,0.0,0.0,0.0,0.0,0.0,0.0,0.0,0.0,0.0,0,0,0,0,0,0,0
2292,2000-03-09T00:00:00.000Z,Fire,FM,MO,2000,2000-03-07T00:00:00.000Z,1,0,0,1,0,4.0,0,0.0,0.0,0.0,132351.32,132351.32,0.0,0.0,132351.32,0.0,0.0,0.0,0.0,0.0,0.0,0.0,0,0,0,0,0,0,0
2293,2000-03-20T00:00:00.000Z,Fire,FM,HI,2000,2000-03-20T00:00:00.000Z,1,0,0,1,0,3.0,0,0.0,0.0,0.0,80472.1,82584.27,0.0,0.0,80472.1,0.0,0.0,0.0,0.0,0.0,0.0,0.0,0,0,0,0,0,0,0
2294,2000-04-11T00:00:00.000Z,Fire,FM,FL,2000,2000-04-11T00:00:00.000Z,1,0,0,1,0,6.0,1,0.0,0.0,0.0,0.0,0.0,0.0,0.0,0.0,0.0,0.0,0.0,0.0,0.0,0.0,0.0,0,0,0,0,0,0,0
2295,2000-04-20T00:00:00.000Z,Fire,FM,NM,2000,2000-04-18T00:00:00.000Z,2,0,0,1,0,12.0,0,0.0,0.0,0.0,228394.61,228394.61,0.0,0.0,228394.61,0.0,0.0,0.0,0.0,0.0,0.0,0.0,0,0,0,0,0,0,0
2296,2000-05-08T00:00:00.000Z,Fire,FM,NM,2000,2000-05-07T00:00:00.000Z,1,0,0,1,0,54.0,0,0.0,0.0,0.0,867787.28,867787.28,0.0,0.0,867787.28,0.0,0.0,0.0,0.0,0.0,0.0,0.0,0,0,0,0,0,0,0
2297,2000-05-14T00:00:00.000Z,Fire,FM,NM,2000,2000-05-11T00:00:00.000Z,1,0,0,1,0,39.0,0,0.0,0.0,0.0,650087.95,650087.95,0.0,0.0,650087.95,0.0,0.0,0.0,0.0,0.0,0.0,0.0,0,0,0,0,0,0,0
2298,2000-05-16T00:00:00.000Z,Fire,FM,FL,2000,2000-05-15T00:00:00.000Z,1,0,0,1,0,6.0,1,0.0,0.0,0.0,2054763.81,1996217.54,0.0,0.0,2054763.81,0.0,0.0,0.0,0.0,0.0,0.0,0.0,0,0,0,0,0,0,0
2299,2000-05-19T00:00:00.000Z,Fire,FM,FL,2000,2000-05-19T00:00:00.000Z,5,0,0,1,0,6.0,1,0.0,0.0,0.0,4262388.45,4262388.45,0.0,0.0,4262388.45,0.0,0.0,0.0,0.0,0.0,0.0,0.0,0,0,0,0,0,0,0
2300,2000-05-20T00:00:00.000Z,Fire,FM,FL,2000,2000-05-22T00:00:00.000Z,3,0,0,1,0,6.0,1,0.0,0.0,0.0,1175444.71,1175444.71,0.0,0.0,1175444.71,0.0,0.0,0.0,0.0,0.0,0.0,0.0,0,0,0,0,0,0,0
2301,2000-05-28T00:00:00.000Z,Fire,FM,FL,2000,2000-05-28T00:00:00.000Z,3,0,0,1,0,6.0,1,0.0,0.0,0.0,2662100.82,2662100.82,0.0,0.0,2662100.82,0.0,0.0,0.0,0.0,0.0,0.0,0.0,0,0,0,0,0,0,0
2302,2000-05-28T00:00:00.000Z,Fire,FM,FL,2000,2000-05-28T00:00:00.000Z,1,0,0,1,0,6.0,1,0.0,0.0,0.0,556922.47,556922.47,0.0,0.0,556922.47,0.0,0.0,0.0,0.0,0.0,0.0,0.0,0,0,0,0,0,0,0
2303,2000-05-29T00:00:00.000Z,Fire,FM,FL,2000,2000-05-29T00:00:00.000Z,5,0,0,1,0,6.0,1,0.0,0.0,0.0,1696436.54,1696436.54,0.0,0.0,1696436.54,0.0,0.0,0.0,0.0,0.0,0.0,0.0,0,0,0,0,0,0,0
2304,2000-05-30T00:00:00.000Z,Fire,FM,NM,2000,2000-05-29T00:00:00.000Z,1,0,0,1,0,63.0,0,0.0,0.0,0.0,587627.7,587627.7,0.0,0.0,587627.7,0.0,0.0,0.0,0.0,0.0,0.0,0.0,0,0,0,0,0,0,0
2305,2000-06-02T00:00:00.000Z,Fire,FM,FL,2000,2000-06-02T00:00:00.000Z,3,0,0,1,0,6.0,1,0.0,0.0,0.0,374315.41,374315.41,0.0,0.0,374315.41,0.0,0.0,0.0,0.0,0.0,0.0,0.0,0,0,0,0,0,0,0
2306,2000-06-05T00:00:00.000Z,Fire,FM,FL,2000,2000-06-05T00:00:00.000Z,6,0,0,1,0,6.0,1,0.0,0.0,0.0,646465.83,646465.83,0.0,0.0,646465.83,0.0,0.0,0.0,0.0,0.0,0.0,0.0,0,0,0,0,0,0,0
2307,2000-06-09T00:00:00.000Z,Fire,FM,FL,2000,2000-06-09T00:00:00.000Z,4,0,0,1,0,6.0,1,0.0,0.0,0.0,263418.75,263418.75,0.0,0.0,263418.75,0.0,0.0,0.0,0.0,0.0,0.0,0.0,0,0,0,0,0,0,0
2308,2000-06-12T00:00:00.000Z,Fire,FM,CO,2000,2000-06-12T00:00:00.000Z,1,0,0,1,0,12.0,0,0.0,0.0,0.0,1090377.3,1090377.3,0.0,0.0,1090377.3,0.0,0.0,0.0,0.0,0.0,0.0,0.0,0,0,0,0,0,0,0
2309,2000-06-12T00:00:00.000Z,Fire,FM,CO,2000,2000-06-12T00:00:00.000Z,2,0,0,1,0,13.0,0,0.0,0.0,0.0,3209125.2,3209125.2,0.0,0.0,3209125.2,0.0,0.0,0.0,0.0,0.0,0.0,0.0,0,0,0,0,0,0,0
2310,2000-06-15T00:00:00.000Z,Fire,FM,NM,2000,2000-06-15T00:00:00.000Z,1,0,0,1,0,6.0,0,0.0,0.0,0.0,261748.94,261748.94,0.0,0.0,261748.94,0.0,0.0,0.0,0.0,0.0,0.0,0.0,0,0,0,0,0,0,0
2311,2000-02-29T00:00:00.000Z,Fire,FM,WA,2000,2000-06-28T00:00:00.000Z,1,0,0,1,0,6.0,1,0.0,0.0,0.0,0.0,0.0,0.0,0.0,0.0,0.0,0.0,0.0,0.0,0.0,0.0,0.0,0,0,0,0,0,0,0
2312,2000-06-30T00:00:00.000Z,Fire,FM,NV,2000,2000-06-28T00:00:00.000Z,1,0,0,1,0,2.0,0,0.0,0.0,0.0,0.0,0.0,0.0,0.0,0.0,0.0,0.0,0.0,0.0,0.0,0.0,0.0,0,0,0,0,0,0,0
2313,2000-07-22T00:00:00.000Z,Fire,FM,WA,2000,2000-07-22T00:00:00.000Z,1,0,0,1,0,6.0,1,0.0,0.0,0.0,1829514.81,1829514.81,0.0,0.0,1829514.81,0.0,0.0,0.0,0.0,0.0,0.0,0.0,0,0,0,0,0,0,0
2314,2000-07-24T00:00:00.000Z,Fire,FM,MT,2000,2000-07-24T00:00:00.000Z,4,0,0,1,0,6.0,1,0.0,0.0,0.0,23568300.14,23568300.14,0.0,0.0,23568300.14,0.0,0.0,0.0,0.0,0.0,0.0,0.0,0,0,0,0,0,0,0
2315,2000-07-31T00:00:00.000Z,Fire,FM,WY,2000,2000-07-30T00:00:00.000Z,1,0,0,1,0,4.0,0,0.0,0.0,0.0,485186.01,485186.01,0.0,0.0,485186.01,0.0,0.0,0.0,0.0,0.0,0.0,0.0,0,0,0,0,0,0,0
2316,2000-08-01T00:00:00.000Z,Fire,FM,NV,2000,2000-08-01T00:00:00.000Z,1,0,0,1,0,4.0,0,0.0,0.0,0.0,21098.16,21098.16,0.0,0.0,21098.16,0.0,0.0,0.0,0.0,0.0,0.0,0.0,0,0,0,0,0,0,0
2317,2000-08-05T00:00:00.000Z,Fire,FM,MT,2000,2000-08-05T00:00:00.000Z,7,0,0,1,0,6.0,1,0.0,0.0,0.0,13633895.1,13633895.1,0.0,0.0,13633895.1,0.0,0.0,0.0,0.0,0.0,0.0,0.0,0,0,0,0,0,0,0
2318,2000-08-08T00:00:00.000Z,Fire,FM,MT,2000,2000-08-08T00:00:00.000Z,2,0,0,1,0,6.0,1,0.0,0.0,0.0,138208.0,138208.0,0.0,0.0,138208.0,0.0,0.0,0.0,0.0,0.0,0.0,0.0,0,0,0,0,0,0,0
2319,2000-08-13T00:00:00.000Z,Fire,FM,SD,2000,2000-08-11T00:00:00.000Z,1,0,0,1,0,9.0,0,0.0,0.0,0.0,1050617.89,1050617.89,0.0,0.0,1050617.89,0.0,0.0,0.0,0.0,0.0,0.0,0.0,0,0,0,0,0,0,0
2320,2000-08-14T00:00:00.000Z,Fire,FM,MT,2000,2000-08-14T00:00:00.000Z,4,0,0,1,0,6.0,1,0.0,0.0,0.0,5514048.11,5514048.11,0.0,0.0,5514048.11,0.0,0.0,0.0,0.0,0.0,0.0,0.0,0,0,0,0,0,0,0
2321,2000-08-16T00:00:00.000Z,Fire,FM,MT,2000,2000-08-16T00:00:00.000Z,2,0,0,1,0,6.0,1,0.0,0.0,0.0,18783.0,18783.0,0.0,0.0,18783.0,0.0,0.0,0.0,0.0,0.0,0.0,0.0,0,0,0,0,0,0,0
2322,2000-08-23T00:00:00.000Z,Fire,FM,TX,2000,2000-08-23T00:00:00.000Z,1,0,0,1,0,47.0,0,0.0,0.0,0.0,3684844.28,3684844.28,0.0,0.0,3684844.28,0.0,0.0,0.0,0.0,0.0,0.0,0.0,0,0,0,0,0,0,0
2323,2000-08-25T00:00:00.000Z,Fire,FM,WA,2000,2000-08-23T00:00:00.000Z,2,0,0,1,0,4.0,0,0.0,0.0,0.0,925982.68,925982.68,0.0,0.0,925982.68,0.0,0.0,0.0,0.0,0.0,0.0,0.0,0,0,0,0,0,0,0
2324,2000-08-25T00:00:00.000Z,Fire,FM,SD,2000,2000-08-24T00:00:00.000Z,1,0,0,1,0,6.0,1,0.0,0.0,0.0,2496378.6,2496378.6,0.0,0.0,2496378.6,0.0,0.0,0.0,0.0,0.0,0.0,0.0,0,0,0,0,0,0,0
2325,2000-08-26T00:00:00.000Z,Fire,FM,TX,2000,2000-08-26T00:00:00.000Z,1,0,0,1,0,3.0,0,0.0,0.0,0.0,185207.38,185207.38,0.0,0.0,185207.38,0.0,0.0,0.0,0.0,0.0,0.0,0.0,0,0,0,0,0,0,0
2326,2000-08-28T00:00:00.000Z,Fire,FM,MT,2000,2000-08-28T00:00:00.000Z,1,0,0,1,0,6.0,1,0.0,0.0,0.0,70842.0,70842.0,0.0,0.0,70842.0,0.0,0.0,0.0,0.0,0.0,0.0,0.0,0,0,0,0,0,0,0
2327,2000-08-31T00:00:00.000Z,Fire,FM,TX,2000,2000-08-30T00:00:00.000Z,1,0,0,1,0,14.0,0,0.0,0.0,0.0,871692.4,871692.4,0.0,0.0,871692.4,0.0,0.0,0.0,0.0,0.0,0.0,0.0,0,0,0,0,0,0,0
2328,2000-09-03T00:00:00.000Z,Fire,FM,TX,2000,2000-09-03T00:00:00.000Z,1,0,0,1,0,31.0,0,0.0,0.0,0.0,1457745.93,1457745.93,0.0,0.0,1457745.93,0.0,0.0,0.0,0.0,0.0,0.0,0.0,0,0,0,0,0,0,0
2329,2000-09-04T00:00:00.000Z,Fire,FM,TX,2000,2000-09-04T00:00:00.000Z,1,0,0,1,0,4.0,0,0.0,0.0,0.0,422314.25,422314.25,0.0,0.0,422314.25,0.0,0.0,0.0,0.0,0.0,0.0,0.0,0,0,0,0,0,0,0
2330,2000-09-05T00:00:00.000Z,Fire,FM,TX,2000,2000-09-04T00:00:00.000Z,1,0,0,1,0,1.0,0,0.0,0.0,0.0,717000.55,717000.55,0.0,0.0,717000.55,0.0,0.0,0.0,0.0,0.0,0.0,0.0,0,0,0,0,0,0,0
2331,2000-09-05T00:00:00.000Z,Fire,FM,TX,2000,2000-09-04T00:00:00.000Z,1,0,0,1,0,5.0,0,0.0,0.0,0.0,35147.55,35147.55,0.0,0.0,35147.55,0.0,0.0,0.0,0.0,0.0,0.0,0.0,0,0,0,0,0,0,0
2332,2000-09-05T00:00:00.000Z,Fire,FM,TX,2000,2000-09-04T00:00:00.000Z,1,0,0,1,0,3.0,0,0.0,0.0,0.0,199185.63,199185.63,0.0,0.0,199185.63,0.0,0.0,0.0,0.0,0.0,0.0,0.0,0,0,0,0,0,0,0
2333,2000-09-07T00:00:00.000Z,Fire,FM,TX,2000,2000-09-06T00:00:00.000Z,1,0,0,1,0,2.0,0,0.0,0.0,0.0,27676.97,27676.97,0.0,0.0,27676.97,0.0,0.0,0.0,0.0,0.0,0.0,0.0,0,0,0,0,0,0,0
2334,2000-09-07T00:00:00.000Z,Fire,FM,TX,2000,2000-09-06T00:00:00.000Z,1,0,0,1,0,1.0,0,0.0,0.0,0.0,72256.34,72256.34,0.0,0.0,72256.34,0.0,0.0,0.0,0.0,0.0,0.0,0.0,0,0,0,0,0,0,0
2335,2000-09-08T00:00:00.000Z,Fire,FM,TX,2000,2000-09-08T00:00:00.000Z,2,0,0,1,0,5.0,0,0.0,0.0,0.0,428499.97,428499.97,0.0,0.0,428499.97,0.0,0.0,0.0,0.0,0.0,0.0,0.0,0,0,0,0,0,0,0
2336,2000-09-10T00:00:00.000Z,Fire,FM,TX,2000,2000-09-09T00:00:00.000Z,1,0,0,1,0,1.0,0,0.0,0.0,0.0,84382.38,84382.38,0.0,0.0,84382.38,0.0,0.0,0.0,0.0,0.0,0.0,0.0,0,0,0,0,0,0,0
2337,2000-09-11T00:00:00.000Z,Fire,FM,LA,2000,2000-09-08T00:00:00.000Z,11,0,0,1,0,14.0,0,0.0,0.0,0.0,325803.92,325803.92,0.0,0.0,325803.92,0.0,0.0,0.0,0.0,0.0,0.0,0.0,0,0,0,0,0,0,0
2338,2000-09-16T00:00:00.000Z,Fire,FM,CO,2000,2000-09-16T00:00:00.000Z,1,0,0,1,0,4.0,0,0.0,0.0,0.0,1371792.07,1371792.07,0.0,0.0,1371792.07,0.0,0.0,0.0,0.0,0.0,0.0,0.0,0,0,0,0,0,0,0
2339,2000-09-17T00:00:00.000Z,Fire,FM,AL,2000,2000-09-15T00:00:00.000Z,1,0,0,1,0,6.0,1,0.0,0.0,0.0,0.0,0.0,0.0,0.0,0.0,0.0,0.0,0.0,0.0,0.0,0.0,0.0,0,0,0,0,0,0,0
2340,2000-09-18T00:00:00.000Z,Fire,FM,TX,2000,2000-09-17T00:00:00.000Z,1,0,0,1,0,1.0,0,0.0,0.0,0.0,71766.81,71766.81,0.0,0.0,71766.81,0.0,0.0,0.0,0.0,0.0,0.0,0.0,0,0,0,0,0,0,0
2341,2000-09-19T00:00:00.000Z,Fire,FM,OK,2000,2000-09-18T00:00:00.000Z,1,0,0,1,0,17.0,0,0.0,0.0,0.0,1114963.35,1114963.35,0.0,0.0,1114963.35,0.0,0.0,0.0,0.0,0.0,0.0,0.0,0,0,0,0,0,0,0
2342,2000-09-21T00:00:00.000Z,Fire,FM,OK,2000,2000-09-18T00:00:00.000Z,1,0,0,1,0,7.0,0,0.0,0.0,0.0,109241.75,109241.75,0.0,0.0,109241.75,0.0,0.0,0.0,0.0,0.0,0.0,0.0,0,0,0,0,0,0,0
2343,2000-09-21T00:00:00.000Z,Fire,FM,OK,2000,2000-09-19T00:00:00.000Z,1,0,0,1,0,13.0,0,0.0,0.0,0.0,102666.28,102666.28,0.0,0.0,102666.28,0.0,0.0,0.0,0.0,0.0,0.0,0.0,0,0,0,0,0,0,0
2344,2000-10-03T00:00:00.000Z,Fire,FM,TX,2001,2000-10-02T00:00:00.000Z,1,0,0,1,0,1.0,0,0.0,0.0,0.0,98597.18,98597.18,0.0,0.0,98597.18,0.0,0.0,0.0,0.0,0.0,0.0,0.0,0,0,0,0,0,0,0
2345,2000-10-20T00:00:00.000Z,Fire,FM,MN,2001,2000-10-19T00:00:00.000Z,5,0,0,1,0,14.0,0,0.0,0.0,0.0,2539053.48,2539053.48,0.0,0.0,2539053.48,0.0,0.0,0.0,0.0,0.0,0.0,0.0,0,0,0,0,0,0,0
2346,2000-11-02T00:00:00.000Z,Fire,FM,TN,2001,2000-10-30T00:00:00.000Z,2,0,0,1,0,6.0,1,0.0,0.0,0.0,254258.94,254258.94,0.0,0.0,254258.94,0.0,0.0,0.0,0.0,0.0,0.0,0.0,0,0,0,0,0,0,0
2347,2000-11-03T00:00:00.000Z,Fire,FM,TN,2001,2000-11-01T00:00:00.000Z,2,0,0,1,0,6.0,1,0.0,0.0,0.0,385486.13,385486.13,0.0,0.0,385486.13,0.0,0.0,0.0,0.0,0.0,0.0,0.0,0,0,0,0,0,0,0
2348,2000-11-03T00:00:00.000Z,Fire,FM,TN,2001,2000-10-30T00:00:00.000Z,3,0,0,1,0,6.0,1,0.0,0.0,0.0,93972.96,93972.96,0.0,0.0,93972.96,0.0,0.0,0.0,0.0,0.0,0.0,0.0,0,0,0,0,0,0,0
2349,2000-11-04T00:00:00.000Z,Fire,FM,KY,2001,2000-10-30T00:00:00.000Z,10,0,0,1,0,6.0,1,0.0,0.0,0.0,1000625.76,1000625.76,0.0,0.0,1000625.76,0.0,0.0,0.0,0.0,0.0,0.0,0.0,0,0,0,0,0,0,0
2350,2000-11-04T00:00:00.000Z,Fire,FM,KY,2001,2000-10-30T00:00:00.000Z,6,0,0,1,0,6.0,1,0.0,0.0,0.0,81878.55,81878.55,0.0,0.0,81878.55,0.0,0.0,0.0,0.0,0.0,0.0,0.0,0,0,0,0,0,0,0
2351,2001-01-05T00:00:00.000Z,Fire,FM,TX,2001,2000-08-28T00:00:00.000Z,1,0,0,1,0,16.0,0,0.0,0.0,0.0,0.0,0.0,0.0,0.0,0.0,0.0,0.0,0.0,0.0,0.0,0.0,0.0,0,0,0,0,0,0,0
2352,2001-01-05T00:00:00.000Z,Fire,FM,TX,2001,2000-09-04T00:00:00.000Z,1,0,0,1,0,1.0,0,0.0,0.0,0.0,0.0,0.0,0.0,0.0,0.0,0.0,0.0,0.0,0.0,0.0,0.0,0.0,0,0,0,0,0,0,0
2353,2001-03-18T00:00:00.000Z,Fire,FM,FL,2001,2001-02-17T00:00:00.000Z,3,0,0,1,0,6.0,1,0.0,0.0,0.0,3950133.61,3781834.76,0.0,0.0,3950133.61,0.0,0.0,0.0,0.0,0.0,0.0,0.0,0,0,0,0,0,0,0
2354,2001-02-19T00:00:00.000Z,Fire,FM,FL,2001,2001-02-19T00:00:00.000Z,5,0,0,1,0,6.0,1,0.0,0.0,0.0,1546000.26,1546000.26,0.0,0.0,1546000.26,0.0,0.0,0.0,0.0,0.0,0.0,0.0,0,0,0,0,0,0,0
2355,2001-02-19T00:00:00.000Z,Fire,FM,FL,2001,2001-02-19T00:00:00.000Z,3,0,0,1,0,6.0,1,0.0,0.0,0.0,959055.0,959055.0,0.0,0.0,959055.0,0.0,0.0,0.0,0.0,0.0,0.0,0.0,0,0,0,0,0,0,0
2356,2000-01-13T00:00:00.000Z,Fire,FM,NV,2000,1999-08-06T00:00:00.000Z,1,0,0,1,0,0.0,0,0.0,0.0,0.0,11549.67,11549.67,0.0,0.0,11549.67,0.0,0.0,0.0,0.0,0.0,0.0,0.0,0,0,0,0,0,0,0
2357,2001-04-17T00:00:00.000Z,Fire,FM,FL,2001,2001-04-16T00:00:00.000Z,3,0,0,1,0,6.0,1,0.0,0.0,0.0,880498.85,880498.85,0.0,0.0,880498.85,0.0,0.0,0.0,0.0,0.0,0.0,0.0,0,0,0,0,0,0,0
2358,2001-04-18T00:00:00.000Z,Fire,FM,FL,2001,2001-04-17T00:00:00.000Z,5,0,0,1,0,6.0,1,0.0,0.0,0.0,2295294.63,2295294.63,0.0,0.0,2295294.63,0.0,0.0,0.0,0.0,0.0,0.0,0.0,0,0,0,0,0,0,0
2359,2001-04-25T00:00:00.000Z,Fire,FM,FL,2001,2001-04-17T00:00:00.000Z,2,0,0,1,0,6.0,1,0.0,0.0,0.0,673337.53,673337.53,0.0,0.0,673337.53,0.0,0.0,0.0,0.0,0.0,0.0,0.0,0,0,0,0,0,0,0
2360,2001-05-15T00:00:00.000Z,Fire,FM,FL,2001,2001-05-14T00:00:00.000Z,2,0,0,1,0,0.0,0,0.0,0.0,0.0,695210.91,695210.91,0.0,0.0,695210.91,0.0,0.0,0.0,0.0,0.0,0.0,0.0,0,0,0,0,0,0,0
2361,2001-05-16T00:00:00.000Z,Fire,FM,FL,2001,2001-05-15T00:00:00.000Z,1,0,0,1,0,6.0,1,0.0,0.0,0.0,350001.76,350001.76,0.0,0.0,350001.76,0.0,0.0,0.0,0.0,0.0,0.0,0.0,0,0,0,0,0,0,0
2362,2001-05-23T00:00:00.000Z,Fire,FM,GA,2001,2001-05-17T00:00:00.000Z,1,0,0,1,0,6.0,1,0.0,0.0,0.0,828614.56,828614.56,0.0,0.0,828614.56,0.0,0.0,0.0,0.0,0.0,0.0,0.0,0,0,0,0,0,0,0
2363,2001-05-23T00:00:00.000Z,Fire,FM,FL,2001,2001-05-23T00:00:00.000Z,2,0,0,1,0,6.0,1,0.0,0.0,0.0,5060820.9,5060820.9,0.0,0.0,5060820.9,0.0,0.0,0.0,0.0,0.0,0.0,0.0,0,0,0,0,0,0,0
2364,2001-06-03T00:00:00.000Z,Fire,FM,NM,2001,2001-06-02T00:00:00.000Z,2,0,0,1,0,1.0,0,0.0,0.0,0.0,0.0,0.0,0.0,0.0,0.0,0.0,0.0,0.0,0.0,0.0,0.0,0.0,0,0,0,0,0,0,0
2365,2001-06-30T00:00:00.000Z,Fire,FM,AK,2001,2001-06-29T00:00:00.000Z,1,0,0,1,0,4.0,0,0.0,0.0,0.0,0.0,0.0,0.0,0.0,0.0,0.0,0.0,0.0,0.0,0.0,0.0,0.0,0,0,0,0,0,0,0
2366,2001-07-05T00:00:00.000Z,Fire,FM,NV,2001,2001-07-05T00:00:00.000Z,1,0,0,1,0,0.0,0,0.0,0.0,0.0,0.0,0.0,0.0,0.0,0.0,0.0,0.0,0.0,0.0,0.0,0.0,0.0,0,0,0,0,0,0,0
2367,2001-07-26T00:00:00.000Z,Fire,FM,WY,2001,2001-07-26T00:00:00.000Z,1,0,0,1,0,13.0,0,0.0,0.0,0.0,2670288.12,2670288.12,0.0,0.0,2670288.12,0.0,0.0,0.0,0.0,0.0,0.0,0.0,0,0,0,0,0,0,0
2368,2001-07-28T00:00:00.000Z,Fire,FM,WA,2001,2001-07-28T00:00:00.000Z,1,0,0,1,0,7.0,0,0.0,0.0,0.0,1121445.74,1121445.74,0.0,0.0,1121445.74,0.0,0.0,0.0,0.0,0.0,0.0,0.0,0,0,0,0,0,0,0
2369,2001-08-01T00:00:00.000Z,Fire,FM,SD,2001,2001-07-30T00:00:00.000Z,1,0,0,1,0,6.0,1,0.0,0.0,0.0,293179.37,293179.37,0.0,0.0,293179.37,0.0,0.0,0.0,0.0,0.0,0.0,0.0,0,0,0,0,0,0,0
2370,2001-08-01T00:00:00.000Z,Fire,FM,WY,2001,2001-07-31T00:00:00.000Z,1,0,0,1,0,8.0,0,0.0,0.0,0.0,334733.96,334733.96,0.0,0.0,334733.96,0.0,0.0,0.0,0.0,0.0,0.0,0.0,0,0,0,0,0,0,0
2371,2001-08-09T00:00:00.000Z,Fire,FM,NV,2001,2001-08-09T00:00:00.000Z,1,0,0,1,0,6.0,1,0.0,0.0,0.0,0.0,0.0,0.0,0.0,0.0,0.0,0.0,0.0,0.0,0.0,0.0,0.0,0,0,0,0,0,0,0
2372,2001-08-14T00:00:00.000Z,Fire,FM,WA,2001,2001-08-13T00:00:00.000Z,1,0,0,1,0,16.0,0,0.0,0.0,0.0,1707296.8,1707296.8,0.0,0.0,1707296.8,0.0,0.0,0.0,0.0,0.0,0.0,0.0,0,0,0,0,0,0,0
2373,2001-08-14T00:00:00.000Z,Fire,FM,WA,2001,2001-08-13T00:00:00.000Z,1,0,0,1,0,8.0,0,0.0,0.0,0.0,2722101.81,2722101.81,0.0,0.0,2722101.81,0.0,0.0,0.0,0.0,0.0,0.0,0.0,0,0,0,0,0,0,0
2374,2001-08-14T00:00:00.000Z,Fire,FM,WA,2001,2001-08-14T00:00:00.000Z,1,0,0,1,0,7.0,0,0.0,0.0,0.0,1186851.58,1186851.58,0.0,0.0,1186851.58,0.0,0.0,0.0,0.0,0.0,0.0,0.0,0,0,0,0,0,0,0
2375,2001-08-15T00:00:00.000Z,Fire,FM,OR,2001,2001-08-15T00:00:00.000Z,1,0,0,1,0,4.0,0,0.0,0.0,0.0,363262.4,363262.4,0.0,0.0,363262.4,0.0,0.0,0.0,0.0,0.0,0.0,0.0,0,0,0,0,0,0,0
2376,2001-08-16T00:00:00.000Z,Fire,FM,WA,2001,2001-08-14T00:00:00.000Z,1,0,0,1,0,15.0,0,0.0,0.0,0.0,536017.54,536017.54,0.0,0.0,536017.54,0.0,0.0,0.0,0.0,0.0,0.0,0.0,0,0,0,0,0,0,0
2377,2001-08-16T00:00:00.000Z,Fire,FM,WA,2001,2001-08-15T00:00:00.000Z,1,0,0,1,0,8.0,0,0.0,0.0,0.0,2761493.04,2761493.04,0.0,0.0,2761493.04,0.0,0.0,0.0,0.0,0.0,0.0,0.0,0,0,0,0,0,0,0
2378,2001-08-17T00:00:00.000Z,Fire,FM,WA,2001,2001-08-16T00:00:00.000Z,1,0,0,1,0,9.0,0,0.0,0.0,0.0,1641186.86,1641186.86,0.0,0.0,1641186.86,0.0,0.0,0.0,0.0,0.0,0.0,0.0,0,0,0,0,0,0,0
2379,2001-08-17T00:00:00.000Z,Fire,FM,WA,2001,2001-08-13T00:00:00.000Z,1,0,0,1,0,18.0,0,0.0,0.0,0.0,1008947.13,1008947.13,0.0,0.0,1008947.13,0.0,0.0,0.0,0.0,0.0,0.0,0.0,0,0,0,0,0,0,0
2380,2001-08-17T00:00:00.000Z,Fire,FM,OR,2001,2001-08-17T00:00:00.000Z,1,0,0,1,0,5.0,0,0.0,0.0,0.0,2953040.3,2953040.3,0.0,0.0,2953040.3,0.0,0.0,0.0,0.0,0.0,0.0,0.0,0,0,0,0,0,0,0
2381,2001-08-19T00:00:00.000Z,Fire,FM,UT,2001,2001-08-18T00:00:00.000Z,1,0,0,1,0,6.0,1,0.0,0.0,0.0,53686.5,53686.5,0.0,0.0,53686.5,0.0,0.0,0.0,0.0,0.0,0.0,0.0,0,0,0,0,0,0,0
2382,2001-09-06T00:00:00.000Z,Fire,FM,WY,2001,2001-09-05T00:00:00.000Z,1,0,0,1,0,3.0,0,0.0,0.0,0.0,76944.59,76944.59,0.0,0.0,76944.59,0.0,0.0,0.0,0.0,0.0,0.0,0.0,0,0,0,0,0,0,0
2383,2001-11-01T00:00:00.000Z,Fire,FM,CO,2002,2001-10-31T00:00:00.000Z,1,0,0,1,0,3.0,0,0.0,0.0,0.0,0.0,0.0,0.0,0.0,0.0,0.0,0.0,0.0,0.0,0.0,0.0,0.0,0,0,0,0,0,0,0
2384,2001-11-02T00:00:00.000Z,Fire,FM,KY,2002,2001-11-02T00:00:00.000Z,1,0,0,1,0,6.0,1,0.0,0.0,0.0,574906.82,574906.82,0.0,0.0,574906.82,0.0,0.0,0.0,0.0,0.0,0.0,0.0,0,0,0,0,0,0,0
2385,2001-11-02T00:00:00.000Z,Fire,FM,KY,2002,2001-11-02T00:00:00.000Z,10,0,0,1,0,6.0,1,0.0,0.0,0.0,880634.65,880634.65,0.0,0.0,880634.65,0.0,0.0,0.0,0.0,0.0,0.0,0.0,0,0,0,0,0,0,0
2386,2001-11-02T00:00:00.000Z,Fire,FM,KY,2002,2001-11-02T00:00:00.000Z,6,0,0,1,0,19.0,0,0.0,0.0,0.0,1815259.18,1815259.18,0.0,0.0,1815259.18,0.0,0.0,0.0,0.0,0.0,0.0,0.0,0,0,0,0,0,0,0
2387,2001-11-03T00:00:00.000Z,Fire,FM,TN,2002,2001-11-03T00:00:00.000Z,6,0,0,1,0,6.0,1,0.0,0.0,0.0,1196608.92,1196608.92,0.0,0.0,1196608.92,0.0,0.0,0.0,0.0,0.0,0.0,0.0,0,0,0,0,0,0,0
2388,2001-11-09T00:00:00.000Z,Fire,FM,SC,2002,2001-11-07T00:00:00.000Z,1,0,0,1,0,19.0,0,0.0,0.0,0.0,267732.58,0.0,267732.58,0.0,267732.58,0.0,0.0,0.0,0.0,0.0,0.0,0.0,0,0,0,0,0,0,0
2389,2001-11-14T00:00:00.000Z,Fire,FM,TN,2002,2001-11-12T00:00:00.000Z,1,0,0,1,0,6.0,1,0.0,0.0,0.0,532317.35,532317.35,0.0,0.0,532317.35,0.0,0.0,0.0,0.0,0.0,0.0,0.0,0,0,0,0,0,0,0
2390,2001-11-16T00:00:00.000Z,Fire,FM,VA,2002,2001-11-14T00:00:00.000Z,3,0,0,1,0,25.0,0,0.0,0.0,0.0,394778.25,394778.25,0.0,0.0,394778.25,0.0,0.0,0.0,0.0,0.0,0.0,0.0,0,0,0,0,0,0,0
2391,2001-11-16T00:00:00.000Z,Fire,FM,WV,2002,2001-11-16T00:00:00.000Z,12,0,0,1,0,14.0,0,0.0,0.0,0.0,292087.28,292087.28,0.0,0.0,292087.28,0.0,0.0,0.0,0.0,0.0,0.0,0.0,0,0,0,0,0,0,0
2392,2001-11-16T00:00:00.000Z,Fire,FM,WV,2002,2001-11-16T00:00:00.000Z,2,0,0,1,0,14.0,0,0.0,0.0,0.0,0.0,0.0,0.0,0.0,0.0,0.0,0.0,0.0,0.0,0.0,0.0,0.0,0,0,0,0,0,0,0
2393,2001-11-20T00:00:00.000Z,Fire,FM,VA,2002,2001-11-19T00:00:00.000Z,1,0,0,1,0,20.0,0,0.0,0.0,0.0,122495.25,122495.25,0.0,0.0,122495.25,0.0,0.0,0.0,0.0,0.0,0.0,0.0,0,0,0,0,0,0,0
2394,2001-11-20T00:00:00.000Z,Fire,FM,VA,2002,2001-11-19T00:00:00.000Z,2,0,0,1,0,20.0,0,0.0,0.0,0.0,133002.75,133002.75,0.0,0.0,133002.75,0.0,0.0,0.0,0.0,0.0,0.0,0.0,0,0,0,0,0,0,0
2395,2001-11-20T00:00:00.000Z,Fire,FM,AL,2002,2001-11-20T00:00:00.000Z,3,0,0,1,0,3.0,0,0.0,0.0,0.0,0.0,0.0,0.0,0.0,0.0,0.0,0.0,0.0,0.0,0.0,0.0,0.0,0,0,0,0,0,0,0
2396,2002-02-11T00:00:00.000Z,Fire,FM,CA,2002,2002-02-10T00:00:00.000Z,1,0,0,1,0,5.0,0,0.0,0.0,0.0,2272904.0,117286.77,0.0,0.0,2272904.0,0.0,0.0,0.0,0.0,0.0,0.0,0.0,0,0,0,0,0,0,0
2397,2002-02-28T00:00:00.000Z,Fire,FM,VA,2002,2002-02-27T00:00:00.000Z,1,0,0,1,0,3.0,0,0.0,0.0,0.0,0.0,0.0,0.0,0.0,0.0,0.0,0.0,0.0,0.0,0.0,0.0,0.0,0,0,0,0,0,0,0
2398,2002-03-23T00:00:00.000Z,Fire,FM,NM,2002,2002-03-23T00:00:00.000Z,1,0,0,1,0,9.0,0,0.0,0.0,0.0,739292.95,739292.95,0.0,0.0,739292.95,0.0,0.0,0.0,0.0,0.0,0.0,0.0,0,0,0,0,0,0,0
2399,2002-04-23T00:00:00.000Z,Fire,FM,CO,2002,2002-04-23T00:00:00.000Z,1,0,0,1,0,6.0,0,0.0,0.0,0.0,609048.69,35079.16,388125.0,0.0,609048.69,0.0,0.0,0.0,0.0,0.0,0.0,0.0,0,0,0,0,0,0,0
2400,2002-04-30T00:00:00.000Z,Fire,FM,AZ,2002,2002-04-29T00:00:00.000Z,1,0,0,1,0,9.0,0,0.0,0.0,0.0,522973.11,522973.11,0.0,0.0,522973.11,0.0,0.0,0.0,0.0,0.0,0.0,0.0,0,0,0,0,0,0,0
2401,2002-05-01T00:00:00.000Z,Fire,FM,CO,2002,2002-04-30T00:00:00.000Z,1,0,0,1,0,5.0,0,0.0,0.0,0.0,343461.6,0.0,279000.0,0.0,343461.6,0.0,0.0,0.0,0.0,0.0,0.0,0.0,0,0,0,0,0,0,0
2402,2002-05-01T00:00:00.000Z,Fire,FM,NM,2002,2002-04-30T00:00:00.000Z,1,0,0,1,0,34.0,0,0.0,0.0,0.0,2505601.52,13605.67,0.0,0.0,2505601.52,0.0,0.0,0.0,0.0,0.0,0.0,0.0,0,0,0,0,0,0,0
2403,2002-05-05T00:00:00.000Z,Fire,FM,CO,2002,2002-05-05T00:00:00.000Z,1,0,0,1,0,7.0,0,0.0,0.0,0.0,314629.34,9635.97,170437.5,0.0,314629.34,0.0,0.0,0.0,0.0,0.0,0.0,0.0,0,0,0,0,0,0,0
2404,2002-05-07T00:00:00.000Z,Fire,FM,NM,2002,2002-05-06T00:00:00.000Z,1,0,0,1,0,11.0,0,0.0,0.0,0.0,298474.23,233499.75,0.0,0.0,298474.23,0.0,0.0,0.0,0.0,0.0,0.0,0.0,0,0,0,0,0,0,0
2405,2002-05-14T00:00:00.000Z,Fire,FM,CA,2002,2002-05-13T00:00:00.000Z,1,0,0,1,0,2.0,0,0.0,0.0,0.0,307152.86,14617.29,0.0,0.0,307152.86,0.0,0.0,0.0,0.0,0.0,0.0,0.0,0,0,0,0,0,0,0
2406,2002-05-15T00:00:00.000Z,Fire,FM,AZ,2002,2002-05-15T00:00:00.000Z,1,0,0,1,0,3.0,0,0.0,0.0,0.0,766588.42,765511.71,0.0,0.0,766588.42,0.0,0.0,0.0,0.0,0.0,0.0,0.0,0,0,0,0,0,0,0
2407,2002-05-23T00:00:00.000Z,Fire,FM,CO,2002,2002-05-21T00:00:00.000Z,1,0,0,1,0,8.0,0,0.0,0.0,0.0,516631.41,101680.92,287747.25,0.0,516631.41,0.0,0.0,0.0,0.0,0.0,0.0,0.0,0,0,0,0,0,0,0
2408,2002-05-23T00:00:00.000Z,Fire,FM,NM,2002,2002-05-22T00:00:00.000Z,2,0,0,1,0,19.0,0,0.0,0.0,0.0,958864.51,958864.51,0.0,0.0,958864.51,0.0,0.0,0.0,0.0,0.0,0.0,0.0,0,0,0,0,0,0,0
2409,2002-06-01T00:00:00.000Z,Fire,FM,MN,2002,2002-05-31T00:00:00.000Z,1,0,0,1,0,4.0,0,0.0,0.0,0.0,209475.0,0.0,0.0,0.0,209475.0,0.0,0.0,0.0,0.0,0.0,0.0,0.0,0,0,0,0,0,0,0
2410,2002-06-02T00:00:00.000Z,Fire,FM,CO,2002,2002-06-02T00:00:00.000Z,1,0,0,1,0,8.0,0,0.0,0.0,0.0,1276717.16,13367.66,607485.0,0.0,1276717.16,0.0,0.0,0.0,0.0,0.0,0.0,0.0,0,0,0,0,0,0,0
2411,2002-06-02T00:00:00.000Z,Fire,FM,NJ,2002,2002-06-02T00:00:00.000Z,1,0,0,1,0,0.0,0,0.0,0.0,0.0,0.0,0.0,0.0,0.0,0.0,0.0,0.0,0.0,0.0,0.0,0.0,0.0,0,0,0,0,0,0,0
2412,2002-06-03T00:00:00.000Z,Fire,FM,CO,2002,2002-06-02T00:00:00.000Z,1,0,0,1,0,24.0,0,0.0,0.0,0.0,1867130.11,5919.71,1462500.0,0.0,1867130.11,0.0,0.0,0.0,0.0,0.0,0.0,0.0,0,0,0,0,0,0,0
2413,2002-06-03T00:00:00.000Z,Fire,FM,CO,2002,2002-06-02T00:00:00.000Z,1,0,0,1,0,24.0,0,0.0,0.0,0.0,0.0,0.0,0.0,0.0,0.0,0.0,0.0,0.0,0.0,0.0,0.0,0.0,0,0,0,0,0,0,0
2414,2002-06-04T00:00:00.000Z,Fire,FM,NM,2002,2002-06-02T00:00:00.000Z,1,0,0,1,0,42.0,0,0.0,0.0,0.0,561239.87,561239.87,0.0,0.0,561239.87,0.0,0.0,0.0,0.0,0.0,0.0,0.0,0,0,0,0,0,0,0
2415,2002-06-04T00:00:00.000Z,Fire,FM,NM,2002,2002-06-02T00:00:00.000Z,1,0,0,1,0,31.0,0,0.0,0.0,0.0,558523.54,558523.54,0.0,0.0,558523.54,0.0,0.0,0.0,0.0,0.0,0.0,0.0,0,0,0,0,0,0,0
2416,2002-06-06T00:00:00.000Z,Fire,FM,NM,2002,2002-06-02T00:00:00.000Z,1,0,0,1,0,14.0,0,0.0,0.0,0.0,6435257.27,5001925.63,0.0,0.0,6435257.27,0.0,0.0,0.0,0.0,0.0,0.0,0.0,0,0,0,0,0,0,0
2417,2002-06-06T00:00:00.000Z,Fire,FM,CA,2002,2002-06-05T00:00:00.000Z,1,0,0,1,0,9.0,0,0.0,0.0,0.0,1101982.53,124133.1,0.0,0.0,1101982.53,0.0,0.0,0.0,0.0,0.0,0.0,0.0,0,0,0,0,0,0,0
2418,2002-06-07T00:00:00.000Z,Fire,FM,CO,2002,2002-06-06T00:00:00.000Z,1,0,0,1,0,4.0,0,0.0,0.0,0.0,68955.63,2936.71,22500.0,0.0,68955.63,0.0,0.0,0.0,0.0,0.0,0.0,0.0,0,0,0,0,0,0,0
2419,2002-06-08T00:00:00.000Z,Fire,FM,CO,2002,2002-06-08T00:00:00.000Z,1,0,0,1,0,21.0,0,0.0,0.0,0.0,1386466.67,2329.26,1299062.25,0.0,1386466.67,0.0,0.0,0.0,0.0,0.0,0.0,0.0,0,0,0,0,0,0,0
2420,2002-06-09T00:00:00.000Z,Fire,FM,NV,2002,2002-06-08T00:00:00.000Z,1,0,0,1,0,4.0,0,0.0,0.0,0.0,302379.36,0.0,0.0,0.0,302379.36,0.0,0.0,0.0,0.0,0.0,0.0,0.0,0,0,0,0,0,0,0
2421,2002-06-09T00:00:00.000Z,Fire,FM,CO,2002,2002-06-08T00:00:00.000Z,1,0,0,1,0,42.0,0,0.0,0.0,0.0,5635120.91,830803.58,3930544.5,0.0,5635120.91,0.0,0.0,0.0,0.0,0.0,0.0,0.0,0,0,0,0,0,0,0
2422,2002-06-10T00:00:00.000Z,Fire,FM,CO,2002,2002-06-09T00:00:00.000Z,1,0,0,1,0,9.0,0,0.0,0.0,0.0,187811.25,11971.43,136086.0,0.0,187811.25,0.0,0.0,0.0,0.0,0.0,0.0,0.0,0,0,0,0,0,0,0
2423,2002-06-11T00:00:00.000Z,Fire,FM,CO,2002,2002-06-09T00:00:00.000Z,1,0,0,1,0,61.0,0,0.0,0.0,0.0,3510136.9,129360.85,1748391.0,0.0,3510136.9,0.0,0.0,0.0,0.0,0.0,0.0,0.0,0,0,0,0,0,0,0
2424,2002-06-13T00:00:00.000Z,Fire,FM,NM,2002,2002-06-13T00:00:00.000Z,1,0,0,1,0,29.0,0,0.0,0.0,0.0,258389.44,255103.7,0.0,0.0,258389.44,0.0,0.0,0.0,0.0,0.0,0.0,0.0,0,0,0,0,0,0,0
2425,2002-06-17T00:00:00.000Z,Fire,FM,CA,2002,2002-06-16T00:00:00.000Z,1,0,0,1,0,6.0,0,0.0,0.0,0.0,697351.18,44959.17,0.0,0.0,697351.18,0.0,0.0,0.0,0.0,0.0,0.0,0.0,0,0,0,0,0,0,0
2426,2002-06-18T00:00:00.000Z,Fire,FM,SC,2002,2002-06-17T00:00:00.000Z,1,0,0,1,0,7.0,0,0.0,0.0,0.0,0.0,0.0,0.0,0.0,0.0,0.0,0.0,0.0,0.0,0.0,0.0,0.0,0,0,0,0,0,0,0
2427,2002-06-18T00:00:00.000Z,Fire,FM,WY,2002,2002-06-18T00:00:00.000Z,2,0,0,1,0,19.0,0,0.0,0.0,0.0,257930.57,0.0,0.0,0.0,257930.57,0.0,0.0,0.0,0.0,0.0,0.0,0.0,0,0,0,0,0,0,0
2428,2002-06-19T00:00:00.000Z,Fire,FM,CO,2002,2002-06-19T00:00:00.000Z,1,0,0,1,0,45.0,0,0.0,0.0,0.0,974428.11,14909.97,705139.5,0.0,974428.11,0.0,0.0,0.0,0.0,0.0,0.0,0.0,0,0,0,0,0,0,0
2429,2002-06-19T00:00:00.000Z,Fire,FM,AZ,2002,2002-06-18T00:00:00.000Z,1,0,0,1,0,19.0,0,0.0,0.0,0.0,3388408.47,2739680.55,0.0,0.0,3388408.47,0.0,0.0,0.0,0.0,0.0,0.0,0.0,0,0,0,0,0,0,0
2430,2002-06-21T00:00:00.000Z,Fire,FM,AZ,2002,2002-06-20T00:00:00.000Z,1,0,0,1,0,17.0,0,0.0,0.0,0.0,0.0,0.0,0.0,0.0,0.0,0.0,0.0,0.0,0.0,0.0,0.0,0.0,0,0,0,0,0,0,0
2431,2002-06-23T00:00:00.000Z,Fire,FM,CO,2002,2002-06-23T00:00:00.000Z,1,0,0,1,0,5.0,0,0.0,0.0,0.0,11114.8,0.0,28722.0,0.0,11114.8,0.0,0.0,0.0,0.0,0.0,0.0,0.0,0,0,0,0,0,0,0
2432,2002-06-25T00:00:00.000Z,Fire,FM,CO,2002,2002-06-25T00:00:00.000Z,1,0,0,1,0,45.0,0,0.0,0.0,0.0,293915.21,5819.32,384102.75,0.0,293915.21,0.0,0.0,0.0,0.0,0.0,0.0,0.0,0,0,0,0,0,0,0
2433,2002-06-27T00:00:00.000Z,Fire,FM,CA,2002,2002-06-26T00:00:00.000Z,1,0,0,1,0,4.0,0,0.0,0.0,0.0,1084502.65,44668.3,0.0,0.0,1084502.65,0.0,0.0,0.0,0.0,0.0,0.0,0.0,0,0,0,0,0,0,0
2434,2002-06-29T00:00:00.000Z,Fire,FM,SD,2002,2002-06-29T00:00:00.000Z,1,0,0,1,0,18.0,0,0.0,0.0,0.0,759649.98,136300.5,0.0,0.0,759649.98,0.0,0.0,0.0,0.0,0.0,0.0,0.0,0,0,0,0,0,0,0
2435,2002-06-29T00:00:00.000Z,Fire,FM,ND,2002,2002-06-29T00:00:00.000Z,1,0,0,1,0,4.0,0,0.0,0.0,0.0,0.0,0.0,0.0,0.0,0.0,0.0,0.0,0.0,0.0,0.0,0.0,0.0,0,0,0,0,0,0,0
2436,2002-07-01T00:00:00.000Z,Fire,FM,WY,2002,2002-06-29T00:00:00.000Z,1,0,0,1,0,13.0,0,0.0,0.0,0.0,1729013.04,0.0,0.0,0.0,1729013.04,0.0,0.0,0.0,0.0,0.0,0.0,0.0,0,0,0,0,0,0,0
2437,2002-07-01T00:00:00.000Z,Fire,FM,UT,2002,2002-06-30T00:00:00.000Z,1,0,0,1,0,5.0,0,0.0,0.0,0.0,282120.02,0.0,0.0,0.0,282120.02,0.0,0.0,0.0,0.0,0.0,0.0,0.0,0,0,0,0,0,0,0
2438,2002-07-03T00:00:00.000Z,Fire,FM,NV,2002,2002-07-03T00:00:00.000Z,1,0,0,1,0,6.0,0,0.0,0.0,0.0,244734.82,0.0,0.0,0.0,244734.82,0.0,0.0,0.0,0.0,0.0,0.0,0.0,0,0,0,0,0,0,0
2439,2002-07-14T00:00:00.000Z,Fire,FM,AZ,2002,2002-07-12T00:00:00.000Z,1,0,0,1,0,5.0,0,0.0,0.0,0.0,225777.71,0.0,0.0,0.0,225777.71,0.0,0.0,0.0,0.0,0.0,0.0,0.0,0,0,0,0,0,0,0
2441,2002-07-15T00:00:00.000Z,Fire,FM,NV,2002,2002-07-14T00:00:00.000Z,1,0,0,1,0,12.0,0,0.0,0.0,0.0,0.0,0.0,0.0,0.0,0.0,0.0,0.0,0.0,0.0,0.0,0.0,0.0,0,0,0,0,0,0,0
2442,2002-07-15T00:00:00.000Z,Fire,FM,CO,2002,2002-07-14T00:00:00.000Z,2,0,0,1,0,19.0,0,0.0,0.0,0.0,993470.04,1413.32,937234.5,0.0,993470.04,0.0,0.0,0.0,0.0,0.0,0.0,0.0,0,0,0,0,0,0,0
2443,2002-07-16T00:00:00.000Z,Fire,FM,OR,2002,2002-07-13T00:00:00.000Z,1,0,0,1,0,5.0,0,0.0,0.0,0.0,393221.39,768.45,0.0,0.0,393221.39,0.0,0.0,0.0,0.0,0.0,0.0,0.0,0,0,0,0,0,0,0
2444,2002-07-16T00:00:00.000Z,Fire,FM,OR,2002,2002-07-15T00:00:00.000Z,1,0,0,1,0,10.0,0,0.0,0.0,0.0,2440605.66,33777.84,0.0,0.0,2440605.66,0.0,0.0,0.0,0.0,0.0,0.0,0.0,0,0,0,0,0,0,0
2445,2002-07-17T00:00:00.000Z,Fire,FM,OR,2002,2002-07-16T00:00:00.000Z,1,0,0,1,0,5.0,0,0.0,0.0,0.0,2424854.78,2948.16,0.0,0.0,2424854.78,0.0,0.0,0.0,0.0,0.0,0.0,0.0,0,0,0,0,0,0,0
2446,2002-07-17T00:00:00.000Z,Fire,FM,NV,2002,2002-07-14T00:00:00.000Z,1,0,0,1,0,13.0,0,0.0,0.0,0.0,0.0,0.0,0.0,0.0,0.0,0.0,0.0,0.0,0.0,0.0,0.0,0.0,0,0,0,0,0,0,0
2447,2002-07-18T00:00:00.000Z,Fire,FM,CO,2002,2002-07-17T00:00:00.000Z,1,0,0,1,0,19.0,0,0.0,0.0,0.0,373067.37,0.0,443531.25,0.0,373067.37,0.0,0.0,0.0,0.0,0.0,0.0,0.0,0,0,0,0,0,0,0
2448,2002-07-19T00:00:00.000Z,Fire,FM,OR,2002,2002-07-18T00:00:00.000Z,1,0,0,1,0,3.0,0,0.0,0.0,0.0,352791.75,0.0,0.0,0.0,352791.75,0.0,0.0,0.0,0.0,0.0,0.0,0.0,0,0,0,0,0,0,0
2449,2002-07-20T00:00:00.000Z,Fire,FM,WA,2002,2002-07-20T00:00:00.000Z,1,0,0,1,0,7.0,0,0.0,0.0,0.0,2573214.31,10981.06,0.0,0.0,2573214.31,0.0,0.0,0.0,0.0,0.0,0.0,0.0,0,0,0,0,0,0,0
2450,2002-07-22T00:00:00.000Z,Fire,FM,CA,2002,2002-07-21T00:00:00.000Z,1,0,0,1,0,6.0,0,0.0,0.0,0.0,694577.0,6962.88,0.0,0.0,694577.0,0.0,0.0,0.0,0.0,0.0,0.0,0.0,0,0,0,0,0,0,0
2451,2002-07-25T00:00:00.000Z,Fire,FM,WA,2002,2002-07-24T00:00:00.000Z,1,0,0,1,0,2.0,0,0.0,0.0,0.0,449514.35,2572.57,0.0,0.0,449514.35,0.0,0.0,0.0,0.0,0.0,0.0,0.0,0,0,0,0,0,0,0
2452,2002-07-26T00:00:00.000Z,Fire,FM,OR,2002,2002-07-25T00:00:00.000Z,1,0,0,1,0,7.0,0,0.0,0.0,0.0,3581722.73,59610.9,0.0,0.0,3581722.73,0.0,0.0,0.0,0.0,0.0,0.0,0.0,0,0,0,0,0,0,0
2453,2002-07-28T00:00:00.000Z,Fire,FM,OR,2002,2002-07-27T00:00:00.000Z,2,0,0,1,0,6.0,1,0.0,0.0,0.0,766295.66,139173.33,0.0,0.0,766295.66,0.0,0.0,0.0,0.0,0.0,0.0,0.0,0,0,0,0,0,0,0
2454,2002-07-28T00:00:00.000Z,Fire,FM,OR,2002,2002-07-27T00:00:00.000Z,1,0,0,1,0,9.0,0,0.0,0.0,0.0,9320013.02,2494.17,0.0,0.0,9320013.02,0.0,0.0,0.0,0.0,0.0,0.0,0.0,0,0,0,0,0,0,0
2455,2002-07-29T00:00:00.000Z,Fire,FM,OR,2002,2002-07-28T00:00:00.000Z,2,0,0,1,0,4.0,0,0.0,0.0,0.0,1123597.01,26872.45,0.0,0.0,1123597.01,0.0,0.0,0.0,0.0,0.0,0.0,0.0,0,0,0,0,0,0,0
2456,2002-07-30T00:00:00.000Z,Fire,FM,CA,2002,2002-07-29T00:00:00.000Z,1,0,0,1,0,24.0,0,0.0,0.0,0.0,15963332.0,453833.76,0.0,0.0,15963332.0,0.0,0.0,0.0,0.0,0.0,0.0,0.0,0,0,0,0,0,0,0
2457,2002-07-31T00:00:00.000Z,Fire,FM,CO,2002,2002-07-31T00:00:00.000Z,2,0,0,1,0,4.0,0,0.0,0.0,0.0,72027.57,0.0,225000.0,0.0,72027.57,0.0,0.0,0.0,0.0,0.0,0.0,0.0,0,0,0,0,0,0,0
2458,2002-08-18T00:00:00.000Z,Fire,FM,SD,2002,2002-08-16T00:00:00.000Z,2,0,0,1,0,13.0,0,0.0,0.0,0.0,1313879.16,32886.63,0.0,0.0,1313879.16,0.0,0.0,0.0,0.0,0.0,0.0,0.0,0,0,0,0,0,0,0
2459,2002-08-26T00:00:00.000Z,Fire,FM,NM,2002,2002-08-26T00:00:00.000Z,1,0,0,1,0,16.0,0,0.0,0.0,0.0,116022.56,0.0,0.0,0.0,116022.56,0.0,0.0,0.0,0.0,0.0,0.0,0.0,0,0,0,0,0,0,0
2460,2002-08-31T00:00:00.000Z,Fire,FM,WY,2002,2002-08-29T00:00:00.000Z,1,0,0,1,0,17.0,0,0.0,0.0,0.0,1677331.23,13604.96,0.0,0.0,1677331.23,0.0,0.0,0.0,0.0,0.0,0.0,0.0,0,0,0,0,0,0,0
2461,2002-09-04T00:00:00.000Z,Fire,FM,CA,2002,2002-09-03T00:00:00.000Z,1,0,0,1,0,7.0,0,0.0,0.0,0.0,2124158.0,17591.91,0.0,0.0,2124158.0,0.0,0.0,0.0,0.0,0.0,0.0,0.0,0,0,0,0,0,0,0
2462,2002-09-04T00:00:00.000Z,Fire,FM,CA,2002,2002-09-03T00:00:00.000Z,1,0,0,1,0,9.0,0,0.0,0.0,0.0,1807994.0,30572.34,0.0,0.0,1807994.0,0.0,0.0,0.0,0.0,0.0,0.0,0.0,0,0,0,0,0,0,0
2463,2002-09-19T00:00:00.000Z,Fire,FM,CA,2002,2002-09-18T00:00:00.000Z,1,0,0,1,0,4.0,0,0.0,0.0,0.0,540451.0,16907.28,0.0,0.0,540451.0,0.0,0.0,0.0,0.0,0.0,0.0,0.0,0,0,0,0,0,0,0
2464,2002-09-24T00:00:00.000Z,Fire,FM,CA,2002,2002-09-22T00:00:00.000Z,2,0,0,1,0,7.0,0,0.0,0.0,0.0,3643501.26,233056.8,0.0,0.0,3643501.26,0.0,0.0,0.0,0.0,0.0,0.0,0.0,0,0,0,0,0,0,0
2465,2002-09-25T00:00:00.000Z,Fire,FM,CA,2002,2002-09-23T00:00:00.000Z,2,0,0,1,0,12.0,0,0.0,0.0,0.0,6525247.5,34199.43,0.0,0.0,6525247.5,0.0,0.0,0.0,0.0,0.0,0.0,0.0,0,0,0,0,0,0,0
2466,2003-01-07T00:00:00.000Z,Fire,FM,CA,2003,2003-01-06T00:00:00.000Z,1,0,0,1,0,4.0,0,0.0,0.0,0.0,1488494.88,48981.41,0.0,0.0,1488494.88,0.0,0.0,0.0,0.0,0.0,0.0,0.0,0,0,0,0,0,0,0
2467,2003-05-10T00:00:00.000Z,Fire,FM,NM,2003,2003-05-09T00:00:00.000Z,1,0,0,1,0,1.0,0,0.0,0.0,0.0,76176.03,1758.82,0.0,0.0,76176.03,0.0,0.0,0.0,0.0,0.0,0.0,0.0,0,0,0,0,0,0,0
2468,2003-05-18T00:00:00.000Z,Fire,FM,HI,2003,2003-05-18T00:00:00.000Z,1,0,0,1,0,3.0,0,0.0,0.0,0.0,0.0,0.0,0.0,0.0,0.0,0.0,0.0,0.0,0.0,0.0,0.0,0.0,0,0,0,0,0,0,0
2469,2003-06-17T00:00:00.000Z,Fire,FM,NV,2003,2003-06-17T00:00:00.000Z,1,0,0,1,0,2.0,0,0.0,0.0,0.0,0.0,0.0,0.0,0.0,0.0,0.0,0.0,0.0,0.0,0.0,0.0,0.0,0,0,0,0,0,0,0
2470,2003-06-18T00:00:00.000Z,Fire,FM,AZ,2003,2003-06-17T00:00:00.000Z,2,0,0,1,0,28.0,0,0.0,0.0,0.0,2312991.73,236754.74,0.0,0.0,2312991.73,0.0,0.0,0.0,0.0,0.0,0.0,0.0,0,0,0,0,0,0,0
2471,2003-06-21T00:00:00.000Z,Fire,FM,AZ,2003,2003-06-21T00:00:00.000Z,1,0,0,1,0,5.0,0,0.0,0.0,0.0,93637.21,0.0,0.0,0.0,93637.21,0.0,0.0,0.0,0.0,0.0,0.0,0.0,0,0,0,0,0,0,0
2472,2003-06-25T00:00:00.000Z,Fire,FM,NM,2003,2003-06-25T00:00:00.000Z,1,0,0,1,0,6.0,1,0.0,0.0,0.0,1749609.61,0.0,0.0,0.0,1749609.61,0.0,0.0,0.0,0.0,0.0,0.0,0.0,0,0,0,0,0,0,0
2473,2003-06-28T00:00:00.000Z,Fire,FM,CA,2003,2003-06-26T00:00:00.000Z,1,0,0,1,0,4.0,0,0.0,0.0,0.0,710105.03,1477.86,0.0,0.0,710105.03,0.0,0.0,0.0,0.0,0.0,0.0,0.0,0,0,0,0,0,0,0
2474,2003-06-29T00:00:00.000Z,Fire,FM,CA,2003,2003-06-29T00:00:00.000Z,1,0,0,1,0,3.0,0,0.0,0.0,0.0,991618.0,2167.78,0.0,0.0,991618.0,0.0,0.0,0.0,0.0,0.0,0.0,0.0,0,0,0,0,0,0,0
2475,2003-07-03T00:00:00.000Z,Fire,FM,CA,2003,2003-07-03T00:00:00.000Z,1,0,0,1,0,1.0,0,0.0,0.0,0.0,207150.21,0.0,0.0,0.0,207150.21,0.0,0.0,0.0,0.0,0.0,0.0,0.0,0,0,0,0,0,0,0
2476,2003-07-11T00:00:00.000Z,Fire,FM,NV,2003,2003-07-10T00:00:00.000Z,1,0,0,1,0,1.0,0,0.0,0.0,0.0,7674.38,0.0,0.0,0.0,7674.38,0.0,0.0,0.0,0.0,0.0,0.0,0.0,0,0,0,0,0,0,0
2477,2003-07-12T00:00:00.000Z,Fire,FM,WA,2003,2003-07-11T00:00:00.000Z,1,0,0,1,0,8.0,0,0.0,0.0,0.0,1456420.31,9786.29,0.0,0.0,1456420.31,0.0,0.0,0.0,0.0,0.0,0.0,0.0,0,0,0,0,0,0,0
2478,2003-07-14T00:00:00.000Z,Fire,FM,AZ,2003,2003-07-13T00:00:00.000Z,3,0,0,1,0,9.0,0,0.0,0.0,0.0,286116.51,286116.51,0.0,0.0,286116.51,0.0,0.0,0.0,0.0,0.0,0.0,0.0,0,0,0,0,0,0,0
2479,2003-07-15T00:00:00.000Z,Fire,FM,NV,2003,2003-07-14T00:00:00.000Z,1,0,0,1,0,3.0,0,0.0,0.0,0.0,117113.02,0.0,0.0,0.0,117113.02,0.0,0.0,0.0,0.0,0.0,0.0,0.0,0,0,0,0,0,0,0
2480,2003-07-15T00:00:00.000Z,Fire,FM,UT,2003,2003-07-14T00:00:00.000Z,1,0,0,1,0,14.0,0,0.0,0.0,0.0,151657.52,0.0,0.0,0.0,151657.52,0.0,0.0,0.0,0.0,0.0,0.0,0.0,0,0,0,0,0,0,0
2481,2003-07-16T00:00:00.000Z,Fire,FM,WA,2003,2003-07-15T00:00:00.000Z,1,0,0,1,0,3.0,0,0.0,0.0,0.0,71060.87,2845.55,0.0,0.0,71060.87,0.0,0.0,0.0,0.0,0.0,0.0,0.0,0,0,0,0,0,0,0
2482,2003-07-22T00:00:00.000Z,Fire,FM,OK,2003,2003-07-18T00:00:00.000Z,1,0,0,1,0,4.0,0,0.0,0.0,0.0,34326.0,0.0,0.0,0.0,34326.0,0.0,0.0,0.0,0.0,0.0,0.0,0.0,0,0,0,0,0,0,0
2483,2003-07-23T00:00:00.000Z,Fire,FM,MT,2003,2003-07-17T00:00:00.000Z,1,0,0,1,0,8.0,0,0.0,0.0,0.0,646082.95,7887.06,0.0,0.0,646082.95,0.0,0.0,0.0,0.0,0.0,0.0,0.0,0,0,0,0,0,0,0
2484,2003-07-25T00:00:00.000Z,Fire,FM,MT,2003,2003-07-23T00:00:00.000Z,1,0,0,1,0,29.0,0,0.0,0.0,0.0,428141.66,73282.51,0.0,0.0,428141.66,0.0,0.0,0.0,0.0,0.0,0.0,0.0,0,0,0,0,0,0,0
2485,2003-07-25T00:00:00.000Z,Fire,FM,MT,2003,2003-07-21T00:00:00.000Z,1,0,0,1,0,31.0,0,0.0,0.0,0.0,358381.26,3755.99,0.0,0.0,358381.26,0.0,0.0,0.0,0.0,0.0,0.0,0.0,0,0,0,0,0,0,0
2486,2003-07-25T00:00:00.000Z,Fire,FM,CO,2003,2003-07-25T00:00:00.000Z,1,0,0,1,0,2.0,0,0.0,0.0,0.0,62353.76,0.0,0.0,0.0,62353.76,0.0,0.0,0.0,0.0,0.0,0.0,0.0,0,0,0,0,0,0,0
2487,2003-07-25T00:00:00.000Z,Fire,FM,CA,2003,2003-07-25T00:00:00.000Z,1,0,0,1,0,7.0,0,0.0,0.0,0.0,2760052.0,8771.79,0.0,0.0,2760052.0,0.0,0.0,0.0,0.0,0.0,0.0,0.0,0,0,0,0,0,0,0
2488,2003-08-11T00:00:00.000Z,Fire,FM,MT,2003,2003-08-10T00:00:00.000Z,1,0,0,1,0,30.0,0,0.0,0.0,0.0,2548113.66,23693.77,0.0,0.0,2548113.66,0.0,0.0,0.0,0.0,0.0,0.0,0.0,0,0,0,0,0,0,0
2489,2003-08-12T00:00:00.000Z,Fire,FM,MT,2003,2003-08-10T00:00:00.000Z,1,0,0,1,0,14.0,0,0.0,0.0,0.0,3864.97,0.0,0.0,0.0,3864.97,0.0,0.0,0.0,0.0,0.0,0.0,0.0,0,0,0,0,0,0,0
2490,2003-08-12T00:00:00.000Z,Fire,FM,MT,2003,2003-08-12T00:00:00.000Z,2,0,0,1,0,36.0,0,0.0,0.0,0.0,30550993.65,141997.56,0.0,0.0,30550993.65,0.0,0.0,0.0,0.0,0.0,0.0,0.0,0,0,0,0,0,0,0
2491,2003-08-19T00:00:00.000Z,Fire,FM,CA,2003,2003-08-18T00:00:00.000Z,2,0,0,1,0,3.0,0,0.0,0.0,0.0,962614.44,0.0,0.0,0.0,962614.44,0.0,0.0,0.0,0.0,0.0,0.0,0.0,0,0,0,0,0,0,0
2492,2003-08-20T00:00:00.000Z,Fire,FM,MT,2003,2003-08-14T00:00:00.000Z,2,0,0,1,0,29.0,0,0.0,0.0,0.0,763957.53,14032.87,0.0,0.0,763957.53,0.0,0.0,0.0,0.0,0.0,0.0,0.0,0,0,0,0,0,0,0
2493,2003-08-20T00:00:00.000Z,Fire,FM,OR,2003,2003-08-20T00:00:00.000Z,3,0,0,1,0,63.0,0,0.0,0.0,0.0,1430860.74,142342.17,0.0,0.0,1430860.74,0.0,0.0,0.0,0.0,0.0,0.0,0.0,0,0,0,0,0,0,0
2494,2003-08-21T00:00:00.000Z,Fire,FM,MT,2003,2003-08-21T00:00:00.000Z,1,0,0,1,0,20.0,0,0.0,0.0,0.0,671846.61,38303.29,0.0,0.0,671846.61,0.0,0.0,0.0,0.0,0.0,0.0,0.0,0,0,0,0,0,0,0
2495,2003-09-02T00:00:00.000Z,Fire,FM,OR,2003,2003-09-02T00:00:00.000Z,1,0,0,1,0,6.0,0,0.0,0.0,0.0,485259.54,272320.04,0.0,0.0,485259.54,0.0,0.0,0.0,0.0,0.0,0.0,0.0,0,0,0,0,0,0,0
2496,2003-09-06T00:00:00.000Z,Fire,FM,OR,2003,2003-09-05T00:00:00.000Z,1,0,0,1,0,3.0,0,0.0,0.0,0.0,362624.55,0.0,0.0,0.0,362624.55,0.0,0.0,0.0,0.0,0.0,0.0,0.0,0,0,0,0,0,0,0
2497,2003-09-06T00:00:00.000Z,Fire,FM,CA,2003,2003-09-05T00:00:00.000Z,1,0,0,1,0,5.0,0,0.0,0.0,0.0,588180.32,158045.19,0.0,0.0,588180.32,0.0,0.0,0.0,0.0,0.0,0.0,0.0,0,0,0,0,0,0,0
2498,2003-09-06T00:00:00.000Z,Fire,FM,WA,2003,2003-09-05T00:00:00.000Z,1,0,0,1,0,12.0,0,0.0,0.0,0.0,458796.73,5841.16,0.0,0.0,458796.73,0.0,0.0,0.0,0.0,0.0,0.0,0.0,0,0,0,0,0,0,0
2499,2003-09-29T00:00:00.000Z,Fire,FM,NV,2003,2003-09-29T00:00:00.000Z,1,0,0,1,0,1.0,0,0.0,0.0,0.0,13227.39,0.0,0.0,0.0,13227.39,0.0,0.0,0.0,0.0,0.0,0.0,0.0,0,0,0,0,0,0,0
2500,2003-10-21T00:00:00.000Z,Fire,FM,CA,2004,2003-10-21T00:00:00.000Z,1,0,0,1,0,3.0,0,0.0,0.0,0.0,0.0,0.0,0.0,0.0,0.0,0.0,0.0,0.0,0.0,0.0,0.0,0.0,0,0,0,0,0,0,0
2501,2003-10-23T00:00:00.000Z,Fire,FM,CA,2004,2003-10-21T00:00:00.000Z,1,0,0,1,0,22.0,0,0.0,0.0,0.0,0.0,0.0,0.0,0.0,0.0,0.0,0.0,0.0,0.0,0.0,0.0,0.0,0,0,0,0,0,0,0
2502,2003-10-25T00:00:00.000Z,Fire,FM,CA,2004,2003-10-24T00:00:00.000Z,2,0,0,1,0,5.0,0,0.0,0.0,0.0,0.0,0.0,0.0,0.0,0.0,0.0,0.0,0.0,0.0,0.0,0.0,0.0,0,0,0,0,0,0,0
2503,2003-10-25T00:00:00.000Z,Fire,FM,CA,2004,2003-10-25T00:00:00.000Z,1,0,0,1,0,20.0,0,0.0,0.0,0.0,0.0,0.0,0.0,0.0,0.0,0.0,0.0,0.0,0.0,0.0,0.0,0.0,0,0,0,0,0,0,0
2504,2003-10-26T00:00:00.000Z,Fire,FM,CA,2004,2003-10-24T00:00:00.000Z,1,0,0,1,0,18.0,0,0.0,0.0,0.0,0.0,0.0,0.0,0.0,0.0,0.0,0.0,0.0,0.0,0.0,0.0,0.0,0,0,0,0,0,0,0
2505,2003-10-26T00:00:00.000Z,Fire,FM,CA,2004,2003-10-25T00:00:00.000Z,1,0,0,1,0,41.0,0,0.0,0.0,0.0,0.0,0.0,0.0,0.0,0.0,0.0,0.0,0.0,0.0,0.0,0.0,0.0,0,0,0,0,0,0,0
2506,2003-10-26T00:00:00.000Z,Fire,FM,CA,2004,2003-10-26T00:00:00.000Z,1,0,0,1,0,6.0,1,0.0,0.0,0.0,0.0,0.0,0.0,0.0,0.0,0.0,0.0,0.0,0.0,0.0,0.0,0.0,0,0,0,0,0,0,0
2507,2003-10-26T00:00:00.000Z,Fire,FM,CA,2004,2003-10-26T00:00:00.000Z,1,0,0,1,0,7.0,0,0.0,0.0,0.0,0.0,0.0,0.0,0.0,0.0,0.0,0.0,0.0,0.0,0.0,0.0,0.0,0,0,0,0,0,0,0
2508,2003-10-28T00:00:00.000Z,Fire,FM,CA,2004,2003-10-28T00:00:00.000Z,1,0,0,1,0,7.0,0,0.0,0.0,0.0,1499272.0,0.0,0.0,0.0,1499272.0,0.0,0.0,0.0,0.0,0.0,0.0,0.0,0,0,0,0,0,0,0
2509,2003-10-29T00:00:00.000Z,Fire,FM,CO,2004,2003-10-29T00:00:00.000Z,1,0,0,1,0,2.0,0,0.0,0.0,0.0,0.0,0.0,0.0,0.0,0.0,0.0,0.0,0.0,0.0,0.0,0.0,0.0,0,0,0,0,0,0,0
2510,2003-10-29T00:00:00.000Z,Fire,FM,CO,2004,2003-10-29T00:00:00.000Z,1,0,0,1,0,2.0,0,0.0,0.0,0.0,59932.91,13518.56,0.0,0.0,59932.91,0.0,0.0,0.0,0.0,0.0,0.0,0.0,0,0,0,0,0,0,0
2511,2003-11-12T00:00:00.000Z,Fire,FM,CO,2004,2003-11-11T00:00:00.000Z,1,0,0,1,0,3.0,0,0.0,0.0,0.0,68452.66,1569.84,0.0,0.0,68452.66,0.0,0.0,0.0,0.0,0.0,0.0,0.0,0,0,0,0,0,0,0
2512,2003-11-20T00:00:00.000Z,Fire,FM,WY,2004,2003-11-19T00:00:00.000Z,1,0,0,1,0,1.0,0,0.0,0.0,0.0,0.0,0.0,0.0,0.0,0.0,0.0,0.0,0.0,0.0,0.0,0.0,0.0,0,0,0,0,0,0,0
2513,2003-11-20T00:00:00.000Z,Fire,FM,SD,2004,2003-11-20T00:00:00.000Z,1,0,0,1,0,1.0,0,0.0,0.0,0.0,45685.46,0.0,0.0,0.0,45685.46,0.0,0.0,0.0,0.0,0.0,0.0,0.0,0,0,0,0,0,0,0
2514,2004-04-01T00:00:00.000Z,Fire,FM,CO,2004,2004-04-01T00:00:00.000Z,1,0,0,1,0,6.0,0,0.0,0.0,0.0,519746.3,4663.75,0.0,0.0,519746.3,0.0,0.0,0.0,0.0,0.0,0.0,0.0,0,0,0,0,0,0,0
2515,2004-04-26T00:00:00.000Z,Fire,FM,CA,2004,2004-04-25T00:00:00.000Z,1,0,0,1,0,3.0,0,0.0,0.0,0.0,0.0,0.0,0.0,0.0,0.0,0.0,0.0,0.0,0.0,0.0,0.0,0.0,0,0,0,0,0,0,0
2516,2004-05-04T00:00:00.000Z,Fire,FM,CA,2004,2004-05-02T00:00:00.000Z,1,0,0,1,0,6.0,0,0.0,0.0,0.0,4692754.0,51489.86,0.0,0.0,4692754.0,0.0,0.0,0.0,0.0,0.0,0.0,0.0,0,0,0,0,0,0,0
2517,2004-05-04T00:00:00.000Z,Fire,FM,CA,2004,2004-05-03T00:00:00.000Z,1,0,0,1,0,7.0,0,0.0,0.0,0.0,4362222.0,39891.68,0.0,0.0,4362222.0,0.0,0.0,0.0,0.0,0.0,0.0,0.0,0,0,0,0,0,0,0
2518,2004-05-25T00:00:00.000Z,Fire,FM,NM,2004,2004-05-15T00:00:00.000Z,1,0,0,1,0,6.0,1,0.0,0.0,0.0,283185.83,0.0,0.0,0.0,283185.83,0.0,0.0,0.0,0.0,0.0,0.0,0.0,0,0,0,0,0,0,0
2519,2004-06-05T00:00:00.000Z,Fire,FM,CA,2004,2004-06-05T00:00:00.000Z,1,0,0,1,0,11.0,0,0.0,0.0,0.0,4517835.85,54242.09,0.0,0.0,4517835.85,0.0,0.0,0.0,0.0,0.0,0.0,0.0,0,0,0,0,0,0,0
2520,2004-06-09T00:00:00.000Z,Fire,FM,AZ,2004,2004-06-08T00:00:00.000Z,1,0,0,1,0,9.0,0,0.0,0.0,0.0,102738.56,99770.1,0.0,0.0,102738.56,0.0,0.0,0.0,0.0,0.0,0.0,0.0,0,0,0,0,0,0,0
2521,2004-06-16T00:00:00.000Z,Fire,FM,UT,2004,2004-06-16T00:00:00.000Z,1,0,0,1,0,6.0,1,0.0,0.0,0.0,0.0,0.0,0.0,0.0,0.0,0.0,0.0,0.0,0.0,0.0,0.0,0.0,0,0,0,0,0,0,0
2522,2004-06-18T00:00:00.000Z,Fire,FM,NM,2004,2004-06-18T00:00:00.000Z,1,0,0,1,0,6.0,0,0.0,0.0,0.0,238140.0,0.0,0.0,0.0,238140.0,0.0,0.0,0.0,0.0,0.0,0.0,0.0,0,0,0,0,0,0,0
2523,2004-06-28T00:00:00.000Z,Fire,FM,AZ,2004,2004-06-24T00:00:00.000Z,2,0,0,1,0,19.0,0,0.0,0.0,0.0,251890.75,65575.7,0.0,0.0,251890.75,0.0,0.0,0.0,0.0,0.0,0.0,0.0,0,0,0,0,0,0,0
2524,2004-06-30T00:00:00.000Z,Fire,FM,NV,2004,2004-06-30T00:00:00.000Z,1,0,0,1,0,5.0,0,0.0,0.0,0.0,770661.56,0.0,0.0,0.0,770661.56,0.0,0.0,0.0,0.0,0.0,0.0,0.0,0,0,0,0,0,0,0
2525,2004-07-01T00:00:00.000Z,Fire,FM,AK,2004,2004-06-26T00:00:00.000Z,1,0,0,1,0,36.0,0,0.0,0.0,0.0,13799889.68,93122.68,0.0,0.0,13799889.68,0.0,0.0,0.0,0.0,0.0,0.0,0.0,0,0,0,0,0,0,0
2526,2004-07-03T00:00:00.000Z,Fire,FM,CO,2004,2004-07-03T00:00:00.000Z,1,0,0,1,0,8.0,0,0.0,0.0,0.0,268179.98,0.0,0.0,0.0,268179.98,0.0,0.0,0.0,0.0,0.0,0.0,0.0,0,0,0,0,0,0,0
2527,2004-07-06T00:00:00.000Z,Fire,FM,WA,2004,2004-07-05T00:00:00.000Z,1,0,0,1,0,4.0,0,0.0,0.0,0.0,721938.56,15141.56,0.0,0.0,721938.56,0.0,0.0,0.0,0.0,0.0,0.0,0.0,0,0,0,0,0,0,0
2528,2004-07-14T00:00:00.000Z,Fire,FM,CA,2004,2004-07-12T00:00:00.000Z,1,0,0,1,0,9.0,0,0.0,0.0,0.0,6772439.0,351137.95,0.0,0.0,6772439.0,0.0,0.0,0.0,0.0,0.0,0.0,0.0,0,0,0,0,0,0,0
2529,2004-07-14T00:00:00.000Z,Fire,FM,CA,2004,2004-07-13T00:00:00.000Z,1,0,0,1,0,5.0,0,0.0,0.0,0.0,1564079.0,5462.79,0.0,0.0,1564079.0,0.0,0.0,0.0,0.0,0.0,0.0,0.0,0,0,0,0,0,0,0
2530,2004-07-14T00:00:00.000Z,Fire,FM,CA,2004,2004-07-13T00:00:00.000Z,1,0,0,1,0,4.0,0,0.0,0.0,0.0,56763.0,2817.77,0.0,0.0,56763.0,0.0,0.0,0.0,0.0,0.0,0.0,0.0,0,0,0,0,0,0,0
2531,2004-07-14T00:00:00.000Z,Fire,FM,NV,2004,2004-07-14T00:00:00.000Z,2,0,0,1,0,13.0,0,0.0,0.0,0.0,13409.78,13409.78,0.0,0.0,13409.78,0.0,0.0,0.0,0.0,0.0,0.0,0.0,0,0,0,0,0,0,0
2532,2004-07-14T00:00:00.000Z,Fire,FM,CA,2004,2004-07-14T00:00:00.000Z,1,0,0,1,0,3.0,0,0.0,0.0,0.0,137058.0,3361.85,0.0,0.0,137058.0,0.0,0.0,0.0,0.0,0.0,0.0,0.0,0,0,0,0,0,0,0
2533,2004-07-18T00:00:00.000Z,Fire,FM,CA,2004,2004-07-17T00:00:00.000Z,1,0,0,1,0,4.0,0,0.0,0.0,0.0,2039409.0,10782.13,0.0,0.0,2039409.0,0.0,0.0,0.0,0.0,0.0,0.0,0.0,0,0,0,0,0,0,0
2534,2004-07-18T00:00:00.000Z,Fire,FM,CA,2004,2004-07-17T00:00:00.000Z,1,0,0,1,0,6.0,0,0.0,0.0,0.0,3240462.0,162563.83,0.0,0.0,3240462.0,0.0,0.0,0.0,0.0,0.0,0.0,0.0,0,0,0,0,0,0,0
2535,2004-07-21T00:00:00.000Z,Fire,FM,CA,2004,2004-07-20T00:00:00.000Z,1,0,0,1,0,3.0,0,0.0,0.0,0.0,1943675.73,160475.9,0.0,0.0,1943675.73,0.0,0.0,0.0,0.0,0.0,0.0,0.0,0,0,0,0,0,0,0
2536,2004-07-26T00:00:00.000Z,Fire,FM,NV,2004,2004-07-26T00:00:00.000Z,1,0,0,1,0,5.0,0,0.0,0.0,0.0,232624.73,0.0,0.0,0.0,232624.73,0.0,0.0,0.0,0.0,0.0,0.0,0.0,0,0,0,0,0,0,0
2537,2004-07-30T00:00:00.000Z,Fire,FM,WA,2004,2004-07-30T00:00:00.000Z,1,0,0,1,0,6.0,0,0.0,0.0,0.0,47179.51,1048.22,0.0,0.0,47179.51,0.0,0.0,0.0,0.0,0.0,0.0,0.0,0,0,0,0,0,0,0
2538,2004-07-30T00:00:00.000Z,Fire,FM,WA,2004,2004-07-30T00:00:00.000Z,1,0,0,1,0,5.0,0,0.0,0.0,0.0,1051894.17,45316.42,0.0,0.0,1051894.17,0.0,0.0,0.0,0.0,0.0,0.0,0.0,0,0,0,0,0,0,0
2539,2004-08-04T00:00:00.000Z,Fire,FM,OR,2004,2004-08-04T00:00:00.000Z,1,0,0,1,0,2.0,0,0.0,0.0,0.0,431758.39,1176.74,0.0,0.0,431758.39,0.0,0.0,0.0,0.0,0.0,0.0,0.0,0,0,0,0,0,0,0
2540,2004-08-07T00:00:00.000Z,Fire,FM,CA,2004,2004-08-06T00:00:00.000Z,1,0,0,1,0,6.0,0,0.0,0.0,0.0,3488863.0,30643.2,0.0,0.0,3488863.0,0.0,0.0,0.0,0.0,0.0,0.0,0.0,0,0,0,0,0,0,0
2541,2004-08-08T00:00:00.000Z,Fire,FM,CA,2004,2004-08-08T00:00:00.000Z,1,0,0,1,0,6.0,0,0.0,0.0,0.0,2602493.7,5248.58,0.0,0.0,2602493.7,0.0,0.0,0.0,0.0,0.0,0.0,0.0,0,0,0,0,0,0,0
2542,2004-08-10T00:00:00.000Z,Fire,FM,AK,2004,2004-07-14T00:00:00.000Z,1,0,0,1,0,49.0,0,0.0,0.0,0.0,5991231.46,3325.77,0.0,0.0,5991231.46,0.0,0.0,0.0,0.0,0.0,0.0,0.0,0,0,0,0,0,0,0
2543,2004-08-11T00:00:00.000Z,Fire,FM,WA,2004,2004-08-11T00:00:00.000Z,1,0,0,1,0,15.0,0,0.0,0.0,0.0,3033966.29,18934.37,0.0,0.0,3033966.29,0.0,0.0,0.0,0.0,0.0,0.0,0.0,0,0,0,0,0,0,0
2544,2004-08-11T00:00:00.000Z,Fire,FM,CA,2004,2004-08-11T00:00:00.000Z,1,0,0,1,0,14.0,0,0.0,0.0,0.0,5709197.0,73676.1,0.0,0.0,5709197.0,0.0,0.0,0.0,0.0,0.0,0.0,0.0,0,0,0,0,0,0,0
2545,2004-08-11T00:00:00.000Z,Fire,FM,CA,2004,2004-08-11T00:00:00.000Z,1,0,0,1,0,4.0,0,0.0,0.0,0.0,617178.15,11455.27,0.0,0.0,617178.15,0.0,0.0,0.0,0.0,0.0,0.0,0.0,0,0,0,0,0,0,0
2546,2004-08-12T00:00:00.000Z,Fire,FM,WA,2004,2004-08-12T00:00:00.000Z,1,0,0,1,0,4.0,0,0.0,0.0,0.0,892685.29,2957.46,0.0,0.0,892685.29,0.0,0.0,0.0,0.0,0.0,0.0,0.0,0,0,0,0,0,0,0
2547,2004-08-14T00:00:00.000Z,Fire,FM,CA,2004,2004-08-14T00:00:00.000Z,1,0,0,1,0,22.0,0,0.0,0.0,0.0,10958294.0,80343.3,0.0,0.0,10958294.0,0.0,0.0,0.0,0.0,0.0,0.0,0.0,0,0,0,0,0,0,0
2548,2004-08-14T00:00:00.000Z,Fire,FM,CA,2004,2004-08-14T00:00:00.000Z,1,0,0,1,0,2.0,0,0.0,0.0,0.0,155355.0,3713.96,0.0,0.0,155355.0,0.0,0.0,0.0,0.0,0.0,0.0,0.0,0,0,0,0,0,0,0
2549,2004-08-21T00:00:00.000Z,Fire,FM,OR,2004,2004-08-20T00:00:00.000Z,1,0,0,1,0,16.0,0,0.0,0.0,0.0,6063448.95,21808.04,0.0,0.0,6063448.95,0.0,0.0,0.0,0.0,0.0,0.0,0.0,0,0,0,0,0,0,0
2550,2004-08-25T00:00:00.000Z,Fire,FM,NV,2004,2004-08-25T00:00:00.000Z,1,0,0,1,0,6.0,0,0.0,0.0,0.0,108563.59,0.0,0.0,0.0,108563.59,0.0,0.0,0.0,0.0,0.0,0.0,0.0,0,0,0,0,0,0,0
2551,2004-09-01T00:00:00.000Z,Fire,FM,AK,2004,2004-08-09T00:00:00.000Z,5,0,0,1,0,34.0,0,0.0,0.0,0.0,5321631.31,0.0,0.0,0.0,5321631.31,0.0,0.0,0.0,0.0,0.0,0.0,0.0,0,0,0,0,0,0,0
2552,2004-09-02T00:00:00.000Z,Fire,FM,CA,2004,2004-09-02T00:00:00.000Z,1,0,0,1,0,5.0,0,0.0,0.0,0.0,840197.0,14063.79,0.0,0.0,840197.0,0.0,0.0,0.0,0.0,0.0,0.0,0.0,0,0,0,0,0,0,0
2553,2004-09-03T00:00:00.000Z,Fire,FM,CA,2004,2004-09-03T00:00:00.000Z,1,0,0,1,0,5.0,0,0.0,0.0,0.0,1938924.0,26127.31,0.0,0.0,1938924.0,0.0,0.0,0.0,0.0,0.0,0.0,0.0,0,0,0,0,0,0,0
2554,2004-09-04T00:00:00.000Z,Fire,FM,CA,2004,2004-09-03T00:00:00.000Z,2,0,0,1,0,12.0,0,0.0,0.0,0.0,1785194.67,12853.82,0.0,0.0,1785194.67,0.0,0.0,0.0,0.0,0.0,0.0,0.0,0,0,0,0,0,0,0
2555,2004-09-13T00:00:00.000Z,Fire,FM,CA,2004,2004-09-12T00:00:00.000Z,1,0,0,1,0,5.0,0,0.0,0.0,0.0,2018946.0,16947.59,0.0,0.0,2018946.0,0.0,0.0,0.0,0.0,0.0,0.0,0.0,0,0,0,0,0,0,0
2556,2004-09-14T00:00:00.000Z,Fire,FM,HI,2004,2004-09-12T00:00:00.000Z,1,0,0,1,0,4.0,0,0.0,0.0,0.0,0.0,0.0,0.0,0.0,0.0,0.0,0.0,0.0,0.0,0.0,0.0,0.0,0,0,0,0,0,0,0
2557,2005-04-19T00:00:00.000Z,Fire,FM,SD,2005,2005-04-17T00:00:00.000Z,1,0,0,1,0,2.0,0,0.0,0.0,0.0,0.0,0.0,0.0,0.0,0.0,0.0,0.0,0.0,0.0,0.0,0.0,0.0,0,0,0,0,0,0,0
2558,2005-05-26T00:00:00.000Z,Fire,FM,AZ,2005,2005-05-26T00:00:00.000Z,1,0,0,1,0,3.0,0,0.0,0.0,0.0,187479.36,0.0,0.0,0.0,187479.36,0.0,0.0,0.0,0.0,0.0,0.0,0.0,0,0,0,0,0,0,0
2559,2005-06-08T00:00:00.000Z,Fire,FM,AZ,2005,2005-06-08T00:00:00.000Z,1,0,0,1,0,5.0,0,0.0,0.0,0.0,139843.79,0.0,0.0,0.0,139843.79,0.0,0.0,0.0,0.0,0.0,0.0,0.0,0,0,0,0,0,0,0
2560,2005-06-12T00:00:00.000Z,Fire,FM,AZ,2005,2005-06-11T00:00:00.000Z,1,0,0,1,0,7.0,0,0.0,0.0,0.0,213773.41,0.0,0.0,0.0,213773.41,0.0,0.0,0.0,0.0,0.0,0.0,0.0,0,0,0,0,0,0,0
2561,2005-06-22T00:00:00.000Z,Fire,FM,AZ,2005,2005-06-21T00:00:00.000Z,2,0,0,1,0,16.0,0,0.0,0.0,0.0,506548.12,94048.12,0.0,0.0,506548.12,0.0,0.0,0.0,0.0,0.0,0.0,0.0,0,0,0,0,0,0,0
2562,2005-06-23T00:00:00.000Z,Fire,FM,AZ,2005,2005-06-22T00:00:00.000Z,1,0,0,1,0,5.0,0,0.0,0.0,0.0,538289.4,0.0,0.0,0.0,538289.4,0.0,0.0,0.0,0.0,0.0,0.0,0.0,0,0,0,0,0,0,0
2563,2005-06-24T00:00:00.000Z,Fire,FM,NV,2005,2005-06-22T00:00:00.000Z,1,0,0,1,0,14.0,0,0.0,0.0,0.0,76008.85,11631.8,0.0,0.0,76008.85,0.0,0.0,0.0,0.0,0.0,0.0,0.0,0,0,0,0,0,0,0
2564,2005-06-27T00:00:00.000Z,Fire,FM,UT,2005,2005-06-27T00:00:00.000Z,1,0,0,1,0,4.0,0,0.0,0.0,0.0,307796.38,0.0,0.0,0.0,307796.38,0.0,0.0,0.0,0.0,0.0,0.0,0.0,0,0,0,0,0,0,0
2565,2005-07-10T00:00:00.000Z,Fire,FM,SD,2005,2005-07-09T00:00:00.000Z,1,0,0,1,0,10.0,0,0.0,0.0,0.0,428064.13,0.0,0.0,0.0,428064.13,0.0,0.0,0.0,0.0,0.0,0.0,0.0,0,0,0,0,0,0,0
2566,2005-07-10T00:00:00.000Z,Fire,FM,CO,2005,2005-07-08T00:00:00.000Z,2,0,0,1,0,9.0,0,0.0,0.0,0.0,1077283.8,7402.1,0.0,0.0,1077283.8,0.0,0.0,0.0,0.0,0.0,0.0,0.0,0,0,0,0,0,0,0
2567,2005-07-16T00:00:00.000Z,Fire,FM,NV,2005,2005-07-15T00:00:00.000Z,1,0,0,1,0,6.0,0,0.0,0.0,0.0,168244.61,0.0,0.0,0.0,168244.61,0.0,0.0,0.0,0.0,0.0,0.0,0.0,0,0,0,0,0,0,0
2568,2005-07-16T00:00:00.000Z,Fire,FM,NV,2005,2005-07-16T00:00:00.000Z,2,0,0,1,0,2.0,0,0.0,0.0,0.0,88114.07,0.0,0.0,0.0,88114.07,0.0,0.0,0.0,0.0,0.0,0.0,0.0,0,0,0,0,0,0,0
2569,2005-07-16T00:00:00.000Z,Fire,FM,SD,2005,2005-07-16T00:00:00.000Z,1,0,0,1,0,1.0,0,0.0,0.0,0.0,14231.1,1358.83,0.0,0.0,14231.1,0.0,0.0,0.0,0.0,0.0,0.0,0.0,0,0,0,0,0,0,0
2570,2005-07-22T00:00:00.000Z,Fire,FM,AZ,2005,2005-07-21T00:00:00.000Z,2,0,0,1,0,3.0,0,0.0,0.0,0.0,8644.57,4008.82,0.0,0.0,8644.57,0.0,0.0,0.0,0.0,0.0,0.0,0.0,0,0,0,0,0,0,0
2571,2005-07-25T00:00:00.000Z,Fire,FM,CA,2005,2005-07-25T00:00:00.000Z,1,0,0,1,0,4.0,0,0.0,0.0,0.0,1071291.38,1542.23,0.0,0.0,1071291.38,0.0,0.0,0.0,0.0,0.0,0.0,0.0,0,0,0,0,0,0,0
2572,2005-08-01T00:00:00.000Z,Fire,FM,WA,2005,2005-07-31T00:00:00.000Z,1,0,0,1,0,8.0,0,0.0,0.0,0.0,1061643.32,6943.57,0.0,0.0,1061643.32,0.0,0.0,0.0,0.0,0.0,0.0,0.0,0,0,0,0,0,0,0
2573,2005-08-02T00:00:00.000Z,Fire,FM,HI,2005,2005-08-01T00:00:00.000Z,1,0,0,1,0,5.0,0,0.0,0.0,0.0,187071.69,5242.89,0.0,0.0,187071.69,0.0,0.0,0.0,0.0,0.0,0.0,0.0,0,0,0,0,0,0,0
2574,2005-08-04T00:00:00.000Z,Fire,FM,HI,2005,2005-08-02T00:00:00.000Z,1,0,0,1,0,4.0,0,0.0,0.0,0.0,152571.46,2403.19,0.0,0.0,152571.46,0.0,0.0,0.0,0.0,0.0,0.0,0.0,0,0,0,0,0,0,0
2575,2005-08-07T00:00:00.000Z,Fire,FM,WA,2005,2005-08-07T00:00:00.000Z,2,0,0,1,0,12.0,0,0.0,0.0,0.0,3986571.64,109447.61,0.0,0.0,3986571.64,0.0,0.0,0.0,0.0,0.0,0.0,0.0,0,0,0,0,0,0,0
2576,2005-08-15T00:00:00.000Z,Fire,FM,HI,2005,2005-08-14T00:00:00.000Z,1,0,0,1,0,6.0,0,0.0,0.0,0.0,141511.94,0.0,0.0,0.0,141511.94,0.0,0.0,0.0,0.0,0.0,0.0,0.0,0,0,0,0,0,0,0
2577,2005-08-19T00:00:00.000Z,Fire,FM,HI,2005,2005-08-17T00:00:00.000Z,1,0,0,1,0,3.0,0,0.0,0.0,0.0,0.0,0.0,0.0,0.0,0.0,0.0,0.0,0.0,0.0,0.0,0.0,0.0,0,0,0,0,0,0,0
2578,2005-08-22T00:00:00.000Z,Fire,FM,NV,2005,2005-08-22T00:00:00.000Z,1,0,0,1,0,3.0,0,0.0,0.0,0.0,93267.74,0.0,0.0,0.0,93267.74,0.0,0.0,0.0,0.0,0.0,0.0,0.0,0,0,0,0,0,0,0
2579,2005-08-25T00:00:00.000Z,Fire,FM,OR,2005,2005-08-25T00:00:00.000Z,1,0,0,1,0,7.0,0,0.0,0.0,0.0,3906217.67,68670.58,0.0,0.0,3906217.67,0.0,0.0,0.0,0.0,0.0,0.0,0.0,0,0,0,0,0,0,0
2580,2005-08-26T00:00:00.000Z,Fire,FM,CA,2005,2005-08-26T00:00:00.000Z,2,0,0,1,0,7.0,0,0.0,0.0,0.0,3012422.79,38947.0,0.0,0.0,3012422.79,0.0,0.0,0.0,0.0,0.0,0.0,0.0,0,0,0,0,0,0,0
2581,2005-08-29T00:00:00.000Z,Fire,FM,NV,2005,2005-08-28T00:00:00.000Z,1,0,0,1,0,6.0,0,0.0,0.0,0.0,437362.93,0.0,0.0,0.0,437362.93,0.0,0.0,0.0,0.0,0.0,0.0,0.0,0,0,0,0,0,0,0
2582,2005-09-05T00:00:00.000Z,Fire,FM,CA,2005,2005-09-05T00:00:00.000Z,1,0,0,1,0,2.0,0,0.0,0.0,0.0,176293.0,0.0,0.0,0.0,176293.0,0.0,0.0,0.0,0.0,0.0,0.0,0.0,0,0,0,0,0,0,0
2583,2005-09-28T00:00:00.000Z,Fire,FM,CA,2005,2005-09-28T00:00:00.000Z,2,0,0,1,0,12.0,0,0.0,0.0,0.0,14842645.0,482316.22,0.0,0.0,14842645.0,0.0,0.0,0.0,0.0,0.0,0.0,0.0,0,0,0,0,0,0,0
2584,2005-10-06T00:00:00.000Z,Fire,FM,CA,2006,2005-10-05T00:00:00.000Z,1,0,0,1,0,3.0,0,0.0,0.0,0.0,781829.0,28759.59,0.0,0.0,781829.0,0.0,0.0,0.0,0.0,0.0,0.0,0.0,0,0,0,0,0,0,0
2585,2005-10-06T00:00:00.000Z,Fire,FM,CA,2006,2005-10-05T00:00:00.000Z,1,0,0,1,0,5.0,0,0.0,0.0,0.0,2556527.0,0.0,0.0,0.0,2556527.0,0.0,0.0,0.0,0.0,0.0,0.0,0.0,0,0,0,0,0,0,0
2586,2005-11-18T00:00:00.000Z,Fire,FM,CA,2006,2005-11-18T00:00:00.000Z,1,0,0,1,0,5.0,0,0.0,0.0,0.0,3351326.34,22664.96,0.0,0.0,3351326.34,0.0,0.0,0.0,0.0,0.0,0.0,0.0,0,0,0,0,0,0,0
2587,2005-11-29T00:00:00.000Z,Fire,FM,OK,2006,2005-11-27T00:00:00.000Z,1,0,0,1,0,6.0,1,0.0,0.0,0.0,55425.8,0.0,0.0,0.0,55425.8,0.0,0.0,0.0,0.0,0.0,0.0,0.0,0,0,0,0,0,0,0
2588,2005-11-30T00:00:00.000Z,Fire,FM,OK,2006,2005-11-29T00:00:00.000Z,1,0,0,1,0,6.0,1,0.0,0.0,0.0,49093.06,0.0,0.0,0.0,49093.06,0.0,0.0,0.0,0.0,0.0,0.0,0.0,0,0,0,0,0,0,0
2589,2005-11-30T00:00:00.000Z,Fire,FM,OK,2006,2005-11-27T00:00:00.000Z,1,0,0,1,0,6.0,1,0.0,0.0,0.0,33043.83,0.0,0.0,0.0,33043.83,0.0,0.0,0.0,0.0,0.0,0.0,0.0,0,0,0,0,0,0,0
2590,2005-12-02T00:00:00.000Z,Fire,FM,OK,2006,2005-11-27T00:00:00.000Z,1,0,0,1,0,6.0,1,0.0,0.0,0.0,54544.44,0.0,0.0,0.0,54544.44,0.0,0.0,0.0,0.0,0.0,0.0,0.0,0,0,0,0,0,0,0
2591,2005-12-28T00:00:00.000Z,Fire,FM,TX,2006,2005-12-27T00:00:00.000Z,1,0,0,1,0,6.0,1,0.0,0.0,0.0,0.0,0.0,0.0,0.0,0.0,0.0,0.0,0.0,0.0,0.0,0.0,0.0,0,0,0,0,0,0,0
2592,2005-12-28T00:00:00.000Z,Fire,FM,OK,2006,2005-12-26T00:00:00.000Z,1,0,0,1,0,3.0,0,0.0,0.0,0.0,62705.97,0.0,0.0,0.0,62705.97,0.0,0.0,0.0,0.0,0.0,0.0,0.0,0,0,0,0,0,0,0
2593,2005-12-28T00:00:00.000Z,Fire,FM,TX,2006,2005-12-27T00:00:00.000Z,1,0,0,1,0,6.0,1,0.0,0.0,0.0,0.0,0.0,0.0,0.0,0.0,0.0,0.0,0.0,0.0,0.0,0.0,0.0,0,0,0,0,0,0,0
2594,2005-12-28T00:00:00.000Z,Fire,FM,OK,2006,2005-12-27T00:00:00.000Z,1,0,0,1,0,6.0,1,0.0,0.0,0.0,66656.63,0.0,0.0,0.0,66656.63,0.0,0.0,0.0,0.0,0.0,0.0,0.0,0,0,0,0,0,0,0
2595,2005-12-29T00:00:00.000Z,Fire,FM,OK,2006,2005-12-29T00:00:00.000Z,1,0,0,1,0,6.0,1,0.0,0.0,0.0,54624.25,0.0,0.0,0.0,54624.25,0.0,0.0,0.0,0.0,0.0,0.0,0.0,0,0,0,0,0,0,0
2596,2006-01-01T00:00:00.000Z,Fire,FM,TX,2006,2006-01-01T00:00:00.000Z,1,0,0,1,0,6.0,1,0.0,0.0,0.0,0.0,0.0,0.0,0.0,0.0,0.0,0.0,0.0,0.0,0.0,0.0,0.0,0,0,0,0,0,0,0
2597,2006-01-01T00:00:00.000Z,Fire,FM,OK,2006,2006-01-01T00:00:00.000Z,1,0,0,1,0,6.0,1,0.0,0.0,0.0,0.0,0.0,0.0,0.0,0.0,0.0,0.0,0.0,0.0,0.0,0.0,0.0,0,0,0,0,0,0,0
2598,2006-01-01T00:00:00.000Z,Fire,FM,TX,2006,2006-01-01T00:00:00.000Z,1,0,0,1,0,6.0,1,0.0,0.0,0.0,0.0,0.0,0.0,0.0,0.0,0.0,0.0,0.0,0.0,0.0,0.0,0.0,0,0,0,0,0,0,0
2599,2006-01-01T00:00:00.000Z,Fire,FM,OK,2006,2006-01-01T00:00:00.000Z,1,0,0,1,0,6.0,1,0.0,0.0,0.0,0.0,0.0,0.0,0.0,0.0,0.0,0.0,0.0,0.0,0.0,0.0,0.0,0,0,0,0,0,0,0
2600,2006-01-02T00:00:00.000Z,Fire,FM,NM,2006,2006-01-01T00:00:00.000Z,2,0,0,1,0,3.0,0,0.0,0.0,0.0,107390.27,0.0,0.0,0.0,107390.27,0.0,0.0,0.0,0.0,0.0,0.0,0.0,0,0,0,0,0,0,0
2601,2006-01-02T00:00:00.000Z,Fire,FM,OK,2006,2006-01-01T00:00:00.000Z,1,0,0,1,0,6.0,1,0.0,0.0,0.0,0.0,0.0,0.0,0.0,0.0,0.0,0.0,0.0,0.0,0.0,0.0,0.0,0,0,0,0,0,0,0
2602,2006-01-02T00:00:00.000Z,Fire,FM,OK,2006,2006-01-01T00:00:00.000Z,1,0,0,1,0,6.0,1,0.0,0.0,0.0,0.0,0.0,0.0,0.0,0.0,0.0,0.0,0.0,0.0,0.0,0.0,0.0,0,0,0,0,0,0,0
2603,2006-01-02T00:00:00.000Z,Fire,FM,OK,2006,2006-01-01T00:00:00.000Z,1,0,0,1,0,6.0,1,0.0,0.0,0.0,0.0,0.0,0.0,0.0,0.0,0.0,0.0,0.0,0.0,0.0,0.0,0.0,0,0,0,0,0,0,0
2604,2006-01-02T00:00:00.000Z,Fire,FM,OK,2006,2006-01-01T00:00:00.000Z,1,0,0,1,0,6.0,1,0.0,0.0,0.0,0.0,0.0,0.0,0.0,0.0,0.0,0.0,0.0,0.0,0.0,0.0,0.0,0,0,0,0,0,0,0
2605,2006-01-02T00:00:00.000Z,Fire,FM,OK,2006,2006-01-01T00:00:00.000Z,1,0,0,1,0,6.0,1,0.0,0.0,0.0,0.0,0.0,0.0,0.0,0.0,0.0,0.0,0.0,0.0,0.0,0.0,0.0,0,0,0,0,0,0,0
2606,2006-01-02T00:00:00.000Z,Fire,FM,OK,2006,2006-01-01T00:00:00.000Z,2,0,0,1,0,6.0,1,0.0,0.0,0.0,0.0,0.0,0.0,0.0,0.0,0.0,0.0,0.0,0.0,0.0,0.0,0.0,0,0,0,0,0,0,0
2607,2006-01-02T00:00:00.000Z,Fire,FM,OK,2006,2006-01-01T00:00:00.000Z,1,0,0,1,0,6.0,1,0.0,0.0,0.0,0.0,0.0,0.0,0.0,0.0,0.0,0.0,0.0,0.0,0.0,0.0,0.0,0,0,0,0,0,0,0
2608,2006-01-03T00:00:00.000Z,Fire,FM,OK,2006,2006-01-03T00:00:00.000Z,1,0,0,1,0,6.0,1,0.0,0.0,0.0,0.0,0.0,0.0,0.0,0.0,0.0,0.0,0.0,0.0,0.0,0.0,0.0,0,0,0,0,0,0,0
2609,2006-01-05T00:00:00.000Z,Fire,FM,TX,2006,2006-01-05T00:00:00.000Z,1,0,0,1,0,6.0,1,0.0,0.0,0.0,0.0,0.0,0.0,0.0,0.0,0.0,0.0,0.0,0.0,0.0,0.0,0.0,0,0,0,0,0,0,0
2610,2006-01-05T00:00:00.000Z,Fire,FM,TX,2006,2006-01-05T00:00:00.000Z,1,0,0,1,0,6.0,1,0.0,0.0,0.0,0.0,0.0,0.0,0.0,0.0,0.0,0.0,0.0,0.0,0.0,0.0,0.0,0,0,0,0,0,0,0
2611,2006-01-05T00:00:00.000Z,Fire,FM,TX,2006,2006-01-05T00:00:00.000Z,1,0,0,1,0,6.0,1,0.0,0.0,0.0,0.0,0.0,0.0,0.0,0.0,0.0,0.0,0.0,0.0,0.0,0.0,0.0,0,0,0,0,0,0,0
2612,2006-01-07T00:00:00.000Z,Fire,FM,TX,2006,2006-01-07T00:00:00.000Z,1,0,0,1,0,6.0,1,0.0,0.0,0.0,0.0,0.0,0.0,0.0,0.0,0.0,0.0,0.0,0.0,0.0,0.0,0.0,0,0,0,0,0,0,0
2613,2006-01-08T00:00:00.000Z,Fire,FM,CO,2006,2006-01-07T00:00:00.000Z,2,0,0,1,0,9.0,0,0.0,0.0,0.0,86787.54,7695.64,0.0,0.0,86787.54,0.0,0.0,0.0,0.0,0.0,0.0,0.0,0,0,0,0,0,0,0
2614,2006-01-08T00:00:00.000Z,Fire,FM,TX,2006,2006-01-08T00:00:00.000Z,1,0,0,1,0,6.0,1,0.0,0.0,0.0,0.0,0.0,0.0,0.0,0.0,0.0,0.0,0.0,0.0,0.0,0.0,0.0,0,0,0,0,0,0,0
2615,2006-01-08T00:00:00.000Z,Fire,FM,OK,2006,2006-01-08T00:00:00.000Z,1,0,0,1,0,6.0,1,0.0,0.0,0.0,0.0,0.0,0.0,0.0,0.0,0.0,0.0,0.0,0.0,0.0,0.0,0.0,0,0,0,0,0,0,0
2616,2006-01-09T00:00:00.000Z,Fire,FM,OK,2006,2006-01-09T00:00:00.000Z,2,0,0,1,0,6.0,1,0.0,0.0,0.0,0.0,0.0,0.0,0.0,0.0,0.0,0.0,0.0,0.0,0.0,0.0,0.0,0,0,0,0,0,0,0
2617,2006-01-11T00:00:00.000Z,Fire,FM,TX,2006,2006-01-11T00:00:00.000Z,1,0,0,1,0,6.0,1,0.0,0.0,0.0,0.0,0.0,0.0,0.0,0.0,0.0,0.0,0.0,0.0,0.0,0.0,0.0,0,0,0,0,0,0,0
2618,2006-01-13T00:00:00.000Z,Fire,FM,OK,2006,2006-01-12T00:00:00.000Z,1,0,0,1,0,6.0,1,0.0,0.0,0.0,0.0,0.0,0.0,0.0,0.0,0.0,0.0,0.0,0.0,0.0,0.0,0.0,0,0,0,0,0,0,0
2619,2006-01-13T00:00:00.000Z,Fire,FM,TX,2006,2006-01-13T00:00:00.000Z,1,0,0,1,0,6.0,1,0.0,0.0,0.0,0.0,0.0,0.0,0.0,0.0,0.0,0.0,0.0,0.0,0.0,0.0,0.0,0,0,0,0,0,0,0
2620,2006-01-15T00:00:00.000Z,Fire,FM,TX,2006,2006-01-14T00:00:00.000Z,1,0,0,1,0,6.0,1,0.0,0.0,0.0,0.0,0.0,0.0,0.0,0.0,0.0,0.0,0.0,0.0,0.0,0.0,0.0,0,0,0,0,0,0,0
2621,2006-01-19T00:00:00.000Z,Fire,FM,TX,2006,2006-01-17T00:00:00.000Z,1,0,0,1,0,6.0,1,0.0,0.0,0.0,0.0,0.0,0.0,0.0,0.0,0.0,0.0,0.0,0.0,0.0,0.0,0.0,0,0,0,0,0,0,0
2622,2006-01-19T00:00:00.000Z,Fire,FM,TX,2006,2006-01-19T00:00:00.000Z,1,0,0,1,0,6.0,1,0.0,0.0,0.0,0.0,0.0,0.0,0.0,0.0,0.0,0.0,0.0,0.0,0.0,0.0,0.0,0,0,0,0,0,0,0
2623,2006-01-19T00:00:00.000Z,Fire,FM,OK,2006,2006-01-15T00:00:00.000Z,2,0,0,1,0,6.0,1,0.0,0.0,0.0,0.0,0.0,0.0,0.0,0.0,0.0,0.0,0.0,0.0,0.0,0.0,0.0,0,0,0,0,0,0,0
2624,2006-01-19T00:00:00.000Z,Fire,FM,OK,2006,2006-01-15T00:00:00.000Z,1,0,0,1,0,6.0,1,0.0,0.0,0.0,0.0,0.0,0.0,0.0,0.0,0.0,0.0,0.0,0.0,0.0,0.0,0.0,0,0,0,0,0,0,0
2625,2006-01-19T00:00:00.000Z,Fire,FM,OK,2006,2006-01-18T00:00:00.000Z,1,0,0,1,0,6.0,1,0.0,0.0,0.0,0.0,0.0,0.0,0.0,0.0,0.0,0.0,0.0,0.0,0.0,0.0,0.0,0,0,0,0,0,0,0
2626,2006-01-19T00:00:00.000Z,Fire,FM,OK,2006,2006-01-18T00:00:00.000Z,1,0,0,1,0,6.0,1,0.0,0.0,0.0,0.0,0.0,0.0,0.0,0.0,0.0,0.0,0.0,0.0,0.0,0.0,0.0,0,0,0,0,0,0,0
2627,2006-01-19T00:00:00.000Z,Fire,FM,OK,2006,2006-01-18T00:00:00.000Z,1,0,0,1,0,6.0,1,0.0,0.0,0.0,0.0,0.0,0.0,0.0,0.0,0.0,0.0,0.0,0.0,0.0,0.0,0.0,0,0,0,0,0,0,0
2628,2006-01-19T00:00:00.000Z,Fire,FM,OK,2006,2006-01-15T00:00:00.000Z,2,0,0,1,0,6.0,1,0.0,0.0,0.0,0.0,0.0,0.0,0.0,0.0,0.0,0.0,0.0,0.0,0.0,0.0,0.0,0,0,0,0,0,0,0
2629,2006-02-05T00:00:00.000Z,Fire,FM,TX,2006,2006-02-05T00:00:00.000Z,1,0,0,1,0,6.0,1,0.0,0.0,0.0,0.0,0.0,0.0,0.0,0.0,0.0,0.0,0.0,0.0,0.0,0.0,0.0,0,0,0,0,0,0,0
2630,2006-02-06T00:00:00.000Z,Fire,FM,CA,2006,2006-02-06T00:00:00.000Z,2,0,0,1,0,10.0,0,0.0,0.0,0.0,0.0,0.0,0.0,0.0,0.0,0.0,0.0,0.0,0.0,0.0,0.0,0.0,0,0,0,0,0,0,0
2631,2006-03-01T00:00:00.000Z,Fire,FM,NM,2006,2006-03-01T00:00:00.000Z,1,0,0,1,0,6.0,0,0.0,0.0,0.0,262646.56,0.0,0.0,0.0,262646.56,0.0,0.0,0.0,0.0,0.0,0.0,0.0,0,0,0,0,0,0,0
2632,2006-03-30T00:00:00.000Z,Fire,FM,KS,2006,2006-03-30T00:00:00.000Z,1,0,0,1,0,6.0,1,0.0,0.0,0.0,0.0,0.0,0.0,0.0,0.0,0.0,0.0,0.0,0.0,0.0,0.0,0.0,0,0,0,0,0,0,0
2633,2006-04-06T00:00:00.000Z,Fire,FM,OK,2006,2006-04-06T00:00:00.000Z,1,0,0,1,0,9.0,0,0.0,0.0,0.0,750.0,0.0,0.0,0.0,750.0,0.0,0.0,0.0,0.0,0.0,0.0,0.0,0,0,0,0,0,0,0
2634,2006-04-06T00:00:00.000Z,Fire,FM,OK,2006,2006-04-06T00:00:00.000Z,1,0,0,1,0,6.0,1,0.0,0.0,0.0,9851.58,0.0,0.0,0.0,9851.58,0.0,0.0,0.0,0.0,0.0,0.0,0.0,0,0,0,0,0,0,0
2635,2006-04-06T00:00:00.000Z,Fire,FM,OK,2006,2006-04-06T00:00:00.000Z,1,0,0,1,0,6.0,1,0.0,0.0,0.0,13811.89,0.0,0.0,0.0,13811.89,0.0,0.0,0.0,0.0,0.0,0.0,0.0,0,0,0,0,0,0,0
2636,2006-04-12T00:00:00.000Z,Fire,FM,NM,2006,2006-04-12T00:00:00.000Z,1,0,0,1,0,6.0,1,0.0,0.0,0.0,2406368.89,0.0,0.0,0.0,2406368.89,0.0,0.0,0.0,0.0,0.0,0.0,0.0,0,0,0,0,0,0,0
2637,2006-04-15T00:00:00.000Z,Fire,FM,VA,2006,2006-04-15T00:00:00.000Z,1,0,0,1,0,6.0,1,0.0,0.0,0.0,0.0,0.0,0.0,0.0,0.0,0.0,0.0,0.0,0.0,0.0,0.0,0.0,0,0,0,0,0,0,0
2638,2006-05-15T00:00:00.000Z,Fire,FM,FL,2006,2006-05-15T00:00:00.000Z,1,0,0,1,0,42.0,0,0.0,0.0,0.0,1882678.75,0.0,0.0,0.0,1882678.75,0.0,0.0,0.0,0.0,0.0,0.0,0.0,0,0,0,0,0,0,0
2639,2006-05-26T00:00:00.000Z,Fire,FM,TX,2006,2006-05-26T00:00:00.000Z,1,0,0,1,0,6.0,1,0.0,0.0,0.0,3338.02,0.0,0.0,0.0,3338.02,0.0,0.0,0.0,0.0,0.0,0.0,0.0,0,0,0,0,0,0,0
2640,2006-06-02T00:00:00.000Z,Fire,FM,AZ,2006,2006-06-01T00:00:00.000Z,1,0,0,1,0,6.0,0,0.0,0.0,0.0,65775.53,0.0,0.0,0.0,65775.53,0.0,0.0,0.0,0.0,0.0,0.0,0.0,0,0,0,0,0,0,0
2641,2006-06-08T00:00:00.000Z,Fire,FM,AK,2006,2006-06-07T00:00:00.000Z,1,0,0,1,0,18.0,0,0.0,0.0,0.0,4729509.25,92513.15,0.0,0.0,4729509.25,0.0,0.0,0.0,0.0,0.0,0.0,0.0,0,0,0,0,0,0,0
2642,2006-06-13T00:00:00.000Z,Fire,FM,AZ,2006,2006-06-12T00:00:00.000Z,1,0,0,1,0,6.0,0,0.0,0.0,0.0,36241.71,36241.71,0.0,0.0,36241.71,0.0,0.0,0.0,0.0,0.0,0.0,0.0,0,0,0,0,0,0,0
2643,2006-06-14T00:00:00.000Z,Fire,FM,AZ,2006,2006-06-14T00:00:00.000Z,1,0,0,1,0,3.0,0,0.0,0.0,0.0,135566.78,47464.5,0.0,0.0,135566.78,0.0,0.0,0.0,0.0,0.0,0.0,0.0,0,0,0,0,0,0,0
2644,2006-06-16T00:00:00.000Z,Fire,FM,NM,2006,2006-06-15T00:00:00.000Z,1,0,0,1,0,6.0,1,0.0,0.0,0.0,113353.05,0.0,0.0,0.0,113353.05,0.0,0.0,0.0,0.0,0.0,0.0,0.0,0,0,0,0,0,0,0
2645,2006-06-18T00:00:00.000Z,Fire,FM,AZ,2006,2006-06-18T00:00:00.000Z,1,0,0,1,0,10.0,0,0.0,0.0,0.0,658092.61,81790.07,0.0,0.0,658092.61,0.0,0.0,0.0,0.0,0.0,0.0,0.0,0,0,0,0,0,0,0
2646,2006-06-19T00:00:00.000Z,Fire,FM,CO,2006,2006-06-18T00:00:00.000Z,1,0,0,1,0,13.0,0,0.0,0.0,0.0,2537766.32,0.0,0.0,0.0,2537766.32,0.0,0.0,0.0,0.0,0.0,0.0,0.0,0,0,0,0,0,0,0
2647,2006-06-21T00:00:00.000Z,Fire,FM,NM,2006,2006-06-18T00:00:00.000Z,2,0,0,1,0,6.0,1,0.0,0.0,0.0,2718247.83,0.0,0.0,0.0,2718247.83,0.0,0.0,0.0,0.0,0.0,0.0,0.0,0,0,0,0,0,0,0
2648,2006-06-26T00:00:00.000Z,Fire,FM,NV,2006,2006-06-26T00:00:00.000Z,1,0,0,1,0,8.0,0,0.0,0.0,0.0,898981.85,0.0,0.0,0.0,898981.85,0.0,0.0,0.0,0.0,0.0,0.0,0.0,0,0,0,0,0,0,0
2649,2006-06-27T00:00:00.000Z,Fire,FM,NV,2006,2006-06-26T00:00:00.000Z,1,0,0,1,0,3.0,0,0.0,0.0,0.0,22897.85,0.0,0.0,0.0,22897.85,0.0,0.0,0.0,0.0,0.0,0.0,0.0,0,0,0,0,0,0,0
2650,2006-06-27T00:00:00.000Z,Fire,FM,NV,2006,2006-06-26T00:00:00.000Z,3,0,0,1,0,4.0,0,0.0,0.0,0.0,106767.3,0.0,0.0,0.0,106767.3,0.0,0.0,0.0,0.0,0.0,0.0,0.0,0,0,0,0,0,0,0
2651,2006-06-27T00:00:00.000Z,Fire,FM,TX,2006,2006-06-27T00:00:00.000Z,1,0,0,1,0,6.0,1,0.0,0.0,0.0,53470.8,0.0,0.0,0.0,53470.8,0.0,0.0,0.0,0.0,0.0,0.0,0.0,0,0,0,0,0,0,0
2652,2006-07-11T00:00:00.000Z,Fire,FM,MT,2006,2006-07-10T00:00:00.000Z,1,0,0,1,0,3.0,0,0.0,0.0,0.0,594272.15,3425.43,0.0,0.0,594272.15,0.0,0.0,0.0,0.0,0.0,0.0,0.0,0,0,0,0,0,0,0
2653,2006-07-12T00:00:00.000Z,Fire,FM,CA,2006,2006-07-11T00:00:00.000Z,1,0,0,1,0,14.0,0,0.0,0.0,0.0,9259793.99,225314.53,0.0,0.0,9259793.99,0.0,0.0,0.0,0.0,0.0,0.0,0.0,0,0,0,0,0,0,0
2654,2006-07-14T00:00:00.000Z,Fire,FM,WY,2006,2006-07-13T00:00:00.000Z,1,0,0,1,0,11.0,0,0.0,0.0,0.0,3098322.57,0.0,0.0,0.0,3098322.57,0.0,0.0,0.0,0.0,0.0,0.0,0.0,0,0,0,0,0,0,0
2655,2006-07-17T00:00:00.000Z,Fire,FM,NE,2006,2006-07-16T00:00:00.000Z,1,0,0,1,0,15.0,0,0.0,0.0,0.0,345269.68,0.0,0.0,0.0,345269.68,0.0,0.0,0.0,0.0,0.0,0.0,0.0,0,0,0,0,0,0,0
2656,2006-07-24T00:00:00.000Z,Fire,FM,CA,2006,2006-07-24T00:00:00.000Z,1,0,0,1,0,5.0,0,0.0,0.0,0.0,1591350.0,102231.3,0.0,0.0,1591350.0,0.0,0.0,0.0,0.0,0.0,0.0,0.0,0,0,0,0,0,0,0
2657,2006-07-25T00:00:00.000Z,Fire,FM,OR,2006,2006-07-24T00:00:00.000Z,1,0,0,1,0,11.0,0,0.0,0.0,0.0,988301.75,25690.98,0.0,0.0,988301.75,0.0,0.0,0.0,0.0,0.0,0.0,0.0,0,0,0,0,0,0,0
2658,2006-07-27T00:00:00.000Z,Fire,FM,SD,2006,2006-07-27T00:00:00.000Z,1,0,0,1,0,11.0,0,0.0,0.0,0.0,1543488.86,6596.89,0.0,0.0,1543488.86,0.0,0.0,0.0,0.0,0.0,0.0,0.0,0,0,0,0,0,0,0
2659,2006-07-27T00:00:00.000Z,Fire,FM,OR,2006,2006-07-27T00:00:00.000Z,1,0,0,1,0,18.0,0,0.0,0.0,0.0,1511559.54,97702.97,0.0,0.0,1511559.54,0.0,0.0,0.0,0.0,0.0,0.0,0.0,0,0,0,0,0,0,0
2660,2006-07-28T00:00:00.000Z,Fire,FM,NE,2006,2006-07-27T00:00:00.000Z,1,0,0,1,0,24.0,0,0.0,0.0,0.0,1418573.71,0.0,0.0,0.0,1418573.71,0.0,0.0,0.0,0.0,0.0,0.0,0.0,0,0,0,0,0,0,0
2661,2006-07-29T00:00:00.000Z,Fire,FM,NE,2006,2006-07-28T00:00:00.000Z,1,0,0,1,0,28.0,0,0.0,0.0,0.0,1773269.52,0.0,0.0,0.0,1773269.52,0.0,0.0,0.0,0.0,0.0,0.0,0.0,0,0,0,0,0,0,0
2662,2006-07-30T00:00:00.000Z,Fire,FM,CA,2006,2006-07-29T00:00:00.000Z,1,0,0,1,0,4.0,0,0.0,0.0,0.0,2376105.76,12166.85,0.0,0.0,2376105.76,0.0,0.0,0.0,0.0,0.0,0.0,0.0,0,0,0,0,0,0,0
2663,2006-08-08T00:00:00.000Z,Fire,FM,WA,2006,2006-08-08T00:00:00.000Z,1,0,0,1,0,3.0,0,0.0,0.0,0.0,619658.59,7371.46,0.0,0.0,619658.59,0.0,0.0,0.0,0.0,0.0,0.0,0.0,0,0,0,0,0,0,0
2664,2006-08-12T00:00:00.000Z,Fire,FM,NV,2006,2006-08-11T00:00:00.000Z,1,0,0,1,0,3.0,0,0.0,0.0,0.0,498799.41,0.0,0.0,0.0,498799.41,0.0,0.0,0.0,0.0,0.0,0.0,0.0,0,0,0,0,0,0,0
2665,2006-08-14T00:00:00.000Z,Fire,FM,WY,2006,2006-08-14T00:00:00.000Z,1,0,0,1,0,11.0,0,0.0,0.0,0.0,2371710.41,0.0,0.0,0.0,2371710.41,0.0,0.0,0.0,0.0,0.0,0.0,0.0,0,0,0,0,0,0,0
2666,2006-08-16T00:00:00.000Z,Fire,FM,TX,2006,2006-08-16T00:00:00.000Z,1,0,0,1,0,6.0,1,0.0,0.0,0.0,177499.59,0.0,0.0,0.0,177499.59,0.0,0.0,0.0,0.0,0.0,0.0,0.0,0,0,0,0,0,0,0
2667,2006-08-19T00:00:00.000Z,Fire,FM,TX,2006,2006-08-18T00:00:00.000Z,2,0,0,1,0,6.0,1,0.0,0.0,0.0,1154485.44,0.0,0.0,0.0,1154485.44,0.0,0.0,0.0,0.0,0.0,0.0,0.0,0,0,0,0,0,0,0
2668,2006-08-22T00:00:00.000Z,Fire,FM,WA,2006,2006-08-21T00:00:00.000Z,2,0,0,1,0,22.0,0,0.0,0.0,0.0,6979271.97,151938.67,0.0,0.0,6979271.97,0.0,0.0,0.0,0.0,0.0,0.0,0.0,0,0,0,0,0,0,0
2669,2006-08-22T00:00:00.000Z,Fire,FM,MT,2006,2006-08-22T00:00:00.000Z,1,0,0,1,0,5.0,0,0.0,0.0,0.0,770747.48,14433.68,0.0,0.0,770747.48,0.0,0.0,0.0,0.0,0.0,0.0,0.0,0,0,0,0,0,0,0
2670,2006-08-24T00:00:00.000Z,Fire,FM,NV,2006,2006-08-23T00:00:00.000Z,1,0,0,1,0,7.0,0,0.0,0.0,0.0,582428.57,0.0,0.0,0.0,582428.57,0.0,0.0,0.0,0.0,0.0,0.0,0.0,0,0,0,0,0,0,0
2671,2006-08-30T00:00:00.000Z,Fire,FM,MT,2006,2006-08-30T00:00:00.000Z,2,0,0,1,0,16.0,0,0.0,0.0,0.0,6243071.54,34976.38,0.0,0.0,6243071.54,0.0,0.0,0.0,0.0,0.0,0.0,0.0,0,0,0,0,0,0,0
2672,2006-09-01T00:00:00.000Z,Fire,FM,CO,2006,2006-08-31T00:00:00.000Z,1,0,0,1,0,3.0,0,0.0,0.0,0.0,239091.04,0.0,0.0,0.0,239091.04,0.0,0.0,0.0,0.0,0.0,0.0,0.0,0,0,0,0,0,0,0
2673,2006-09-02T00:00:00.000Z,Fire,FM,HI,2006,2006-09-01T00:00:00.000Z,1,0,0,1,0,5.0,0,0.0,0.0,0.0,440667.37,7838.48,0.0,0.0,440667.37,0.0,0.0,0.0,0.0,0.0,0.0,0.0,0,0,0,0,0,0,0
2674,2006-09-11T00:00:00.000Z,Fire,FM,WA,2006,2006-09-09T00:00:00.000Z,1,0,0,1,0,7.0,0,0.0,0.0,0.0,80510.28,2673.23,0.0,0.0,80510.28,0.0,0.0,0.0,0.0,0.0,0.0,0.0,0,0,0,0,0,0,0
2675,2006-09-14T00:00:00.000Z,Fire,FM,TX,2006,2006-09-14T00:00:00.000Z,1,0,0,1,0,6.0,1,0.0,0.0,0.0,3584.55,0.0,0.0,0.0,3584.55,0.0,0.0,0.0,0.0,0.0,0.0,0.0,0,0,0,0,0,0,0
2676,2006-09-17T00:00:00.000Z,Fire,FM,CA,2006,2006-09-16T00:00:00.000Z,1,0,0,1,0,2.0,0,0.0,0.0,0.0,236644.0,2875.55,0.0,0.0,236644.0,0.0,0.0,0.0,0.0,0.0,0.0,0.0,0,0,0,0,0,0,0
2677,2006-09-26T00:00:00.000Z,Fire,FM,CA,2006,2006-09-25T00:00:00.000Z,1,0,0,1,0,5.0,0,0.0,0.0,0.0,1537959.0,144237.36,0.0,0.0,1537959.0,0.0,0.0,0.0,0.0,0.0,0.0,0.0,0,0,0,0,0,0,0
2678,2006-10-26T00:00:00.000Z,Fire,FM,CA,2007,2006-10-26T00:00:00.000Z,1,0,0,1,0,5.0,0,0.0,0.0,0.0,8312749.56,364617.67,0.0,0.0,8312749.56,0.0,0.0,0.0,0.0,0.0,0.0,0.0,0,0,0,0,0,0,0
2679,2006-11-11T00:00:00.000Z,Fire,FM,NV,2007,2006-11-11T00:00:00.000Z,1,0,0,1,0,1.0,0,0.0,0.0,0.0,20431.52,0.0,0.0,0.0,20431.52,0.0,0.0,0.0,0.0,0.0,0.0,0.0,0,0,0,0,0,0,0
2680,2006-11-15T00:00:00.000Z,Fire,FM,TX,2007,2006-11-15T00:00:00.000Z,1,0,0,1,0,6.0,1,0.0,0.0,0.0,6432.11,0.0,0.0,0.0,6432.11,0.0,0.0,0.0,0.0,0.0,0.0,0.0,0,0,0,0,0,0,0
2681,2006-12-03T00:00:00.000Z,Fire,FM,CA,2007,2006-12-03T00:00:00.000Z,1,0,0,1,0,3.0,0,0.0,0.0,0.0,1153198.47,79387.8,0.0,0.0,1153198.47,0.0,0.0,0.0,0.0,0.0,0.0,0.0,0,0,0,0,0,0,0
2682,2007-02-24T00:00:00.000Z,Fire,FM,NM,2007,2007-02-23T00:00:00.000Z,1,0,0,1,0,10.0,0,0.0,0.0,0.0,89839.23,0.0,0.0,0.0,89839.23,0.0,0.0,0.0,0.0,0.0,0.0,0.0,0,0,0,0,0,0,0
2683,2007-03-11T00:00:00.000Z,Fire,FM,CA,2007,2007-03-11T00:00:00.000Z,1,0,0,1,0,3.0,0,0.0,0.0,0.0,2018598.83,103132.29,0.0,0.0,2018598.83,0.0,0.0,0.0,0.0,0.0,0.0,0.0,0,0,0,0,0,0,0
2684,2007-03-26T00:00:00.000Z,Fire,FM,FL,2007,2007-03-25T00:00:00.000Z,1,0,0,1,0,3.0,0,0.0,0.0,0.0,162574.07,162574.07,0.0,0.0,162574.07,0.0,0.0,0.0,0.0,0.0,0.0,0.0,0,0,0,0,0,0,0
2685,2007-04-17T00:00:00.000Z,Fire,FM,GA,2007,2007-04-16T00:00:00.000Z,2,0,0,1,0,6.0,1,0.0,0.0,0.0,19179060.64,5956286.55,0.0,0.0,19179060.64,0.0,0.0,0.0,0.0,0.0,0.0,0.0,0,0,0,0,0,0,0
2686,2007-04-26T00:00:00.000Z,Fire,FM,GA,2007,2007-04-26T00:00:00.000Z,1,0,0,1,0,6.0,1,0.0,0.0,0.0,1333559.35,165469.13,0.0,0.0,1333559.35,0.0,0.0,0.0,0.0,0.0,0.0,0.0,0,0,0,0,0,0,0
2687,2007-05-02T00:00:00.000Z,Fire,FM,FL,2007,2007-05-01T00:00:00.000Z,4,0,0,1,0,6.0,1,0.0,0.0,0.0,4883323.68,4883323.68,0.0,0.0,4883323.68,0.0,0.0,0.0,0.0,0.0,0.0,0.0,0,0,0,0,0,0,0
2688,2007-05-05T00:00:00.000Z,Fire,FM,GA,2007,2007-05-04T00:00:00.000Z,1,0,0,1,0,6.0,1,0.0,0.0,0.0,1228860.77,274544.17,0.0,0.0,1228860.77,0.0,0.0,0.0,0.0,0.0,0.0,0.0,0,0,0,0,0,0,0
2689,2007-05-07T00:00:00.000Z,Fire,FM,FL,2007,2007-05-07T00:00:00.000Z,8,0,0,1,0,6.0,1,0.0,0.0,0.0,13792363.24,13792363.24,0.0,0.0,13792363.24,0.0,0.0,0.0,0.0,0.0,0.0,0.0,0,0,0,0,0,0,0
2690,2007-05-08T00:00:00.000Z,Fire,FM,FL,2007,2007-05-07T00:00:00.000Z,1,0,0,1,0,6.0,1,0.0,0.0,0.0,1079834.92,1079834.92,0.0,0.0,1079834.92,0.0,0.0,0.0,0.0,0.0,0.0,0.0,0,0,0,0,0,0,0
2691,2007-05-09T00:00:00.000Z,Fire,FM,CA,2007,2007-05-08T00:00:00.000Z,1,0,0,1,0,3.0,0,0.0,0.0,0.0,1216511.92,185593.25,0.0,0.0,1216511.92,0.0,0.0,0.0,0.0,0.0,0.0,0.0,0,0,0,0,0,0,0
2692,2007-05-09T00:00:00.000Z,Fire,FM,FL,2007,2007-05-07T00:00:00.000Z,3,0,0,1,0,6.0,1,0.0,0.0,0.0,2004861.4,2004861.4,0.0,0.0,2004861.4,0.0,0.0,0.0,0.0,0.0,0.0,0.0,0,0,0,0,0,0,0
2693,2007-05-09T00:00:00.000Z,Fire,FM,GA,2007,2007-05-09T00:00:00.000Z,1,0,0,1,0,6.0,1,0.0,0.0,0.0,3513567.09,646395.1,0.0,0.0,3513567.09,0.0,0.0,0.0,0.0,0.0,0.0,0.0,0,0,0,0,0,0,0
2694,2007-05-10T00:00:00.000Z,Fire,FM,CA,2007,2007-05-10T00:00:00.000Z,1,0,0,1,0,5.0,0,0.0,0.0,0.0,1625345.68,163897.61,0.0,0.0,1625345.68,0.0,0.0,0.0,0.0,0.0,0.0,0.0,0,0,0,0,0,0,0
2695,2007-05-16T00:00:00.000Z,Fire,FM,NJ,2007,2007-05-15T00:00:00.000Z,2,0,0,1,0,6.0,1,0.0,0.0,0.0,0.0,0.0,0.0,0.0,0.0,0.0,0.0,0.0,0.0,0.0,0.0,0.0,0,0,0,0,0,0,0
2696,2007-06-27T00:00:00.000Z,Fire,FM,FL,2007,2007-05-29T00:00:00.000Z,6,0,0,1,0,6.0,1,0.0,0.0,0.0,637475.79,637475.79,0.0,0.0,637475.79,0.0,0.0,0.0,0.0,0.0,0.0,0.0,0,0,0,0,0,0,0
2697,2007-05-31T00:00:00.000Z,Fire,FM,GA,2007,2007-05-31T00:00:00.000Z,1,0,0,1,0,6.0,1,0.0,0.0,0.0,80752.71,7903.09,0.0,0.0,80752.71,0.0,0.0,0.0,0.0,0.0,0.0,0.0,0,0,0,0,0,0,0
2698,2007-06-19T00:00:00.000Z,Fire,FM,CO,2007,2007-06-19T00:00:00.000Z,1,0,0,1,0,4.0,0,0.0,0.0,0.0,472378.63,5725.4,0.0,0.0,472378.63,0.0,0.0,0.0,0.0,0.0,0.0,0.0,0,0,0,0,0,0,0
2699,2007-06-22T00:00:00.000Z,Fire,FM,AK,2007,2007-06-21T00:00:00.000Z,1,0,0,1,0,17.0,0,0.0,0.0,0.0,3501238.04,4440.83,0.0,0.0,3501238.04,0.0,0.0,0.0,0.0,0.0,0.0,0.0,0,0,0,0,0,0,0
2700,2007-06-24T00:00:00.000Z,Fire,FM,CA,2007,2007-06-24T00:00:00.000Z,1,0,0,1,0,7.0,0,0.0,0.0,0.0,710751.98,440843.32,0.0,0.0,710751.98,0.0,0.0,0.0,0.0,0.0,0.0,0.0,0,0,0,0,0,0,0
2701,2007-06-28T00:00:00.000Z,Fire,FM,HI,2007,2007-06-27T00:00:00.000Z,1,0,0,1,0,7.0,0,0.0,0.0,0.0,269310.94,21996.03,0.0,0.0,269310.94,0.0,0.0,0.0,0.0,0.0,0.0,0.0,0,0,0,0,0,0,0
2702,2007-06-29T00:00:00.000Z,Fire,FM,CA,2007,2007-06-29T00:00:00.000Z,1,0,0,1,0,1.0,0,0.0,0.0,0.0,133037.28,0.0,0.0,0.0,133037.28,0.0,0.0,0.0,0.0,0.0,0.0,0.0,0,0,0,0,0,0,0
2703,2007-06-30T00:00:00.000Z,Fire,FM,UT,2007,2007-06-30T00:00:00.000Z,3,0,0,1,0,5.0,0,0.0,0.0,0.0,94178.25,0.0,0.0,0.0,94178.25,0.0,0.0,0.0,0.0,0.0,0.0,0.0,0,0,0,0,0,0,0
2704,2007-07-06T00:00:00.000Z,Fire,FM,NV,2007,2007-07-06T00:00:00.000Z,1,0,0,1,0,2.0,0,0.0,0.0,0.0,27045.7,1929.59,0.0,0.0,27045.7,0.0,0.0,0.0,0.0,0.0,0.0,0.0,0,0,0,0,0,0,0
2705,2007-07-06T00:00:00.000Z,Fire,FM,NV,2007,2007-07-06T00:00:00.000Z,1,0,0,1,0,2.0,0,0.0,0.0,0.0,83718.03,0.0,0.0,0.0,83718.03,0.0,0.0,0.0,0.0,0.0,0.0,0.0,0,0,0,0,0,0,0
2706,2007-07-07T00:00:00.000Z,Fire,FM,CA,2007,2007-07-07T00:00:00.000Z,1,0,0,1,0,6.0,0,0.0,0.0,0.0,564692.63,62825.97,0.0,0.0,564692.63,0.0,0.0,0.0,0.0,0.0,0.0,0.0,0,0,0,0,0,0,0
2707,2007-07-07T00:00:00.000Z,Fire,FM,UT,2007,2007-07-06T00:00:00.000Z,1,0,0,1,0,11.0,0,0.0,0.0,0.0,1137113.61,0.0,0.0,0.0,1137113.61,0.0,0.0,0.0,0.0,0.0,0.0,0.0,0,0,0,0,0,0,0
2708,2007-07-08T00:00:00.000Z,Fire,FM,CA,2007,2007-07-07T00:00:00.000Z,1,0,0,1,0,3.0,0,0.0,0.0,0.0,387864.37,0.0,0.0,0.0,387864.37,0.0,0.0,0.0,0.0,0.0,0.0,0.0,0,0,0,0,0,0,0
2709,2007-07-08T00:00:00.000Z,Fire,FM,NV,2007,2007-07-07T00:00:00.000Z,1,0,0,1,0,2.0,0,0.0,0.0,0.0,0.0,0.0,0.0,0.0,0.0,0.0,0.0,0.0,0.0,0.0,0.0,0.0,0,0,0,0,0,0,0
2710,2007-07-08T00:00:00.000Z,Fire,FM,SD,2007,2007-07-07T00:00:00.000Z,1,0,0,1,0,13.0,0,0.0,0.0,0.0,1953897.04,24985.4,0.0,0.0,1953897.04,0.0,0.0,0.0,0.0,0.0,0.0,0.0,0,0,0,0,0,0,0
2711,2007-07-08T00:00:00.000Z,Fire,FM,WA,2007,2007-07-08T00:00:00.000Z,1,0,0,1,0,2.0,0,0.0,0.0,0.0,1104733.0,1560.54,0.0,0.0,1104733.0,0.0,0.0,0.0,0.0,0.0,0.0,0.0,0,0,0,0,0,0,0
2712,2007-07-12T00:00:00.000Z,Fire,FM,OR,2007,2007-07-08T00:00:00.000Z,1,0,0,1,0,17.0,0,0.0,0.0,0.0,246723.76,10108.1,0.0,0.0,246723.76,0.0,0.0,0.0,0.0,0.0,0.0,0.0,0,0,0,0,0,0,0
2713,2007-07-16T00:00:00.000Z,Fire,FM,NV,2007,2007-07-16T00:00:00.000Z,1,0,0,1,0,7.0,0,0.0,0.0,0.0,787557.07,17698.2,0.0,0.0,787557.07,0.0,0.0,0.0,0.0,0.0,0.0,0.0,0,0,0,0,0,0,0
2714,2007-07-16T00:00:00.000Z,Fire,FM,WA,2007,2007-07-16T00:00:00.000Z,1,0,0,1,0,4.0,0,0.0,0.0,0.0,1115187.66,1656.73,0.0,0.0,1115187.66,0.0,0.0,0.0,0.0,0.0,0.0,0.0,0,0,0,0,0,0,0
2715,2007-07-21T00:00:00.000Z,Fire,FM,UT,2007,2007-07-21T00:00:00.000Z,1,0,0,1,0,15.0,0,0.0,0.0,0.0,1374650.98,0.0,0.0,0.0,1374650.98,0.0,0.0,0.0,0.0,0.0,0.0,0.0,0,0,0,0,0,0,0
2716,2007-07-21T00:00:00.000Z,Fire,FM,SD,2007,2007-07-19T00:00:00.000Z,1,0,0,1,0,12.0,0,0.0,0.0,0.0,387966.83,0.0,0.0,0.0,387966.83,0.0,0.0,0.0,0.0,0.0,0.0,0.0,0,0,0,0,0,0,0
2717,2007-07-23T00:00:00.000Z,Fire,FM,NV,2007,2007-07-21T00:00:00.000Z,1,0,0,1,0,11.0,0,0.0,0.0,0.0,231202.76,0.0,0.0,0.0,231202.76,0.0,0.0,0.0,0.0,0.0,0.0,0.0,0,0,0,0,0,0,0
2718,2007-08-04T00:00:00.000Z,Fire,FM,MT,2007,2007-08-04T00:00:00.000Z,1,0,0,1,0,31.0,0,0.0,0.0,0.0,18333090.05,380850.42,0.0,0.0,18333090.05,0.0,0.0,0.0,0.0,0.0,0.0,0.0,0,0,0,0,0,0,0
2719,2007-08-12T00:00:00.000Z,Fire,FM,WY,2007,2007-08-12T00:00:00.000Z,1,0,0,1,0,9.0,0,0.0,0.0,0.0,919183.24,0.0,0.0,0.0,919183.24,0.0,0.0,0.0,0.0,0.0,0.0,0.0,0,0,0,0,0,0,0
2720,2007-08-14T00:00:00.000Z,Fire,FM,HI,2007,2007-08-14T00:00:00.000Z,1,0,0,1,0,7.0,0,0.0,0.0,0.0,481672.45,5054.64,0.0,0.0,481672.45,0.0,0.0,0.0,0.0,0.0,0.0,0.0,0,0,0,0,0,0,0
2721,2007-08-16T00:00:00.000Z,Fire,FM,MT,2007,2007-08-16T00:00:00.000Z,1,0,0,1,0,14.0,0,0.0,0.0,0.0,4683929.84,148215.6,0.0,0.0,4683929.84,0.0,0.0,0.0,0.0,0.0,0.0,0.0,0,0,0,0,0,0,0
2722,2007-08-17T00:00:00.000Z,Fire,FM,HI,2007,2007-08-16T00:00:00.000Z,1,0,0,1,0,6.0,0,0.0,0.0,0.0,83628.49,1436.58,0.0,0.0,83628.49,0.0,0.0,0.0,0.0,0.0,0.0,0.0,0,0,0,0,0,0,0
2723,2007-08-19T00:00:00.000Z,Fire,FM,MT,2007,2007-08-19T00:00:00.000Z,1,0,0,1,0,2.0,0,0.0,0.0,0.0,0.0,0.0,0.0,0.0,0.0,0.0,0.0,0.0,0.0,0.0,0.0,0.0,0,0,0,0,0,0,0
2724,2007-08-28T00:00:00.000Z,Fire,FM,ID,2007,2007-08-28T00:00:00.000Z,1,0,0,1,0,9.0,0,0.0,0.0,0.0,1978366.88,194950.43,0.0,0.0,1978366.88,0.0,0.0,0.0,0.0,0.0,0.0,0.0,0,0,0,0,0,0,0
2725,2007-08-30T00:00:00.000Z,Fire,FM,ID,2007,2007-08-30T00:00:00.000Z,2,0,0,1,0,22.0,0,0.0,0.0,0.0,5539.53,2076.53,0.0,0.0,5539.53,0.0,0.0,0.0,0.0,0.0,0.0,0.0,0,0,0,0,0,0,0
2726,2007-08-30T00:00:00.000Z,Fire,FM,ID,2007,2007-08-30T00:00:00.000Z,1,0,0,1,0,22.0,0,0.0,0.0,0.0,119765.79,1525.43,0.0,0.0,119765.79,0.0,0.0,0.0,0.0,0.0,0.0,0.0,0,0,0,0,0,0,0
2727,2007-09-03T00:00:00.000Z,Fire,FM,OR,2007,2007-09-02T00:00:00.000Z,1,0,0,1,0,9.0,0,0.0,0.0,0.0,825529.81,18011.08,0.0,0.0,825529.81,0.0,0.0,0.0,0.0,0.0,0.0,0.0,0,0,0,0,0,0,0
2728,2007-09-15T00:00:00.000Z,Fire,FM,CA,2007,2007-09-14T00:00:00.000Z,1,0,0,1,0,6.0,0,0.0,0.0,0.0,3705037.74,207727.44,0.0,0.0,3705037.74,0.0,0.0,0.0,0.0,0.0,0.0,0.0,0,0,0,0,0,0,0
2729,2007-09-15T00:00:00.000Z,Fire,FM,CA,2007,2007-09-15T00:00:00.000Z,1,0,0,1,0,5.0,0,0.0,0.0,0.0,3269576.83,172129.27,0.0,0.0,3269576.83,0.0,0.0,0.0,0.0,0.0,0.0,0.0,0,0,0,0,0,0,0
2730,2007-09-16T00:00:00.000Z,Fire,FM,MT,2007,2007-09-16T00:00:00.000Z,1,0,0,1,0,0.0,0,0.0,0.0,0.0,0.0,0.0,0.0,0.0,0.0,0.0,0.0,0.0,0.0,0.0,0.0,0.0,0,0,0,0,0,0,0
2731,2007-09-21T00:00:00.000Z,Fire,FM,WA,2007,2007-09-20T00:00:00.000Z,1,0,0,1,0,3.0,0,0.0,0.0,0.0,390948.83,5060.09,0.0,0.0,390948.83,0.0,0.0,0.0,0.0,0.0,0.0,0.0,0,0,0,0,0,0,0
2732,2007-10-21T00:00:00.000Z,Fire,FM,CA,2008,2007-10-21T00:00:00.000Z,1,0,0,1,0,6.0,1,0.0,0.0,0.0,0.0,0.0,0.0,0.0,0.0,0.0,0.0,0.0,0.0,0.0,0.0,0.0,0,0,0,0,0,0,0
2733,2007-10-21T00:00:00.000Z,Fire,FM,CA,2008,2007-10-21T00:00:00.000Z,1,0,0,1,0,6.0,1,0.0,0.0,0.0,0.0,0.0,0.0,0.0,0.0,0.0,0.0,0.0,0.0,0.0,0.0,0.0,0,0,0,0,0,0,0
2734,2007-10-21T00:00:00.000Z,Fire,FM,CA,2008,2007-10-22T00:00:00.000Z,1,0,0,1,0,6.0,1,0.0,0.0,0.0,0.0,0.0,0.0,0.0,0.0,0.0,0.0,0.0,0.0,0.0,0.0,0.0,0,0,0,0,0,0,0
2735,2007-10-21T00:00:00.000Z,Fire,FM,CA,2008,2007-10-21T00:00:00.000Z,1,0,0,1,0,6.0,1,0.0,0.0,0.0,0.0,0.0,0.0,0.0,0.0,0.0,0.0,0.0,0.0,0.0,0.0,0.0,0,0,0,0,0,0,0
2736,2007-10-22T00:00:00.000Z,Fire,FM,CA,2008,2007-10-20T00:00:00.000Z,2,0,0,1,0,6.0,1,0.0,0.0,0.0,0.0,0.0,0.0,0.0,0.0,0.0,0.0,0.0,0.0,0.0,0.0,0.0,0,0,0,0,0,0,0
2737,2007-10-22T00:00:00.000Z,Fire,FM,CA,2008,2007-10-21T00:00:00.000Z,1,0,0,1,0,6.0,1,0.0,0.0,0.0,0.0,0.0,0.0,0.0,0.0,0.0,0.0,0.0,0.0,0.0,0.0,0.0,0,0,0,0,0,0,0
2738,2007-10-22T00:00:00.000Z,Fire,FM,CA,2008,2007-10-22T00:00:00.000Z,1,0,0,1,0,6.0,1,0.0,0.0,0.0,0.0,0.0,0.0,0.0,0.0,0.0,0.0,0.0,0.0,0.0,0.0,0.0,0,0,0,0,0,0,0
2739,2007-10-22T00:00:00.000Z,Fire,FM,CA,2008,2007-10-22T00:00:00.000Z,1,0,0,1,0,6.0,1,0.0,0.0,0.0,0.0,0.0,0.0,0.0,0.0,0.0,0.0,0.0,0.0,0.0,0.0,0.0,0,0,0,0,0,0,0
2740,2007-10-28T00:00:00.000Z,Fire,FM,HI,2008,2007-10-28T00:00:00.000Z,1,0,0,1,0,10.0,0,0.0,0.0,0.0,237638.12,2302.94,0.0,0.0,237638.12,0.0,0.0,0.0,0.0,0.0,0.0,0.0,0,0,0,0,0,0,0
2741,2007-11-21T00:00:00.000Z,Fire,FM,NM,2008,2007-11-18T00:00:00.000Z,1,0,0,1,0,59.0,0,0.0,0.0,0.0,58525.77,0.0,0.0,0.0,58525.77,0.0,0.0,0.0,0.0,0.0,0.0,0.0,0,0,0,0,0,0,0
2742,2008-02-08T00:00:00.000Z,Fire,FM,TX,2008,2008-02-08T00:00:00.000Z,1,0,0,1,0,6.0,0,0.0,0.0,0.0,728769.26,0.0,0.0,0.0,728769.26,0.0,0.0,0.0,0.0,0.0,0.0,0.0,0,0,0,0,0,0,0
2743,2008-02-13T00:00:00.000Z,Fire,FM,TX,2008,2008-02-13T00:00:00.000Z,1,0,0,1,0,3.0,0,0.0,0.0,0.0,324663.6,0.0,0.0,0.0,324663.6,0.0,0.0,0.0,0.0,0.0,0.0,0.0,0,0,0,0,0,0,0
2744,2008-02-23T00:00:00.000Z,Fire,FM,TX,2008,2008-02-23T00:00:00.000Z,1,0,0,1,0,6.0,0,0.0,0.0,0.0,729435.27,0.0,0.0,0.0,729435.27,0.0,0.0,0.0,0.0,0.0,0.0,0.0,0,0,0,0,0,0,0
2745,2008-02-25T00:00:00.000Z,Fire,FM,TX,2008,2008-02-25T00:00:00.000Z,1,0,0,1,0,4.0,0,0.0,0.0,0.0,36654.85,0.0,0.0,0.0,36654.85,0.0,0.0,0.0,0.0,0.0,0.0,0.0,0,0,0,0,0,0,0
2746,2008-02-25T00:00:00.000Z,Fire,FM,OK,2008,2008-02-25T00:00:00.000Z,1,0,0,1,0,6.0,1,0.0,0.0,0.0,0.0,0.0,0.0,0.0,0.0,0.0,0.0,0.0,0.0,0.0,0.0,0.0,0,0,0,0,0,0,0
2747,2008-02-25T00:00:00.000Z,Fire,FM,TX,2008,2008-02-25T00:00:00.000Z,1,0,0,1,0,6.0,0,0.0,0.0,0.0,65863.96,0.0,0.0,0.0,65863.96,0.0,0.0,0.0,0.0,0.0,0.0,0.0,0,0,0,0,0,0,0
2748,2008-02-28T00:00:00.000Z,Fire,FM,TX,2008,2008-02-25T00:00:00.000Z,1,0,0,1,0,6.0,0,0.0,0.0,0.0,1046537.88,0.0,0.0,0.0,1046537.88,0.0,0.0,0.0,0.0,0.0,0.0,0.0,0,0,0,0,0,0,0
2749,2008-03-04T00:00:00.000Z,Fire,FM,TX,2008,2008-03-03T00:00:00.000Z,1,0,0,1,0,2.0,0,0.0,0.0,0.0,5698.56,0.0,0.0,0.0,5698.56,0.0,0.0,0.0,0.0,0.0,0.0,0.0,0,0,0,0,0,0,0
2750,2008-03-12T00:00:00.000Z,Fire,FM,TX,2008,2008-03-11T00:00:00.000Z,1,0,0,1,0,4.0,0,0.0,0.0,0.0,16699.86,0.0,0.0,0.0,16699.86,0.0,0.0,0.0,0.0,0.0,0.0,0.0,0,0,0,0,0,0,0
2751,2008-03-14T00:00:00.000Z,Fire,FM,TX,2008,2008-03-14T00:00:00.000Z,1,0,0,1,0,2.0,0,0.0,0.0,0.0,5099.94,0.0,0.0,0.0,5099.94,0.0,0.0,0.0,0.0,0.0,0.0,0.0,0,0,0,0,0,0,0
2752,2008-03-14T00:00:00.000Z,Fire,FM,TX,2008,2008-03-14T00:00:00.000Z,1,0,0,1,0,7.0,0,0.0,0.0,0.0,195772.22,0.0,0.0,0.0,195772.22,0.0,0.0,0.0,0.0,0.0,0.0,0.0,0,0,0,0,0,0,0
2753,2008-03-15T00:00:00.000Z,Fire,FM,TX,2008,2008-03-15T00:00:00.000Z,2,0,0,1,0,3.0,0,0.0,0.0,0.0,147786.26,0.0,0.0,0.0,147786.26,0.0,0.0,0.0,0.0,0.0,0.0,0.0,0,0,0,0,0,0,0
2754,2008-03-19T00:00:00.000Z,Fire,FM,TX,2008,2008-03-18T00:00:00.000Z,1,0,0,1,0,5.0,0,0.0,0.0,0.0,65865.8,0.0,0.0,0.0,65865.8,0.0,0.0,0.0,0.0,0.0,0.0,0.0,0,0,0,0,0,0,0
2755,2008-03-19T00:00:00.000Z,Fire,FM,TX,2008,2008-03-19T00:00:00.000Z,1,0,0,1,0,4.0,0,0.0,0.0,0.0,14978.67,0.0,0.0,0.0,14978.67,0.0,0.0,0.0,0.0,0.0,0.0,0.0,0,0,0,0,0,0,0
2756,2008-03-21T00:00:00.000Z,Fire,FM,OK,2008,2008-03-21T00:00:00.000Z,1,0,0,1,0,6.0,1,0.0,0.0,0.0,0.0,0.0,0.0,0.0,0.0,0.0,0.0,0.0,0.0,0.0,0.0,0.0,0,0,0,0,0,0,0
2757,2008-03-27T00:00:00.000Z,Fire,FM,TX,2008,2008-03-27T00:00:00.000Z,1,0,0,1,0,4.0,0,0.0,0.0,0.0,139863.7,0.0,0.0,0.0,139863.7,0.0,0.0,0.0,0.0,0.0,0.0,0.0,0,0,0,0,0,0,0
2758,2008-03-31T00:00:00.000Z,Fire,FM,TX,2008,2008-03-31T00:00:00.000Z,1,0,0,1,0,4.0,0,0.0,0.0,0.0,138933.54,0.0,0.0,0.0,138933.54,0.0,0.0,0.0,0.0,0.0,0.0,0.0,0,0,0,0,0,0,0
2759,2008-04-10T00:00:00.000Z,Fire,FM,TX,2008,2008-04-10T00:00:00.000Z,1,0,0,1,0,4.0,0,0.0,0.0,0.0,24274.61,0.0,0.0,0.0,24274.61,0.0,0.0,0.0,0.0,0.0,0.0,0.0,0,0,0,0,0,0,0
2760,2008-04-15T00:00:00.000Z,Fire,FM,CO,2008,2008-04-15T00:00:00.000Z,1,0,0,1,0,2.0,0,0.0,0.0,0.0,0.0,0.0,0.0,0.0,0.0,0.0,0.0,0.0,0.0,0.0,0.0,0.0,0,0,0,0,0,0,0
2761,2008-04-16T00:00:00.000Z,Fire,FM,TX,2008,2008-04-16T00:00:00.000Z,1,0,0,1,0,2.0,0,0.0,0.0,0.0,41602.43,0.0,0.0,0.0,41602.43,0.0,0.0,0.0,0.0,0.0,0.0,0.0,0,0,0,0,0,0,0
2762,2008-04-21T00:00:00.000Z,Fire,FM,NM,2008,2008-04-21T00:00:00.000Z,1,0,0,1,0,72.0,0,0.0,0.0,0.0,2175243.15,0.0,0.0,0.0,2175243.15,0.0,0.0,0.0,0.0,0.0,0.0,0.0,0,0,0,0,0,0,0
2763,2008-04-27T00:00:00.000Z,Fire,FM,CA,2008,2008-04-26T00:00:00.000Z,1,0,0,1,0,6.0,0,0.0,0.0,0.0,1922531.45,33910.63,0.0,0.0,1922531.45,0.0,0.0,0.0,0.0,0.0,0.0,0.0,0,0,0,0,0,0,0
2764,2008-05-01T00:00:00.000Z,Fire,FM,TX,2008,2008-05-01T00:00:00.000Z,2,0,0,1,0,3.0,0,0.0,0.0,0.0,78506.85,0.0,0.0,0.0,78506.85,0.0,0.0,0.0,0.0,0.0,0.0,0.0,0,0,0,0,0,0,0
2765,2008-05-12T00:00:00.000Z,Fire,FM,FL,2008,2008-05-11T00:00:00.000Z,1,0,0,1,0,6.0,1,0.0,0.0,0.0,4286325.67,0.0,0.0,0.0,4286325.67,0.0,0.0,0.0,0.0,0.0,0.0,0.0,0,0,0,0,0,0,0
2766,2008-05-22T00:00:00.000Z,Fire,FM,CA,2008,2008-05-22T00:00:00.000Z,2,0,0,1,0,6.0,0,0.0,0.0,0.0,10360215.7,362378.1,0.0,0.0,10360215.7,0.0,0.0,0.0,0.0,0.0,0.0,0.0,0,0,0,0,0,0,0
2767,2008-06-03T00:00:00.000Z,Fire,FM,TX,2008,2008-06-03T00:00:00.000Z,1,0,0,1,0,0.0,0,0.0,0.0,0.0,28163.31,0.0,0.0,0.0,28163.31,0.0,0.0,0.0,0.0,0.0,0.0,0.0,0,0,0,0,0,0,0
2768,2008-06-04T00:00:00.000Z,Fire,FM,TX,2008,2008-06-04T00:00:00.000Z,2,0,0,1,0,0.0,0,0.0,0.0,0.0,292521.18,0.0,0.0,0.0,292521.18,0.0,0.0,0.0,0.0,0.0,0.0,0.0,0,0,0,0,0,0,0
2769,2008-06-05T00:00:00.000Z,Fire,FM,OK,2008,2008-06-05T00:00:00.000Z,1,0,0,1,0,0.0,0,0.0,0.0,0.0,11390.36,0.0,0.0,0.0,11390.36,0.0,0.0,0.0,0.0,0.0,0.0,0.0,0,0,0,0,0,0,0
2770,2008-06-10T00:00:00.000Z,Fire,FM,CA,2008,2008-06-10T00:00:00.000Z,1,0,0,1,0,3.0,0,0.0,0.0,0.0,33479.01,24336.61,0.0,0.0,33479.01,0.0,0.0,0.0,0.0,0.0,0.0,0.0,0,0,0,0,0,0,0
2771,2008-06-11T00:00:00.000Z,Fire,FM,CA,2008,2008-06-11T00:00:00.000Z,1,0,0,1,0,7.0,0,0.0,0.0,0.0,13458920.53,424729.34,0.0,0.0,13458920.53,0.0,0.0,0.0,0.0,0.0,0.0,0.0,0,0,0,0,0,0,0
2772,2008-06-11T00:00:00.000Z,Fire,FM,CA,2008,2008-06-11T00:00:00.000Z,1,0,0,1,0,6.0,0,0.0,0.0,0.0,2703561.16,95153.74,0.0,0.0,2703561.16,0.0,0.0,0.0,0.0,0.0,0.0,0.0,0,0,0,0,0,0,0
2773,2008-06-13T00:00:00.000Z,Fire,FM,NC,2008,2008-06-13T00:00:00.000Z,3,0,0,1,0,6.0,1,0.0,0.0,0.0,4759982.52,0.0,0.0,0.0,4759982.52,0.0,0.0,0.0,0.0,0.0,0.0,0.0,0,0,0,0,0,0,0
2774,2008-06-16T00:00:00.000Z,Fire,FM,TX,2008,2008-06-16T00:00:00.000Z,1,0,0,1,0,3.0,0,0.0,0.0,0.0,47322.51,0.0,0.0,0.0,47322.51,0.0,0.0,0.0,0.0,0.0,0.0,0.0,0,0,0,0,0,0,0
2775,2008-06-20T00:00:00.000Z,Fire,FM,CA,2008,2008-06-20T00:00:00.000Z,1,0,0,1,0,6.0,1,0.0,0.0,0.0,0.0,0.0,0.0,0.0,0.0,0.0,0.0,0.0,0.0,0.0,0.0,0.0,0,0,0,0,0,0,0
2776,2008-06-22T00:00:00.000Z,Fire,FM,CA,2008,2008-06-21T00:00:00.000Z,2,0,0,1,0,6.0,1,0.0,0.0,0.0,952269.39,4203.7,0.0,0.0,952269.39,0.0,0.0,0.0,0.0,0.0,0.0,0.0,0,0,0,0,0,0,0
2777,2008-06-25T00:00:00.000Z,Fire,FM,NM,2008,2008-06-25T00:00:00.000Z,1,0,0,1,0,0.0,0,0.0,0.0,0.0,406862.16,0.0,0.0,0.0,406862.16,0.0,0.0,0.0,0.0,0.0,0.0,0.0,0,0,0,0,0,0,0
2778,2008-06-27T00:00:00.000Z,Fire,FM,CO,2008,2008-06-24T00:00:00.000Z,2,0,0,1,0,6.0,1,0.0,0.0,0.0,595258.71,4941.2,0.0,0.0,595258.71,0.0,0.0,0.0,0.0,0.0,0.0,0.0,0,0,0,0,0,0,0
2779,2008-06-29T00:00:00.000Z,Fire,FM,AZ,2008,2008-06-29T00:00:00.000Z,1,0,0,1,0,6.0,0,0.0,0.0,0.0,167186.15,8697.78,0.0,0.0,167186.15,0.0,0.0,0.0,0.0,0.0,0.0,0.0,0,0,0,0,0,0,0
2780,2008-07-04T00:00:00.000Z,Fire,FM,CA,2008,2008-07-03T00:00:00.000Z,1,0,0,1,0,6.0,1,0.0,0.0,0.0,0.0,0.0,0.0,0.0,0.0,0.0,0.0,0.0,0.0,0.0,0.0,0.0,0,0,0,0,0,0,0
2781,2008-07-04T00:00:00.000Z,Fire,FM,CA,2008,2008-07-04T00:00:00.000Z,1,0,0,1,0,6.0,1,0.0,0.0,0.0,0.0,0.0,0.0,0.0,0.0,0.0,0.0,0.0,0.0,0.0,0.0,0.0,0,0,0,0,0,0,0
2782,2008-07-08T00:00:00.000Z,Fire,FM,CA,2008,2008-06-21T00:00:00.000Z,1,0,0,1,0,6.0,1,0.0,0.0,0.0,0.0,0.0,0.0,0.0,0.0,0.0,0.0,0.0,0.0,0.0,0.0,0.0,0,0,0,0,0,0,0
2783,2008-07-11T00:00:00.000Z,Fire,FM,WA,2008,2008-07-10T00:00:00.000Z,1,0,0,1,0,9.0,0,0.0,0.0,0.0,1816465.98,44546.8,0.0,0.0,1816465.98,0.0,0.0,0.0,0.0,0.0,0.0,0.0,0,0,0,0,0,0,0
2784,2008-07-11T00:00:00.000Z,Fire,FM,WA,2008,2008-07-10T00:00:00.000Z,1,0,0,1,0,8.0,0,0.0,0.0,0.0,2020851.57,26936.49,0.0,0.0,2020851.57,0.0,0.0,0.0,0.0,0.0,0.0,0.0,0,0,0,0,0,0,0
2785,2008-08-07T00:00:00.000Z,Fire,FM,TX,2008,2008-08-07T00:00:00.000Z,1,0,0,1,0,7.0,0,0.0,0.0,0.0,162011.13,13305.0,0.0,0.0,162011.13,0.0,0.0,0.0,0.0,0.0,0.0,0.0,0,0,0,0,0,0,0
2786,2008-09-02T00:00:00.000Z,Fire,FM,CA,2008,2008-09-01T00:00:00.000Z,1,0,0,1,0,2.0,0,0.0,0.0,0.0,595797.43,1909.53,0.0,0.0,595797.43,0.0,0.0,0.0,0.0,0.0,0.0,0.0,0,0,0,0,0,0,0
2787,2008-09-17T00:00:00.000Z,Fire,FM,OR,2008,2008-09-16T00:00:00.000Z,1,0,0,1,0,6.0,1,0.0,0.0,0.0,385577.91,169822.0,0.0,0.0,385577.91,0.0,0.0,0.0,0.0,0.0,0.0,0.0,0,0,0,0,0,0,0
2788,2008-10-12T00:00:00.000Z,Fire,FM,CA,2009,2008-10-12T00:00:00.000Z,1,0,0,1,0,5.0,0,0.0,0.0,0.0,2416515.89,649676.67,0.0,0.0,2416515.89,0.0,0.0,0.0,0.0,0.0,0.0,0.0,0,0,0,0,0,0,0
2789,2008-10-13T00:00:00.000Z,Fire,FM,CA,2009,2008-10-13T00:00:00.000Z,1,0,0,1,0,6.0,0,0.0,0.0,0.0,4417991.95,639090.91,0.0,0.0,4417991.95,0.0,0.0,0.0,0.0,0.0,0.0,0.0,0,0,0,0,0,0,0
2790,2008-11-14T00:00:00.000Z,Fire,FM,CA,2009,2008-11-13T00:00:00.000Z,1,0,0,1,0,6.0,1,0.0,0.0,0.0,0.0,0.0,0.0,0.0,0.0,0.0,0.0,0.0,0.0,0.0,0.0,0.0,0,0,0,0,0,0,0
2791,2008-11-15T00:00:00.000Z,Fire,FM,CA,2009,2008-11-14T00:00:00.000Z,1,0,0,1,0,6.0,1,0.0,0.0,0.0,0.0,0.0,0.0,0.0,0.0,0.0,0.0,0.0,0.0,0.0,0.0,0.0,0,0,0,0,0,0,0
2792,2008-11-15T00:00:00.000Z,Fire,FM,CA,2009,2008-11-15T00:00:00.000Z,4,0,0,1,0,5.0,0,0.0,0.0,0.0,165914.83,157317.74,0.0,0.0,165914.83,0.0,0.0,0.0,0.0,0.0,0.0,0.0,0,0,0,0,0,0,0
2793,2009-01-07T00:00:00.000Z,Fire,FM,CO,2009,2009-01-07T00:00:00.000Z,1,0,0,1,0,6.0,1,0.0,0.0,0.0,0.0,0.0,0.0,0.0,0.0,0.0,0.0,0.0,0.0,0.0,0.0,0.0,0,0,0,0,0,0,0
2794,2009-02-25T00:00:00.000Z,Fire,FM,TX,2009,2009-02-25T00:00:00.000Z,1,0,0,1,0,7.0,0,0.0,0.0,0.0,181364.45,3680.63,0.0,0.0,181364.45,0.0,0.0,0.0,0.0,0.0,0.0,0.0,0,0,0,0,0,0,0
2795,2009-02-27T00:00:00.000Z,Fire,FM,TX,2009,2009-02-27T00:00:00.000Z,1,0,0,1,0,9.0,0,0.0,0.0,0.0,311278.35,14206.8,0.0,0.0,311278.35,0.0,0.0,0.0,0.0,0.0,0.0,0.0,0,0,0,0,0,0,0
2796,2009-02-28T00:00:00.000Z,Fire,FM,TX,2009,2009-02-28T00:00:00.000Z,1,0,0,1,0,12.0,0,0.0,0.0,0.0,635400.05,27465.68,0.0,0.0,635400.05,0.0,0.0,0.0,0.0,0.0,0.0,0.0,0,0,0,0,0,0,0
2797,2009-03-03T00:00:00.000Z,Fire,FM,TX,2009,2009-03-03T00:00:00.000Z,1,0,0,1,0,15.0,0,0.0,0.0,0.0,319501.9,3007.5,0.0,0.0,319501.9,0.0,0.0,0.0,0.0,0.0,0.0,0.0,0,0,0,0,0,0,0
2798,2009-03-05T00:00:00.000Z,Fire,FM,TX,2009,2009-03-05T00:00:00.000Z,1,0,0,1,0,5.0,0,0.0,0.0,0.0,111281.33,0.0,0.0,0.0,111281.33,0.0,0.0,0.0,0.0,0.0,0.0,0.0,0,0,0,0,0,0,0
2799,2009-03-05T00:00:00.000Z,Fire,FM,OK,2009,2009-03-05T00:00:00.000Z,1,0,0,1,0,6.0,1,0.0,0.0,0.0,315637.26,48428.31,0.0,0.0,315637.26,0.0,0.0,0.0,0.0,0.0,0.0,0.0,0,0,0,0,0,0,0
2800,2009-03-20T00:00:00.000Z,Fire,FM,TX,2009,2009-03-20T00:00:00.000Z,1,0,0,1,0,2.0,0,0.0,0.0,0.0,174155.26,0.0,0.0,0.0,174155.26,0.0,0.0,0.0,0.0,0.0,0.0,0.0,0,0,0,0,0,0,0
2801,2009-04-03T00:00:00.000Z,Fire,FM,TX,2009,2009-04-02T00:00:00.000Z,1,0,0,1,0,3.0,0,0.0,0.0,0.0,75774.9,0.0,0.0,0.0,75774.9,0.0,0.0,0.0,0.0,0.0,0.0,0.0,0,0,0,0,0,0,0
2802,2009-04-04T00:00:00.000Z,Fire,FM,TX,2009,2009-04-04T00:00:00.000Z,1,0,0,1,0,8.0,0,0.0,0.0,0.0,329201.83,26943.75,0.0,0.0,329201.83,0.0,0.0,0.0,0.0,0.0,0.0,0.0,0,0,0,0,0,0,0
2803,2009-04-05T00:00:00.000Z,Fire,FM,TX,2009,2009-04-05T00:00:00.000Z,1,0,0,1,0,2.0,0,0.0,0.0,0.0,53783.51,0.0,0.0,0.0,53783.51,0.0,0.0,0.0,0.0,0.0,0.0,0.0,0,0,0,0,0,0,0
2804,2009-04-07T00:00:00.000Z,Fire,FM,TX,2009,2009-04-07T00:00:00.000Z,1,0,0,1,0,5.0,0,0.0,0.0,0.0,182593.13,2859.38,0.0,0.0,182593.13,0.0,0.0,0.0,0.0,0.0,0.0,0.0,0,0,0,0,0,0,0
2805,2009-04-10T00:00:00.000Z,Fire,FM,TX,2009,2009-04-09T00:00:00.000Z,1,0,0,1,0,5.0,0,0.0,0.0,0.0,18494.98,0.0,0.0,0.0,18494.98,0.0,0.0,0.0,0.0,0.0,0.0,0.0,0,0,0,0,0,0,0
2806,2009-04-10T00:00:00.000Z,Fire,FM,TX,2009,2009-04-09T00:00:00.000Z,1,0,0,1,0,7.0,0,0.0,0.0,0.0,641093.78,37650.9,0.0,0.0,641093.78,0.0,0.0,0.0,0.0,0.0,0.0,0.0,0,0,0,0,0,0,0
2807,2009-04-10T00:00:00.000Z,Fire,FM,TX,2009,2009-04-09T00:00:00.000Z,1,0,0,1,0,7.0,0,0.0,0.0,0.0,457324.98,21336.75,0.0,0.0,457324.98,0.0,0.0,0.0,0.0,0.0,0.0,0.0,0,0,0,0,0,0,0
2808,2009-04-10T00:00:00.000Z,Fire,FM,OK,2009,2009-04-09T00:00:00.000Z,1,0,0,1,0,6.0,1,0.0,0.0,0.0,189336.74,178270.09,0.0,0.0,189336.74,0.0,0.0,0.0,0.0,0.0,0.0,0.0,0,0,0,0,0,0,0
2809,2009-04-10T00:00:00.000Z,Fire,FM,OK,2009,2009-04-09T00:00:00.000Z,1,0,0,1,0,6.0,1,0.0,0.0,0.0,80098.66,70902.95,0.0,0.0,80098.66,0.0,0.0,0.0,0.0,0.0,0.0,0.0,0,0,0,0,0,0,0
2810,2009-04-10T00:00:00.000Z,Fire,FM,TX,2009,2009-04-09T00:00:00.000Z,1,0,0,1,0,7.0,0,0.0,0.0,0.0,16361.8,0.0,0.0,0.0,16361.8,0.0,0.0,0.0,0.0,0.0,0.0,0.0,0,0,0,0,0,0,0
2811,2009-04-10T00:00:00.000Z,Fire,FM,OK,2009,2009-04-09T00:00:00.000Z,1,0,0,1,0,6.0,1,0.0,0.0,0.0,96586.9,86273.75,0.0,0.0,96586.9,0.0,0.0,0.0,0.0,0.0,0.0,0.0,0,0,0,0,0,0,0
2812,2009-04-10T00:00:00.000Z,Fire,FM,OK,2009,2009-04-09T00:00:00.000Z,1,0,0,1,0,6.0,1,0.0,0.0,0.0,213487.93,203739.39,0.0,0.0,213487.93,0.0,0.0,0.0,0.0,0.0,0.0,0.0,0,0,0,0,0,0,0
2813,2009-04-10T00:00:00.000Z,Fire,FM,OK,2009,2009-04-13T00:00:00.000Z,1,0,0,1,0,6.0,1,0.0,0.0,0.0,86605.2,72772.55,0.0,0.0,86605.2,0.0,0.0,0.0,0.0,0.0,0.0,0.0,0,0,0,0,0,0,0
2814,2009-04-10T00:00:00.000Z,Fire,FM,TX,2009,2009-04-09T00:00:00.000Z,1,0,0,1,0,7.0,0,0.0,0.0,0.0,55527.93,5002.5,0.0,0.0,55527.93,0.0,0.0,0.0,0.0,0.0,0.0,0.0,0,0,0,0,0,0,0
2815,2009-04-10T00:00:00.000Z,Fire,FM,TX,2009,2009-04-09T00:00:00.000Z,1,0,0,1,0,2.0,0,0.0,0.0,0.0,416.58,0.0,0.0,0.0,416.58,0.0,0.0,0.0,0.0,0.0,0.0,0.0,0,0,0,0,0,0,0
2816,2009-04-23T00:00:00.000Z,Fire,FM,SC,2009,2009-04-23T00:00:00.000Z,1,0,0,1,0,6.0,1,0.0,0.0,0.0,1285560.55,14344.8,0.0,0.0,1285560.55,0.0,0.0,0.0,0.0,0.0,0.0,0.0,0,0,0,0,0,0,0
2817,2009-05-06T00:00:00.000Z,Fire,FM,CA,2009,2009-05-05T00:00:00.000Z,1,0,0,1,0,17.0,0,0.0,0.0,0.0,23452765.1,1748832.76,0.0,0.0,23452765.1,0.0,0.0,0.0,0.0,0.0,0.0,0.0,0,0,0,0,0,0,0
2818,2009-05-07T00:00:00.000Z,Fire,FM,NM,2009,2009-05-06T00:00:00.000Z,1,0,0,1,0,8.0,0,0.0,0.0,0.0,339716.27,0.0,0.0,0.0,339716.27,0.0,0.0,0.0,0.0,0.0,0.0,0.0,0,0,0,0,0,0,0
2819,2009-05-12T00:00:00.000Z,Fire,FM,FL,2009,2009-05-11T00:00:00.000Z,1,0,0,1,0,6.0,1,0.0,0.0,0.0,410439.53,410439.53,0.0,0.0,410439.53,0.0,0.0,0.0,0.0,0.0,0.0,0.0,0,0,0,0,0,0,0
2820,2009-05-14T00:00:00.000Z,Fire,FM,AK,2009,2009-05-12T00:00:00.000Z,1,0,0,1,0,8.0,0,0.0,0.0,0.0,1551762.26,20470.29,0.0,0.0,1551762.26,0.0,0.0,0.0,0.0,0.0,0.0,0.0,0,0,0,0,0,0,0
2821,2009-05-18T00:00:00.000Z,Fire,FM,AZ,2009,2009-05-18T00:00:00.000Z,1,0,0,1,0,2.0,0,0.0,0.0,0.0,400123.12,0.0,0.0,0.0,400123.12,0.0,0.0,0.0,0.0,0.0,0.0,0.0,0,0,0,0,0,0,0
2822,2009-07-17T00:00:00.000Z,Fire,FM,NV,2009,2009-07-15T00:00:00.000Z,1,0,0,1,0,5.0,0,0.0,0.0,0.0,217839.92,2386.83,0.0,0.0,217839.92,0.0,0.0,0.0,0.0,0.0,0.0,0.0,0,0,0,0,0,0,0
2823,2009-07-29T00:00:00.000Z,Fire,FM,WA,2009,2009-07-28T00:00:00.000Z,1,0,0,1,0,5.0,0,0.0,0.0,0.0,640027.58,7752.07,0.0,0.0,640027.58,0.0,0.0,0.0,0.0,0.0,0.0,0.0,0,0,0,0,0,0,0
2824,2009-08-13T00:00:00.000Z,Fire,FM,CA,2009,2009-08-12T00:00:00.000Z,1,0,0,1,0,11.0,0,0.0,0.0,0.0,17722218.96,195698.11,0.0,0.0,17722218.96,0.0,0.0,0.0,0.0,0.0,0.0,0.0,0,0,0,0,0,0,0
2825,2009-08-15T00:00:00.000Z,Fire,FM,CA,2009,2009-08-14T00:00:00.000Z,2,0,0,1,0,7.0,0,0.0,0.0,0.0,7358708.49,95966.97,0.0,0.0,7358708.49,0.0,0.0,0.0,0.0,0.0,0.0,0.0,0,0,0,0,0,0,0
2826,2009-08-22T00:00:00.000Z,Fire,FM,WA,2009,2009-08-21T00:00:00.000Z,1,0,0,1,0,5.0,0,0.0,0.0,0.0,1781984.76,33393.85,0.0,0.0,1781984.76,0.0,0.0,0.0,0.0,0.0,0.0,0.0,0,0,0,0,0,0,0
2827,2009-08-22T00:00:00.000Z,Fire,FM,WA,2009,2009-08-21T00:00:00.000Z,2,0,0,1,0,4.0,0,0.0,0.0,0.0,225175.41,1964.68,0.0,0.0,225175.41,0.0,0.0,0.0,0.0,0.0,0.0,0.0,0,0,0,0,0,0,0
2828,2009-08-28T00:00:00.000Z,Fire,FM,CA,2009,2009-08-27T00:00:00.000Z,1,0,0,1,0,2.0,0,0.0,0.0,0.0,237881.87,11904.54,0.0,0.0,237881.87,0.0,0.0,0.0,0.0,0.0,0.0,0.0,0,0,0,0,0,0,0
2829,2009-08-28T00:00:00.000Z,Fire,FM,OR,2009,2009-08-28T00:00:00.000Z,2,0,0,1,0,4.0,0,0.0,0.0,0.0,1878332.73,18647.81,0.0,0.0,1878332.73,0.0,0.0,0.0,0.0,0.0,0.0,0.0,0,0,0,0,0,0,0
2830,2009-08-28T00:00:00.000Z,Fire,FM,CA,2009,2009-08-27T00:00:00.000Z,1,0,0,1,0,29.0,0,0.0,0.0,0.0,14127431.37,3132772.78,0.0,0.0,14127431.37,0.0,0.0,0.0,0.0,0.0,0.0,0.0,0,0,0,0,0,0,0
2831,2009-08-30T00:00:00.000Z,Fire,FM,UT,2009,2009-07-25T00:00:00.000Z,1,0,0,1,0,6.0,1,0.0,0.0,0.0,0.0,0.0,0.0,0.0,0.0,0.0,0.0,0.0,0.0,0.0,0.0,0.0,0,0,0,0,0,0,0
2832,2009-08-31T00:00:00.000Z,Fire,FM,CA,2009,2009-08-30T00:00:00.000Z,1,0,0,1,0,5.0,0,0.0,0.0,0.0,889842.57,47325.45,0.0,0.0,889842.57,0.0,0.0,0.0,0.0,0.0,0.0,0.0,0,0,0,0,0,0,0
2833,2009-08-31T00:00:00.000Z,Fire,FM,CA,2009,2009-08-30T00:00:00.000Z,1,0,0,1,0,9.0,0,0.0,0.0,0.0,3866805.34,105135.29,0.0,0.0,3866805.34,0.0,0.0,0.0,0.0,0.0,0.0,0.0,0,0,0,0,0,0,0
2834,2009-08-31T00:00:00.000Z,Fire,FM,HI,2009,2009-08-29T00:00:00.000Z,1,0,0,1,0,9.0,0,0.0,0.0,0.0,601282.59,8738.0,0.0,0.0,601282.59,0.0,0.0,0.0,0.0,0.0,0.0,0.0,0,0,0,0,0,0,0
2835,2009-08-31T00:00:00.000Z,Fire,FM,AZ,2009,2009-08-30T00:00:00.000Z,1,0,0,1,0,6.0,0,0.0,0.0,0.0,192972.73,11566.74,0.0,0.0,192972.73,0.0,0.0,0.0,0.0,0.0,0.0,0.0,0,0,0,0,0,0,0
2836,2009-09-01T00:00:00.000Z,Fire,FM,CA,2009,2009-08-31T00:00:00.000Z,1,0,0,1,0,5.0,0,0.0,0.0,0.0,3229475.98,75305.83,0.0,0.0,3229475.98,0.0,0.0,0.0,0.0,0.0,0.0,0.0,0,0,0,0,0,0,0
2837,2009-09-04T00:00:00.000Z,Fire,FM,MT,2009,2009-09-03T00:00:00.000Z,1,0,0,1,0,2.0,0,0.0,0.0,0.0,321803.65,8145.79,0.0,0.0,321803.65,0.0,0.0,0.0,0.0,0.0,0.0,0.0,0,0,0,0,0,0,0
2838,2009-09-22T00:00:00.000Z,Fire,FM,OR,2009,2009-09-21T00:00:00.000Z,1,0,0,1,0,3.0,0,0.0,0.0,0.0,1809604.1,61573.72,0.0,0.0,1809604.1,0.0,0.0,0.0,0.0,0.0,0.0,0.0,0,0,0,0,0,0,0
2839,2009-09-22T00:00:00.000Z,Fire,FM,CA,2009,2009-09-22T00:00:00.000Z,1,0,0,1,0,7.0,0,0.0,0.0,0.0,8033270.01,82056.9,0.0,0.0,8033270.01,0.0,0.0,0.0,0.0,0.0,0.0,0.0,0,0,0,0,0,0,0
2840,2009-10-03T00:00:00.000Z,Fire,FM,AZ,2010,2009-10-02T00:00:00.000Z,1,0,0,1,0,6.0,0,0.0,0.0,0.0,0.0,0.0,0.0,0.0,0.0,0.0,0.0,0.0,0.0,0.0,0.0,0.0,0,0,0,0,0,0,0
2841,2009-10-04T00:00:00.000Z,Fire,FM,CA,2010,2009-10-03T00:00:00.000Z,1,0,0,1,0,6.0,0,0.0,0.0,0.0,1125662.45,174038.08,0.0,0.0,1125662.45,0.0,0.0,0.0,0.0,0.0,0.0,0.0,0,0,0,0,0,0,0
2842,2010-05-24T00:00:00.000Z,Fire,FM,NM,2010,2010-05-23T00:00:00.000Z,1,0,0,1,0,6.0,1,0.0,0.0,0.0,178183.15,0.0,0.0,0.0,178183.15,0.0,0.0,0.0,0.0,0.0,0.0,0.0,0,0,0,0,0,0,0
2843,2010-06-02T00:00:00.000Z,Fire,FM,NM,2010,2010-06-01T00:00:00.000Z,1,0,0,1,0,6.0,1,0.0,0.0,0.0,55983.46,0.0,0.0,0.0,55983.46,0.0,0.0,0.0,0.0,0.0,0.0,0.0,0,0,0,0,0,0,0
2844,2010-06-09T00:00:00.000Z,Fire,FM,HI,2010,2010-06-08T00:00:00.000Z,1,0,0,1,0,5.0,0,0.0,0.0,0.0,242747.34,5464.69,0.0,0.0,242747.34,0.0,0.0,0.0,0.0,0.0,0.0,0.0,0,0,0,0,0,0,0
2845,2010-06-19T00:00:00.000Z,Fire,FM,AZ,2010,2010-06-19T00:00:00.000Z,1,0,0,1,0,11.0,0,0.0,0.0,0.0,612234.29,0.0,0.0,0.0,612234.29,0.0,0.0,0.0,0.0,0.0,0.0,0.0,0,0,0,0,0,0,0
2846,2010-06-20T00:00:00.000Z,Fire,FM,AZ,2010,2010-06-20T00:00:00.000Z,1,0,0,1,0,6.0,0,0.0,0.0,0.0,585290.52,5564.12,0.0,0.0,585290.52,0.0,0.0,0.0,0.0,0.0,0.0,0.0,0,0,0,0,0,0,0
2847,2010-07-01T00:00:00.000Z,Fire,FM,NV,2010,2010-07-01T00:00:00.000Z,1,0,0,1,0,5.0,0,0.0,0.0,0.0,102627.51,0.0,0.0,0.0,102627.51,0.0,0.0,0.0,0.0,0.0,0.0,0.0,0,0,0,0,0,0,0
2848,2010-07-19T00:00:00.000Z,Fire,FM,WA,2010,2010-07-18T00:00:00.000Z,1,0,0,1,0,3.0,0,0.0,0.0,0.0,675577.69,4720.42,0.0,0.0,675577.69,0.0,0.0,0.0,0.0,0.0,0.0,0.0,0,0,0,0,0,0,0
2849,2010-07-27T00:00:00.000Z,Fire,FM,CA,2010,2010-07-26T00:00:00.000Z,1,0,0,1,0,4.0,0,0.0,0.0,0.0,456501.86,20611.54,0.0,0.0,456501.86,0.0,0.0,0.0,0.0,0.0,0.0,0.0,0,0,0,0,0,0,0
2850,2010-07-28T00:00:00.000Z,Fire,FM,CA,2010,2010-07-27T00:00:00.000Z,1,0,0,1,0,6.0,0,0.0,0.0,0.0,4327774.39,27113.28,0.0,0.0,4327774.39,0.0,0.0,0.0,0.0,0.0,0.0,0.0,0,0,0,0,0,0,0
2851,2010-07-30T00:00:00.000Z,Fire,FM,CA,2010,2010-07-29T00:00:00.000Z,1,0,0,1,0,5.0,0,0.0,0.0,0.0,1406149.26,126395.92,0.0,0.0,1406149.26,0.0,0.0,0.0,0.0,0.0,0.0,0.0,0,0,0,0,0,0,0
2852,2010-08-24T00:00:00.000Z,Fire,FM,CA,2010,2010-08-24T00:00:00.000Z,1,0,0,1,0,5.0,0,0.0,0.0,0.0,1238001.83,24038.82,0.0,0.0,1238001.83,0.0,0.0,0.0,0.0,0.0,0.0,0.0,0,0,0,0,0,0,0
2853,2010-08-26T00:00:00.000Z,Fire,FM,ID,2010,2010-08-26T00:00:00.000Z,1,0,0,1,0,8.0,0,0.0,0.0,0.0,130014.08,29309.41,0.0,0.0,130014.08,0.0,0.0,0.0,0.0,0.0,0.0,0.0,0,0,0,0,0,0,0
2854,2010-08-27T00:00:00.000Z,Fire,FM,WA,2010,2010-08-26T00:00:00.000Z,1,0,0,1,0,5.0,0,0.0,0.0,0.0,579945.39,2376.19,0.0,0.0,579945.39,0.0,0.0,0.0,0.0,0.0,0.0,0.0,0,0,0,0,0,0,0
2855,2010-09-06T00:00:00.000Z,Fire,FM,CO,2010,2010-09-06T00:00:00.000Z,1,0,0,1,0,11.0,0,0.0,0.0,0.0,4089121.18,448670.0,0.0,0.0,4089121.18,0.0,0.0,0.0,0.0,0.0,0.0,0.0,0,0,0,0,0,0,0
2856,2010-09-10T00:00:00.000Z,Fire,FM,CA,2010,2010-09-09T00:00:00.000Z,1,0,0,1,0,2.0,0,0.0,0.0,0.0,0.0,0.0,0.0,0.0,0.0,0.0,0.0,0.0,0.0,0.0,0.0,0.0,0,0,0,0,0,0,0
2857,2010-09-12T00:00:00.000Z,Fire,FM,CO,2010,2010-09-12T00:00:00.000Z,1,0,0,1,0,5.0,0,0.0,0.0,0.0,1890446.08,16713.59,0.0,0.0,1890446.08,0.0,0.0,0.0,0.0,0.0,0.0,0.0,0,0,0,0,0,0,0
2858,2010-09-15T00:00:00.000Z,Fire,FM,CA,2010,2010-09-14T00:00:00.000Z,1,0,0,1,0,6.0,0,0.0,0.0,0.0,638203.8,12825.18,0.0,0.0,638203.8,0.0,0.0,0.0,0.0,0.0,0.0,0.0,0,0,0,0,0,0,0
2859,2010-09-19T00:00:00.000Z,Fire,FM,UT,2010,2010-09-19T00:00:00.000Z,1,0,0,1,0,6.0,1,0.0,0.0,0.0,1370624.5,0.0,0.0,0.0,1370624.5,0.0,0.0,0.0,0.0,0.0,0.0,0.0,0,0,0,0,0,0,0
2860,2011-02-20T00:00:00.000Z,Fire,FM,VA,2011,2011-02-19T00:00:00.000Z,1,0,0,1,0,6.0,1,0.0,0.0,0.0,0.0,0.0,0.0,0.0,0.0,0.0,0.0,0.0,0.0,0.0,0.0,0.0,0,0,0,0,0,0,0
2861,2011-02-20T00:00:00.000Z,Fire,FM,VA,2011,2011-02-19T00:00:00.000Z,1,0,0,1,0,6.0,1,0.0,0.0,0.0,0.0,0.0,0.0,0.0,0.0,0.0,0.0,0.0,0.0,0.0,0.0,0.0,0,0,0,0,0,0,0
2862,2011-02-27T00:00:00.000Z,Fire,FM,TX,2011,2011-02-27T00:00:00.000Z,1,0,0,1,0,6.0,1,0.0,0.0,0.0,0.0,0.0,0.0,0.0,0.0,0.0,0.0,0.0,0.0,0.0,0.0,0.0,0,0,0,0,0,0,0
2863,2011-02-27T00:00:00.000Z,Fire,FM,TX,2011,2011-02-27T00:00:00.000Z,1,0,0,1,0,6.0,1,0.0,0.0,0.0,0.0,0.0,0.0,0.0,0.0,0.0,0.0,0.0,0.0,0.0,0.0,0.0,0,0,0,0,0,0,0
2864,2011-02-27T00:00:00.000Z,Fire,FM,TX,2011,2011-02-27T00:00:00.000Z,1,0,0,1,0,6.0,1,0.0,0.0,0.0,0.0,0.0,0.0,0.0,0.0,0.0,0.0,0.0,0.0,0.0,0.0,0.0,0,0,0,0,0,0,0
2865,2011-02-28T00:00:00.000Z,Fire,FM,TX,2011,2011-02-27T00:00:00.000Z,1,0,0,1,0,6.0,1,0.0,0.0,0.0,0.0,0.0,0.0,0.0,0.0,0.0,0.0,0.0,0.0,0.0,0.0,0.0,0,0,0,0,0,0,0
2866,2011-03-08T00:00:00.000Z,Fire,FM,NM,2011,2011-03-07T00:00:00.000Z,1,0,0,1,0,4.0,0,0.0,0.0,0.0,267933.97,0.0,0.0,0.0,267933.97,0.0,0.0,0.0,0.0,0.0,0.0,0.0,0,0,0,0,0,0,0
2867,2011-03-11T00:00:00.000Z,Fire,FM,TX,2011,2011-03-11T00:00:00.000Z,1,0,0,1,0,6.0,0,0.0,0.0,0.0,703954.92,3835.42,0.0,0.0,703954.92,0.0,0.0,0.0,0.0,0.0,0.0,0.0,0,0,0,0,0,0,0
2868,2011-03-11T00:00:00.000Z,Fire,FM,OK,2011,2011-03-11T00:00:00.000Z,1,0,0,1,0,3.0,0,0.0,0.0,0.0,37611.46,34210.03,0.0,0.0,37611.46,0.0,0.0,0.0,0.0,0.0,0.0,0.0,0,0,0,0,0,0,0
2869,2011-03-11T00:00:00.000Z,Fire,FM,OK,2011,2011-03-11T00:00:00.000Z,1,0,0,1,0,3.0,0,0.0,0.0,0.0,14666.35,10897.95,0.0,0.0,14666.35,0.0,0.0,0.0,0.0,0.0,0.0,0.0,0,0,0,0,0,0,0
2870,2011-03-12T00:00:00.000Z,Fire,FM,TX,2011,2011-03-11T00:00:00.000Z,2,0,0,1,0,6.0,0,0.0,0.0,0.0,465822.05,59958.47,0.0,0.0,465822.05,0.0,0.0,0.0,0.0,0.0,0.0,0.0,0,0,0,0,0,0,0
2871,2011-03-12T00:00:00.000Z,Fire,FM,OK,2011,2011-03-12T00:00:00.000Z,1,0,0,1,0,3.0,0,0.0,0.0,0.0,41791.72,8286.3,0.0,0.0,41791.72,0.0,0.0,0.0,0.0,0.0,0.0,0.0,0,0,0,0,0,0,0
2872,2011-03-12T00:00:00.000Z,Fire,FM,OK,2011,2011-03-12T00:00:00.000Z,1,0,0,1,0,3.0,0,0.0,0.0,0.0,4527.53,0.0,0.0,0.0,4527.53,0.0,0.0,0.0,0.0,0.0,0.0,0.0,0,0,0,0,0,0,0
2873,2011-03-21T00:00:00.000Z,Fire,FM,CO,2011,2011-03-21T00:00:00.000Z,1,0,0,1,0,5.0,0,0.0,0.0,0.0,1274396.82,20994.41,0.0,0.0,1274396.82,0.0,0.0,0.0,0.0,0.0,0.0,0.0,0,0,0,0,0,0,0
2874,2011-03-24T00:00:00.000Z,Fire,FM,OK,2011,2011-03-24T00:00:00.000Z,1,0,0,1,0,3.0,0,0.0,0.0,0.0,22073.78,5101.07,0.0,0.0,22073.78,0.0,0.0,0.0,0.0,0.0,0.0,0.0,0,0,0,0,0,0,0
2875,2011-03-25T00:00:00.000Z,Fire,FM,GA,2011,2011-03-25T00:00:00.000Z,1,0,0,1,0,31.0,0,0.0,0.0,0.0,904314.17,896788.89,0.0,0.0,904314.17,0.0,0.0,0.0,0.0,0.0,0.0,0.0,0,0,0,0,0,0,0
2876,2011-03-25T00:00:00.000Z,Fire,FM,GA,2011,2011-03-24T00:00:00.000Z,1,0,0,1,0,6.0,1,0.0,0.0,0.0,112240.74,103868.59,0.0,0.0,112240.74,0.0,0.0,0.0,0.0,0.0,0.0,0.0,0,0,0,0,0,0,0
2877,2011-04-03T00:00:00.000Z,Fire,FM,CO,2011,2011-04-03T00:00:00.000Z,1,0,0,1,0,8.0,0,0.0,0.0,0.0,951915.12,17360.96,0.0,0.0,951915.12,0.0,0.0,0.0,0.0,0.0,0.0,0.0,0,0,0,0,0,0,0
2878,2011-04-03T00:00:00.000Z,Fire,FM,KS,2011,2011-04-03T00:00:00.000Z,2,0,0,1,0,1.0,0,0.0,0.0,0.0,0.0,0.0,0.0,0.0,0.0,0.0,0.0,0.0,0.0,0.0,0.0,0.0,0,0,0,0,0,0,0
2879,2011-04-03T00:00:00.000Z,Fire,FM,OK,2011,2011-04-03T00:00:00.000Z,1,0,0,1,0,2.0,0,0.0,0.0,0.0,40471.62,32581.27,0.0,0.0,40471.62,0.0,0.0,0.0,0.0,0.0,0.0,0.0,0,0,0,0,0,0,0
2880,2011-04-03T00:00:00.000Z,Fire,FM,NM,2011,2011-04-03T00:00:00.000Z,2,0,0,1,0,17.0,0,0.0,0.0,0.0,124694.11,0.0,0.0,0.0,124694.11,0.0,0.0,0.0,0.0,0.0,0.0,0.0,0,0,0,0,0,0,0
2881,2011-04-03T00:00:00.000Z,Fire,FM,TX,2011,2011-04-03T00:00:00.000Z,2,0,0,1,0,3.0,0,0.0,0.0,0.0,245180.05,0.0,0.0,0.0,245180.05,0.0,0.0,0.0,0.0,0.0,0.0,0.0,0,0,0,0,0,0,0
2882,2011-04-05T00:00:00.000Z,Fire,FM,TX,2011,2011-04-04T00:00:00.000Z,1,0,0,1,0,4.0,0,0.0,0.0,0.0,151670.08,20368.73,0.0,0.0,151670.08,0.0,0.0,0.0,0.0,0.0,0.0,0.0,0,0,0,0,0,0,0
2883,2011-04-06T00:00:00.000Z,Fire,FM,OK,2011,2011-04-06T00:00:00.000Z,1,0,0,1,0,3.0,0,0.0,0.0,0.0,35431.74,7909.87,0.0,0.0,35431.74,0.0,0.0,0.0,0.0,0.0,0.0,0.0,0,0,0,0,0,0,0
2884,2011-04-09T00:00:00.000Z,Fire,FM,TX,2011,2011-04-06T00:00:00.000Z,3,0,0,1,0,17.0,0,0.0,0.0,0.0,2389717.33,62944.31,0.0,0.0,2389717.33,0.0,0.0,0.0,0.0,0.0,0.0,0.0,0,0,0,0,0,0,0
2885,2011-04-09T00:00:00.000Z,Fire,FM,TX,2011,2011-04-09T00:00:00.000Z,2,0,0,1,0,36.0,0,0.0,0.0,0.0,8824311.63,67520.38,0.0,0.0,8824311.63,0.0,0.0,0.0,0.0,0.0,0.0,0.0,0,0,0,0,0,0,0
2886,2011-04-09T00:00:00.000Z,Fire,FM,TX,2011,2011-04-09T00:00:00.000Z,1,0,0,1,0,11.0,0,0.0,0.0,0.0,49728.06,4272.83,0.0,0.0,49728.06,0.0,0.0,0.0,0.0,0.0,0.0,0.0,0,0,0,0,0,0,0
2887,2011-04-10T00:00:00.000Z,Fire,FM,OK,2011,2011-04-09T00:00:00.000Z,1,0,0,1,0,3.0,0,0.0,0.0,0.0,47155.5,10811.09,0.0,0.0,47155.5,0.0,0.0,0.0,0.0,0.0,0.0,0.0,0,0,0,0,0,0,0
2888,2011-04-15T00:00:00.000Z,Fire,FM,TX,2011,2011-04-13T00:00:00.000Z,3,0,0,1,0,29.0,0,0.0,0.0,0.0,8630995.0,455060.81,0.0,0.0,8630995.0,0.0,0.0,0.0,0.0,0.0,0.0,0.0,0,0,0,0,0,0,0
2889,2011-04-15T00:00:00.000Z,Fire,FM,TX,2011,2011-04-11T00:00:00.000Z,3,0,0,1,0,12.0,0,0.0,0.0,0.0,1352883.8,37056.86,0.0,0.0,1352883.8,0.0,0.0,0.0,0.0,0.0,0.0,0.0,0,0,0,0,0,0,0
2890,2011-04-15T00:00:00.000Z,Fire,FM,OK,2011,2011-04-15T00:00:00.000Z,1,0,0,1,0,4.0,0,0.0,0.0,0.0,37108.68,30074.73,0.0,0.0,37108.68,0.0,0.0,0.0,0.0,0.0,0.0,0.0,0,0,0,0,0,0,0
2891,2011-04-15T00:00:00.000Z,Fire,FM,TX,2011,2011-04-15T00:00:00.000Z,1,0,0,1,0,5.0,0,0.0,0.0,0.0,101953.04,31810.84,0.0,0.0,101953.04,0.0,0.0,0.0,0.0,0.0,0.0,0.0,0,0,0,0,0,0,0
2892,2011-04-15T00:00:00.000Z,Fire,FM,TX,2011,2011-04-11T00:00:00.000Z,2,0,0,1,0,23.0,0,0.0,0.0,0.0,2256591.3,192668.99,0.0,0.0,2256591.3,0.0,0.0,0.0,0.0,0.0,0.0,0.0,0,0,0,0,0,0,0
2893,2011-04-16T00:00:00.000Z,Fire,FM,TX,2011,2011-04-09T00:00:00.000Z,3,0,0,1,0,33.0,0,0.0,0.0,0.0,0.0,0.0,0.0,0.0,0.0,0.0,0.0,0.0,0.0,0.0,0.0,0.0,0,0,0,0,0,0,0
2894,2011-04-16T00:00:00.000Z,Fire,FM,TX,2011,2011-04-15T00:00:00.000Z,1,0,0,1,0,3.0,0,0.0,0.0,0.0,46051.71,12449.89,0.0,0.0,46051.71,0.0,0.0,0.0,0.0,0.0,0.0,0.0,0,0,0,0,0,0,0
2895,2011-04-16T00:00:00.000Z,Fire,FM,TX,2011,2011-04-16T00:00:00.000Z,3,0,0,1,0,18.0,0,0.0,0.0,0.0,0.0,0.0,0.0,0.0,0.0,0.0,0.0,0.0,0.0,0.0,0.0,0.0,0,0,0,0,0,0,0
2896,2011-04-17T00:00:00.000Z,Fire,FM,TX,2011,2011-04-15T00:00:00.000Z,1,0,0,1,0,7.0,0,0.0,0.0,0.0,89674.22,17134.5,0.0,0.0,89674.22,0.0,0.0,0.0,0.0,0.0,0.0,0.0,0,0,0,0,0,0,0
2897,2011-04-17T00:00:00.000Z,Fire,FM,NM,2011,2011-04-17T00:00:00.000Z,2,0,0,1,0,4.0,0,0.0,0.0,0.0,75184.0,0.0,0.0,0.0,75184.0,0.0,0.0,0.0,0.0,0.0,0.0,0.0,0,0,0,0,0,0,0
2898,2011-04-17T00:00:00.000Z,Fire,FM,TX,2011,2011-04-17T00:00:00.000Z,1,0,0,1,0,2.0,0,0.0,0.0,0.0,55897.82,17884.02,0.0,0.0,55897.82,0.0,0.0,0.0,0.0,0.0,0.0,0.0,0,0,0,0,0,0,0
2899,2011-04-21T00:00:00.000Z,Fire,FM,TX,2011,2011-04-14T00:00:00.000Z,1,0,0,1,0,3.0,0,0.0,0.0,0.0,20995.06,4567.5,0.0,0.0,20995.06,0.0,0.0,0.0,0.0,0.0,0.0,0.0,0,0,0,0,0,0,0
2900,2011-04-22T00:00:00.000Z,Fire,FM,NE,2011,2011-04-22T00:00:00.000Z,1,0,0,1,0,6.0,1,0.0,0.0,0.0,0.0,0.0,0.0,0.0,0.0,0.0,0.0,0.0,0.0,0.0,0.0,0.0,0,0,0,0,0,0,0
2901,2011-04-27T00:00:00.000Z,Fire,FM,TX,2011,2011-04-26T00:00:00.000Z,1,0,0,1,0,8.0,0,0.0,0.0,0.0,66410.19,812.88,0.0,0.0,66410.19,0.0,0.0,0.0,0.0,0.0,0.0,0.0,0,0,0,0,0,0,0
2902,2011-04-27T00:00:00.000Z,Fire,FM,FL,2011,2011-04-26T00:00:00.000Z,1,0,0,1,0,35.0,0,0.0,0.0,0.0,263462.41,263462.41,0.0,0.0,263462.41,0.0,0.0,0.0,0.0,0.0,0.0,0.0,0,0,0,0,0,0,0
2903,2011-04-29T00:00:00.000Z,Fire,FM,TX,2011,2011-04-26T00:00:00.000Z,1,0,0,1,0,18.0,0,0.0,0.0,0.0,1575822.38,15019.93,0.0,0.0,1575822.38,0.0,0.0,0.0,0.0,0.0,0.0,0.0,0,0,0,0,0,0,0
2904,2011-04-30T00:00:00.000Z,Fire,FM,TX,2011,2011-04-29T00:00:00.000Z,1,0,0,1,0,2.0,0,0.0,0.0,0.0,24495.08,2506.31,0.0,0.0,24495.08,0.0,0.0,0.0,0.0,0.0,0.0,0.0,0,0,0,0,0,0,0
2905,2011-04-30T00:00:00.000Z,Fire,FM,TX,2011,2011-04-29T00:00:00.000Z,2,0,0,1,0,2.0,0,0.0,0.0,0.0,5806.02,862.0,0.0,0.0,5806.02,0.0,0.0,0.0,0.0,0.0,0.0,0.0,0,0,0,0,0,0,0
2906,2011-05-08T00:00:00.000Z,Fire,FM,TX,2011,2011-05-08T00:00:00.000Z,1,0,0,1,0,11.0,0,0.0,0.0,0.0,789533.19,5576.76,0.0,0.0,789533.19,0.0,0.0,0.0,0.0,0.0,0.0,0.0,0,0,0,0,0,0,0
2907,2011-05-09T00:00:00.000Z,Fire,FM,AZ,2011,2011-05-08T00:00:00.000Z,1,0,0,1,0,44.0,0,0.0,0.0,0.0,750000.0,0.0,0.0,0.0,750000.0,0.0,0.0,0.0,0.0,0.0,0.0,0.0,0,0,0,0,0,0,0
2908,2011-05-09T00:00:00.000Z,Fire,FM,TX,2011,2011-05-09T00:00:00.000Z,1,0,0,1,0,5.0,0,0.0,0.0,0.0,80761.88,6601.46,0.0,0.0,80761.88,0.0,0.0,0.0,0.0,0.0,0.0,0.0,0,0,0,0,0,0,0
2909,2011-05-22T00:00:00.000Z,Fire,FM,AK,2011,2011-05-20T00:00:00.000Z,1,0,0,1,0,13.0,0,0.0,0.0,0.0,3130495.15,0.0,0.0,0.0,3130495.15,0.0,0.0,0.0,0.0,0.0,0.0,0.0,0,0,0,0,0,0,0
2910,2011-05-24T00:00:00.000Z,Fire,FM,TX,2011,2011-05-24T00:00:00.000Z,1,0,0,1,0,7.0,0,0.0,0.0,0.0,55445.93,0.0,0.0,0.0,55445.93,0.0,0.0,0.0,0.0,0.0,0.0,0.0,0,0,0,0,0,0,0
2911,2011-05-29T00:00:00.000Z,Fire,FM,TX,2011,2011-05-29T00:00:00.000Z,1,0,0,1,0,2.0,0,0.0,0.0,0.0,67568.51,0.0,0.0,0.0,67568.51,0.0,0.0,0.0,0.0,0.0,0.0,0.0,0,0,0,0,0,0,0
2912,2011-05-29T00:00:00.000Z,Fire,FM,TX,2011,2011-05-29T00:00:00.000Z,1,0,0,1,0,3.0,0,0.0,0.0,0.0,164326.83,7345.22,0.0,0.0,164326.83,0.0,0.0,0.0,0.0,0.0,0.0,0.0,0,0,0,0,0,0,0
2913,2011-05-29T00:00:00.000Z,Fire,FM,TX,2011,2011-05-29T00:00:00.000Z,1,0,0,1,0,3.0,0,0.0,0.0,0.0,140212.14,20608.17,0.0,0.0,140212.14,0.0,0.0,0.0,0.0,0.0,0.0,0.0,0,0,0,0,0,0,0
2914,2011-06-02T00:00:00.000Z,Fire,FM,TX,2011,2011-06-02T00:00:00.000Z,1,0,0,1,0,10.0,0,0.0,0.0,0.0,1843083.73,4818.75,0.0,0.0,1843083.73,0.0,0.0,0.0,0.0,0.0,0.0,0.0,0,0,0,0,0,0,0
2915,2011-06-02T00:00:00.000Z,Fire,FM,AZ,2011,2011-06-01T00:00:00.000Z,2,0,0,1,0,27.0,0,0.0,0.0,0.0,2744156.76,743657.08,0.0,0.0,2744156.76,0.0,0.0,0.0,0.0,0.0,0.0,0.0,0,0,0,0,0,0,0
2916,2011-06-03T00:00:00.000Z,Fire,FM,TX,2011,2011-06-03T00:00:00.000Z,1,0,0,1,0,8.0,0,0.0,0.0,0.0,177716.96,0.0,0.0,0.0,177716.96,0.0,0.0,0.0,0.0,0.0,0.0,0.0,0,0,0,0,0,0,0
2917,2011-06-10T00:00:00.000Z,Fire,FM,NM,2011,2011-06-10T00:00:00.000Z,1,0,0,1,0,32.0,0,0.0,0.0,0.0,515274.49,0.0,0.0,0.0,515274.49,0.0,0.0,0.0,0.0,0.0,0.0,0.0,0,0,0,0,0,0,0
2918,2011-06-12T00:00:00.000Z,Fire,FM,NM,2011,2011-06-12T00:00:00.000Z,1,0,0,1,0,46.0,0,0.0,0.0,0.0,4300099.08,15450.28,0.0,0.0,4300099.08,0.0,0.0,0.0,0.0,0.0,0.0,0.0,0,0,0,0,0,0,0
2919,2011-06-12T00:00:00.000Z,Fire,FM,AZ,2011,2011-06-12T00:00:00.000Z,1,0,0,1,0,14.0,0,0.0,0.0,0.0,3908122.74,339803.39,0.0,0.0,3908122.74,0.0,0.0,0.0,0.0,0.0,0.0,0.0,0,0,0,0,0,0,0
2920,2011-06-15T00:00:00.000Z,Fire,FM,GA,2011,2011-06-15T00:00:00.000Z,3,0,0,1,0,42.0,0,0.0,0.0,0.0,1684808.26,1245160.26,0.0,0.0,1684808.26,0.0,0.0,0.0,0.0,0.0,0.0,0.0,0,0,0,0,0,0,0
2921,2011-06-16T00:00:00.000Z,Fire,FM,GA,2011,2011-06-16T00:00:00.000Z,1,0,0,1,0,53.0,0,0.0,0.0,0.0,2613039.26,2029077.51,0.0,0.0,2613039.26,0.0,0.0,0.0,0.0,0.0,0.0,0.0,0,0,0,0,0,0,0
2922,2011-06-16T00:00:00.000Z,Fire,FM,TX,2011,2011-06-16T00:00:00.000Z,2,0,0,1,0,3.0,0,0.0,0.0,0.0,96413.96,17562.36,0.0,0.0,96413.96,0.0,0.0,0.0,0.0,0.0,0.0,0.0,0,0,0,0,0,0,0
2923,2011-06-16T00:00:00.000Z,Fire,FM,CO,2011,2011-06-15T00:00:00.000Z,2,0,0,1,0,9.0,0,0.0,0.0,0.0,987749.43,12601.55,0.0,0.0,987749.43,0.0,0.0,0.0,0.0,0.0,0.0,0.0,0,0,0,0,0,0,0
2924,2011-06-17T00:00:00.000Z,Fire,FM,TX,2011,2011-06-17T00:00:00.000Z,1,0,0,1,0,3.0,0,0.0,0.0,0.0,27127.61,1891.37,0.0,0.0,27127.61,0.0,0.0,0.0,0.0,0.0,0.0,0.0,0,0,0,0,0,0,0
2925,2011-06-18T00:00:00.000Z,Fire,FM,TX,2011,2011-06-18T00:00:00.000Z,1,0,0,1,0,2.0,0,0.0,0.0,0.0,125530.94,1612.45,0.0,0.0,125530.94,0.0,0.0,0.0,0.0,0.0,0.0,0.0,0,0,0,0,0,0,0
2926,2011-06-18T00:00:00.000Z,Fire,FM,TX,2011,2011-06-18T00:00:00.000Z,1,0,0,1,0,8.0,0,0.0,0.0,0.0,283927.65,16963.98,0.0,0.0,283927.65,0.0,0.0,0.0,0.0,0.0,0.0,0.0,0,0,0,0,0,0,0
2927,2011-06-20T00:00:00.000Z,Fire,FM,TX,2011,2011-06-19T00:00:00.000Z,1,0,0,1,0,17.0,0,0.0,0.0,0.0,1129647.45,97300.8,0.0,0.0,1129647.45,0.0,0.0,0.0,0.0,0.0,0.0,0.0,0,0,0,0,0,0,0
2928,2011-06-20T00:00:00.000Z,Fire,FM,TX,2011,2011-06-19T00:00:00.000Z,1,0,0,1,0,11.0,0,0.0,0.0,0.0,69077.56,8043.83,0.0,0.0,69077.56,0.0,0.0,0.0,0.0,0.0,0.0,0.0,0,0,0,0,0,0,0
2929,2011-06-20T00:00:00.000Z,Fire,FM,TX,2011,2011-06-19T00:00:00.000Z,1,0,0,1,0,6.0,0,0.0,0.0,0.0,431159.39,36863.35,0.0,0.0,431159.39,0.0,0.0,0.0,0.0,0.0,0.0,0.0,0,0,0,0,0,0,0
2930,2011-06-21T00:00:00.000Z,Fire,FM,TX,2011,2011-06-20T00:00:00.000Z,1,0,0,1,0,8.0,0,0.0,0.0,0.0,212620.81,18186.55,0.0,0.0,212620.81,0.0,0.0,0.0,0.0,0.0,0.0,0.0,0,0,0,0,0,0,0
2931,2011-06-21T00:00:00.000Z,Fire,FM,TX,2011,2011-06-20T00:00:00.000Z,1,0,0,1,0,11.0,0,0.0,0.0,0.0,1180318.09,41748.91,0.0,0.0,1180318.09,0.0,0.0,0.0,0.0,0.0,0.0,0.0,0,0,0,0,0,0,0
2932,2011-06-24T00:00:00.000Z,Fire,FM,OK,2011,2011-06-24T00:00:00.000Z,1,0,0,1,0,5.0,0,0.0,0.0,0.0,308817.5,154133.15,0.0,0.0,308817.5,0.0,0.0,0.0,0.0,0.0,0.0,0.0,0,0,0,0,0,0,0
2933,2011-06-26T00:00:00.000Z,Fire,FM,NM,2011,2011-06-26T00:00:00.000Z,6,0,0,1,0,60.0,0,0.0,0.0,0.0,1651694.38,433314.93,0.0,0.0,1651694.38,0.0,0.0,0.0,0.0,0.0,0.0,0.0,0,0,0,0,0,0,0
2934,2011-06-29T00:00:00.000Z,Fire,FM,NM,2011,2011-06-28T00:00:00.000Z,1,0,0,1,0,15.0,0,0.0,0.0,0.0,75493.88,0.0,0.0,0.0,75493.88,0.0,0.0,0.0,0.0,0.0,0.0,0.0,0,0,0,0,0,0,0
2935,2011-06-30T00:00:00.000Z,Fire,FM,NM,2011,2011-06-28T00:00:00.000Z,1,0,0,1,0,17.0,0,0.0,0.0,0.0,3173061.92,0.0,0.0,0.0,3173061.92,0.0,0.0,0.0,0.0,0.0,0.0,0.0,0,0,0,0,0,0,0
2936,2011-07-04T00:00:00.000Z,Fire,FM,NC,2011,2011-07-04T00:00:00.000Z,2,0,0,1,0,6.0,1,0.0,0.0,0.0,2474182.45,12262.01,0.0,0.0,2474182.45,0.0,0.0,0.0,0.0,0.0,0.0,0.0,0,0,0,0,0,0,0
2937,2011-07-11T00:00:00.000Z,Fire,FM,TX,2011,2011-07-11T00:00:00.000Z,1,0,0,1,0,9.0,0,0.0,0.0,0.0,807344.61,6117.8,0.0,0.0,807344.61,0.0,0.0,0.0,0.0,0.0,0.0,0.0,0,0,0,0,0,0,0
2938,2011-07-15T00:00:00.000Z,Fire,FM,OK,2011,2011-07-15T00:00:00.000Z,1,0,0,1,0,3.0,0,0.0,0.0,0.0,41579.62,13570.27,0.0,0.0,41579.62,0.0,0.0,0.0,0.0,0.0,0.0,0.0,0,0,0,0,0,0,0
2939,2011-07-15T00:00:00.000Z,Fire,FM,OK,2011,2011-07-15T00:00:00.000Z,1,0,0,1,0,5.0,0,0.0,0.0,0.0,204671.41,202596.63,0.0,0.0,204671.41,0.0,0.0,0.0,0.0,0.0,0.0,0.0,0,0,0,0,0,0,0
2940,2011-07-26T00:00:00.000Z,Fire,FM,OK,2011,2011-07-26T00:00:00.000Z,1,0,0,1,0,3.0,0,0.0,0.0,0.0,95356.14,82964.48,0.0,0.0,95356.14,0.0,0.0,0.0,0.0,0.0,0.0,0.0,0,0,0,0,0,0,0
2941,2011-08-01T00:00:00.000Z,Fire,FM,OK,2011,2011-08-01T00:00:00.000Z,1,0,0,1,0,2.0,0,0.0,0.0,0.0,12483.41,1230.8,0.0,0.0,12483.41,0.0,0.0,0.0,0.0,0.0,0.0,0.0,0,0,0,0,0,0,0
2942,2011-08-02T00:00:00.000Z,Fire,FM,OK,2011,2011-08-02T00:00:00.000Z,1,0,0,1,0,6.0,0,0.0,0.0,0.0,24833.31,306.9,0.0,0.0,24833.31,0.0,0.0,0.0,0.0,0.0,0.0,0.0,0,0,0,0,0,0,0
2943,2011-08-02T00:00:00.000Z,Fire,FM,OK,2011,2011-08-02T00:00:00.000Z,1,0,0,1,0,6.0,0,0.0,0.0,0.0,30635.29,13426.38,0.0,0.0,30635.29,0.0,0.0,0.0,0.0,0.0,0.0,0.0,0,0,0,0,0,0,0
2944,2011-08-02T00:00:00.000Z,Fire,FM,OK,2011,2011-08-02T00:00:00.000Z,1,0,0,1,0,6.0,0,0.0,0.0,0.0,92199.11,15189.13,0.0,0.0,92199.11,0.0,0.0,0.0,0.0,0.0,0.0,0.0,0,0,0,0,0,0,0
2945,2011-08-04T00:00:00.000Z,Fire,FM,OK,2011,2011-08-04T00:00:00.000Z,1,0,0,1,0,6.0,0,0.0,0.0,0.0,132741.52,4602.23,0.0,0.0,132741.52,0.0,0.0,0.0,0.0,0.0,0.0,0.0,0,0,0,0,0,0,0
2946,2011-08-05T00:00:00.000Z,Fire,FM,OK,2011,2011-08-05T00:00:00.000Z,1,0,0,1,0,5.0,0,0.0,0.0,0.0,43282.66,12181.9,0.0,0.0,43282.66,0.0,0.0,0.0,0.0,0.0,0.0,0.0,0,0,0,0,0,0,0
2947,2011-08-07T00:00:00.000Z,Fire,FM,OK,2011,2011-08-07T00:00:00.000Z,2,0,0,1,0,6.0,0,0.0,0.0,0.0,411278.9,186835.89,0.0,0.0,411278.9,0.0,0.0,0.0,0.0,0.0,0.0,0.0,0,0,0,0,0,0,0
2948,2011-08-08T00:00:00.000Z,Fire,FM,OK,2011,2011-08-08T00:00:00.000Z,1,0,0,1,0,5.0,0,0.0,0.0,0.0,23933.32,2377.5,0.0,0.0,23933.32,0.0,0.0,0.0,0.0,0.0,0.0,0.0,0,0,0,0,0,0,0
2949,2011-08-15T00:00:00.000Z,Fire,FM,TX,2011,2011-08-15T00:00:00.000Z,1,0,0,1,0,6.0,1,0.0,0.0,0.0,400385.93,22216.58,0.0,0.0,400385.93,0.0,0.0,0.0,0.0,0.0,0.0,0.0,0,0,0,0,0,0,0
2950,2011-08-29T00:00:00.000Z,Fire,FM,MT,2011,2011-08-29T00:00:00.000Z,1,0,0,1,0,3.0,0,0.0,0.0,0.0,569418.42,0.0,0.0,0.0,569418.42,0.0,0.0,0.0,0.0,0.0,0.0,0.0,0,0,0,0,0,0,0
2951,2011-08-30T00:00:00.000Z,Fire,FM,OK,2011,2011-08-30T00:00:00.000Z,1,0,0,1,0,5.0,0,0.0,0.0,0.0,419338.96,44966.47,0.0,0.0,419338.96,0.0,0.0,0.0,0.0,0.0,0.0,0.0,0,0,0,0,0,0,0
2952,2011-08-30T00:00:00.000Z,Fire,FM,TX,2011,2011-08-30T00:00:00.000Z,1,0,0,1,0,32.0,0,0.0,0.0,0.0,3996374.6,63161.54,0.0,0.0,3996374.6,0.0,0.0,0.0,0.0,0.0,0.0,0.0,0,0,0,0,0,0,0
2953,2011-08-31T00:00:00.000Z,Fire,FM,OK,2011,2011-08-31T00:00:00.000Z,1,0,0,1,0,3.0,0,0.0,0.0,0.0,9616.73,0.0,0.0,0.0,9616.73,0.0,0.0,0.0,0.0,0.0,0.0,0.0,0,0,0,0,0,0,0
2954,2011-08-31T00:00:00.000Z,Fire,FM,OK,2011,2011-08-31T00:00:00.000Z,1,0,0,1,0,6.0,1,0.0,0.0,0.0,45660.78,33928.49,0.0,0.0,45660.78,0.0,0.0,0.0,0.0,0.0,0.0,0.0,0,0,0,0,0,0,0
2955,2011-09-02T00:00:00.000Z,Fire,FM,CA,2011,2011-09-02T00:00:00.000Z,1,0,0,1,0,3.0,0,0.0,0.0,0.0,960443.78,75032.98,0.0,0.0,960443.78,0.0,0.0,0.0,0.0,0.0,0.0,0.0,0,0,0,0,0,0,0
2956,2011-09-03T00:00:00.000Z,Fire,FM,OK,2011,2011-09-03T00:00:00.000Z,1,0,0,1,0,6.0,0,0.0,0.0,0.0,586405.18,539825.8,0.0,0.0,586405.18,0.0,0.0,0.0,0.0,0.0,0.0,0.0,0,0,0,0,0,0,0
2957,2011-09-04T00:00:00.000Z,Fire,FM,TX,2011,2011-09-04T00:00:00.000Z,1,0,0,1,0,6.0,1,0.0,0.0,0.0,23739.87,3820.06,0.0,0.0,23739.87,0.0,0.0,0.0,0.0,0.0,0.0,0.0,0,0,0,0,0,0,0
2958,2011-09-04T00:00:00.000Z,Fire,FM,TX,2011,2011-09-04T00:00:00.000Z,1,0,0,1,0,37.0,0,0.0,0.0,0.0,12571783.43,2575972.11,0.0,0.0,12571783.43,0.0,0.0,0.0,0.0,0.0,0.0,0.0,0,0,0,0,0,0,0
2959,2011-09-05T00:00:00.000Z,Fire,FM,TX,2011,2011-09-04T00:00:00.000Z,1,0,0,1,0,8.0,0,0.0,0.0,0.0,449229.15,50473.5,0.0,0.0,449229.15,0.0,0.0,0.0,0.0,0.0,0.0,0.0,0,0,0,0,0,0,0
2960,2011-09-05T00:00:00.000Z,Fire,FM,TX,2011,2011-09-04T00:00:00.000Z,1,0,0,1,0,5.0,0,0.0,0.0,0.0,237059.79,52948.55,0.0,0.0,237059.79,0.0,0.0,0.0,0.0,0.0,0.0,0.0,0,0,0,0,0,0,0
2961,2011-09-05T00:00:00.000Z,Fire,FM,CA,2011,2011-09-04T00:00:00.000Z,1,0,0,1,0,7.0,0,0.0,0.0,0.0,6590703.9,22575.1,0.0,0.0,6590703.9,0.0,0.0,0.0,0.0,0.0,0.0,0.0,0,0,0,0,0,0,0
2962,2011-09-06T00:00:00.000Z,Fire,FM,TX,2011,2011-09-05T00:00:00.000Z,1,0,0,1,0,3.0,0,0.0,0.0,0.0,18826.83,8444.8,0.0,0.0,18826.83,0.0,0.0,0.0,0.0,0.0,0.0,0.0,0,0,0,0,0,0,0
2963,2011-09-06T00:00:00.000Z,Fire,FM,TX,2011,2011-09-05T00:00:00.000Z,1,0,0,1,0,6.0,1,0.0,0.0,0.0,100774.9,30662.98,0.0,0.0,100774.9,0.0,0.0,0.0,0.0,0.0,0.0,0.0,0,0,0,0,0,0,0
2964,2011-09-06T00:00:00.000Z,Fire,FM,TX,2011,2011-09-05T00:00:00.000Z,3,0,0,1,0,27.0,0,0.0,0.0,0.0,5759781.29,1164056.83,0.0,0.0,5759781.29,0.0,0.0,0.0,0.0,0.0,0.0,0.0,0,0,0,0,0,0,0
2965,2011-09-06T00:00:00.000Z,Fire,FM,TX,2011,2011-09-04T00:00:00.000Z,2,0,0,1,0,50.0,0,0.0,0.0,0.0,3000795.51,169412.44,0.0,0.0,3000795.51,0.0,0.0,0.0,0.0,0.0,0.0,0.0,0,0,0,0,0,0,0
2966,2011-09-08T00:00:00.000Z,Fire,FM,WA,2011,2011-09-08T00:00:00.000Z,1,0,0,1,0,6.0,1,0.0,0.0,0.0,1392551.94,11252.71,0.0,0.0,1392551.94,0.0,0.0,0.0,0.0,0.0,0.0,0.0,0,0,0,0,0,0,0
2967,2011-09-08T00:00:00.000Z,Fire,FM,TX,2011,2011-09-08T00:00:00.000Z,1,0,0,1,0,6.0,1,0.0,0.0,0.0,32492.34,8065.59,0.0,0.0,32492.34,0.0,0.0,0.0,0.0,0.0,0.0,0.0,0,0,0,0,0,0,0
2968,2011-09-09T00:00:00.000Z,Fire,FM,TX,2011,2011-09-09T00:00:00.000Z,1,0,0,1,0,6.0,1,0.0,0.0,0.0,139425.9,10656.22,0.0,0.0,139425.9,0.0,0.0,0.0,0.0,0.0,0.0,0.0,0,0,0,0,0,0,0
2969,2011-09-10T00:00:00.000Z,Fire,FM,NV,2011,2011-09-10T00:00:00.000Z,1,0,0,1,0,1.0,0,0.0,0.0,0.0,79137.88,0.0,0.0,0.0,79137.88,0.0,0.0,0.0,0.0,0.0,0.0,0.0,0,0,0,0,0,0,0
2970,2011-09-11T00:00:00.000Z,Fire,FM,CA,2011,2011-09-10T00:00:00.000Z,1,0,0,1,0,6.0,1,0.0,0.0,0.0,2987859.48,13531.76,0.0,0.0,2987859.48,0.0,0.0,0.0,0.0,0.0,0.0,0.0,0,0,0,0,0,0,0
2971,2011-09-11T00:00:00.000Z,Fire,FM,CA,2011,2011-09-10T00:00:00.000Z,1,0,0,1,0,5.0,0,0.0,0.0,0.0,4853023.89,13618.18,0.0,0.0,4853023.89,0.0,0.0,0.0,0.0,0.0,0.0,0.0,0,0,0,0,0,0,0
2972,2011-10-03T00:00:00.000Z,Fire,FM,NV,2012,2011-10-03T00:00:00.000Z,1,0,0,1,0,3.0,0,0.0,0.0,0.0,427980.25,0.0,0.0,0.0,427980.25,0.0,0.0,0.0,0.0,0.0,0.0,0.0,0,0,0,0,0,0,0
2973,2011-11-18T00:00:00.000Z,Fire,FM,NV,2012,2011-11-18T00:00:00.000Z,1,0,0,1,0,3.0,0,0.0,0.0,0.0,785047.27,162385.01,0.0,0.0,785047.27,0.0,0.0,0.0,0.0,0.0,0.0,0.0,0,0,0,0,0,0,0
2974,2012-01-19T00:00:00.000Z,Fire,FM,NV,2012,2012-01-19T00:00:00.000Z,1,0,0,1,0,2.0,0,0.0,0.0,0.0,467902.26,113311.68,0.0,0.0,467902.26,0.0,0.0,0.0,0.0,0.0,0.0,0.0,0,0,0,0,0,0,0
2975,2012-03-26T00:00:00.000Z,Fire,FM,CO,2012,2012-03-26T00:00:00.000Z,1,0,0,1,0,7.0,0,0.0,0.0,0.0,0.0,0.0,0.0,0.0,0.0,0.0,0.0,0.0,0.0,0.0,0.0,0.0,0,0,0,0,0,0,0
2976,2012-04-30T00:00:00.000Z,Fire,FM,TX,2012,2012-04-24T00:00:00.000Z,1,0,0,1,0,17.0,0,0.0,0.0,0.0,2929255.77,37845.73,0.0,0.0,2929255.77,0.0,0.0,0.0,0.0,0.0,0.0,0.0,0,0,0,0,0,0,0
2977,2012-05-22T00:00:00.000Z,Fire,FM,NV,2012,2012-05-22T00:00:00.000Z,1,0,0,1,0,6.0,1,0.0,0.0,0.0,43502.24,0.0,0.0,0.0,43502.24,0.0,0.0,0.0,0.0,0.0,0.0,0.0,0,0,0,0,0,0,0
2978,2012-05-26T00:00:00.000Z,Fire,FM,NM,2012,2012-05-23T00:00:00.000Z,2,0,0,1,0,69.0,0,0.0,0.0,0.0,181857.97,139437.06,0.0,0.0,181857.97,0.0,0.0,0.0,0.0,0.0,0.0,0.0,0,0,0,0,0,0,0
2979,2012-06-09T00:00:00.000Z,Fire,FM,NM,2012,2012-06-04T00:00:00.000Z,1,0,0,1,0,56.0,0,0.0,0.0,0.0,3726826.58,87491.44,0.0,0.0,3726826.58,0.0,0.0,0.0,0.0,0.0,0.0,0.0,0,0,0,0,0,0,0
2980,2012-06-09T00:00:00.000Z,Fire,FM,CO,2012,2012-06-09T00:00:00.000Z,1,0,0,1,0,22.0,0,0.0,0.0,0.0,13205432.57,0.0,0.0,0.0,13205432.57,0.0,0.0,0.0,0.0,0.0,0.0,0.0,0,0,0,0,0,0,0
2981,2012-06-18T00:00:00.000Z,Fire,FM,NM,2012,2012-06-18T00:00:00.000Z,1,0,0,1,0,8.0,0,0.0,0.0,0.0,156228.72,0.0,0.0,0.0,156228.72,0.0,0.0,0.0,0.0,0.0,0.0,0.0,0,0,0,0,0,0,0
2982,2012-06-20T00:00:00.000Z,Fire,FM,NM,2012,2012-06-20T00:00:00.000Z,1,0,0,1,0,16.0,0,0.0,0.0,0.0,24924.14,0.0,0.0,0.0,24924.14,0.0,0.0,0.0,0.0,0.0,0.0,0.0,0,0,0,0,0,0,0
2983,2012-06-22T00:00:00.000Z,Fire,FM,UT,2012,2012-06-22T00:00:00.000Z,1,0,0,1,0,2.0,0,0.0,0.0,0.0,508394.62,60569.87,0.0,0.0,508394.62,0.0,0.0,0.0,0.0,0.0,0.0,0.0,0,0,0,0,0,0,0
2984,2012-06-24T00:00:00.000Z,Fire,FM,CO,2012,2012-06-23T00:00:00.000Z,1,0,0,1,0,15.0,0,0.0,0.0,0.0,5679187.27,0.0,0.0,0.0,5679187.27,0.0,0.0,0.0,0.0,0.0,0.0,0.0,0,0,0,0,0,0,0
2985,2012-06-24T00:00:00.000Z,Fire,FM,CO,2012,2012-06-23T00:00:00.000Z,1,0,0,1,0,13.0,0,0.0,0.0,0.0,505445.76,26580.05,0.0,0.0,505445.76,0.0,0.0,0.0,0.0,0.0,0.0,0.0,0,0,0,0,0,0,0
2986,2012-06-24T00:00:00.000Z,Fire,FM,UT,2012,2012-06-24T00:00:00.000Z,1,0,0,1,0,4.0,0,0.0,0.0,0.0,492227.39,492227.39,0.0,0.0,492227.39,0.0,0.0,0.0,0.0,0.0,0.0,0.0,0,0,0,0,0,0,0
2987,2012-06-26T00:00:00.000Z,Fire,FM,MT,2012,2012-06-25T00:00:00.000Z,1,0,0,1,0,4.0,0,0.0,0.0,0.0,825108.7,35427.48,0.0,0.0,825108.7,0.0,0.0,0.0,0.0,0.0,0.0,0.0,0,0,0,0,0,0,0
2988,2012-06-26T00:00:00.000Z,Fire,FM,MT,2012,2012-06-26T00:00:00.000Z,1,0,0,1,0,6.0,0,0.0,0.0,0.0,1997340.79,7113.24,0.0,0.0,1997340.79,0.0,0.0,0.0,0.0,0.0,0.0,0.0,0,0,0,0,0,0,0
2989,2012-06-27T00:00:00.000Z,Fire,FM,MT,2012,2012-06-25T00:00:00.000Z,2,0,0,1,0,11.0,0,0.0,0.0,0.0,1514966.12,0.0,0.0,0.0,1514966.12,0.0,0.0,0.0,0.0,0.0,0.0,0.0,0,0,0,0,0,0,0
2990,2012-06-27T00:00:00.000Z,Fire,FM,UT,2012,2012-06-27T00:00:00.000Z,1,0,0,1,0,10.0,0,0.0,0.0,0.0,983739.9,39962.12,0.0,0.0,983739.9,0.0,0.0,0.0,0.0,0.0,0.0,0.0,0,0,0,0,0,0,0
2991,2012-06-29T00:00:00.000Z,Fire,FM,UT,2012,2012-06-29T00:00:00.000Z,1,0,0,1,0,1.0,0,0.0,0.0,0.0,169360.98,7390.25,0.0,0.0,169360.98,0.0,0.0,0.0,0.0,0.0,0.0,0.0,0,0,0,0,0,0,0
2992,2012-06-29T00:00:00.000Z,Fire,FM,WY,2012,2012-06-29T00:00:00.000Z,3,0,0,1,0,10.0,0,0.0,0.0,0.0,2393137.14,0.0,0.0,0.0,2393137.14,0.0,0.0,0.0,0.0,0.0,0.0,0.0,0,0,0,0,0,0,0
2993,2012-07-02T00:00:00.000Z,Fire,FM,WY,2012,2012-07-01T00:00:00.000Z,1,0,0,1,0,6.0,0,0.0,0.0,0.0,9912.6,0.0,0.0,0.0,9912.6,0.0,0.0,0.0,0.0,0.0,0.0,0.0,0,0,0,0,0,0,0
2994,2012-07-02T00:00:00.000Z,Fire,FM,UT,2012,2012-07-02T00:00:00.000Z,1,0,0,1,0,7.0,0,0.0,0.0,0.0,373970.07,92347.01,0.0,0.0,373970.07,0.0,0.0,0.0,0.0,0.0,0.0,0.0,0,0,0,0,0,0,0
2995,2012-07-03T00:00:00.000Z,Fire,FM,WY,2012,2012-07-01T00:00:00.000Z,1,0,0,1,0,6.0,0,0.0,0.0,0.0,592294.84,0.0,0.0,0.0,592294.84,0.0,0.0,0.0,0.0,0.0,0.0,0.0,0,0,0,0,0,0,0
2996,2012-07-20T00:00:00.000Z,Fire,FM,SD,2012,2012-07-19T00:00:00.000Z,1,0,0,1,0,4.0,0,0.0,0.0,0.0,622320.74,0.0,0.0,0.0,622320.74,0.0,0.0,0.0,0.0,0.0,0.0,0.0,0,0,0,0,0,0,0
2997,2012-07-30T00:00:00.000Z,Fire,FM,OK,2012,2012-07-30T00:00:00.000Z,1,0,0,1,0,4.0,0,0.0,0.0,0.0,51448.94,4344.83,0.0,0.0,51448.94,0.0,0.0,0.0,0.0,0.0,0.0,0.0,0,0,0,0,0,0,0
2998,2012-08-03T00:00:00.000Z,Fire,FM,OK,2012,2012-08-03T00:00:00.000Z,1,0,0,1,0,4.0,0,0.0,0.0,0.0,113274.19,20098.21,0.0,0.0,113274.19,0.0,0.0,0.0,0.0,0.0,0.0,0.0,0,0,0,0,0,0,0
2999,2012-08-03T00:00:00.000Z,Fire,FM,OK,2012,2012-08-03T00:00:00.000Z,1,0,0,1,0,9.0,0,0.0,0.0,0.0,619731.97,303544.82,0.0,0.0,619731.97,0.0,0.0,0.0,0.0,0.0,0.0,0.0,0,0,0,0,0,0,0
3001,1974-07-22T00:00:00.000Z,Drought,EM,VI,1974,1974-07-22T00:00:00.000Z,2,0,0,1,0,0.0,0,0.0,0.0,0.0,0.0,0.0,0.0,0.0,0.0,0.0,0.0,0.0,0.0,0.0,0.0,0.0,0,0,0,0,0,0,0
3002,1974-08-29T00:00:00.000Z,Drought,EM,PR,1974,1974-08-29T00:00:00.000Z,24,0,0,1,0,0.0,0,0.0,0.0,0.0,0.0,0.0,0.0,0.0,0.0,0.0,0.0,0.0,0.0,0.0,0.0,0.0,0,0,0,0,0,0,0
3003,1974-09-14T00:00:00.000Z,Other,EM,AK,1974,1974-09-14T00:00:00.000Z,1,0,0,1,0,0.0,0,0.0,0.0,0.0,0.0,0.0,0.0,0.0,0.0,0.0,0.0,0.0,0.0,0.0,0.0,0.0,0,0,0,0,0,0,0
3004,1974-11-02T00:00:00.000Z,Flood,EM,NY,1975,1974-11-02T00:00:00.000Z,1,0,1,0,0,0.0,0,0.0,0.0,0.0,0.0,0.0,0.0,0.0,0.0,0.0,0.0,0.0,0.0,0.0,0.0,0.0,0,0,0,0,0,0,0
3005,1974-12-24T00:00:00.000Z,Coastal Storm,EM,NJ,1975,1974-12-24T00:00:00.000Z,1,0,0,1,0,0.0,0,0.0,0.0,0.0,0.0,0.0,0.0,0.0,0.0,0.0,0.0,0.0,0.0,0.0,0.0,0.0,0,0,0,0,0,0,0
3006,1975-01-18T00:00:00.000Z,Tornado,EM,MS,1975,1975-01-18T00:00:00.000Z,2,0,1,1,0,0.0,0,0.0,0.0,0.0,0.0,0.0,0.0,0.0,0.0,0.0,0.0,0.0,0.0,0.0,0.0,0.0,0,0,0,0,0,0,0
3007,1975-01-18T00:00:00.000Z,Tornado,EM,AL,1975,1975-01-18T00:00:00.000Z,5,0,1,1,0,0.0,0,0.0,0.0,0.0,0.0,0.0,0.0,0.0,0.0,0.0,0.0,0.0,0.0,0.0,0.0,0.0,0,0,0,0,0,0,0
3008,1975-03-14T00:00:00.000Z,Tornado,EM,GA,1975,1975-03-14T00:00:00.000Z,1,0,1,0,0,0.0,0,0.0,0.0,0.0,0.0,0.0,0.0,0.0,0.0,0.0,0.0,0.0,0.0,0.0,0.0,0.0,0,0,0,0,0,0,0
3009,1975-03-19T00:00:00.000Z,Other,EM,KY,1975,1975-03-19T00:00:00.000Z,1,0,1,0,0,0.0,0,0.0,0.0,0.0,0.0,0.0,0.0,0.0,0.0,0.0,0.0,0.0,0.0,0.0,0.0,0.0,0,0,0,0,0,0,0
3010,1975-04-04T00:00:00.000Z,Flood,EM,MS,1975,1975-04-04T00:00:00.000Z,5,0,1,0,0,0.0,0,0.0,0.0,0.0,0.0,0.0,0.0,0.0,0.0,0.0,0.0,0.0,0.0,0.0,0.0,0.0,0,0,0,0,0,0,0
3011,1975-04-12T00:00:00.000Z,Flood,EM,LA,1975,1975-04-12T00:00:00.000Z,7,0,1,0,0,0.0,0,0.0,0.0,0.0,0.0,0.0,0.0,0.0,0.0,0.0,0.0,0.0,0.0,0.0,0.0,0.0,0,0,0,0,0,0,0
3012,1976-04-13T00:00:00.000Z,Flood,EM,ND,1976,1976-04-13T00:00:00.000Z,1,0,1,0,0,0.0,0,0.0,0.0,0.0,0.0,0.0,0.0,0.0,0.0,0.0,0.0,0.0,0.0,0.0,0.0,0.0,0,0,0,0,0,0,0
3013,1976-06-17T00:00:00.000Z,Drought,EM,MN,1976,1976-06-17T00:00:00.000Z,78,0,0,1,0,0.0,0,0.0,0.0,0.0,0.0,0.0,0.0,0.0,0.0,0.0,0.0,0.0,0.0,0.0,0.0,0.0,0,0,0,0,0,0,0
3014,1976-06-17T00:00:00.000Z,Drought,EM,WI,1976,1976-06-17T00:00:00.000Z,66,0,0,1,0,0.0,0,0.0,0.0,0.0,0.0,0.0,0.0,0.0,0.0,0.0,0.0,0.0,0.0,0.0,0.0,0.0,0,0,0,0,0,0,0
3015,1976-06-17T00:00:00.000Z,Drought,EM,SD,1976,1976-06-17T00:00:00.000Z,62,0,0,1,0,0.0,0,0.0,0.0,0.0,0.0,0.0,0.0,0.0,0.0,0.0,0.0,0.0,0.0,0.0,0.0,0.0,0,0,0,0,0,0,0
3016,1976-07-21T00:00:00.000Z,Drought,EM,ND,1976,1976-07-21T00:00:00.000Z,18,0,0,1,0,0.0,0,0.0,0.0,0.0,0.0,0.0,0.0,0.0,0.0,0.0,0.0,0.0,0.0,0.0,0.0,0.0,0,0,0,0,0,0,0
3017,1976-09-24T00:00:00.000Z,Drought,EM,MO,1976,1976-09-24T00:00:00.000Z,94,0,0,1,0,0.0,0,0.0,0.0,0.0,0.0,0.0,0.0,0.0,0.0,0.0,0.0,0.0,0.0,0.0,0.0,0.0,0,0,0,0,0,0,0
3018,1976-10-15T00:00:00.000Z,Drought,EM,VA,1977,1976-10-15T00:00:00.000Z,38,0,0,1,0,0.0,0,0.0,0.0,0.0,0.0,0.0,0.0,0.0,0.0,0.0,0.0,0.0,0.0,0.0,0.0,0.0,0,0,0,0,0,0,0
3019,1976-12-03T00:00:00.000Z,Drought,EM,AR,1977,1976-12-03T00:00:00.000Z,32,0,0,1,0,0.0,0,0.0,0.0,0.0,0.0,0.0,0.0,0.0,0.0,0.0,0.0,0.0,0.0,0.0,0.0,0.0,0,0,0,0,0,0,0
3020,1977-01-18T00:00:00.000Z,Fire,EM,OK,1977,1977-01-18T00:00:00.000Z,1,0,1,0,0,0.0,0,0.0,0.0,0.0,0.0,0.0,0.0,0.0,0.0,0.0,0.0,0.0,0.0,0.0,0.0,0.0,0,0,0,0,0,0,0
3021,1977-01-19T00:00:00.000Z,Drought,EM,WV,1977,1977-01-19T00:00:00.000Z,12,0,0,1,0,0.0,0,0.0,0.0,0.0,0.0,0.0,0.0,0.0,0.0,0.0,0.0,0.0,0.0,0.0,0.0,0.0,0,0,0,0,0,0,0
3022,1977-01-18T00:00:00.000Z,Drought,EM,NE,1977,1977-01-18T00:00:00.000Z,2,0,0,1,0,0.0,0,0.0,0.0,0.0,0.0,0.0,0.0,0.0,0.0,0.0,0.0,0.0,0.0,0.0,0.0,0.0,0,0,0,0,0,0,0
3023,1977-01-20T00:00:00.000Z,Drought,EM,CA,1977,1977-01-20T00:00:00.000Z,47,0,0,1,0,0.0,0,0.0,0.0,0.0,0.0,0.0,0.0,0.0,0.0,0.0,0.0,0.0,0.0,0.0,0.0,0.0,0,0,0,0,0,0,0
3024,1977-01-20T00:00:00.000Z,Drought,EM,UT,1977,1977-01-20T00:00:00.000Z,27,0,0,1,0,0.0,0,0.0,0.0,0.0,0.0,0.0,0.0,0.0,0.0,0.0,0.0,0.0,0.0,0.0,0.0,0.0,0,0,0,0,0,0,0
3025,1977-01-29T00:00:00.000Z,Drought,EM,CO,1977,1977-01-29T00:00:00.000Z,42,0,0,1,0,0.0,0,0.0,0.0,0.0,0.0,0.0,0.0,0.0,0.0,0.0,0.0,0.0,0.0,0.0,0.0,0.0,0,0,0,0,0,0,0
3026,1977-01-29T00:00:00.000Z,Snowstorm,EM,PA,1977,1977-01-29T00:00:00.000Z,21,0,0,1,0,0.0,0,0.0,0.0,0.0,0.0,0.0,0.0,0.0,0.0,0.0,0.0,0.0,0.0,0.0,0.0,0.0,0,0,0,0,0,0,0
3027,1977-01-29T00:00:00.000Z,Snowstorm,EM,NY,1977,1977-01-29T00:00:00.000Z,9,0,1,1,0,0.0,0,0.0,0.0,0.0,0.0,0.0,0.0,0.0,0.0,0.0,0.0,0.0,0.0,0.0,0.0,0.0,0,0,0,0,0,0,0
3028,1977-02-02T00:00:00.000Z,Snowstorm,EM,IN,1977,1977-02-02T00:00:00.000Z,40,0,0,1,0,0.0,0,0.0,0.0,0.0,0.0,0.0,0.0,0.0,0.0,0.0,0.0,0.0,0.0,0.0,0.0,0.0,0,0,0,0,0,0,0
3029,1977-02-02T00:00:00.000Z,Snowstorm,EM,OH,1977,1977-02-02T00:00:00.000Z,47,0,0,1,0,0.0,0,0.0,0.0,0.0,0.0,0.0,0.0,0.0,0.0,0.0,0.0,0.0,0.0,0.0,0.0,0.0,0,0,0,0,0,0,0
3030,1977-02-05T00:00:00.000Z,Snowstorm,EM,MI,1977,1977-02-05T00:00:00.000Z,12,0,0,1,0,0.0,0,0.0,0.0,0.0,0.0,0.0,0.0,0.0,0.0,0.0,0.0,0.0,0.0,0.0,0.0,0.0,0,0,0,0,0,0,0
3031,1977-02-22T00:00:00.000Z,Snowstorm,EM,LA,1977,1977-02-22T00:00:00.000Z,34,0,0,1,0,0.0,0,0.0,0.0,0.0,0.0,0.0,0.0,0.0,0.0,0.0,0.0,0.0,0.0,0.0,0.0,0.0,0,0,0,0,0,0,0
3032,1977-02-22T00:00:00.000Z,Snowstorm,EM,MS,1977,1977-02-22T00:00:00.000Z,72,0,0,1,0,0.0,0,0.0,0.0,0.0,0.0,0.0,0.0,0.0,0.0,0.0,0.0,0.0,0.0,0.0,0.0,0.0,0,0,0,0,0,0,0
3033,1977-03-02T00:00:00.000Z,Snowstorm,EM,NC,1977,1977-03-02T00:00:00.000Z,30,0,0,1,0,0.0,0,0.0,0.0,0.0,0.0,0.0,0.0,0.0,0.0,0.0,0.0,0.0,0.0,0.0,0.0,0.0,0,0,0,0,0,0,0
3034,1977-03-02T00:00:00.000Z,Drought,EM,NM,1977,1977-03-02T00:00:00.000Z,8,0,0,1,0,0.0,0,0.0,0.0,0.0,0.0,0.0,0.0,0.0,0.0,0.0,0.0,0.0,0.0,0.0,0.0,0.0,0,0,0,0,0,0,0
3035,1977-03-02T00:00:00.000Z,Drought,EM,MI,1977,1977-03-02T00:00:00.000Z,44,0,0,1,0,0.0,0,0.0,0.0,0.0,0.0,0.0,0.0,0.0,0.0,0.0,0.0,0.0,0.0,0.0,0.0,0.0,0,0,0,0,0,0,0
3036,1977-03-31T00:00:00.000Z,Drought,EM,IA,1977,1977-03-31T00:00:00.000Z,3,0,0,1,0,0.0,0,0.0,0.0,0.0,0.0,0.0,0.0,0.0,0.0,0.0,0.0,0.0,0.0,0.0,0.0,0.0,0,0,0,0,0,0,0
3037,1977-03-31T00:00:00.000Z,Drought,EM,WA,1977,1977-03-31T00:00:00.000Z,16,0,0,1,0,0.0,0,0.0,0.0,0.0,0.0,0.0,0.0,0.0,0.0,0.0,0.0,0.0,0.0,0.0,0.0,0.0,0,0,0,0,0,0,0
3038,1977-04-15T00:00:00.000Z,Drought,EM,AZ,1977,1977-04-15T00:00:00.000Z,8,0,0,1,0,0.0,0,0.0,0.0,0.0,0.0,0.0,0.0,0.0,0.0,0.0,0.0,0.0,0.0,0.0,0.0,0.0,0,0,0,0,0,0,0
3039,1977-04-29T00:00:00.000Z,Drought,EM,OR,1977,1977-04-29T00:00:00.000Z,19,0,0,1,0,0.0,0,0.0,0.0,0.0,0.0,0.0,0.0,0.0,0.0,0.0,0.0,0.0,0.0,0.0,0.0,0.0,0,0,0,0,0,0,0
3040,1977-05-05T00:00:00.000Z,Drought,EM,ID,1977,1977-05-05T00:00:00.000Z,9,0,0,1,0,0.0,0,0.0,0.0,0.0,0.0,0.0,0.0,0.0,0.0,0.0,0.0,0.0,0.0,0.0,0.0,0.0,0,0,0,0,0,0,0
3041,1977-06-11T00:00:00.000Z,Drought,EM,NV,1977,1977-06-11T00:00:00.000Z,5,0,0,1,0,0.0,0,0.0,0.0,0.0,0.0,0.0,0.0,0.0,0.0,0.0,0.0,0.0,0.0,0.0,0.0,0.0,0,0,0,0,0,0,0
3042,1977-06-14T00:00:00.000Z,Drought,EM,VI,1977,1977-06-14T00:00:00.000Z,3,0,0,1,0,0.0,0,0.0,0.0,0.0,0.0,0.0,0.0,0.0,0.0,0.0,0.0,0.0,0.0,0.0,0.0,0.0,0,0,0,0,0,0,0
3043,1977-06-15T00:00:00.000Z,Drought,EM,WY,1977,1977-06-15T00:00:00.000Z,4,0,0,1,0,0.0,0,0.0,0.0,0.0,0.0,0.0,0.0,0.0,0.0,0.0,0.0,0.0,0.0,0.0,0.0,0.0,0,0,0,0,0,0,0
3044,1977-07-20T00:00:00.000Z,Drought,EM,GA,1977,1977-07-20T00:00:00.000Z,144,0,0,1,0,0.0,0,0.0,0.0,0.0,0.0,0.0,0.0,0.0,0.0,0.0,0.0,0.0,0.0,0.0,0.0,0.0,0,0,0,0,0,0,0
3045,1977-07-20T00:00:00.000Z,Drought,EM,AL,1977,1977-07-20T00:00:00.000Z,67,0,0,1,0,0.0,0,0.0,0.0,0.0,0.0,0.0,0.0,0.0,0.0,0.0,0.0,0.0,0.0,0.0,0.0,0.0,0,0,0,0,0,0,0
3046,1977-07-23T00:00:00.000Z,Drought,EM,VA,1977,1977-07-23T00:00:00.000Z,62,0,0,1,0,0.0,0,0.0,0.0,0.0,0.0,0.0,0.0,0.0,0.0,0.0,0.0,0.0,0.0,0.0,0.0,0.0,0,0,0,0,0,0,0
3047,1977-08-04T00:00:00.000Z,Drought,EM,SC,1977,1977-08-04T00:00:00.000Z,31,0,0,1,0,0.0,0,0.0,0.0,0.0,0.0,0.0,0.0,0.0,0.0,0.0,0.0,0.0,0.0,0.0,0.0,0.0,0,0,0,0,0,0,0
3048,1977-10-03T00:00:00.000Z,Severe Storm,EM,WI,1978,1977-08-05T00:00:00.000Z,10,0,0,1,0,0.0,0,0.0,0.0,0.0,0.0,0.0,0.0,0.0,0.0,0.0,0.0,0.0,0.0,0.0,0.0,0.0,0,0,0,0,0,0,0
3049,1977-08-11T00:00:00.000Z,Drought,EM,NC,1977,1977-08-11T00:00:00.000Z,49,0,0,1,0,0.0,0,0.0,0.0,0.0,0.0,0.0,0.0,0.0,0.0,0.0,0.0,0.0,0.0,0.0,0.0,0.0,0,0,0,0,0,0,0
3050,1977-08-22T00:00:00.000Z,Drought,EM,MT,1977,1977-08-22T00:00:00.000Z,6,0,0,1,0,0.0,0,0.0,0.0,0.0,0.0,0.0,0.0,0.0,0.0,0.0,0.0,0.0,0.0,0.0,0.0,0.0,0,0,0,0,0,0,0
3051,1977-08-24T00:00:00.000Z,Drought,EM,WV,1977,1977-08-24T00:00:00.000Z,9,0,0,1,0,0.0,0,0.0,0.0,0.0,0.0,0.0,0.0,0.0,0.0,0.0,0.0,0.0,0.0,0.0,0.0,0.0,0,0,0,0,0,0,0
3052,1977-08-24T00:00:00.000Z,Flood,EM,WV,1977,1977-08-24T00:00:00.000Z,3,0,1,0,0,0.0,0,0.0,0.0,0.0,0.0,0.0,0.0,0.0,0.0,0.0,0.0,0.0,0.0,0.0,0.0,0.0,0,0,0,0,0,0,0
3053,1977-09-06T00:00:00.000Z,Drought,EM,VT,1977,1977-09-06T00:00:00.000Z,1,0,0,1,0,0.0,0,0.0,0.0,0.0,0.0,0.0,0.0,0.0,0.0,0.0,0.0,0.0,0.0,0.0,0.0,0.0,0,0,0,0,0,0,0
3054,1978-01-20T00:00:00.000Z,Tornado,EM,AR,1978,1978-01-20T00:00:00.000Z,3,0,1,0,0,0.0,0,0.0,0.0,0.0,0.0,0.0,0.0,0.0,0.0,0.0,0.0,0.0,0.0,0.0,0.0,0.0,0,0,0,0,0,0,0
3055,1978-01-26T00:00:00.000Z,Snowstorm,EM,OH,1978,1978-01-26T00:00:00.000Z,88,0,0,1,0,0.0,0,0.0,0.0,0.0,0.0,0.0,0.0,0.0,0.0,0.0,0.0,0.0,0.0,0.0,0.0,0.0,0,0,0,0,0,0,0
3056,1978-01-27T00:00:00.000Z,Snowstorm,EM,IN,1978,1978-01-27T00:00:00.000Z,1,0,0,1,0,0.0,0,0.0,0.0,0.0,0.0,0.0,0.0,0.0,0.0,0.0,0.0,0.0,0.0,0.0,0.0,0.0,0,0,0,0,0,0,0
3057,1978-01-27T00:00:00.000Z,Snowstorm,EM,MI,1978,1978-01-27T00:00:00.000Z,83,0,0,1,0,0.0,0,0.0,0.0,0.0,0.0,0.0,0.0,0.0,0.0,0.0,0.0,0.0,0.0,0.0,0.0,0.0,0,0,0,0,0,0,0
3058,1978-02-07T00:00:00.000Z,Snowstorm,EM,RI,1978,1978-02-07T00:00:00.000Z,5,0,0,1,0,0.0,0,0.0,0.0,0.0,0.0,0.0,0.0,0.0,0.0,0.0,0.0,0.0,0.0,0.0,0.0,0.0,0,0,0,0,0,0,0
3059,1978-02-07T00:00:00.000Z,Snowstorm,EM,MA,1978,1978-02-07T00:00:00.000Z,1,0,0,1,0,0.0,0,0.0,0.0,0.0,0.0,0.0,0.0,0.0,0.0,0.0,0.0,0.0,0.0,0.0,0.0,0.0,0,0,0,0,0,0,0
3060,1978-02-07T00:00:00.000Z,Snowstorm,EM,CT,1978,1978-02-07T00:00:00.000Z,8,0,0,1,0,0.0,0,0.0,0.0,0.0,0.0,0.0,0.0,0.0,0.0,0.0,0.0,0.0,0.0,0.0,0.0,0.0,0,0,0,0,0,0,0
3061,1978-02-16T00:00:00.000Z,Snowstorm,EM,ND,1978,1978-02-16T00:00:00.000Z,9,0,0,1,0,0.0,0,0.0,0.0,0.0,0.0,0.0,0.0,0.0,0.0,0.0,0.0,0.0,0.0,0.0,0.0,0.0,0,0,0,0,0,0,0
3062,1978-04-22T00:00:00.000Z,Tornado,EM,AR,1978,1978-04-22T00:00:00.000Z,1,0,1,1,0,0.0,0,0.0,0.0,0.0,0.0,0.0,0.0,0.0,0.0,0.0,0.0,0.0,0.0,0.0,0.0,0.0,0,0,0,0,0,0,0
3063,1978-04-24T00:00:00.000Z,Tornado,EM,MS,1978,1978-04-24T00:00:00.000Z,15,0,1,0,0,0.0,0,0.0,0.0,0.0,0.0,0.0,0.0,0.0,0.0,0.0,0.0,0.0,0.0,0.0,0.0,0.0,0,0,0,0,0,0,0
3064,1978-04-24T00:00:00.000Z,Tornado,EM,AL,1978,1978-04-24T00:00:00.000Z,2,0,1,0,0,0.0,0,0.0,0.0,0.0,0.0,0.0,0.0,0.0,0.0,0.0,0.0,0.0,0.0,0.0,0.0,0.0,0,0,0,0,0,0,0
3065,1978-07-07T00:00:00.000Z,Tornado,EM,ND,1978,1978-07-07T00:00:00.000Z,1,0,1,1,0,0.0,0,0.0,0.0,0.0,0.0,0.0,0.0,0.0,0.0,0.0,0.0,0.0,0.0,0.0,0.0,0.0,0,0,0,0,0,0,0
3066,1978-08-07T00:00:00.000Z,Toxic Substances,EM,NY,1978,1978-08-07T00:00:00.000Z,1,0,0,1,0,0.0,0,0.0,0.0,0.0,0.0,0.0,0.0,0.0,0.0,0.0,0.0,0.0,0.0,0.0,0.0,0.0,0,0,0,0,0,0,0
3067,1978-10-29T00:00:00.000Z,Fire,EM,CA,1979,1978-10-29T00:00:00.000Z,1,0,1,0,0,0.0,0,0.0,0.0,0.0,0.0,0.0,0.0,0.0,0.0,0.0,0.0,0.0,0.0,0.0,0.0,0.0,0,0,0,0,0,0,0
3068,1979-01-16T00:00:00.000Z,Snowstorm,EM,IL,1979,1979-01-16T00:00:00.000Z,24,0,0,1,0,0.0,0,0.0,0.0,0.0,0.0,0.0,0.0,0.0,0.0,0.0,0.0,0.0,0.0,0.0,0.0,0.0,0,0,0,0,0,0,0
3069,1979-01-19T00:00:00.000Z,Snowstorm,EM,WI,1979,1979-01-19T00:00:00.000Z,3,0,0,1,0,0.0,0,0.0,0.0,0.0,0.0,0.0,0.0,0.0,0.0,0.0,0.0,0.0,0.0,0.0,0.0,0.0,0,0,0,0,0,0,0
3070,1979-03-12T00:00:00.000Z,Flood,EM,WA,1979,1979-03-12T00:00:00.000Z,1,0,1,0,0,0.0,0,0.0,0.0,0.0,0.0,0.0,0.0,0.0,0.0,0.0,0.0,0.0,0.0,0.0,0.0,0.0,0,0,0,0,0,0,0
3071,1979-03-12T00:00:00.000Z,Flood,EM,MO,1979,1979-03-12T00:00:00.000Z,2,0,1,0,0,0.0,0,0.0,0.0,0.0,0.0,0.0,0.0,0.0,0.0,0.0,0.0,0.0,0.0,0.0,0.0,0.0,0,0,0,0,0,0,0
3072,1979-03-13T00:00:00.000Z,Flood,EM,GA,1979,1979-03-13T00:00:00.000Z,3,0,1,0,0,0.0,0,0.0,0.0,0.0,0.0,0.0,0.0,0.0,0.0,0.0,0.0,0.0,0.0,0.0,0.0,0.0,0,0,0,0,0,0,0
3073,1979-03-15T00:00:00.000Z,Flood,EM,NH,1979,1979-03-15T00:00:00.000Z,1,0,1,0,0,0.0,0,0.0,0.0,0.0,0.0,0.0,0.0,0.0,0.0,0.0,0.0,0.0,0.0,0.0,0.0,0.0,0,0,0,0,0,0,0
3074,1979-03-17T00:00:00.000Z,Flood,EM,AL,1979,1979-03-17T00:00:00.000Z,9,0,0,1,0,0.0,0,0.0,0.0,0.0,0.0,0.0,0.0,0.0,0.0,0.0,0.0,0.0,0.0,0.0,0.0,0.0,0,0,0,0,0,0,0
3075,1979-03-24T00:00:00.000Z,Flood,EM,FL,1979,1979-03-24T00:00:00.000Z,2,0,1,1,0,0.0,0,0.0,0.0,0.0,0.0,0.0,0.0,0.0,0.0,0.0,0.0,0.0,0.0,0.0,0.0,0.0,0,0,0,0,0,0,0
3076,1979-04-06T00:00:00.000Z,Tornado,EM,IA,1979,1979-04-06T00:00:00.000Z,5,0,1,0,0,0.0,0,0.0,0.0,0.0,0.0,0.0,0.0,0.0,0.0,0.0,0.0,0.0,0.0,0.0,0.0,0.0,0,0,0,0,0,0,0
3077,1979-04-14T00:00:00.000Z,Severe Storm,EM,MS,1979,1979-04-14T00:00:00.000Z,5,0,1,1,0,0.0,0,0.0,0.0,0.0,0.0,0.0,0.0,0.0,0.0,0.0,0.0,0.0,0.0,0.0,0.0,0.0,0,0,0,0,0,0,0
3078,1980-02-01T00:00:00.000Z,Coastal Storm,EM,CA,1980,1980-02-01T00:00:00.000Z,3,0,0,1,0,0.0,0,0.0,0.0,0.0,0.0,0.0,0.0,0.0,0.0,0.0,0.0,0.0,0.0,0.0,0.0,0.0,0,0,0,0,0,0,0
3079,1980-05-06T00:00:00.000Z,Human Cause,EM,FL,1980,1980-05-06T00:00:00.000Z,4,0,0,1,0,0.0,0,0.0,0.0,0.0,0.0,0.0,0.0,0.0,0.0,0.0,0.0,0.0,0.0,0.0,0.0,0.0,0,0,0,0,0,0,0
3080,1980-05-21T00:00:00.000Z,Toxic Substances,EM,NY,1980,1980-05-21T00:00:00.000Z,1,0,0,1,0,0.0,0,0.0,0.0,0.0,131270.0,131270.0,0.0,0.0,131270.0,0.0,0.0,0.0,0.0,0.0,0.0,0.0,0,0,0,0,0,0,0
3081,1980-06-13T00:00:00.000Z,Tornado,EM,PA,1980,1980-06-13T00:00:00.000Z,4,0,1,0,0,0.0,0,0.0,0.0,0.0,0.0,0.0,0.0,0.0,0.0,0.0,0.0,0.0,0.0,0.0,0.0,0.0,0,0,0,0,0,0,0
3082,1980-09-20T00:00:00.000Z,Fishing Losses,EM,ME,1980,1980-09-20T00:00:00.000Z,8,0,1,0,0,0.0,0,0.0,0.0,0.0,0.0,0.0,0.0,0.0,0.0,0.0,0.0,0.0,0.0,0.0,0.0,0.0,0,0,0,0,0,0,0
3083,1980-10-19T00:00:00.000Z,Drought,EM,NJ,1981,1980-10-19T00:00:00.000Z,21,0,0,1,0,0.0,0,0.0,0.0,0.0,0.0,0.0,0.0,0.0,0.0,0.0,0.0,0.0,0.0,0.0,0.0,0.0,0,0,0,0,0,0,0
3084,1982-04-10T00:00:00.000Z,Tornado,EM,MS,1982,1982-04-10T00:00:00.000Z,3,0,1,0,0,0.0,0,0.0,0.0,0.0,0.0,0.0,0.0,0.0,0.0,0.0,0.0,0.0,0.0,0.0,0.0,0.0,0,0,0,0,0,0,0
3085,1982-04-23T00:00:00.000Z,Tornado,EM,AR,1982,1982-04-23T00:00:00.000Z,12,0,1,0,0,0.0,0,0.0,0.0,0.0,0.0,0.0,0.0,0.0,0.0,0.0,0.0,0.0,0.0,0.0,0.0,0.0,0,0,0,0,0,0,0
3086,1982-08-19T00:00:00.000Z,Flood,EM,WA,1982,1982-08-19T00:00:00.000Z,1,0,0,1,0,0.0,0,0.0,0.0,0.0,0.0,0.0,0.0,0.0,0.0,0.0,0.0,0.0,0.0,0.0,0.0,0.0,0,0,0,0,0,0,0
3087,1983-12-21T00:00:00.000Z,Flood,EM,MS,1984,1983-12-21T00:00:00.000Z,1,0,1,0,0,0.0,0,0.0,0.0,0.0,0.0,0.0,0.0,0.0,0.0,0.0,0.0,0.0,0.0,0.0,0.0,0.0,0,0,0,0,0,0,0
3088,1984-05-11T00:00:00.000Z,Tornado,EM,AL,1984,1984-05-11T00:00:00.000Z,4,0,1,0,0,0.0,0,0.0,0.0,0.0,0.0,0.0,0.0,0.0,0.0,0.0,0.0,0.0,0.0,0.0,0.0,0.0,0,0,0,0,0,0,0
3089,1984-05-11T00:00:00.000Z,Tornado,EM,GA,1984,1984-05-11T00:00:00.000Z,6,0,1,0,0,0.0,0,0.0,0.0,0.0,0.0,0.0,0.0,0.0,0.0,0.0,0.0,0.0,0.0,0.0,0.0,0.0,0,0,0,0,0,0,0
3090,1984-05-15T00:00:00.000Z,Tornado,EM,LA,1984,1984-05-15T00:00:00.000Z,1,0,1,0,0,0.0,0,0.0,0.0,0.0,0.0,0.0,0.0,0.0,0.0,0.0,0.0,0.0,0.0,0.0,0.0,0.0,0,0,0,0,0,0,0
3091,1984-07-10T00:00:00.000Z,Flood,EM,WI,1984,1984-07-10T00:00:00.000Z,3,0,0,1,0,0.0,0,0.0,0.0,0.0,0.0,0.0,0.0,0.0,0.0,0.0,0.0,0.0,0.0,0.0,0.0,0.0,0,0,0,0,0,0,0
3092,1987-09-04T00:00:00.000Z,Toxic Substances,EM,WY,1987,1987-02-10T00:00:00.000Z,1,0,1,0,0,0.0,0,0.0,0.0,0.0,0.0,0.0,0.0,0.0,0.0,0.0,0.0,0.0,0.0,0.0,0.0,0.0,0,0,0,0,0,0,0
3093,1992-05-20T00:00:00.000Z,Drought,EM,FM,1992,1992-03-20T00:00:00.000Z,2,0,1,1,0,0.0,0,0.0,0.0,0.0,0.0,0.0,0.0,0.0,0.0,0.0,0.0,0.0,0.0,0.0,0.0,0.0,0,0,0,0,0,0,0
3094,1992-09-16T00:00:00.000Z,Toxic Substances,EM,RI,1992,1992-08-03T00:00:00.000Z,2,0,0,1,0,109.0,0,0.0,0.0,0.0,1970893.81,1970893.81,0.0,0.0,1970893.81,0.0,0.0,0.0,0.0,0.0,0.0,0.0,0,0,0,0,0,0,0
3095,1993-03-14T00:00:00.000Z,Snowstorm,EM,TN,1993,1993-03-13T00:00:00.000Z,57,0,0,1,0,4.0,0,0.0,0.0,0.0,14177728.92,14180823.92,-3095.0,0.0,14177728.92,0.0,0.0,0.0,0.0,0.0,0.0,0.0,0,0,0,0,0,0,0
3096,1993-03-15T00:00:00.000Z,Snowstorm,EM,AL,1993,1993-03-13T00:00:00.000Z,67,0,0,1,0,4.0,0,0.0,0.0,0.0,14603949.57,14603949.57,0.0,0.0,14603949.57,0.0,0.0,0.0,0.0,0.0,0.0,0.0,0,0,0,0,0,0,0
3097,1993-03-15T00:00:00.000Z,Snowstorm,EM,GA,1993,1993-03-13T00:00:00.000Z,93,0,0,1,0,4.0,0,0.0,0.0,0.0,20174330.8,20180369.86,-6039.06,0.0,20174330.8,0.0,0.0,0.0,0.0,0.0,0.0,0.0,0,0,0,0,0,0,0
3098,1993-03-16T00:00:00.000Z,Snowstorm,EM,CT,1993,1993-03-13T00:00:00.000Z,8,0,0,1,0,4.0,0,0.0,0.0,0.0,0.0,0.0,0.0,0.0,0.0,0.0,0.0,0.0,0.0,0.0,0.0,0.0,0,0,0,0,0,0,0
3099,1993-03-15T00:00:00.000Z,Snowstorm,EM,ME,1993,1993-03-13T00:00:00.000Z,16,0,0,1,0,4.0,0,0.0,0.0,0.0,549567.42,549567.42,0.0,0.0,549567.42,0.0,0.0,0.0,0.0,0.0,0.0,0.0,0,0,0,0,0,0,0
3100,1993-03-16T00:00:00.000Z,Snowstorm,EM,MD,1993,1993-03-13T00:00:00.000Z,24,0,0,1,0,4.0,0,0.0,0.0,0.0,8445699.69,8406205.94,39493.75,0.0,8445699.69,0.0,0.0,0.0,0.0,0.0,0.0,0.0,0,0,0,0,0,0,0
3101,1993-03-16T00:00:00.000Z,Snowstorm,EM,NH,1993,1993-03-13T00:00:00.000Z,10,0,0,1,0,4.0,0,0.0,0.0,0.0,644399.12,644399.12,0.0,0.0,644399.12,0.0,0.0,0.0,0.0,0.0,0.0,0.0,0,0,0,0,0,0,0
3102,1993-03-16T00:00:00.000Z,Snowstorm,EM,RI,1993,1993-03-13T00:00:00.000Z,5,0,0,1,0,4.0,0,0.0,0.0,0.0,167848.74,167848.74,0.0,0.0,167848.74,0.0,0.0,0.0,0.0,0.0,0.0,0.0,0,0,0,0,0,0,0
3103,1993-03-16T00:00:00.000Z,Snowstorm,EM,MA,1993,1993-03-13T00:00:00.000Z,14,0,0,1,0,4.0,0,0.0,0.0,0.0,1314587.71,1314359.71,163.0,0.0,1314587.71,0.0,0.0,0.0,0.0,0.0,0.0,0.0,0,0,0,0,0,0,0
3104,1993-03-16T00:00:00.000Z,Snowstorm,EM,KY,1993,1993-03-13T00:00:00.000Z,73,0,0,1,0,4.0,0,0.0,0.0,0.0,1808308.18,1808308.18,0.0,0.0,1808308.18,0.0,0.0,0.0,0.0,0.0,0.0,0.0,0,0,0,0,0,0,0
3105,1993-03-16T00:00:00.000Z,Snowstorm,EM,PA,1993,1993-03-13T00:00:00.000Z,67,0,0,1,0,4.0,0,0.0,0.0,0.0,24877863.19,24776249.46,101613.73,0.0,24877863.19,0.0,0.0,0.0,0.0,0.0,0.0,0.0,0,0,0,0,0,0,0
3106,1993-03-17T00:00:00.000Z,Snowstorm,EM,NJ,1993,1993-03-13T00:00:00.000Z,21,0,0,1,0,4.0,0,0.0,0.0,0.0,1863094.36,1863094.36,0.0,0.0,1863094.36,0.0,0.0,0.0,0.0,0.0,0.0,0.0,0,0,0,0,0,0,0
3107,1993-03-17T00:00:00.000Z,Snowstorm,EM,NY,1993,1993-03-13T00:00:00.000Z,62,0,0,1,0,4.0,0,0.0,0.0,0.0,11978567.7,11938317.8,40249.9,0.0,11978567.7,0.0,0.0,0.0,0.0,0.0,0.0,0.0,0,0,0,0,0,0,0
3108,1993-03-17T00:00:00.000Z,Snowstorm,EM,DC,1993,1993-03-13T00:00:00.000Z,1,0,0,1,0,4.0,0,0.0,0.0,0.0,498136.8,498136.8,0.0,0.0,498136.8,0.0,0.0,0.0,0.0,0.0,0.0,0.0,0,0,0,0,0,0,0
3109,1993-03-17T00:00:00.000Z,Snowstorm,EM,WV,1993,1993-03-13T00:00:00.000Z,55,0,0,1,0,4.0,0,0.0,0.0,0.0,5541924.38,5534868.12,7056.26,0.0,5541924.38,0.0,0.0,0.0,0.0,0.0,0.0,0.0,0,0,0,0,0,0,0
3110,1993-03-17T00:00:00.000Z,Snowstorm,EM,NC,1993,1993-03-13T00:00:00.000Z,59,0,0,1,0,4.0,0,0.0,0.0,0.0,14521628.76,14521628.76,0.0,0.0,14521628.76,0.0,0.0,0.0,0.0,0.0,0.0,0.0,0,0,0,0,0,0,0
3111,1993-03-18T00:00:00.000Z,Snowstorm,EM,DE,1993,1993-03-13T00:00:00.000Z,3,0,0,1,0,4.0,0,0.0,0.0,0.0,622261.07,622261.07,0.0,0.0,622261.07,0.0,0.0,0.0,0.0,0.0,0.0,0.0,0,0,0,0,0,0,0
3112,1993-03-25T00:00:00.000Z,Snowstorm,EM,VA,1993,1993-03-13T00:00:00.000Z,136,0,0,1,0,1.0,0,0.0,0.0,0.0,5664851.19,5641754.36,23096.83,0.0,5664851.19,0.0,0.0,0.0,0.0,0.0,0.0,0.0,0,0,0,0,0,0,0
3113,1993-09-10T00:00:00.000Z,Drought,EM,TX,1993,1993-08-30T00:00:00.000Z,149,0,0,1,0,77.0,0,0.0,0.0,0.0,0.0,0.0,0.0,0.0,0.0,0.0,0.0,0.0,0.0,0.0,0.0,0.0,0,0,0,0,0,0,0
3114,1994-07-08T00:00:00.000Z,Flood,EM,FL,1994,1994-07-02T00:00:00.000Z,14,0,0,1,0,27.0,0,0.0,0.0,0.0,2682126.7,2682126.7,0.0,0.0,2682126.7,0.0,0.0,0.0,0.0,0.0,0.0,0.0,0,0,0,0,0,0,0
3115,1995-04-19T00:00:00.000Z,Human Cause,EM,OK,1995,1995-04-19T00:00:00.000Z,1,0,0,1,0,0.0,0,0.0,0.0,0.0,4293680.63,4261945.83,31734.8,0.0,4293680.63,0.0,0.0,0.0,0.0,0.0,0.0,0.0,0,0,0,0,0,0,0
3116,1995-08-03T00:00:00.000Z,Hurricane,EM,FL,1995,1995-08-02T00:00:00.000Z,1,0,0,1,0,1.0,0,0.0,0.0,0.0,4403306.05,4403306.05,0.0,0.0,4403306.05,0.0,0.0,0.0,0.0,0.0,0.0,0.0,0,0,0,0,0,0,0
3117,1996-02-23T00:00:00.000Z,Fire,EM,TX,1996,1996-02-23T00:00:00.000Z,50,0,0,1,0,209.0,0,0.0,0.0,0.0,4478262.25,4478262.25,0.0,0.0,4478262.25,0.0,0.0,0.0,0.0,0.0,0.0,0.0,0,0,0,0,0,0,0
3118,1996-02-27T00:00:00.000Z,Fire,EM,OK,1996,1996-02-27T00:00:00.000Z,7,0,0,1,0,94.0,0,0.0,0.0,0.0,728068.5,715047.0,13021.5,0.0,728068.5,0.0,0.0,0.0,0.0,0.0,0.0,0.0,0,0,0,0,0,0,0
3119,1996-10-23T00:00:00.000Z,Flood,EM,MA,1997,1996-10-20T00:00:00.000Z,5,0,1,1,0,5.0,0,0.0,0.0,0.0,0.0,0.0,0.0,0.0,0.0,0.0,0.0,0.0,0.0,0.0,0.0,0.0,0,0,0,0,0,0,0
3120,1996-10-23T00:00:00.000Z,Fire,EM,CA,1997,1996-10-21T00:00:00.000Z,4,0,1,1,0,10.0,0,0.0,0.0,0.0,9910572.12,9659300.12,251272.0,0.0,9910572.12,0.0,0.0,0.0,0.0,0.0,0.0,0.0,0,0,0,0,0,0,0
3121,1996-10-24T00:00:00.000Z,Severe Storm,EM,ME,1997,1996-10-20T00:00:00.000Z,2,0,1,1,0,6.0,0,0.0,0.0,0.0,0.0,0.0,0.0,0.0,0.0,0.0,0.0,0.0,0.0,0.0,0.0,0.0,0,0,0,0,0,0,0
3122,1996-11-18T00:00:00.000Z,Severe Storm,EM,HI,1997,1996-11-05T00:00:00.000Z,1,0,1,1,0,34.0,0,0.0,0.0,0.0,0.0,0.0,0.0,0.0,0.0,0.0,0.0,0.0,0.0,0.0,0.0,0.0,0,0,0,0,0,0,0
3123,1996-11-19T00:00:00.000Z,Other,EM,RI,1997,1996-11-17T00:00:00.000Z,2,0,0,1,0,10.0,0,0.0,0.0,0.0,1498099.85,1495609.16,2490.69,0.0,1498099.85,0.0,0.0,0.0,0.0,0.0,0.0,0.0,0,0,0,0,0,0,0
3124,1996-11-21T00:00:00.000Z,Other,EM,PR,1997,1996-11-21T00:00:00.000Z,1,0,0,1,0,0.0,0,0.0,0.0,0.0,0.0,0.0,0.0,0.0,0.0,0.0,0.0,0.0,0.0,0.0,0.0,0.0,0,0,0,0,0,0,0
3125,1998-04-22T00:00:00.000Z,Tornado,EM,AR,1998,1998-04-16T00:00:00.000Z,1,0,1,0,0,0.0,0,0.0,0.0,0.0,0.0,0.0,0.0,0.0,0.0,0.0,0.0,0.0,0.0,0.0,0.0,0.0,0,0,0,0,0,0,0
3126,1998-06-09T00:00:00.000Z,Other,EM,KS,1998,1998-06-08T00:00:00.000Z,2,0,0,1,0,0.0,0,0.0,0.0,0.0,299025.95,299025.95,0.0,0.0,299025.95,0.0,0.0,0.0,0.0,0.0,0.0,0.0,0,0,0,0,0,0,0
3127,1998-06-23T00:00:00.000Z,Fire,EM,TX,1998,1998-06-04T00:00:00.000Z,1,0,0,1,0,152.0,0,0.0,0.0,0.0,41304168.5,41304168.5,0.0,0.0,41304168.5,0.0,0.0,0.0,0.0,0.0,0.0,0.0,0,0,0,0,0,0,0
3128,1998-07-02T00:00:00.000Z,Fire,EM,NM,1998,1998-06-29T00:00:00.000Z,1,0,0,1,0,108.0,0,0.0,0.0,0.0,0.0,0.0,0.0,0.0,0.0,0.0,0.0,0.0,0.0,0.0,0.0,0.0,0,0,0,0,0,0,0
3129,1998-09-21T00:00:00.000Z,Hurricane,EM,VI,1998,1998-09-21T00:00:00.000Z,1,0,0,1,0,1.0,0,0.0,0.0,0.0,0.0,0.0,0.0,0.0,0.0,0.0,0.0,0.0,0.0,0.0,0.0,0.0,0,0,0,0,0,0,0
3130,1998-09-21T00:00:00.000Z,Hurricane,EM,PR,1998,1998-09-20T00:00:00.000Z,1,0,0,1,0,0.0,0,0.0,0.0,0.0,0.0,0.0,0.0,0.0,0.0,0.0,0.0,0.0,0.0,0.0,0.0,0.0,0,0,0,0,0,0,0
3131,1998-09-25T00:00:00.000Z,Hurricane,EM,FL,1998,1998-09-25T00:00:00.000Z,34,0,0,1,0,7.0,0,0.0,0.0,0.0,36153124.08,35640986.14,512137.94,0.0,36153124.08,0.0,0.0,0.0,0.0,0.0,0.0,0.0,0,0,0,0,0,0,0
3132,1998-09-28T00:00:00.000Z,Hurricane,EM,MS,1998,1998-09-28T00:00:00.000Z,18,0,0,1,0,7.0,0,0.0,0.0,0.0,5429040.87,5408040.41,21000.46,0.0,5429040.87,0.0,0.0,0.0,0.0,0.0,0.0,0.0,0,0,0,0,0,0,0
3133,1998-09-28T00:00:00.000Z,Hurricane,EM,AL,1998,1998-09-28T00:00:00.000Z,12,0,0,1,0,8.0,0,0.0,0.0,0.0,1991289.57,1991289.57,0.0,0.0,1991289.57,0.0,0.0,0.0,0.0,0.0,0.0,0.0,0,0,0,0,0,0,0
3134,1999-01-08T00:00:00.000Z,Snowstorm,EM,IL,1999,1999-01-01T00:00:00.000Z,52,0,0,1,0,14.0,0,0.0,0.0,0.0,25469687.41,30318650.49,0.0,0.0,25469687.41,25469405.17,24508391.71,18388.017766470275,1813.0,1867.0,116.0,1751.0,False,True,False,False,False,False,False
3135,1999-01-15T00:00:00.000Z,Snowstorm,EM,IN,1999,1999-01-01T00:00:00.000Z,57,0,0,1,0,14.0,0,0.0,0.0,0.0,9848417.16,9838265.65,0.0,0.0,9848417.16,9848206.51,9434506.959999999,21991.856905594406,561.0,572.0,58.0,514.0,False,True,False,False,False,False,False
3136,1999-01-15T00:00:00.000Z,Snowstorm,EM,NY,1999,1999-01-01T00:00:00.000Z,10,0,0,1,0,14.0,0,0.0,0.0,0.0,4673921.01,4673921.01,0.0,0.0,4673921.01,4673921.01,4453679.06,14590.265479115478,366.0,407.0,15.0,392.0,False,True,False,False,False,False,False
3137,1999-01-27T00:00:00.000Z,Snowstorm,EM,MI,1999,1999-01-02T00:00:00.000Z,31,0,0,1,0,13.0,0,0.0,0.0,0.0,9019537.72,8938453.81,0.0,0.0,9019537.72,9019408.49,8645443.19,21790.655784499057,489.0,529.0,45.0,484.0,False,True,False,False,False,False,False
3138,1999-03-10T00:00:00.000Z,Snowstorm,EM,NY,1999,1999-03-03T00:00:00.000Z,6,0,0,1,0,3.0,0,0.0,0.0,0.0,3132714.82,3132714.82,0.0,0.0,3132714.82,3130695.67,2983356.46,17145.725043103448,207.0,232.0,17.0,215.0,False,True,False,False,False,False,False
3139,1999-04-27T00:00:00.000Z,Fire,EM,FL,1999,1999-04-15T00:00:00.000Z,52,0,0,1,0,40.0,0,0.0,0.0,0.0,1064337.65,1064337.65,0.0,0.0,1064337.65,1062381.3,1012733.25,135031.1,9.0,10.0,3.0,7.0,False,True,False,False,False,False,False
3140,1999-09-01T00:00:00.000Z,Fire,EM,CA,1999,1999-08-24T00:00:00.000Z,10,0,1,1,0,97.0,0,0.0,0.0,0.0,51218204.06,50716251.84,12517.79,0.0,51218204.06,51210210.78,50508112.0,724130.6373118279,21.0,93.0,32.0,61.0,True,True,False,False,False,False,True
3141,1999-09-01T00:00:00.000Z,Hurricane,EM,NC,1999,1999-08-29T00:00:00.000Z,11,0,0,1,0,13.0,0,0.0,0.0,0.0,3479570.5,3479570.51,-0.01,0.0,3479570.5,3476283.06,3322083.95,37537.67118644068,69.0,118.0,17.0,101.0,True,True,False,False,False,False,False
3142,1999-09-01T00:00:00.000Z,Fire,EM,TX,1999,1999-08-01T00:00:00.000Z,227,0,0,1,0,131.0,0,0.0,0.0,0.0,6218085.26,6218085.26,0.0,0.0,6218085.26,6218085.26,6074829.75,8099773.0,1.0,1.0,1.0,0.0,False,True,False,False,False,False,False
3143,1999-09-14T00:00:00.000Z,Hurricane,EM,FL,1999,1999-09-14T00:00:00.000Z,12,0,0,1,0,2.0,0,0.0,0.0,0.0,3630431.12,3683064.34,0.0,0.0,3630431.12,3630410.32,3471086.83,38393.88462809917,67.0,121.0,25.0,96.0,True,True,False,False,False,False,False
3144,1999-09-14T00:00:00.000Z,Hurricane,EM,GA,1999,1999-09-14T00:00:00.000Z,6,0,0,1,0,3.0,0,0.0,0.0,0.0,3640300.38,3605459.48,42297.69,0.0,3640300.38,3640300.37,3480450.86,42148.26081081081,63.0,111.0,25.0,86.0,True,True,False,False,False,False,True
3145,1999-09-15T00:00:00.000Z,Hurricane,EM,SC,1999,1999-09-14T00:00:00.000Z,27,0,0,1,0,11.0,0,0.0,0.0,0.0,0.0,0.0,0.0,0.0,0.0,0.0,0.0,0.0,0.0,0.0,0.0,0.0,0,0,0,0,0,0,0
3146,1999-09-15T00:00:00.000Z,Hurricane,EM,NC,1999,1999-09-15T00:00:00.000Z,66,0,0,1,0,19.0,0,0.0,0.0,0.0,0.0,0.0,0.0,0.0,0.0,0.0,0.0,0.0,0.0,0.0,0.0,0.0,0,0,0,0,0,0,0
3147,1999-09-16T00:00:00.000Z,Hurricane,EM,VA,1999,1999-09-13T00:00:00.000Z,19,0,0,1,0,13.0,0,0.0,0.0,0.0,0.0,0.0,0.0,0.0,0.0,0.0,0.0,0.0,0.0,0.0,0.0,0.0,0,0,0,0,0,0,0
3148,1999-09-17T00:00:00.000Z,Hurricane,EM,NJ,1999,1999-09-16T00:00:00.000Z,21,0,0,1,0,2.0,0,0.0,0.0,0.0,2032513.93,1820266.98,211883.35,0.0,2032513.93,2032513.9300000002,1936383.16,75936.59352941177,15.0,34.0,17.0,17.0,True,True,False,False,False,True,False
3149,1999-09-18T00:00:00.000Z,Hurricane,EM,NY,1999,1999-09-16T00:00:00.000Z,4,0,0,1,0,2.0,0,0.0,0.0,0.0,0.0,0.0,0.0,0.0,0.0,0.0,0.0,0.0,0.0,0.0,0.0,0.0,0,0,0,0,0,0,0
3150,1999-10-15T00:00:00.000Z,Hurricane,EM,FL,2000,1999-10-14T00:00:00.000Z,29,0,0,1,0,5.0,0,0.0,0.0,0.0,547528.1,547528.1,0.0,0.0,547528.1,547528.1,515513.7,16764.67219512195,37.0,41.0,4.0,37.0,True,True,False,False,False,False,False
3151,1999-11-17T00:00:00.000Z,Hurricane,EM,PR,2000,1999-11-17T00:00:00.000Z,78,0,0,1,0,3.0,0,0.0,0.0,0.0,0.0,0.0,0.0,0.0,0.0,0.0,0.0,0.0,0.0,0.0,0.0,0.0,0,0,0,0,0,0,0
3152,1999-11-17T00:00:00.000Z,Hurricane,EM,VI,2000,1999-11-17T00:00:00.000Z,3,0,0,1,0,3.0,0,0.0,0.0,0.0,0.0,0.0,0.0,0.0,0.0,0.0,0.0,0.0,0.0,0.0,0.0,0.0,0,0,0,0,0,0,0
3153,1999-12-06T00:00:00.000Z,Fire,EM,MA,2000,1999-12-03T00:00:00.000Z,1,0,0,1,0,10.0,0,0.0,0.0,0.0,3101637.94,3101637.94,0.0,0.0,3101637.94,3101637.94,2989368.24,20440.12317948718,11.0,195.0,15.0,180.0,False,True,False,False,False,False,False
3154,2000-05-10T00:00:00.000Z,Fire,EM,NM,2000,2000-05-05T00:00:00.000Z,33,0,0,1,0,63.0,0,0.0,0.0,0.0,4385737.74,4510900.8,0.0,0.0,4385737.74,4325297.52,4176316.62,137446.55,13.0,35.0,10.0,25.0,False,True,False,False,False,False,False
3155,2000-10-11T00:00:00.000Z,Other,EM,NY,2001,2000-05-22T00:00:00.000Z,61,0,0,1,0,163.0,0,0.0,0.0,0.0,4668512.48,4412798.48,0.0,0.0,4668512.48,4668512.48,4549306.37,3032870.91,1.0,2.0,2.0,0.0,False,True,False,False,False,False,False
3156,2000-11-01T00:00:00.000Z,Other,EM,NJ,2001,2000-05-30T00:00:00.000Z,21,0,0,1,0,155.0,0,0.0,0.0,0.0,2440546.55,2440546.55,0.0,0.0,2440546.55,2440546.55,2362985.16,136984.64565217393,1.0,23.0,19.0,4.0,False,True,False,False,False,False,False
3157,2000-12-04T00:00:00.000Z,Snowstorm,EM,NY,2001,2000-11-19T00:00:00.000Z,3,0,0,1,0,2.0,0,0.0,0.0,0.0,4999310.11,4999310.11,0.0,0.0,4999310.11,4999310.11,4780999.12,29788.154439252336,170.0,214.0,25.0,189.0,False,True,False,False,False,False,False
3158,2000-12-28T00:00:00.000Z,Severe Ice Storm,EM,OK,2001,2000-12-25T00:00:00.000Z,39,0,0,1,0,16.0,0,0.0,0.0,0.0,0.0,0.0,0.0,0.0,0.0,0.0,0.0,0.0,0.0,0.0,0.0,0.0,0,0,0,0,0,0,0
3159,2000-12-28T00:00:00.000Z,Severe Ice Storm,EM,AR,2001,2000-12-12T00:00:00.000Z,52,0,0,1,0,27.0,0,0.0,0.0,0.0,0.0,0.0,0.0,0.0,0.0,0.0,0.0,0.0,0.0,0.0,0.0,0.0,0,0,0,0,0,0,0
3160,2001-01-10T00:00:00.000Z,Snowstorm,EM,MI,2001,2000-12-11T00:00:00.000Z,39,0,0,1,0,20.0,0,0.0,0.0,0.0,9209100.46,9139348.13,0.0,0.0,9209100.46,9209019.21,8809499.06,13851.546391509433,838.0,848.0,44.0,804.0,False,True,False,False,False,False,False
3161,2001-01-17T00:00:00.000Z,Snowstorm,EM,IL,2001,2000-12-11T00:00:00.000Z,27,0,0,1,0,20.0,0,0.0,0.0,0.0,16539984.85,17640374.45,0.0,0.0,16539984.85,16539639.09,15864192.03,17022.68998420221,1242.0,1266.0,68.0,1198.0,False,True,False,False,False,False,False
3162,2001-01-24T00:00:00.000Z,Snowstorm,EM,IN,2001,2000-12-11T00:00:00.000Z,29,0,0,1,0,20.0,0,0.0,0.0,0.0,3663238.24,3663238.24,0.0,0.0,3663238.24,3663238.24,3488222.44,18239.070470588234,252.0,255.0,23.0,232.0,False,True,False,False,False,False,False
3163,2001-01-24T00:00:00.000Z,Snowstorm,EM,WI,2001,2000-12-11T00:00:00.000Z,14,0,0,1,0,20.0,0,0.0,0.0,0.0,5380816.01,5369403.69,0.0,0.0,5380816.01,5380814.04,5138626.75,15897.971600928075,422.0,431.0,24.0,407.0,False,True,False,False,False,False,False
3164,2001-03-20T00:00:00.000Z,Snowstorm,EM,ME,2001,2001-03-05T00:00:00.000Z,13,0,0,1,0,26.0,0,0.0,0.0,0.0,3404108.7,3403479.45,0.0,0.0,3404108.7,3404108.7,3239432.02,15102.245664335664,240.0,286.0,10.0,276.0,False,True,False,False,False,False,False
3165,2001-03-28T00:00:00.000Z,Snowstorm,EM,MA,2001,2001-03-05T00:00:00.000Z,7,0,0,1,0,2.0,0,0.0,0.0,0.0,21065441.93,21065441.93,0.0,0.0,21065441.93,21065441.93,20369039.09,84343.84552795031,305.0,322.0,111.0,211.0,False,True,False,False,False,False,False
3166,2001-03-28T00:00:00.000Z,Snowstorm,EM,NH,2001,2001-03-05T00:00:00.000Z,7,0,0,1,0,2.0,0,0.0,0.0,0.0,3433251.55,3433251.55,0.0,0.0,3433251.55,3433251.55,3268895.56,22939.616842105264,189.0,190.0,14.0,176.0,False,True,False,False,False,False,False
3167,2001-04-10T00:00:00.000Z,Snowstorm,EM,VT,2001,2001-03-05T00:00:00.000Z,9,0,0,1,0,2.0,0,0.0,0.0,0.0,1301755.4,1296992.34,0.0,0.0,1301755.4,1301659.6,1232341.68,10532.833333333334,156.0,156.0,1.0,155.0,False,True,False,False,False,False,False
3168,2001-09-12T00:00:00.000Z,Fire,EM,VA,2001,2001-09-11T00:00:00.000Z,1,0,0,0,0,0.0,0,0.0,0.0,0.0,0.0,0.0,0.0,0.0,0.0,0.0,0.0,0.0,0.0,0.0,0.0,0.0,0,0,0,0,0,0,0
3169,2001-09-19T00:00:00.000Z,Fire,EM,NJ,2001,2001-09-11T00:00:00.000Z,21,0,0,1,0,0.0,0,0.0,0.0,0.0,88203232.21,90360427.93,0.0,0.0,88203232.21,88202455.32000001,86935332.55,300158.3044827586,40.0,290.0,162.0,128.0,False,True,False,False,False,False,False
3170,2001-12-31T00:00:00.000Z,Snowstorm,EM,NY,2002,2001-12-24T00:00:00.000Z,6,0,0,1,0,5.0,0,0.0,0.0,0.0,16619808.6,16617849.01,0.0,0.0,16619808.6,16619808.6,16104410.42,64871.7418429003,265.0,331.0,59.0,272.0,False,True,False,False,False,False,False
3171,2003-02-01T00:00:00.000Z,Other,EM,TX,2003,2003-02-01T00:00:00.000Z,54,0,0,1,0,0.0,0,0.0,0.0,0.0,6133267.36,6077480.03,0.0,0.0,6133267.36,6133267.37,5951301.11,39412.590132450336,38.0,151.0,11.0,140.0,False,True,False,False,False,False,False
3172,2003-02-01T00:00:00.000Z,Other,EM,LA,2003,2003-02-01T00:00:00.000Z,41,0,0,1,0,0.0,0,0.0,0.0,0.0,411357.84,397754.33,0.0,0.0,411357.84,411357.83999999997,392251.76,30173.21230769231,9.0,13.0,2.0,11.0,False,True,False,False,False,False,False
3173,2003-02-25T00:00:00.000Z,Snowstorm,EM,NY,2003,2002-12-25T00:00:00.000Z,20,0,0,1,0,10.0,0,0.0,0.0,0.0,16025623.46,16064502.88,0.0,0.0,16025623.46,16025622.55,15371971.84,26345.977792041078,661.0,779.0,66.0,713.0,False,True,False,False,False,False,False
3174,2003-03-11T00:00:00.000Z,Snowstorm,EM,ME,2003,2003-02-02T00:00:00.000Z,1,0,0,1,0,2.0,0,0.0,0.0,0.0,416827.64,416827.64,0.0,0.0,416827.64,416827.64,392704.87,11382.74847826087,46.0,46.0,1.0,45.0,False,True,False,False,False,False,False
3175,2003-03-11T00:00:00.000Z,Snowstorm,EM,MA,2003,2003-02-17T00:00:00.000Z,14,0,0,1,0,1.0,0,0.0,0.0,0.0,28844937.02,28840611.25,0.0,0.0,28844937.02,28844937.02,27849920.28,55517.467189835574,657.0,669.0,143.0,526.0,False,True,False,False,False,False,False
3176,2003-03-11T00:00:00.000Z,Snowstorm,EM,CT,2003,2003-02-17T00:00:00.000Z,8,0,0,1,0,1.0,0,0.0,0.0,0.0,8932169.87,8908770.48,0.0,0.0,8932169.87,8932169.87,8570397.4,54675.57947368421,209.0,209.0,49.0,160.0,False,True,False,False,False,False,False
3177,2003-03-11T00:00:00.000Z,Snowstorm,EM,NH,2003,2003-02-17T00:00:00.000Z,5,0,0,1,0,1.0,0,0.0,0.0,0.0,2288670.82,2288670.82,0.0,0.0,2288670.82,2288670.82,2174685.13,22477.36403100775,129.0,129.0,12.0,117.0,False,True,False,False,False,False,False
3178,2003-03-14T00:00:00.000Z,Severe Storm,EM,DC,2003,2003-02-16T00:00:00.000Z,1,0,0,1,0,1.0,0,0.0,0.0,0.0,1771535.48,1771535.48,0.0,0.0,1771535.48,1771535.48,1689558.96,66257.21411764706,30.0,34.0,7.0,27.0,False,True,False,False,False,False,False
3179,2003-03-14T00:00:00.000Z,Severe Storm,EM,MD,2003,2003-02-14T00:00:00.000Z,20,0,0,1,0,9.0,0,0.0,0.0,0.0,19129047.38,19109788.41,0.0,0.0,19129047.38,19129038.22,18512096.84,59620.27867149759,353.0,414.0,91.0,323.0,False,True,False,False,False,False,False
3180,2003-03-14T00:00:00.000Z,Severe Storm,EM,PA,2003,2003-02-14T00:00:00.000Z,36,0,0,1,0,5.0,0,0.0,0.0,0.0,20980672.39,20837177.31,0.0,0.0,20980672.39,20980672.39,20251032.21,19259.182674750355,1311.0,1402.0,96.0,1306.0,False,True,False,False,False,False,False
3181,2003-03-20T00:00:00.000Z,Snowstorm,EM,NJ,2003,2003-02-16T00:00:00.000Z,21,0,0,1,0,1.0,0,0.0,0.0,0.0,36139478.42,36046018.7,0.0,0.0,36139478.42,36139478.480000004,35239543.1,301550.4525,42.0,156.0,105.0,51.0,False,True,False,False,False,False,False
3182,2003-03-27T00:00:00.000Z,Snowstorm,EM,RI,2003,2003-02-17T00:00:00.000Z,2,0,0,1,0,1.0,0,0.0,0.0,0.0,2002983.94,2021398.42,0.0,0.0,2002983.94,2002983.94,1904429.78,41071.229838709674,61.0,62.0,10.0,52.0,False,True,False,False,False,False,False
3183,2003-03-20T00:00:00.000Z,Snowstorm,EM,DE,2003,2003-02-14T00:00:00.000Z,3,0,0,1,0,5.0,0,0.0,0.0,0.0,3570334.69,3580882.64,0.0,0.0,3570334.69,3570334.69,3419946.36,36256.19119047619,104.0,126.0,14.0,112.0,False,True,False,False,False,False,False
3184,2003-03-27T00:00:00.000Z,Snowstorm,EM,NY,2003,2003-02-17T00:00:00.000Z,22,0,0,1,0,1.0,0,0.0,0.0,0.0,33681870.19,33756135.67,0.0,0.0,33681870.19,33681870.2,32646623.56,54007.33857496903,725.0,807.0,101.0,706.0,False,True,False,False,False,False,False
3185,2003-04-09T00:00:00.000Z,Snowstorm,EM,CO,2003,2003-03-17T00:00:00.000Z,29,0,0,1,0,3.0,0,0.0,0.0,0.0,6136470.94,6169487.3,0.0,0.0,6136470.94,6136470.94,5872482.66,40569.82699481866,143.0,193.0,35.0,158.0,False,True,False,False,False,False,False
3186,2003-08-23T00:00:00.000Z,Other,EM,NY,2003,2003-08-14T00:00:00.000Z,65,0,0,1,0,2.0,0,0.0,0.0,0.0,5419372.81,5196152.24,0.0,0.0,5419372.81,5419372.81,5223220.57,28434.78424489796,187.0,245.0,21.0,224.0,False,True,False,False,False,False,False
3187,2003-09-23T00:00:00.000Z,Other,EM,OH,2003,2003-08-14T00:00:00.000Z,13,0,0,1,0,3.0,0,0.0,0.0,0.0,1597088.45,1616903.05,0.0,0.0,1597088.45,1597088.45,1515757.98,15259.505563909774,108.0,133.0,5.0,128.0,False,True,False,False,False,False,False
3188,2003-09-23T00:00:00.000Z,Other,EM,NJ,2003,2003-08-14T00:00:00.000Z,5,0,0,1,0,2.0,0,0.0,0.0,0.0,1480656.94,1429103.93,0.0,0.0,1480656.94,1480656.94,1405110.62,13887.882370370371,109.0,135.0,5.0,130.0,False,True,False,False,False,False,False
3189,2003-09-23T00:00:00.000Z,Other,EM,MI,2003,2003-08-14T00:00:00.000Z,14,0,0,1,0,3.0,0,0.0,0.0,0.0,4948995.65,4979702.46,-44312.97,0.0,4948995.65,4948995.649999999,4725209.17,26488.47550420168,205.0,238.0,24.0,214.0,False,True,False,False,False,False,True
3190,2004-01-15T00:00:00.000Z,Snowstorm,EM,ME,2004,2003-12-06T00:00:00.000Z,11,0,0,1,0,1.0,0,0.0,0.0,0.0,2308324.53,2308324.53,0.0,0.0,2308324.53,2308324.53,2193062.41,14620.4146,200.0,200.0,5.0,195.0,False,True,False,False,False,False,False
3191,2004-01-15T00:00:00.000Z,Snowstorm,EM,MA,2004,2003-12-06T00:00:00.000Z,12,0,0,1,0,1.0,0,0.0,0.0,0.0,35683865.83,35662121.08,0.0,0.0,35683865.83,35683865.83,34491571.61,68948.6672113943,655.0,667.0,174.0,493.0,False,True,False,False,False,False,False
3192,2004-01-15T00:00:00.000Z,Snowstorm,EM,CT,2004,2003-12-05T00:00:00.000Z,7,0,0,1,0,2.0,0,0.0,0.0,0.0,9529091.7,9566291.2,0.0,0.0,9529091.7,9529091.7,9134475.5,58613.94346153846,202.0,208.0,64.0,144.0,False,True,False,False,False,False,False
3193,2004-01-15T00:00:00.000Z,Snowstorm,EM,NH,2004,2003-12-06T00:00:00.000Z,8,0,0,1,0,1.0,0,0.0,0.0,0.0,2631914.91,2662225.4,0.0,0.0,2631914.91,2631914.91,2506839.37,25207.186766917293,128.0,133.0,12.0,121.0,False,True,False,False,False,False,False
3194,2004-01-26T00:00:00.000Z,Snowstorm,EM,ME,2004,2003-12-14T00:00:00.000Z,7,0,0,1,0,1.0,0,0.0,0.0,0.0,1209952.91,1209952.91,0.0,0.0,1209952.91,1209952.91,1144936.63,14821.184563106795,103.0,103.0,4.0,99.0,False,True,False,False,False,False,False
3195,2004-03-03T00:00:00.000Z,Snowstorm,EM,NY,2004,2004-01-28T00:00:00.000Z,4,0,0,1,0,3.0,0,0.0,0.0,0.0,2696280.98,2262870.87,0.0,0.0,2696280.98,2696280.98,2582255.18,13542.586156862744,175.0,255.0,10.0,245.0,False,True,False,False,False,False,False
3196,2004-04-02T00:00:00.000Z,Snowstorm,EM,ND,2004,2004-01-23T00:00:00.000Z,10,0,0,1,0,4.0,0,0.0,0.0,0.0,317517.51,280698.37,0.0,0.0,317517.51,317517.51,300486.48,8567.551489361702,43.0,47.0,2.0,45.0,False,True,False,False,False,False,False
3197,2005-01-11T00:00:00.000Z,Snowstorm,EM,IN,2005,2004-12-21T00:00:00.000Z,50,0,0,1,0,2.0,0,0.0,0.0,0.0,5819086.32,5858474.55,0.0,0.0,5819086.32,5819086.32,5569390.1,28421.56202290076,236.0,262.0,35.0,227.0,False,True,False,False,False,False,False
3198,2005-01-11T00:00:00.000Z,Snowstorm,EM,OH,2005,2004-12-22T00:00:00.000Z,26,0,0,1,0,2.0,0,0.0,0.0,0.0,8636637.81,8695049.44,0.0,0.0,8636637.81,8636637.81,8261594.38,17981.584983713354,609.0,614.0,37.0,577.0,False,True,False,False,False,False,False
3199,2005-02-01T00:00:00.000Z,Snowstorm,EM,IL,2005,2004-12-21T00:00:00.000Z,16,0,0,1,0,2.0,0,0.0,0.0,0.0,878190.58,885943.4,0.0,0.0,878190.58,878190.58,829402.42,8339.712255639097,120.0,133.0,2.0,131.0,False,True,False,False,False,False,False
3200,2005-02-17T00:00:00.000Z,Snowstorm,EM,CT,2005,2005-01-22T00:00:00.000Z,8,0,0,1,0,1.0,0,0.0,0.0,0.0,12467305.96,12564859.85,0.0,0.0,12467305.96,12467305.96,11971323.67,65550.33823770491,239.0,244.0,90.0,154.0,False,True,False,False,False,False,False
3201,2005-02-17T00:00:00.000Z,Snowstorm,EM,MA,2005,2005-01-22T00:00:00.000Z,14,0,0,1,0,1.0,0,0.0,0.0,0.0,49945087.29,49907838.54,0.0,0.0,49945087.29,49945078.21,48298360.54,75673.10542890716,826.0,851.0,241.0,610.0,False,True,False,False,False,False,False
3202,2005-02-17T00:00:00.000Z,Snowstorm,EM,NV,2005,2004-12-29T00:00:00.000Z,15,0,0,1,0,4.0,0,0.0,0.0,0.0,1690912.41,1706333.77,0.0,0.0,1690912.41,1690912.41,1609654.81,48894.24568181818,43.0,44.0,7.0,37.0,False,True,False,False,False,False,False
3203,2005-02-17T00:00:00.000Z,Snowstorm,EM,RI,2005,2005-01-22T00:00:00.000Z,5,0,0,1,0,1.0,0,0.0,0.0,0.0,6273609.34,6336868.61,0.0,0.0,6273609.34,6273609.34,6023319.52,64417.43144,122.0,125.0,30.0,95.0,False,True,False,False,False,False,False
3204,2005-02-23T00:00:00.000Z,Snowstorm,EM,NV,2005,2005-01-06T00:00:00.000Z,16,0,0,1,0,4.0,0,0.0,0.0,0.0,2448149.31,2496679.31,0.0,0.0,2448149.31,2448149.31,2336426.86,63906.374897959184,48.0,49.0,8.0,41.0,False,True,False,False,False,False,False
3205,2005-03-14T00:00:00.000Z,Snowstorm,EM,ME,2005,2005-01-22T00:00:00.000Z,2,0,0,1,0,1.0,0,0.0,0.0,0.0,1498692.53,1498692.53,0.0,0.0,1498692.53,1498692.53,1418363.94,27407.997101449277,69.0,69.0,7.0,62.0,False,True,False,False,False,False,False
3206,2005-03-14T00:00:00.000Z,Snowstorm,EM,ME,2005,2005-02-10T00:00:00.000Z,13,0,0,1,0,1.0,0,0.0,0.0,0.0,3998836.12,3998836.12,0.0,0.0,3998836.12,3998836.12,3805768.99,18452.211490909092,275.0,275.0,8.0,267.0,False,True,False,False,False,False,False
3207,2005-03-30T00:00:00.000Z,Snowstorm,EM,NH,2005,2005-01-22T00:00:00.000Z,9,0,0,1,0,1.0,0,0.0,0.0,0.0,3611491.49,3658114.66,0.0,0.0,3611491.49,3611491.49,3444430.41,25888.284382022473,172.0,178.0,17.0,161.0,False,True,False,False,False,False,False
3208,2005-03-30T00:00:00.000Z,Snowstorm,EM,NH,2005,2005-02-10T00:00:00.000Z,5,0,0,1,0,1.0,0,0.0,0.0,0.0,1099729.89,1121727.2,0.0,0.0,1099729.89,1099729.89,1040849.5800000001,19649.74323943662,68.0,71.0,4.0,67.0,False,True,False,False,False,False,False
3209,2005-04-01T00:00:00.000Z,Snowstorm,EM,ME,2005,2005-03-09T00:00:00.000Z,9,0,0,1,0,0.0,0,0.0,0.0,0.0,3261706.85,3261706.85,0.0,0.0,3261706.85,3261706.85,3101870.31,19601.07440758294,211.0,211.0,9.0,202.0,False,True,False,False,False,False,False
3210,2005-04-21T00:00:00.000Z,Snowstorm,EM,ME,2005,2005-03-11T00:00:00.000Z,3,0,0,1,0,1.0,0,0.0,0.0,0.0,1296770.22,1296770.22,0.0,0.0,1296770.22,1296770.22,1225558.57,19000.905697674418,86.0,86.0,6.0,80.0,False,True,False,False,False,False,False
3211,2005-04-28T00:00:00.000Z,Snowstorm,EM,NH,2005,2005-03-11T00:00:00.000Z,5,0,0,1,0,1.0,0,0.0,0.0,0.0,2080378.21,2112182.01,0.0,0.0,2080378.21,2080378.21,1976348.23,28757.957173913044,86.0,92.0,12.0,80.0,False,True,False,False,False,False,False
3212,2005-08-27T00:00:00.000Z,Hurricane,EM,LA,2005,2005-08-26T00:00:00.000Z,63,0,0,1,0,67.0,0,0.0,0.0,0.0,0.0,0.0,0.0,0.0,0.0,0.0,0.0,0.0,0.0,0.0,0.0,0.0,0,0,0,0,0,0,0
3213,2005-08-28T00:00:00.000Z,Hurricane,EM,MS,2005,2005-08-27T00:00:00.000Z,11,0,0,1,0,48.0,0,0.0,0.0,0.0,0.0,0.0,0.0,0.0,0.0,0.0,0.0,0.0,0.0,0.0,0.0,0.0,0,0,0,0,0,0,0
3214,2005-08-28T00:00:00.000Z,Hurricane,EM,AL,2005,2005-08-28T00:00:00.000Z,6,0,0,1,0,29.0,0,0.0,0.0,0.0,0.0,0.0,0.0,0.0,0.0,0.0,0.0,0.0,0.0,0.0,0.0,0.0,0,0,0,0,0,0,0
3215,2005-09-02T00:00:00.000Z,Hurricane,EM,AR,2005,2005-08-29T00:00:00.000Z,75,0,0,1,0,33.0,0,0.0,0.0,0.0,45093695.3,44833582.58,0.0,0.0,45093695.3,45093695.31,44511214.63,158968.62367857143,50.0,280.0,101.0,179.0,False,True,False,False,False,False,False
3216,2005-09-02T00:00:00.000Z,Hurricane,EM,TX,2005,2005-08-29T00:00:00.000Z,254,0,0,1,0,33.0,0,0.0,0.0,0.0,519293968.26,520684659.9,0.0,0.0,519293968.26,519291893.73999995,512845214.12,749773.7048538012,253.0,684.0,286.0,398.0,False,True,False,False,False,False,False
3217,2005-09-05T00:00:00.000Z,Hurricane,EM,TN,2005,2005-08-29T00:00:00.000Z,95,0,0,1,0,33.0,0,0.0,0.0,0.0,34877040.15,34804266.55,0.0,0.0,34877040.15,34877040.15,34396972.56,799929.5944186047,32.0,43.0,17.0,26.0,False,True,False,False,False,False,False
3218,2005-09-05T00:00:00.000Z,Hurricane,EM,GA,2005,2005-08-27T00:00:00.000Z,159,0,0,1,0,35.0,0,0.0,0.0,0.0,9466263.25,9339813.89,0.0,0.0,9466263.25,9437931.88,9199292.0,127767.94444444444,49.0,72.0,22.0,50.0,False,True,False,False,False,False,False
3219,2005-09-05T00:00:00.000Z,Hurricane,EM,OK,2005,2005-08-29T00:00:00.000Z,77,0,0,1,0,33.0,0,0.0,0.0,0.0,12706104.88,12562801.78,0.0,0.0,12706104.88,12706104.879999999,12463123.57,249262.4714,23.0,50.0,24.0,26.0,False,True,False,False,False,False,False
3220,2005-09-05T00:00:00.000Z,Hurricane,EM,FL,2005,2005-08-29T00:00:00.000Z,67,0,0,1,0,33.0,0,0.0,0.0,0.0,3810182.41,3810182.41,0.0,0.0,3810182.41,3797454.07,3694456.29,335859.6627272727,9.0,11.0,6.0,5.0,False,True,False,False,False,False,False
3221,2005-09-05T00:00:00.000Z,Hurricane,EM,WV,2005,2005-08-29T00:00:00.000Z,55,0,0,1,0,33.0,0,0.0,0.0,0.0,769731.49,835173.87,0.0,0.0,769731.49,769731.49,732192.47,81354.71888888889,7.0,9.0,4.0,5.0,False,True,False,False,False,False,False
3222,2005-09-05T00:00:00.000Z,Hurricane,EM,NC,2005,2005-08-29T00:00:00.000Z,100,0,0,1,0,33.0,0,0.0,0.0,0.0,2387886.66,2172905.2,0.0,0.0,2387886.66,2387886.66,2309589.51,135858.20647058822,4.0,17.0,10.0,7.0,False,True,False,False,False,False,False
3223,2005-09-05T00:00:00.000Z,Coastal Storm,EM,UT,2005,2005-08-29T00:00:00.000Z,29,0,0,1,0,33.0,0,0.0,0.0,0.0,2209668.18,2171724.4,0.0,0.0,2209668.18,2209668.18,2130453.48,73463.91310344827,15.0,29.0,6.0,23.0,False,True,False,False,False,False,False
3224,2005-09-05T00:00:00.000Z,Coastal Storm,EM,CO,2005,2005-08-29T00:00:00.000Z,64,0,0,1,0,33.0,0,0.0,0.0,0.0,13199692.01,13295010.89,0.0,0.0,13199692.01,13199692.01,12996268.84,1856609.8342857142,2.0,7.0,4.0,3.0,False,True,False,False,False,False,False
3225,2005-09-07T00:00:00.000Z,Hurricane,EM,MI,2005,2005-08-29T00:00:00.000Z,83,0,0,1,0,33.0,0,0.0,0.0,0.0,2078364.65,2014986.05,0.0,0.0,2078364.65,2078364.65,1997714.1300000001,47564.622142857144,22.0,42.0,13.0,29.0,False,True,False,False,False,False,False
3226,2005-09-07T00:00:00.000Z,Hurricane,EM,DC,2005,2005-08-29T00:00:00.000Z,1,0,0,1,0,33.0,0,0.0,0.0,0.0,1929990.02,1929990.02,0.0,0.0,1929990.02,1929990.02,1856421.47,88401.02238095237,10.0,21.0,10.0,11.0,False,True,False,False,False,False,False
3227,2005-09-07T00:00:00.000Z,Coastal Storm,EM,WA,2005,2005-08-29T00:00:00.000Z,39,0,0,1,0,33.0,0,0.0,0.0,0.0,1730746.78,1576631.54,0.0,0.0,1730746.78,1730746.78,1674681.06,93037.83666666667,7.0,18.0,7.0,11.0,False,True,False,False,False,False,False
3228,2005-09-07T00:00:00.000Z,Coastal Storm,EM,OR,2005,2005-08-29T00:00:00.000Z,36,0,0,1,0,33.0,0,0.0,0.0,0.0,940482.93,885986.59,0.0,0.0,940482.93,940482.93,901337.36,60089.15733333333,6.0,15.0,4.0,11.0,False,True,False,False,False,False,False
3229,2005-09-07T00:00:00.000Z,Hurricane,EM,NM,2005,2005-08-29T00:00:00.000Z,33,0,0,1,0,33.0,0,0.0,0.0,0.0,1036861.59,1058230.21,0.0,0.0,1036861.59,1036773.01,992891.56,62055.7225,6.0,16.0,3.0,13.0,False,True,False,False,False,False,False
3230,2005-09-07T00:00:00.000Z,Hurricane,EM,IL,2005,2005-08-29T00:00:00.000Z,102,0,0,1,0,33.0,0,0.0,0.0,0.0,4425301.59,4486693.86,0.0,0.0,4425301.59,4425301.59,4294561.82,99873.53069767443,25.0,43.0,14.0,29.0,False,True,False,False,False,False,False
3231,2005-09-10T00:00:00.000Z,Hurricane,EM,KY,2005,2005-08-29T00:00:00.000Z,120,0,0,1,0,33.0,0,0.0,0.0,0.0,2008550.19,1959623.64,0.0,0.0,2008550.19,2008550.22,1948263.55,38965.271,1.0,50.0,6.0,44.0,False,True,False,False,False,False,False
3232,2005-09-10T00:00:00.000Z,Hurricane,EM,MO,2005,2005-08-29T00:00:00.000Z,115,0,0,1,0,33.0,0,0.0,0.0,0.0,1816226.9,1767855.18,0.0,0.0,1816226.9,1816043.1,1751641.33,83411.4919047619,9.0,21.0,4.0,17.0,False,True,False,False,False,False,False
3233,2005-09-10T00:00:00.000Z,Hurricane,EM,SC,2005,2005-08-29T00:00:00.000Z,46,0,0,1,0,33.0,0,0.0,0.0,0.0,5307714.12,5339636.18,0.0,0.0,5307714.12,5307515.0200000005,5141771.19,142826.9775,19.0,36.0,19.0,17.0,False,True,False,False,False,False,False
3234,2005-09-10T00:00:00.000Z,Coastal Storm,EM,SD,2005,2005-09-06T00:00:00.000Z,66,0,0,1,0,25.0,0,0.0,0.0,0.0,219505.79,219505.79,0.0,0.0,219505.79,219505.78999999998,208997.24000000002,41799.448000000004,5.0,5.0,1.0,4.0,False,True,False,False,False,False,False
3235,2005-09-10T00:00:00.000Z,Hurricane,EM,PA,2005,2005-08-29T00:00:00.000Z,67,0,0,1,0,33.0,0,0.0,0.0,0.0,4000098.94,3958118.46,0.0,0.0,4000098.94,4000098.94,3886088.8800000004,102265.49684210528,11.0,38.0,15.0,23.0,False,True,False,False,False,False,False
3236,2005-09-10T00:00:00.000Z,Hurricane,EM,KS,2005,2005-09-01T00:00:00.000Z,105,0,0,1,0,30.0,0,0.0,0.0,0.0,163068.54,147995.8,0.0,0.0,163068.54,163068.54,154988.79,10332.586000000001,9.0,15.0,0.0,15.0,False,True,False,False,False,False,False
3237,2005-09-10T00:00:00.000Z,Hurricane,EM,AL,2005,2005-08-29T00:00:00.000Z,67,0,0,1,0,33.0,0,0.0,0.0,0.0,3021165.34,2885724.12,0.0,0.0,3021165.34,3021165.33,2942630.82,58852.6166,1.0,50.0,15.0,35.0,False,True,False,False,False,False,False
3238,2005-09-10T00:00:00.000Z,Hurricane,EM,IN,2005,2005-08-29T00:00:00.000Z,92,0,0,1,0,33.0,0,0.0,0.0,0.0,2130479.17,2102653.47,0.0,0.0,2130479.17,2130479.17,2064487.65,187680.69545454544,5.0,11.0,2.0,9.0,False,True,False,False,False,False,False
3239,2005-09-10T00:00:00.000Z,Hurricane,EM,IA,2005,2005-08-29T00:00:00.000Z,99,0,0,1,0,33.0,0,0.0,0.0,0.0,244047.59,222422.69,0.0,0.0,244047.59,244047.59,232383.23,14523.951875,13.0,16.0,1.0,15.0,False,True,False,False,False,False,False
3240,2005-09-12T00:00:00.000Z,Hurricane,EM,VA,2005,2005-08-29T00:00:00.000Z,134,0,0,1,0,33.0,0,0.0,0.0,0.0,277442.24,256981.41,0.0,0.0,277442.24,277442.24,264113.42,17607.56133333333,14.0,15.0,1.0,14.0,False,True,False,False,False,False,False
3241,2005-09-12T00:00:00.000Z,Hurricane,EM,AZ,2005,2005-08-29T00:00:00.000Z,15,0,0,1,0,33.0,0,0.0,0.0,0.0,5726164.08,5610658.15,0.0,0.0,5726164.08,5726164.109999999,5542196.3,55981.7808080808,23.0,99.0,24.0,75.0,False,True,False,False,False,False,False
3242,2005-09-13T00:00:00.000Z,Hurricane,EM,MN,2005,2005-08-29T00:00:00.000Z,87,0,0,1,0,33.0,0,0.0,0.0,0.0,2470003.23,2423900.93,0.0,0.0,2470003.23,2470003.23,2391612.96,119580.648,11.0,20.0,4.0,16.0,False,True,False,False,False,False,False
3243,2005-09-13T00:00:00.000Z,Hurricane,EM,NV,2005,2005-08-29T00:00:00.000Z,17,0,0,1,0,33.0,0,0.0,0.0,0.0,1247816.81,1236500.74,0.0,0.0,1247816.81,1247816.81,1195964.49,70350.85235294118,13.0,17.0,5.0,12.0,False,True,False,False,False,False,False
3244,2005-09-13T00:00:00.000Z,Hurricane,EM,ID,2005,2005-08-29T00:00:00.000Z,44,0,0,1,0,33.0,0,0.0,0.0,0.0,212992.2,160993.2,0.0,0.0,212992.2,212992.19999999998,204799.08,51199.77,1.0,4.0,2.0,2.0,False,True,False,False,False,False,False
3245,2005-09-13T00:00:00.000Z,Hurricane,EM,NE,2005,2005-08-29T00:00:00.000Z,93,0,0,1,0,33.0,0,0.0,0.0,0.0,393813.27,393813.27,0.0,0.0,393813.27,393813.27,376579.46,376579.46,1.0,1.0,1.0,0.0,False,True,False,False,False,False,False
3246,2005-09-13T00:00:00.000Z,Hurricane,EM,CT,2005,2005-08-29T00:00:00.000Z,8,0,0,1,0,33.0,0,0.0,0.0,0.0,668487.86,684198.67,0.0,0.0,668487.86,668487.8600000001,639498.33,127899.666,4.0,5.0,1.0,4.0,False,True,False,False,False,False,False
3247,2005-09-13T00:00:00.000Z,Coastal Storm,EM,ND,2005,2005-08-29T00:00:00.000Z,53,0,0,1,0,33.0,0,0.0,0.0,0.0,24233.27,24233.27,0.0,0.0,24233.27,24233.27,22842.18,22842.18,1.0,1.0,0.0,1.0,False,True,False,False,False,False,False
3248,2005-09-13T00:00:00.000Z,Hurricane,EM,CA,2005,2005-08-29T00:00:00.000Z,58,0,0,1,0,33.0,0,0.0,0.0,0.0,988951.24,881982.66,0.0,0.0,988951.24,988951.24,947486.85,63165.79,14.0,15.0,6.0,9.0,False,True,False,False,False,False,False
3249,2005-09-13T00:00:00.000Z,Hurricane,EM,WI,2005,2005-08-29T00:00:00.000Z,73,0,0,1,0,33.0,0,0.0,0.0,0.0,1236260.12,1150726.56,0.0,0.0,1236260.12,1236260.1199999999,1188027.32,91386.71692307692,7.0,13.0,4.0,9.0,False,True,False,False,False,False,False
3250,2005-09-13T00:00:00.000Z,Hurricane,EM,OH,2005,2005-08-29T00:00:00.000Z,88,0,0,1,0,33.0,0,0.0,0.0,0.0,2541599.6,2564351.44,0.0,0.0,2541599.6,2541599.6,2455669.23,129245.74894736843,13.0,19.0,7.0,12.0,False,True,False,False,False,False,False
3251,2005-09-13T00:00:00.000Z,Hurricane,EM,MD,2005,2005-08-29T00:00:00.000Z,24,0,0,1,0,33.0,0,0.0,0.0,0.0,1565130.68,1541834.68,0.0,0.0,1565130.68,1565130.68,1502419.68,30661.62612244898,13.0,49.0,10.0,39.0,False,True,False,False,False,False,False
3252,2005-09-13T00:00:00.000Z,Hurricane,EM,MA,2005,2005-08-29T00:00:00.000Z,14,0,0,1,0,33.0,0,0.0,0.0,0.0,5854973.22,5855580.73,0.0,0.0,5854973.22,5854973.22,5722098.57,143052.46425000002,16.0,40.0,16.0,24.0,False,True,False,False,False,False,False
3253,2005-09-13T00:00:00.000Z,Hurricane,EM,MT,2005,2005-08-29T00:00:00.000Z,56,0,0,1,0,33.0,0,0.0,0.0,0.0,119960.41,91753.3,0.0,0.0,119960.41,119960.41,114693.39,57346.695,1.0,2.0,1.0,1.0,False,True,False,False,False,False,False
3254,2005-09-14T00:00:00.000Z,Hurricane,EM,NC,2005,2005-09-11T00:00:00.000Z,37,0,0,1,0,6.0,0,0.0,0.0,0.0,5201233.4,4996424.95,0.0,0.0,5201233.4,5201038.64,4996203.02,58061.527130434784,86.0,115.0,16.0,99.0,False,True,False,False,False,False,False
3255,2005-09-19T00:00:00.000Z,Hurricane,EM,RI,2005,2005-08-29T00:00:00.000Z,5,0,0,1,0,33.0,0,0.0,0.0,0.0,1110009.95,1131503.3,0.0,0.0,1110009.95,1110009.95,1062451.26,88537.605,9.0,12.0,3.0,9.0,False,True,False,False,False,False,False
3256,2005-09-19T00:00:00.000Z,Hurricane,EM,ME,2005,2005-08-29T00:00:00.000Z,15,0,0,1,0,33.0,0,0.0,0.0,0.0,51276.45,51276.45,0.0,0.0,51276.45,51276.45,48332.97,48332.97,1.0,1.0,0.0,1.0,False,True,False,False,False,False,False
3257,2005-09-19T00:00:00.000Z,Hurricane,EM,NJ,2005,2005-08-29T00:00:00.000Z,21,0,0,1,0,33.0,0,0.0,0.0,0.0,360856.81,334565.71,0.0,0.0,360856.81,360856.81,344943.26,22996.217333333334,3.0,15.0,2.0,13.0,False,True,False,False,False,False,False
3258,2005-09-19T00:00:00.000Z,Hurricane,EM,NH,2005,2005-08-29T00:00:00.000Z,10,0,0,1,0,33.0,0,0.0,0.0,0.0,9887.4,9887.4,0.0,0.0,9887.4,9887.4,9319.83,9319.83,1.0,1.0,0.0,1.0,False,True,False,False,False,False,False
3259,2005-09-20T00:00:00.000Z,Hurricane,EM,FL,2005,2005-09-18T00:00:00.000Z,4,0,0,1,0,35.0,0,0.0,0.0,0.0,7402953.83,7566282.12,0.0,0.0,7402953.83,7401353.97,7133650.1,56183.1102739726,68.0,146.0,35.0,111.0,True,True,False,False,False,False,False
3260,2005-09-21T00:00:00.000Z,Hurricane,EM,LA,2005,2005-09-20T00:00:00.000Z,64,0,0,1,0,42.0,0,0.0,0.0,0.0,0.0,0.0,0.0,0.0,0.0,0.0,0.0,0.0,0.0,0.0,0.0,0.0,0,0,0,0,0,0,0
3261,2005-09-21T00:00:00.000Z,Hurricane,EM,TX,2005,2005-09-20T00:00:00.000Z,255,0,0,1,0,24.0,0,0.0,0.0,0.0,6273272.45,6302758.63,0.0,0.0,6273272.45,6271791.4799999995,6038369.51,18298.089424242422,222.0,330.0,19.0,311.0,False,True,False,False,False,False,False
3262,2005-09-30T00:00:00.000Z,Hurricane,EM,NY,2005,2005-08-29T00:00:00.000Z,62,0,0,1,0,33.0,0,0.0,0.0,0.0,2760835.92,2715422.87,0.0,0.0,2760835.92,2760835.92,2678826.75,72400.72297297297,9.0,37.0,12.0,25.0,False,True,False,False,False,False,False
3263,2005-09-30T00:00:00.000Z,Hurricane,EM,DE,2005,2005-08-29T00:00:00.000Z,3,0,0,1,0,33.0,0,0.0,0.0,0.0,95418.65,100286.15,0.0,0.0,95418.65,95418.65,89661.81,14943.635,1.0,6.0,0.0,6.0,False,True,False,False,False,False,False
3264,2005-10-19T00:00:00.000Z,Severe Storm,EM,MA,2006,2005-10-07T00:00:00.000Z,1,0,0,1,0,15.0,0,0.0,0.0,0.0,594853.93,595026.34,0.0,0.0,594853.93,594853.93,562330.97,29993.282000000003,25.0,25.0,2.0,23.0,False,True,False,False,False,False,False
3265,2006-02-24T00:00:00.000Z,Snowstorm,EM,ME,2006,2005-12-25T00:00:00.000Z,1,0,0,1,0,2.0,0,0.0,0.0,0.0,566376.69,566376.69,0.0,0.0,566376.69,566376.6900000001,533910.78,16555.371627906978,42.0,43.0,3.0,40.0,False,True,False,False,False,False,False
3266,2006-05-02T00:00:00.000Z,Snowstorm,EM,CT,2006,2006-02-11T00:00:00.000Z,5,0,0,1,0,1.0,0,0.0,0.0,0.0,9911219.22,9994559.29,0.0,0.0,9911219.22,9911219.22,9519165.63,79006.2148447205,156.0,161.0,71.0,90.0,False,True,False,False,False,False,False
3267,2006-07-21T00:00:00.000Z,Severe Storm,EM,MO,2006,2006-07-19T00:00:00.000Z,8,0,0,1,0,2.0,0,0.0,0.0,0.0,11028992.49,10996660.87,0.0,0.0,11028992.49,11028992.5,10713820.29,75184.70231578947,104.0,190.0,27.0,163.0,True,True,False,False,False,False,False
3268,2006-10-15T00:00:00.000Z,Snowstorm,EM,NY,2007,2006-10-12T00:00:00.000Z,4,0,0,1,0,13.0,0,0.0,0.0,0.0,0.0,0.0,0.0,0.0,0.0,0.0,0.0,0.0,0.0,0.0,0.0,0.0,0,0,0,0,0,0,0
3269,2006-12-29T00:00:00.000Z,Snowstorm,EM,IL,2007,2006-11-30T00:00:00.000Z,26,0,0,1,0,1.0,0,0.0,0.0,0.0,6247181.91,6274637.67,0.0,0.0,6247181.91,6247169.14,5964307.19,11995.716932330826,644.0,665.0,19.0,646.0,False,True,False,False,False,False,False
3270,2007-01-07T00:00:00.000Z,Snowstorm,EM,CO,2007,2006-12-18T00:00:00.000Z,16,0,0,1,0,4.0,0,0.0,0.0,0.0,8606436.54,8610144.47,0.0,0.0,8606436.54,8606437.02,8263015.97,41574.91920754717,215.0,265.0,46.0,219.0,False,True,False,False,False,False,False
3271,2007-01-07T00:00:00.000Z,Snowstorm,EM,CO,2007,2006-12-28T00:00:00.000Z,10,0,0,1,0,3.0,0,0.0,0.0,0.0,1322697.68,1320410.25,0.0,0.0,1322697.68,1322697.68,1251920.82,19186.524712643677,69.0,87.0,10.0,77.0,False,True,False,False,False,False,False
3272,2007-01-14T00:00:00.000Z,Severe Ice Storm,EM,OK,2007,2007-01-12T00:00:00.000Z,77,0,0,1,0,14.0,0,0.0,0.0,0.0,2140920.65,2086189.37,0.0,0.0,2140920.65,2140920.65,2045828.5099999998,58037.68765957446,31.0,47.0,10.0,37.0,False,True,False,False,False,False,False
3273,2007-02-23T00:00:00.000Z,Snowstorm,EM,NY,2007,2007-02-02T00:00:00.000Z,3,0,0,1,0,10.0,0,0.0,0.0,0.0,2617215.44,2150970.01,0.0,0.0,2617215.44,2617215.44,2508302.11,20844.398136645963,150.0,161.0,9.0,152.0,False,True,False,False,False,False,False
3274,2007-03-12T00:00:00.000Z,Snowstorm,EM,IN,2007,2007-02-12T00:00:00.000Z,49,0,0,1,0,2.0,0,0.0,0.0,0.0,9119854.72,9138717.94,0.0,0.0,9119854.72,9119854.71,8744857.959999999,25460.61679738562,421.0,459.0,33.0,426.0,False,True,False,False,False,False,False
3275,2007-03-30T00:00:00.000Z,Snowstorm,EM,IA,2007,2007-02-28T00:00:00.000Z,30,0,0,1,0,2.0,0,0.0,0.0,0.0,2865308.55,2802803.93,0.0,0.0,2865308.55,2865308.55,2725691.07,14713.58052631579,204.0,247.0,14.0,233.0,False,True,False,False,False,False,False
3276,2007-07-31T00:00:00.000Z,Drought,EM,FM,2007,2007-03-05T00:00:00.000Z,1,0,0,1,0,242.0,0,0.0,0.0,0.0,79259.86,79259.86,0.0,0.0,79259.86,79259.86,73991.65,98655.53,1.0,1.0,1.0,0.0,False,True,False,False,False,False,False
3277,2007-08-18T00:00:00.000Z,Hurricane,EM,TX,2007,2007-08-17T00:00:00.000Z,32,0,0,1,0,19.0,0,0.0,0.0,0.0,15338277.73,15399918.36,0.0,0.0,15338277.73,15338277.73,15025847.99,264080.6356578947,31.0,76.0,36.0,40.0,False,True,False,False,False,False,False
3278,2007-08-21T00:00:00.000Z,Other,EM,MN,2007,2007-08-01T00:00:00.000Z,1,0,0,1,0,14.0,0,0.0,0.0,0.0,3560273.15,3592835.96,0.0,0.0,3560273.15,3560273.15,3436567.96,82037.33446428573,12.0,56.0,20.0,36.0,False,True,False,False,False,False,False
3279,2007-10-23T00:00:00.000Z,Fire,EM,CA,2008,2007-10-21T00:00:00.000Z,7,0,0,1,0,162.0,0,0.0,0.0,0.0,0.0,0.0,0.0,0.0,0.0,0.0,0.0,0.0,0.0,0.0,0.0,0.0,0,0,0,0,0,0,0
3280,2007-12-10T00:00:00.000Z,Severe Ice Storm,EM,OK,2008,2007-12-08T00:00:00.000Z,77,0,0,1,0,26.0,0,0.0,0.0,0.0,0.0,0.0,0.0,0.0,0.0,0.0,0.0,0.0,0.0,0.0,0.0,0.0,0,0,0,0,0,0,0
3281,2007-12-12T00:00:00.000Z,Severe Ice Storm,EM,MO,2008,2007-12-08T00:00:00.000Z,116,0,0,1,0,7.0,0,0.0,0.0,0.0,0.0,0.0,0.0,0.0,0.0,0.0,0.0,0.0,0.0,0.0,0.0,0.0,0,0,0,0,0,0,0
3282,2007-12-12T00:00:00.000Z,Severe Storm,EM,KS,2008,2007-12-06T00:00:00.000Z,105,0,0,1,0,13.0,0,0.0,0.0,0.0,0.0,0.0,0.0,0.0,0.0,0.0,0.0,0.0,0.0,0.0,0.0,0.0,0,0,0,0,0,0,0
3283,2008-03-13T00:00:00.000Z,Snowstorm,EM,IL,2008,2008-02-05T00:00:00.000Z,8,0,0,1,0,1.0,0,0.0,0.0,0.0,5046066.37,5013490.12,3156.11,0.0,5046066.37,5046066.37,5046066.37,21060.442727272726,315.0,319.0,25.0,294.0,False,True,True,False,False,False,False
3284,2008-03-14T00:00:00.000Z,Fire,EM,TX,2008,2008-03-14T00:00:00.000Z,229,0,0,1,0,171.0,0,0.0,0.0,0.0,0.0,0.0,0.0,0.0,0.0,0.0,0.0,0.0,0.0,0.0,0.0,0.0,0,0,0,0,0,0,0
3285,2008-03-19T00:00:00.000Z,Snowstorm,EM,WI,2008,2008-02-05T00:00:00.000Z,11,0,0,1,0,1.0,0,0.0,0.0,0.0,8596849.56,8462882.85,0.0,0.0,8596849.56,8596849.56,8596849.56,24345.010362473346,463.0,469.0,35.0,434.0,False,True,False,False,False,False,False
3286,2008-04-24T00:00:00.000Z,Snowstorm,EM,OH,2008,2008-03-07T00:00:00.000Z,20,0,0,1,0,2.0,0,0.0,0.0,0.0,7122145.99,7078992.19,0.0,0.0,7122145.99,7122145.99,7122145.99,19429.937172131147,479.0,488.0,29.0,459.0,False,True,False,False,False,False,False
3287,2008-06-28T00:00:00.000Z,Fire,EM,CA,2008,2008-06-20T00:00:00.000Z,13,0,0,1,0,61.0,0,0.0,0.0,0.0,246230084.13,245295902.04,0.0,0.0,246230084.13,246230084.13,246230084.13,3999943.7164634145,39.0,82.0,25.0,57.0,False,True,False,False,False,False,False
3288,2008-08-21T00:00:00.000Z,Severe Storm,EM,FL,2008,2008-08-18T00:00:00.000Z,67,0,0,1,0,25.0,0,0.0,0.0,0.0,8915740.63,8889346.45,25932.75,0.0,8915740.63,8915740.63,8915740.63,43866.99350553506,101.0,271.0,32.0,239.0,True,True,False,False,False,True,False
3289,2008-08-29T00:00:00.000Z,Hurricane,EM,LA,2008,2008-08-27T00:00:00.000Z,64,0,0,1,0,15.0,0,0.0,0.0,0.0,0.0,0.0,0.0,0.0,0.0,0.0,0.0,0.0,0.0,0.0,0.0,0.0,0,0,0,0,0,0,0
3290,2008-08-29T00:00:00.000Z,Hurricane,EM,TX,2008,2008-08-27T00:00:00.000Z,61,0,0,1,0,11.0,0,0.0,0.0,0.0,27385680.76,27155369.85,0.0,0.0,27385680.76,27306108.25,27306108.25,129300.33074733095,64.0,281.0,97.0,184.0,False,True,False,False,False,False,False
3291,2008-08-30T00:00:00.000Z,Hurricane,EM,MS,2008,2008-08-28T00:00:00.000Z,82,0,0,1,0,11.0,0,0.0,0.0,0.0,356530.38,344114.38,0.0,0.0,356530.38,356530.38,356530.38,17453.154074074075,25.0,27.0,1.0,26.0,True,True,False,False,False,False,False
3292,2008-08-30T00:00:00.000Z,Hurricane,EM,AL,2008,2008-08-29T00:00:00.000Z,67,0,0,1,0,5.0,0,0.0,0.0,0.0,611711.02,589645.02,0.0,0.0,611711.02,611711.02,611711.02,89806.59555555556,6.0,9.0,1.0,8.0,False,True,False,False,False,False,False
3293,2008-09-07T00:00:00.000Z,Hurricane,EM,FL,2008,2008-09-05T00:00:00.000Z,1,0,0,1,0,7.0,0,0.0,0.0,0.0,957955.64,926010.1,0.0,0.0,957955.64,957955.64,957955.64,40858.890645161286,18.0,31.0,5.0,26.0,False,True,False,False,False,False,False
3294,2008-09-10T00:00:00.000Z,Hurricane,EM,TX,2008,2008-09-07T00:00:00.000Z,88,0,0,1,0,19.0,0,0.0,0.0,0.0,562028.74,562028.74,0.0,0.0,562028.74,562028.74,562028.74,30353.421304347823,19.0,23.0,2.0,21.0,False,True,False,False,False,False,False
3295,2008-09-11T00:00:00.000Z,Hurricane,EM,LA,2008,2008-09-07T00:00:00.000Z,4,0,0,1,0,61.0,0,0.0,0.0,0.0,0.0,0.0,0.0,0.0,0.0,0.0,0.0,0.0,0.0,0.0,0.0,0.0,0,0,0,0,0,0,0
3296,2008-12-13T00:00:00.000Z,Severe Storm,EM,MA,2009,2008-12-11T00:00:00.000Z,9,0,0,1,0,7.0,0,0.0,0.0,0.0,0.0,0.0,0.0,0.0,0.0,0.0,0.0,0.0,0.0,0.0,0.0,0.0,0,0,0,0,0,0,0
3297,2008-12-13T00:00:00.000Z,Severe Storm,EM,NH,2009,2008-12-11T00:00:00.000Z,10,0,0,1,0,12.0,0,0.0,0.0,0.0,0.0,0.0,0.0,0.0,0.0,0.0,0.0,0.0,0.0,0.0,0.0,0.0,0,0,0,0,0,0,0
3298,2008-12-15T00:00:00.000Z,Severe Storm,EM,ME,2009,2008-12-11T00:00:00.000Z,6,0,0,1,0,18.0,0,0.0,0.0,0.0,0.0,0.0,0.0,0.0,0.0,0.0,0.0,0.0,0.0,0.0,0.0,0.0,0,0,0,0,0,0,0
3299,2008-12-18T00:00:00.000Z,Severe Storm,EM,NY,2009,2008-12-11T00:00:00.000Z,16,0,0,1,0,20.0,0,0.0,0.0,0.0,11498194.84,10046653.19,0.0,0.0,11498194.84,11496783.9,11496783.9,28204.48501851852,132.0,540.0,39.0,501.0,True,True,False,False,False,False,False
3300,2009-01-13T00:00:00.000Z,Other,EM,DC,2009,2009-01-17T00:00:00.000Z,1,0,0,1,0,4.0,0,0.0,0.0,0.0,9540583.88,9531434.79,0.0,0.0,9540583.88,9540583.879999999,9540583.879999999,298143.24624999997,23.0,32.0,18.0,14.0,False,True,False,False,False,False,False
3301,2009-01-28T00:00:00.000Z,Severe Ice Storm,EM,AR,2009,2009-01-26T00:00:00.000Z,48,0,0,1,0,4.0,0,0.0,0.0,0.0,0.0,0.0,0.0,0.0,0.0,0.0,0.0,0.0,0.0,0.0,0.0,0.0,0,0,0,0,0,0,0
3302,2009-01-28T00:00:00.000Z,Severe Ice Storm,EM,KY,2009,2009-01-27T00:00:00.000Z,100,0,0,1,0,9.0,0,0.0,0.0,0.0,0.0,0.0,0.0,0.0,0.0,0.0,0.0,0.0,0.0,0.0,0.0,0.0,0,0,0,0,0,0,0
3303,2009-01-30T00:00:00.000Z,Severe Ice Storm,EM,MO,2009,2009-01-26T00:00:00.000Z,115,0,0,1,0,2.0,0,0.0,0.0,0.0,0.0,0.0,0.0,0.0,0.0,0.0,0.0,0.0,0.0,0.0,0.0,0.0,0,0,0,0,0,0,0
3304,2009-03-26T00:00:00.000Z,Severe Storm,EM,MN,2009,2009-03-16T00:00:00.000Z,7,0,0,1,0,67.0,0,0.0,0.0,0.0,544794.58,544794.58,0.0,0.0,544794.58,544794.58,544794.58,181598.1925,2.0,4.0,3.0,1.0,False,True,False,False,False,False,False
3305,2009-06-23T00:00:00.000Z,Snowstorm,EM,OK,2009,2009-03-27T00:00:00.000Z,4,0,0,1,0,1.0,0,0.0,0.0,0.0,397944.96,384452.73,0.0,0.0,397944.96,397944.96,397944.96,27697.81,14.0,19.0,4.0,15.0,False,True,False,False,False,False,False
3306,2009-10-24T00:00:00.000Z,Fire,EM,PR,2010,2009-10-23T00:00:00.000Z,5,0,0,1,0,3.0,0,0.0,0.0,0.0,2961508.24,2865215.24,0.0,0.0,2961508.24,2961508.2399999998,2961508.2399999998,56762.0268115942,27.0,69.0,15.0,54.0,False,True,False,False,False,False,False
3307,2010-01-24T00:00:00.000Z,Severe Storm,EM,AZ,2010,2010-01-20T00:00:00.000Z,5,0,0,1,0,9.0,0,0.0,0.0,0.0,0.0,0.0,0.0,0.0,0.0,0.0,0.0,0.0,0.0,0.0,0.0,0.0,0,0,0,0,0,0,0
3308,2010-01-30T00:00:00.000Z,Severe Storm,EM,OK,2010,2010-01-28T00:00:00.000Z,77,0,0,1,0,2.0,0,0.0,0.0,0.0,0.0,0.0,0.0,0.0,0.0,0.0,0.0,0.0,0.0,0.0,0.0,0.0,0,0,0,0,0,0,0
3309,2010-03-14T00:00:00.000Z,Flood,EM,ND,2010,2010-02-26T00:00:00.000Z,19,0,0,1,0,63.0,0,0.0,0.0,0.0,4872449.38,4542934.42,0.0,0.0,4872449.38,4872449.38,4872449.38,30551.56962264151,73.0,212.0,20.0,192.0,False,True,False,False,False,False,False
3310,2010-03-19T00:00:00.000Z,Flood,EM,MN,2010,2010-03-01T00:00:00.000Z,29,0,0,1,0,56.0,0,0.0,0.0,0.0,0.0,0.0,0.0,0.0,0.0,0.0,0.0,0.0,0.0,0.0,0.0,0.0,0,0,0,0,0,0,0
3311,2010-03-30T00:00:00.000Z,Severe Storm,EM,RI,2010,2010-03-12T00:00:00.000Z,5,0,0,1,0,31.0,0,0.0,0.0,0.0,0.0,0.0,0.0,0.0,0.0,0.0,0.0,0.0,0.0,0.0,0.0,0.0,0,0,0,0,0,0,0
3312,2010-05-03T00:00:00.000Z,Other,EM,MA,2010,2010-05-01T00:00:00.000Z,4,0,0,1,0,4.0,0,0.0,0.0,0.0,0.0,0.0,0.0,0.0,0.0,0.0,0.0,0.0,0.0,0.0,0.0,0.0,0,0,0,0,0,0,0
3313,2010-06-29T00:00:00.000Z,Hurricane,EM,TX,2010,2010-06-27T00:00:00.000Z,25,0,0,1,0,48.0,0,0.0,0.0,0.0,0.0,0.0,0.0,0.0,0.0,0.0,0.0,0.0,0.0,0.0,0.0,0.0,0,0,0,0,0,0,0
3314,2010-09-01T00:00:00.000Z,Hurricane,EM,NC,2010,2010-09-01T00:00:00.000Z,30,0,0,1,0,3.0,0,0.0,0.0,0.0,455369.3,438647.3,0.0,0.0,455369.3,455369.3,455369.3,16259.054054054053,34.0,37.0,1.0,36.0,False,True,False,False,False,False,False
3315,2010-09-02T00:00:00.000Z,Hurricane,EM,MA,2010,2010-09-01T00:00:00.000Z,10,0,0,1,0,3.0,0,0.0,0.0,0.0,741694.21,740080.16,0.0,0.0,741694.21,741694.21,741694.21,17340.130701754388,54.0,57.0,1.0,56.0,False,True,False,False,False,False,False
3316,2011-02-02T00:00:00.000Z,Severe Storm,EM,OK,2011,2011-01-31T00:00:00.000Z,77,0,0,1,0,5.0,0,0.0,0.0,0.0,0.0,0.0,0.0,0.0,0.0,0.0,0.0,0.0,0.0,0.0,0.0,0.0,0,0,0,0,0,0,0
3317,2011-02-03T00:00:00.000Z,Severe Storm,EM,MO,2011,2011-01-31T00:00:00.000Z,115,0,0,1,0,5.0,0,0.0,0.0,0.0,0.0,0.0,0.0,0.0,0.0,0.0,0.0,0.0,0.0,0.0,0.0,0.0,0,0,0,0,0,0,0
3318,2011-04-07T00:00:00.000Z,Flood,EM,ND,2011,2011-04-05T00:00:00.000Z,22,0,0,1,0,87.0,0,0.0,0.0,0.0,0.0,0.0,0.0,0.0,0.0,0.0,0.0,0.0,0.0,0.0,0.0,0.0,0,0,0,0,0,0,0
3319,2011-04-27T00:00:00.000Z,Severe Storm,EM,AL,2011,2011-04-27T00:00:00.000Z,67,0,0,1,0,34.0,0,0.0,0.0,0.0,0.0,0.0,0.0,0.0,0.0,0.0,0.0,0.0,0.0,0.0,0.0,0.0,0,0,0,0,0,0,0
3320,2011-05-04T00:00:00.000Z,Flood,EM,MS,2011,2011-04-27T00:00:00.000Z,14,0,0,1,0,51.0,0,0.0,0.0,0.0,16250.69,16250.69,0.0,0.0,16250.69,16250.689999999999,16250.689999999999,10833.789999999999,2.0,2.0,0.0,2.0,False,True,False,False,False,False,False
3321,2011-05-04T00:00:00.000Z,Flood,EM,TN,2011,2011-04-26T00:00:00.000Z,4,0,0,1,0,42.0,0,0.0,0.0,0.0,0.0,0.0,0.0,0.0,0.0,0.0,0.0,0.0,0.0,0.0,0.0,0.0,0,0,0,0,0,0,0
3322,2011-05-06T00:00:00.000Z,Flood,EM,LA,2011,2011-04-25T00:00:00.000Z,26,0,0,1,0,73.0,0,0.0,0.0,0.0,28922892.77,28290606.47,0.0,0.0,28922892.77,28922892.77,28922892.77,199898.12802083333,76.0,192.0,88.0,104.0,False,True,False,False,False,False,False
3323,2011-06-18T00:00:00.000Z,Flood,EM,NE,2011,2011-06-17T00:00:00.000Z,18,0,0,1,0,45.0,0,0.0,0.0,0.0,0.0,0.0,0.0,0.0,0.0,0.0,0.0,0.0,0.0,0.0,0.0,0.0,0,0,0,0,0,0,0
3324,2011-06-25T00:00:00.000Z,Flood,EM,KS,2011,2011-06-01T00:00:00.000Z,4,0,0,1,0,61.0,0,0.0,0.0,0.0,0.0,0.0,0.0,0.0,0.0,0.0,0.0,0.0,0.0,0.0,0.0,0.0,0,0,0,0,0,0,0
3325,2011-06-30T00:00:00.000Z,Flood,EM,MO,2011,2011-06-01T00:00:00.000Z,28,0,0,1,0,61.0,0,0.0,0.0,0.0,0.0,0.0,0.0,0.0,0.0,0.0,0.0,0.0,0.0,0.0,0.0,0.0,0,0,0,0,0,0,0
3326,2011-08-22T00:00:00.000Z,Hurricane,EM,PR,2011,2011-08-21T00:00:00.000Z,78,0,0,1,0,3.0,0,0.0,0.0,0.0,781030.88,777654.44,0.0,0.0,781030.88,781030.88,781030.88,12863.746296296296,14.0,81.0,5.0,76.0,False,True,False,False,False,False,False
3327,2011-08-25T00:00:00.000Z,Hurricane,EM,NC,2011,2011-08-25T00:00:00.000Z,34,0,0,1,0,7.0,0,0.0,0.0,0.0,0.0,0.0,0.0,0.0,0.0,0.0,0.0,0.0,0.0,0.0,0.0,0.0,0,0,0,0,0,0,0
3328,2011-08-26T00:00:00.000Z,Hurricane,EM,NY,2011,2011-08-25T00:00:00.000Z,17,0,0,1,0,11.0,0,0.0,0.0,0.0,1313887.82,1313887.82,0.0,0.0,1313887.82,1313887.82,1313887.82,48662.510833333334,31.0,36.0,7.0,29.0,False,True,False,False,False,False,False
3329,2011-08-26T00:00:00.000Z,Hurricane,EM,VA,2011,2011-08-26T00:00:00.000Z,30,0,0,1,0,9.0,0,0.0,0.0,0.0,74241.71,73559.71,0.0,0.0,74241.71,74241.70999999999,74241.70999999999,11478.656666666668,5.0,9.0,0.0,9.0,False,True,False,False,False,False,False
3330,2011-08-26T00:00:00.000Z,Hurricane,EM,MA,2011,2011-08-26T00:00:00.000Z,14,0,0,1,0,10.0,0,0.0,0.0,0.0,5366361.92,5365114.75,0.0,0.0,5366361.92,5366361.92,5366361.92,37272.990781249995,151.0,192.0,19.0,173.0,False,True,False,False,False,False,False
3331,2011-08-27T00:00:00.000Z,Hurricane,EM,CT,2011,2011-08-26T00:00:00.000Z,8,1,0,1,0,6.0,0,0.0,0.0,0.0,0.0,0.0,0.0,0.0,0.0,0.0,0.0,0.0,0.0,0.0,0.0,0.0,0,0,0,0,0,0,0
3332,2011-08-27T00:00:00.000Z,Hurricane,EM,NJ,2011,2011-08-26T00:00:00.000Z,21,0,0,1,0,10.0,0,0.0,0.0,0.0,0.0,0.0,0.0,0.0,0.0,0.0,0.0,0.0,0.0,0.0,0.0,0.0,0,0,0,0,0,0,0
3334,2011-08-27T00:00:00.000Z,Hurricane,EM,RI,2011,2011-08-26T00:00:00.000Z,5,0,0,1,0,3.0,0,0.0,0.0,0.0,0.0,0.0,0.0,0.0,0.0,0.0,0.0,0.0,0.0,0.0,0.0,0.0,0,0,0,0,0,0,0
3335,2011-08-27T00:00:00.000Z,Hurricane,EM,MD,2011,2011-08-26T00:00:00.000Z,23,0,0,1,0,10.0,0,0.0,0.0,0.0,5191261.4,5183599.95,0.0,0.0,5191261.4,5191261.4,5191261.4,51264.20859259259,51.0,135.0,35.0,100.0,False,True,False,False,False,False,False
3336,2011-08-28T00:00:00.000Z,Hurricane,EM,DE,2011,2011-08-26T00:00:00.000Z,3,0,0,1,0,5.0,0,0.0,0.0,0.0,916843.53,912147.08,1336.34,0.0,916843.53,916843.53,916843.53,19361.13890625,28.0,64.0,4.0,60.0,False,True,False,False,True,False,False
3337,2011-08-28T00:00:00.000Z,Hurricane,EM,DC,2011,2011-08-26T00:00:00.000Z,1,0,0,1,0,6.0,0,0.0,0.0,0.0,0.0,0.0,0.0,0.0,0.0,0.0,0.0,0.0,0.0,0.0,0.0,0.0,0,0,0,0,0,0,0
3338,2011-08-29T00:00:00.000Z,Hurricane,EM,VT,2011,2011-08-26T00:00:00.000Z,14,0,0,1,0,7.0,0,0.0,0.0,0.0,0.0,0.0,0.0,0.0,0.0,0.0,0.0,0.0,0.0,0.0,0.0,0.0,0,0,0,0,0,0,0
3339,2011-08-29T00:00:00.000Z,Hurricane,EM,PA,2011,2011-08-26T00:00:00.000Z,13,0,0,1,0,19.0,0,0.0,0.0,0.0,0.0,0.0,0.0,0.0,0.0,0.0,0.0,0.0,0.0,0.0,0.0,0.0,0,0,0,0,0,0,0
3340,2011-09-08T00:00:00.000Z,Flood,EM,PA,2011,2011-09-03T00:00:00.000Z,42,0,0,1,0,42.0,0,0.0,0.0,0.0,495306.49,495306.49,0.0,0.0,495306.49,495306.49,495306.49,20012.381818181817,31.0,33.0,2.0,31.0,False,True,False,False,False,False,False
3341,2011-09-08T00:00:00.000Z,Severe Storm,EM,NY,2011,2011-09-07T00:00:00.000Z,15,0,0,1,0,4.0,0,0.0,0.0,0.0,3194.36,3194.36,0.0,0.0,3194.36,3194.36,3194.36,4259.15,1.0,1.0,0.0,1.0,False,True,False,False,False,False,False
3342,2011-10-31T00:00:00.000Z,Severe Storm,EM,CT,2012,2011-10-29T00:00:00.000Z,8,0,0,1,0,1.0,0,0.0,0.0,0.0,28257.8,26307.8,0.0,0.0,28257.8,28257.8,28257.8,5289.58,6.0,7.0,0.0,7.0,True,True,False,False,False,False,False
3343,2011-11-01T00:00:00.000Z,Severe Storm,EM,MA,2012,2011-10-29T00:00:00.000Z,8,0,0,1,0,1.0,0,0.0,0.0,0.0,0.0,0.0,0.0,0.0,0.0,0.0,0.0,0.0,0.0,0.0,0.0,0.0,0,0,0,0,0,0,0
3344,2011-11-01T00:00:00.000Z,Severe Storm,EM,NH,2012,2011-10-29T00:00:00.000Z,10,0,0,1,0,1.0,0,0.0,0.0,0.0,0.0,0.0,0.0,0.0,0.0,0.0,0.0,0.0,0.0,0.0,0.0,0.0,0,0,0,0,0,0,0
3345,2012-06-30T00:00:00.000Z,Severe Storm,EM,WV,2012,2012-06-29T00:00:00.000Z,55,0,0,1,0,11.0,0,0.0,0.0,0.0,0.0,0.0,0.0,0.0,0.0,0.0,0.0,0.0,0.0,0.0,0.0,0.0,0,0,0,0,0,0,0
3346,2012-06-30T00:00:00.000Z,Severe Storm,EM,OH,2012,2012-06-29T00:00:00.000Z,88,0,0,1,0,3.0,0,0.0,0.0,0.0,0.0,0.0,0.0,0.0,0.0,0.0,0.0,0.0,0.0,0.0,0.0,0.0,0,0,0,0,0,0,0
3347,2012-08-27T00:00:00.000Z,Hurricane,EM,LA,2012,2012-08-26T00:00:00.000Z,34,0,0,1,0,15.0,0,0.0,0.0,0.0,0.0,0.0,0.0,0.0,0.0,0.0,0.0,0.0,0.0,0.0,0.0,0.0,0,0,0,0,0,0,0
3348,2012-08-28T00:00:00.000Z,Hurricane,EM,MS,2012,2012-08-26T00:00:00.000Z,34,0,0,1,0,16.0,0,0.0,0.0,0.0,0.0,0.0,0.0,0.0,0.0,0.0,0.0,0.0,0.0,0.0,0.0,0.0,0,0,0,0,0,0,0
3349,2012-10-28T00:00:00.000Z,Hurricane,EM,MD,2013,2012-10-26T00:00:00.000Z,24,0,0,1,0,13.0,0,0.0,0.0,0.0,0.0,0.0,0.0,0.0,0.0,0.0,0.0,0.0,0.0,0.0,0.0,0.0,0,0,0,0,0,0,0
3350,2012-10-28T00:00:00.000Z,Hurricane,EM,MA,2013,2012-10-27T00:00:00.000Z,14,0,0,1,0,12.0,0,0.0,0.0,0.0,0.0,0.0,0.0,0.0,0.0,0.0,0.0,0.0,0.0,0.0,0.0,0.0,0,0,0,0,0,0,0
3351,2012-10-28T00:00:00.000Z,Hurricane,EM,NY,2013,2012-10-27T00:00:00.000Z,62,0,0,1,0,12.0,0,0.0,0.0,0.0,0.0,0.0,0.0,0.0,0.0,0.0,0.0,0.0,0.0,0.0,0.0,0.0,0,0,0,0,0,0,0
3352,2012-10-28T00:00:00.000Z,Hurricane,EM,DC,2013,2012-10-28T00:00:00.000Z,1,0,0,1,0,3.0,0,0.0,0.0,0.0,0.0,0.0,0.0,0.0,0.0,0.0,0.0,0.0,0.0,0.0,0.0,0.0,0,0,0,0,0,0,0
3353,2012-10-28T00:00:00.000Z,Hurricane,EM,CT,2013,2012-10-27T00:00:00.000Z,8,0,0,1,0,12.0,0,0.0,0.0,0.0,0.0,0.0,0.0,0.0,0.0,0.0,0.0,0.0,0.0,0.0,0.0,0.0,0,0,0,0,0,0,0
3354,2012-10-28T00:00:00.000Z,Hurricane,EM,NJ,2013,2012-10-26T00:00:00.000Z,21,0,0,1,0,13.0,0,0.0,0.0,0.0,0.0,0.0,0.0,0.0,0.0,0.0,0.0,0.0,0.0,0.0,0.0,0.0,0,0,0,0,0,0,0
3355,2012-10-29T00:00:00.000Z,Hurricane,EM,RI,2013,2012-10-26T00:00:00.000Z,5,0,0,1,0,13.0,0,0.0,0.0,0.0,0.0,0.0,0.0,0.0,0.0,0.0,0.0,0.0,0.0,0.0,0.0,0.0,0,0,0,0,0,0,0
3356,2012-10-29T00:00:00.000Z,Hurricane,EM,PA,2013,2012-10-26T00:00:00.000Z,68,0,0,1,0,13.0,0,0.0,0.0,0.0,0.0,0.0,0.0,0.0,0.0,0.0,0.0,0.0,0.0,0.0,0.0,0.0,0,0,0,0,0,0,0
3357,2012-10-29T00:00:00.000Z,Hurricane,EM,DE,2013,2012-10-27T00:00:00.000Z,3,0,0,1,0,12.0,0,0.0,0.0,0.0,0.0,0.0,0.0,0.0,0.0,0.0,0.0,0.0,0.0,0.0,0.0,0.0,0,0,0,0,0,0,0
3358,2012-10-29T00:00:00.000Z,Hurricane,EM,WV,2013,2012-10-29T00:00:00.000Z,55,0,0,1,0,10.0,0,0.0,0.0,0.0,19645.54,19645.54,0.0,0.0,19645.54,19645.54,19645.54,5238.812,5.0,5.0,0.0,5.0,False,True,False,False,False,False,False
3359,2012-10-29T00:00:00.000Z,Hurricane,EM,VA,2013,2012-10-26T00:00:00.000Z,136,0,0,1,0,6.0,0,0.0,0.0,0.0,0.0,0.0,0.0,0.0,0.0,0.0,0.0,0.0,0.0,0.0,0.0,0.0,0,0,0,0,0,0,0
3360,2012-10-30T00:00:00.000Z,Hurricane,EM,NH,2013,2012-10-26T00:00:00.000Z,10,0,0,1,0,5.0,0,0.0,0.0,0.0,644300.52,643660.59,0.0,0.0,644300.52,644300.52,644300.52,12133.014084507042,66.0,71.0,0.0,71.0,False,True,False,False,False,False,False
3361,2013-02-10T00:00:00.000Z,Severe Storm,EM,CT,2013,2013-02-08T00:00:00.000Z,9,0,0,1,0,3.0,0,0.0,0.0,0.0,0.0,0.0,0.0,0.0,0.0,0.0,0.0,0.0,0.0,0.0,0.0,0.0,0,0,0,0,0,0,0
3362,2013-04-17T00:00:00.000Z,Terrorist,EM,MA,2013,2013-04-15T00:00:00.000Z,4,0,0,1,0,7.0,0,0.0,0.0,0.0,6195205.8,6150974.31,0.0,0.0,6195205.8,6195205.8,6195205.8,164910.6094,46.0,50.0,9.0,41.0,False,True,False,False,False,False,False
3363,2013-04-19T00:00:00.000Z,Other,EM,TX,2013,2013-04-17T00:00:00.000Z,1,1,0,1,0,3.0,0,908559.23,368377.93,540181.3,4019821.87,3877551.87,0.0,0.0,4928381.1,4019671.86,4019671.86,268963.50363636366,15.0,22.0,5.0,17.0,True,True,False,False,False,False,False
3364,2013-04-26T00:00:00.000Z,Flood,EM,ND,2013,2013-04-22T00:00:00.000Z,6,0,0,1,0,15.0,0,0.0,0.0,0.0,0.0,0.0,0.0,0.0,0.0,0.0,0.0,0.0,0.0,0.0,0.0,0.0,0,0,0,0,0,0,0
3365,2013-09-12T00:00:00.000Z,Flood,EM,CO,2013,2013-09-11T00:00:00.000Z,15,0,0,1,0,19.0,0,0.0,0.0,0.0,0.0,0.0,0.0,0.0,0.0,0.0,0.0,0.0,0.0,0.0,0.0,0.0,0,0,0,0,0,0,0
3366,2014-01-10T00:00:00.000Z,Chemical,EM,WV,2014,2014-01-09T00:00:00.000Z,9,0,0,1,0,11.0,0,0.0,0.0,0.0,1639099.39,1616759.14,0.0,0.0,1639099.39,1639099.39,1639099.39,40333.68611111111,51.0,54.0,7.0,47.0,False,True,False,False,False,False,False
3367,2014-02-06T00:00:00.000Z,Severe Ice Storm,EM,PA,2014,2014-02-04T00:00:00.000Z,7,0,0,1,0,16.0,0,0.0,0.0,0.0,0.0,0.0,0.0,0.0,0.0,0.0,0.0,0.0,0.0,0.0,0.0,0.0,0,0,0,0,0,0,0
3368,2014-02-11T00:00:00.000Z,Severe Ice Storm,EM,GA,2014,2014-02-10T00:00:00.000Z,91,0,0,1,0,4.0,0,0.0,0.0,0.0,0.0,0.0,0.0,0.0,0.0,0.0,0.0,0.0,0.0,0.0,0.0,0.0,0,0,0,0,0,0,0
3369,2014-02-12T00:00:00.000Z,Severe Ice Storm,EM,SC,2014,2014-02-10T00:00:00.000Z,46,0,0,1,0,9.0,0,0.0,0.0,0.0,0.0,0.0,0.0,0.0,0.0,0.0,0.0,0.0,0.0,0.0,0.0,0.0,0,0,0,0,0,0,0
3370,2014-03-24T00:00:00.000Z,Mud/Landslide,EM,WA,2014,2014-03-22T00:00:00.000Z,1,0,0,1,0,37.0,0,0.0,0.0,0.0,0.0,0.0,0.0,0.0,0.0,0.0,0.0,0.0,0.0,0.0,0.0,0.0,0,0,0,0,0,0,0
3371,2014-07-23T00:00:00.000Z,Fire,EM,WA,2014,2014-07-09T00:00:00.000Z,3,0,0,1,0,27.0,0,0.0,0.0,0.0,0.0,0.0,0.0,0.0,0.0,0.0,0.0,0.0,0.0,0.0,0.0,0.0,0,0,0,0,0,0,0
3372,2015-08-21T00:00:00.000Z,Fire,EM,WA,2015,2015-08-13T00:00:00.000Z,15,0,0,1,0,28.0,0,0.0,0.0,0.0,0.0,0.0,0.0,0.0,0.0,0.0,0.0,0.0,0.0,0.0,0.0,0.0,0,0,0,0,0,0,0
3373,2015-10-03T00:00:00.000Z,Severe Storm,EM,SC,2016,2015-10-01T00:00:00.000Z,47,0,0,1,0,22.0,0,0.0,0.0,0.0,0.0,0.0,0.0,0.0,0.0,0.0,0.0,0.0,0.0,0.0,0.0,0.0,0,0,0,0,0,0,0
3374,2016-01-02T00:00:00.000Z,Flood,EM,MO,2016,2015-12-22T00:00:00.000Z,74,0,0,1,0,18.0,0,0.0,0.0,0.0,0.0,0.0,0.0,0.0,0.0,0.0,0.0,0.0,0.0,0.0,0.0,0.0,0,0,0,0,0,0,0
3375,2016-01-16T00:00:00.000Z,Toxic Substances,EM,MI,2016,2014-04-25T00:00:00.000Z,1,0,0,1,0,842.0,0,0.0,0.0,0.0,0.0,0.0,0.0,0.0,0.0,0.0,0.0,0.0,0.0,0.0,0.0,0.0,0,0,0,0,0,0,0
3376,2016-02-05T00:00:00.000Z,Flood,EM,LA,2016,2015-12-28T00:00:00.000Z,7,0,0,1,0,35.0,0,0.0,0.0,0.0,6999940.03,6887862.58,0.0,0.0,6999940.03,6999940.029999999,6999940.029999999,489257.58999999997,17.0,19.0,9.0,10.0,False,True,False,False,False,False,False
3377,2016-10-06T00:00:00.000Z,Hurricane,EM,FL,2017,2016-10-03T00:00:00.000Z,28,0,0,1,0,16.0,0,0.0,0.0,0.0,0.0,0.0,0.0,0.0,0.0,0.0,0.0,0.0,0.0,0.0,0.0,0.0,0,0,0,0,0,0,0
3378,2016-10-06T00:00:00.000Z,Hurricane,EM,SC,2017,2016-10-04T00:00:00.000Z,47,0,0,1,0,26.0,0,0.0,0.0,0.0,0.0,0.0,0.0,0.0,0.0,0.0,0.0,0.0,0.0,0.0,0.0,0.0,0,0,0,0,0,0,0
3379,2016-10-06T00:00:00.000Z,Hurricane,EM,GA,2017,2016-10-04T00:00:00.000Z,30,0,0,1,0,11.0,0,0.0,0.0,0.0,0.0,0.0,0.0,0.0,0.0,0.0,0.0,0.0,0.0,0.0,0.0,0.0,0,0,0,0,0,0,0
3380,2016-10-07T00:00:00.000Z,Hurricane,EM,NC,2017,2016-10-04T00:00:00.000Z,66,0,0,1,0,20.0,0,0.0,0.0,0.0,0.0,0.0,0.0,0.0,0.0,0.0,0.0,0.0,0.0,0.0,0.0,0.0,0,0,0,0,0,0,0
3381,2017-02-14T00:00:00.000Z,Dam/Levee Break,EM,CA,2017,2017-02-07T00:00:00.000Z,3,0,0,1,0,16.0,0,0.0,0.0,0.0,0.0,0.0,0.0,0.0,0.0,0.0,0.0,0.0,0.0,0.0,0.0,0.0,0,0,0,0,0,0,0
3382,2017-08-28T00:00:00.000Z,Hurricane,EM,LA,2017,2017-08-27T00:00:00.000Z,12,0,0,1,0,14.0,0,0.0,0.0,0.0,0.0,0.0,0.0,0.0,0.0,0.0,0.0,0.0,0.0,0.0,0.0,0.0,0,0,0,0,0,0,0
3383,2017-09-05T00:00:00.000Z,Hurricane,EM,VI,2017,2017-09-05T00:00:00.000Z,3,0,0,1,0,2.0,0,0.0,0.0,0.0,0.0,0.0,0.0,0.0,0.0,0.0,0.0,0.0,0.0,0.0,0.0,0.0,0,0,0,0,0,0,0
3384,2017-09-05T00:00:00.000Z,Hurricane,EM,PR,2017,2017-09-05T00:00:00.000Z,10,0,0,1,0,2.0,0,0.0,0.0,0.0,24096375.72,22209801.8,0.0,0.0,24096375.72,24137536.66,24137536.66,258559.74047999998,54.0,125.0,24.0,101.0,True,True,False,False,False,False,False
3385,2017-09-05T00:00:00.000Z,Hurricane,EM,FL,2017,2017-09-04T00:00:00.000Z,67,0,0,1,0,44.0,0,0.0,0.0,0.0,0.0,0.0,0.0,0.0,0.0,0.0,0.0,0.0,0.0,0.0,0.0,0.0,0,0,0,0,0,0,0
3386,2017-09-07T00:00:00.000Z,Hurricane,EM,SC,2017,2017-09-06T00:00:00.000Z,47,0,0,1,0,7.0,0,0.0,0.0,0.0,0.0,0.0,0.0,0.0,0.0,0.0,0.0,0.0,0.0,0.0,0.0,0.0,0,0,0,0,0,0,0
3387,2017-09-08T00:00:00.000Z,Hurricane,EM,GA,2017,2017-09-07T00:00:00.000Z,159,0,0,1,0,13.0,0,0.0,0.0,0.0,0.0,0.0,0.0,0.0,0.0,0.0,0.0,0.0,0.0,0.0,0.0,0.0,0,0,0,0,0,0,0
3388,2017-09-08T00:00:00.000Z,Hurricane,EM,FL,2017,2017-09-04T00:00:00.000Z,1,0,0,1,0,30.0,0,0.0,0.0,0.0,0.0,0.0,0.0,0.0,0.0,0.0,0.0,0.0,0.0,0.0,0.0,0.0,0,0,0,0,0,0,0
3389,2017-09-11T00:00:00.000Z,Hurricane,EM,AL,2017,2017-09-08T00:00:00.000Z,68,0,0,1,0,6.0,0,0.0,0.0,0.0,585571.92,538731.49,0.0,0.0,585571.92,585571.92,585571.92,20912.40108108108,31.0,37.0,1.0,36.0,False,True,False,False,False,False,False
3390,2017-09-18T00:00:00.000Z,Hurricane,EM,VI,2017,2017-09-16T00:00:00.000Z,3,0,0,1,0,6.0,0,0.0,0.0,0.0,0.0,0.0,0.0,0.0,0.0,0.0,0.0,0.0,0.0,0.0,0.0,0.0,0,0,0,0,0,0,0
3391,2017-09-18T00:00:00.000Z,Hurricane,EM,PR,2017,2017-09-17T00:00:00.000Z,78,0,0,1,0,59.0,0,0.0,0.0,0.0,0.0,0.0,0.0,0.0,0.0,0.0,0.0,0.0,0.0,0.0,0.0,0.0,0,0,0,0,0,0,0
3392,2017-10-06T00:00:00.000Z,Hurricane,EM,LA,2018,2017-10-05T00:00:00.000Z,19,0,0,1,0,3.0,0,0.0,0.0,0.0,4365509.79,4021752.95,0.0,0.0,4365509.79,4378270.52,4378270.52,94085.5731147541,45.0,61.0,10.0,51.0,False,True,False,False,False,False,True
3393,2017-10-07T00:00:00.000Z,Hurricane,EM,MS,2018,2017-10-06T00:00:00.000Z,6,0,0,1,0,4.0,0,0.0,0.0,0.0,0.0,0.0,0.0,0.0,0.0,0.0,0.0,0.0,0.0,0.0,0.0,0.0,0,0,0,0,0,0,0
3394,2017-10-08T00:00:00.000Z,Hurricane,EM,AL,2018,2017-10-06T00:00:00.000Z,40,0,0,1,0,4.0,0,0.0,0.0,0.0,0.0,0.0,0.0,0.0,0.0,0.0,0.0,0.0,0.0,0.0,0.0,0.0,0,0,0,0,0,0,0
3395,2017-10-08T00:00:00.000Z,Hurricane,EM,FL,2018,2017-10-07T00:00:00.000Z,2,0,0,1,0,4.0,0,0.0,0.0,0.0,446808.86,408677.66,0.0,0.0,446808.86,446808.86,446808.86,97217.13166666667,4.0,6.0,1.0,5.0,False,True,False,False,False,False,False
3396,2017-12-08T00:00:00.000Z,Fire,EM,CA,2018,2017-12-04T00:00:00.000Z,5,0,0,1,0,25.0,0,0.0,0.0,0.0,0.0,0.0,0.0,0.0,0.0,0.0,0.0,0.0,0.0,0.0,0.0,0.0,0,0,0,0,0,0,0
3397,2018-02-11T00:00:00.000Z,Hurricane,EM,AS,2018,2018-02-07T00:00:00.000Z,5,0,0,1,0,5.0,0,0.0,0.0,0.0,0.0,0.0,0.0,0.0,0.0,0.0,0.0,0.0,0.0,0.0,0.0,0.0,0,0,0,0,0,0,0
3398,2018-07-28T00:00:00.000Z,Fire,EM,CA,2018,2018-07-23T00:00:00.000Z,1,0,0,1,0,58.0,0,0.0,0.0,0.0,0.0,0.0,0.0,0.0,0.0,0.0,0.0,0.0,0.0,0.0,0.0,0.0,0,0,0,0,0,0,0
3399,2018-08-22T00:00:00.000Z,Hurricane,EM,HI,2018,2018-08-22T00:00:00.000Z,4,0,0,1,0,7.0,0,0.0,0.0,0.0,0.0,0.0,0.0,0.0,0.0,0.0,0.0,0.0,0.0,0.0,0.0,0.0,0,0,0,0,0,0,0
3400,2018-09-10T00:00:00.000Z,Hurricane,EM,SC,2018,2018-09-08T00:00:00.000Z,47,0,0,1,0,30.0,0,0.0,0.0,0.0,0.0,0.0,0.0,0.0,0.0,0.0,0.0,0.0,0.0,0.0,0.0,0.0,0,0,0,0,0,0,0
3402,2018-09-10T00:00:00.000Z,Typhoon,EM,MP,2018,2018-09-10T00:00:00.000Z,3,0,0,1,0,1.0,0,0.0,0.0,0.0,0.0,0.0,0.0,0.0,0.0,0.0,0.0,0.0,0.0,0.0,0.0,0.0,0,0,0,0,0,0,0
3407,2018-10-12T00:00:00.000Z,Hurricane,EM,AL,2019,2018-10-10T00:00:00.000Z,18,0,0,1,0,3.0,0,0.0,0.0,0.0,0.0,0.0,0.0,0.0,0.0,0.0,0.0,0.0,0.0,0.0,0.0,0.0,0,0,0,0,0,0,0
3408,2018-10-23T00:00:00.000Z,Typhoon,EM,MP,2019,2018-10-24T00:00:00.000Z,4,0,0,1,0,2.0,0,0.0,0.0,0.0,0.0,0.0,0.0,0.0,0.0,0.0,0.0,0.0,0.0,0.0,0.0,0.0,0,0,0,0,0,0,0
3409,2018-11-09T00:00:00.000Z,Fire,EM,CA,2019,2018-11-08T00:00:00.000Z,3,0,0,1,0,17.0,0,0.0,0.0,0.0,0.0,0.0,0.0,0.0,0.0,0.0,0.0,0.0,0.0,0.0,0.0,0.0,0,0,0,0,0,0,0
3410,2018-11-30T00:00:00.000Z,Earthquake,EM,AK,2019,2018-11-30T00:00:00.000Z,3,0,0,1,0,0.0,0,0.0,0.0,0.0,0.0,0.0,0.0,0.0,0.0,0.0,0.0,0.0,0.0,0.0,0.0,0.0,0,0,0,0,0,0,0
3411,2019-05-25T00:00:00.000Z,Flood,EM,OK,2019,2019-05-07T00:00:00.000Z,10,0,0,1,0,33.0,0,0.0,0.0,0.0,0.0,0.0,0.0,0.0,0.0,0.0,0.0,0.0,0.0,0.0,0.0,0.0,0,0,0,0,0,0,0
3412,2019-05-28T00:00:00.000Z,Severe Storm,EM,KS,2019,2019-05-09T00:00:00.000Z,33,0,0,1,0,64.0,0,0.0,0.0,0.0,0.0,0.0,0.0,0.0,0.0,0.0,0.0,0.0,0.0,0.0,0.0,0.0,0,0,0,0,0,0,0
3413,2019-05-29T00:00:00.000Z,Flood,EM,LA,2019,2019-05-10T00:00:00.000Z,11,0,0,1,0,38.0,0,0.0,0.0,0.0,0.0,0.0,0.0,0.0,0.0,0.0,0.0,0.0,0.0,0.0,0.0,0.0,0,0,0,0,0,0,0
3414,2019-05-30T00:00:00.000Z,Flood,EM,AR,2019,2019-05-21T00:00:00.000Z,16,0,0,1,0,24.0,0,0.0,0.0,0.0,0.0,0.0,0.0,0.0,0.0,0.0,0.0,0.0,0.0,0.0,0.0,0.0,0,0,0,0,0,0,0
3415,2019-07-08T00:00:00.000Z,Earthquake,EM,CA,2019,2019-07-04T00:00:00.000Z,2,0,0,1,0,8.0,0,0.0,0.0,0.0,0.0,0.0,0.0,0.0,0.0,0.0,0.0,0.0,0.0,0.0,0.0,0.0,0,0,0,0,0,0,0
3416,2019-07-11T00:00:00.000Z,Coastal Storm,EM,LA,2019,2019-07-10T00:00:00.000Z,41,0,0,1,0,5.0,0,0.0,0.0,0.0,0.0,0.0,0.0,0.0,0.0,0.0,0.0,0.0,0.0,0.0,0.0,0.0,0,0,0,0,0,0,0
3417,2019-08-27T00:00:00.000Z,Severe Storm,EM,PR,2019,2019-08-26T00:00:00.000Z,78,0,0,1,0,11.0,0,0.0,0.0,0.0,0.0,0.0,0.0,0.0,0.0,0.0,0.0,0.0,0.0,0.0,0.0,0.0,0,0,0,0,0,0,0
3418,2019-08-28T00:00:00.000Z,Hurricane,EM,VI,2019,2019-08-26T00:00:00.000Z,3,0,0,1,0,11.0,0,0.0,0.0,0.0,0.0,0.0,0.0,0.0,0.0,0.0,0.0,0.0,0.0,0.0,0.0,0.0,0,0,0,0,0,0,0
3419,2019-08-30T00:00:00.000Z,Hurricane,EM,FL,2019,2019-08-28T00:00:00.000Z,67,0,0,1,0,12.0,0,0.0,0.0,0.0,0.0,0.0,0.0,0.0,0.0,0.0,0.0,0.0,0.0,0.0,0.0,0.0,0,0,0,0,0,0,0
3420,2019-08-31T00:00:00.000Z,Hurricane,EM,FL,2019,2019-08-28T00:00:00.000Z,6,0,0,1,0,7.0,0,0.0,0.0,0.0,0.0,0.0,0.0,0.0,0.0,0.0,0.0,0.0,0.0,0.0,0.0,0.0,0,0,0,0,0,0,0
3421,2019-09-01T00:00:00.000Z,Hurricane,EM,SC,2019,2019-08-31T00:00:00.000Z,47,0,0,1,0,6.0,0,0.0,0.0,0.0,0.0,0.0,0.0,0.0,0.0,0.0,0.0,0.0,0.0,0.0,0.0,0.0,0,0,0,0,0,0,0
3422,2019-09-01T00:00:00.000Z,Hurricane,EM,GA,2019,2019-08-29T00:00:00.000Z,12,0,0,1,0,9.0,0,0.0,0.0,0.0,0.0,0.0,0.0,0.0,0.0,0.0,0.0,0.0,0.0,0.0,0.0,0.0,0,0,0,0,0,0,0
3423,2019-09-03T00:00:00.000Z,Hurricane,EM,NC,2019,2019-09-01T00:00:00.000Z,101,0,0,1,0,8.0,0,0.0,0.0,0.0,0.0,0.0,0.0,0.0,0.0,0.0,0.0,0.0,0.0,0.0,0.0,0.0,0,0,0,0,0,0,0
3424,2019-10-07T00:00:00.000Z,Typhoon,EM,MP,2020,2019-10-07T00:00:00.000Z,4,0,0,1,0,2.0,0,0.0,0.0,0.0,0.0,0.0,0.0,0.0,0.0,0.0,0.0,0.0,0.0,0.0,0.0,0.0,0,0,0,0,0,0,0
3425,2019-10-20T00:00:00.000Z,Typhoon,EM,MP,2020,2019-10-20T00:00:00.000Z,4,0,0,1,0,3.0,0,0.0,0.0,0.0,0.0,0.0,0.0,0.0,0.0,0.0,0.0,0.0,0.0,0.0,0.0,0.0,0,0,0,0,0,0,0
3426,2020-01-07T00:00:00.000Z,Earthquake,EM,PR,2020,2019-12-28T00:00:00.000Z,78,0,0,1,0,38.0,0,0.0,0.0,0.0,0.0,0.0,0.0,0.0,0.0,0.0,0.0,0.0,0.0,0.0,0.0,0.0,0,0,0,0,0,0,0
3427,2020-03-13T00:00:00.000Z,Biological,EM,WA,2020,2020-01-20T00:00:00.000Z,39,0,0,1,0,1207.0,0,0.0,0.0,0.0,0.0,0.0,0.0,0.0,0.0,0.0,0.0,0.0,0.0,0.0,0.0,0.0,0,0,0,0,0,0,0
3428,2020-03-13T00:00:00.000Z,Biological,EM,CA,2020,2020-01-20T00:00:00.000Z,58,0,0,1,0,1207.0,0,0.0,0.0,0.0,-23499530.3,-23709417.56,0.0,0.0,-23499530.3,9048942.72,9048942.72,120718.95520000001,12.0,75.0,5.0,70.0,False,True,False,False,False,False,False
3429,2020-03-13T00:00:00.000Z,Biological,EM,OR,2020,2020-01-20T00:00:00.000Z,36,0,0,1,0,1207.0,0,0.0,0.0,0.0,0.0,0.0,0.0,0.0,0.0,0.0,0.0,0.0,0.0,0.0,0.0,0.0,0,0,0,0,0,0,0
3430,2020-03-13T00:00:00.000Z,Biological,EM,MD,2020,2020-01-20T00:00:00.000Z,24,0,0,1,0,1207.0,0,0.0,0.0,0.0,0.0,0.0,0.0,0.0,0.0,0.0,0.0,0.0,0.0,0.0,0.0,0.0,0,0,0,0,0,0,0
3431,2020-03-13T00:00:00.000Z,Biological,EM,HI,2020,2020-01-20T00:00:00.000Z,4,0,0,1,0,1207.0,0,0.0,0.0,0.0,0.0,0.0,0.0,0.0,0.0,0.0,0.0,0.0,0.0,0.0,0.0,0.0,0,0,0,0,0,0,0
3432,2020-03-13T00:00:00.000Z,Biological,EM,FL,2020,2020-01-20T00:00:00.000Z,67,0,0,1,0,1207.0,0,0.0,0.0,0.0,0.0,0.0,0.0,0.0,0.0,0.0,0.0,0.0,0.0,0.0,0.0,0.0,0,0,0,0,0,0,0
3433,2020-03-13T00:00:00.000Z,Biological,EM,VI,2020,2020-01-20T00:00:00.000Z,3,0,0,1,0,1207.0,0,0.0,0.0,0.0,0.0,0.0,0.0,0.0,0.0,0.0,0.0,0.0,0.0,0.0,0.0,0.0,0,0,0,0,0,0,0
3434,2020-03-13T00:00:00.000Z,Biological,EM,NY,2020,2020-01-20T00:00:00.000Z,64,0,0,1,0,1207.0,0,0.0,0.0,0.0,0.0,0.0,0.0,0.0,0.0,0.0,0.0,0.0,0.0,0.0,0.0,0.0,0,0,0,0,0,0,0
3435,2020-03-13T00:00:00.000Z,Biological,EM,IL,2020,2020-01-20T00:00:00.000Z,102,0,0,1,0,1207.0,0,0.0,0.0,0.0,0.0,0.0,0.0,0.0,0.0,0.0,0.0,0.0,0.0,0.0,0.0,0.0,0,0,0,0,0,0,0
3436,2020-03-13T00:00:00.000Z,Biological,EM,CO,2020,2020-01-20T00:00:00.000Z,66,0,0,1,0,1207.0,0,0.0,0.0,0.0,0.0,0.0,0.0,0.0,0.0,0.0,0.0,0.0,0.0,0.0,0.0,0.0,0,0,0,0,0,0,0
3437,2020-03-13T00:00:00.000Z,Biological,EM,VT,2020,2020-01-20T00:00:00.000Z,14,0,0,1,0,1207.0,0,0.0,0.0,0.0,0.0,0.0,0.0,0.0,0.0,0.0,0.0,0.0,0.0,0.0,0.0,0.0,0,0,0,0,0,0,0
3438,2020-03-13T00:00:00.000Z,Biological,EM,MA,2020,2020-01-20T00:00:00.000Z,14,0,0,1,0,1207.0,0,0.0,0.0,0.0,0.0,0.0,0.0,0.0,0.0,0.0,0.0,0.0,0.0,0.0,0.0,0.0,0,0,0,0,0,0,0
3439,2020-03-13T00:00:00.000Z,Biological,EM,CT,2020,2020-01-20T00:00:00.000Z,9,0,0,1,0,1207.0,0,0.0,0.0,0.0,0.0,0.0,0.0,0.0,0.0,0.0,0.0,0.0,0.0,0.0,0.0,0.0,0,0,0,0,0,0,0
3440,2020-03-13T00:00:00.000Z,Biological,EM,RI,2020,2020-01-20T00:00:00.000Z,5,0,0,1,0,1207.0,0,0.0,0.0,0.0,0.0,0.0,0.0,0.0,0.0,0.0,0.0,0.0,0.0,0.0,0.0,0.0,0,0,0,0,0,0,0
3441,2020-03-13T00:00:00.000Z,Biological,EM,PA,2020,2020-01-20T00:00:00.000Z,67,0,0,1,0,1207.0,0,0.0,0.0,0.0,0.0,0.0,0.0,0.0,0.0,0.0,0.0,0.0,0.0,0.0,0.0,0.0,0,0,0,0,0,0,0
3442,2020-03-13T00:00:00.000Z,Biological,EM,AZ,2020,2020-01-20T00:00:00.000Z,36,0,0,1,0,1207.0,0,0.0,0.0,0.0,2962667.09,2937494.19,0.0,0.0,2962667.09,2300080.18,2300080.18,100003.48608695653,3.0,23.0,1.0,22.0,False,True,False,False,False,False,False
3443,2020-03-13T00:00:00.000Z,Biological,EM,NV,2020,2020-01-20T00:00:00.000Z,44,0,0,1,0,1207.0,0,0.0,0.0,0.0,957787.02,957787.02,0.0,0.0,957787.02,957787.02,957787.02,87475.19818181818,2.0,11.0,1.0,10.0,False,True,False,False,False,False,False
3444,2020-03-13T00:00:00.000Z,Biological,EM,ME,2020,2020-01-20T00:00:00.000Z,178,0,0,1,0,1207.0,0,0.0,0.0,0.0,0.0,0.0,0.0,0.0,0.0,0.0,0.0,0.0,0.0,0.0,0.0,0.0,0,0,0,0,0,0,0
3445,2020-03-13T00:00:00.000Z,Biological,EM,NH,2020,2020-01-20T00:00:00.000Z,10,0,0,1,0,1207.0,0,0.0,0.0,0.0,0.0,0.0,0.0,0.0,0.0,0.0,0.0,0.0,0.0,0.0,0.0,0.0,0,0,0,0,0,0,0
3446,2020-03-13T00:00:00.000Z,Biological,EM,AK,2020,2020-01-20T00:00:00.000Z,37,0,0,1,0,1207.0,0,0.0,0.0,0.0,0.0,0.0,0.0,0.0,0.0,0.0,0.0,0.0,0.0,0.0,0.0,0.0,0,0,0,0,0,0,0
3447,2020-03-13T00:00:00.000Z,Biological,EM,DC,2020,2020-01-20T00:00:00.000Z,1,0,0,1,0,1207.0,0,0.0,0.0,0.0,0.0,0.0,0.0,0.0,0.0,0.0,0.0,0.0,0.0,0.0,0.0,0.0,0,0,0,0,0,0,0
3448,2020-03-13T00:00:00.000Z,Biological,EM,VA,2020,2020-01-20T00:00:00.000Z,138,0,0,1,0,1207.0,0,0.0,0.0,0.0,0.0,0.0,0.0,0.0,0.0,0.0,0.0,0.0,0.0,0.0,0.0,0.0,0,0,0,0,0,0,0
3449,2020-03-13T00:00:00.000Z,Biological,EM,DE,2020,2020-01-20T00:00:00.000Z,3,0,0,1,0,1207.0,0,0.0,0.0,0.0,0.0,0.0,0.0,0.0,0.0,0.0,0.0,0.0,0.0,0.0,0.0,0.0,0,0,0,0,0,0,0
3450,2020-03-13T00:00:00.000Z,Biological,EM,WV,2020,2020-01-20T00:00:00.000Z,55,0,0,1,0,1207.0,0,0.0,0.0,0.0,0.0,0.0,0.0,0.0,0.0,0.0,0.0,0.0,0.0,0.0,0.0,0.0,0,0,0,0,0,0,0
3451,2020-03-13T00:00:00.000Z,Biological,EM,NJ,2020,2020-01-20T00:00:00.000Z,21,0,0,1,0,1207.0,0,0.0,0.0,0.0,0.0,0.0,0.0,0.0,0.0,0.0,0.0,0.0,0.0,0.0,0.0,0.0,0,0,0,0,0,0,0
3452,2020-03-13T00:00:00.000Z,Biological,EM,PR,2020,2020-01-20T00:00:00.000Z,78,0,0,1,0,1207.0,0,0.0,0.0,0.0,0.0,0.0,0.0,0.0,0.0,0.0,0.0,0.0,0.0,0.0,0.0,0.0,0,0,0,0,0,0,0
3453,2020-03-13T00:00:00.000Z,Biological,EM,MN,2020,2020-01-20T00:00:00.000Z,105,0,0,1,0,1207.0,0,0.0,0.0,0.0,0.0,0.0,0.0,0.0,0.0,0.0,0.0,0.0,0.0,0.0,0.0,0.0,0,0,0,0,0,0,0
3454,2020-03-13T00:00:00.000Z,Biological,EM,WI,2020,2020-01-20T00:00:00.000Z,83,0,0,1,0,1207.0,0,0.0,0.0,0.0,0.0,0.0,0.0,0.0,0.0,0.0,0.0,0.0,0.0,0.0,0.0,0.0,0,0,0,0,0,0,0
3455,2020-03-13T00:00:00.000Z,Biological,EM,MI,2020,2020-01-20T00:00:00.000Z,94,0,0,1,0,1207.0,0,0.0,0.0,0.0,0.0,0.0,0.0,0.0,0.0,0.0,0.0,0.0,0.0,0.0,0.0,0.0,0,0,0,0,0,0,0
3456,2020-03-13T00:00:00.000Z,Biological,EM,IN,2020,2020-01-20T00:00:00.000Z,92,0,0,1,0,1207.0,0,0.0,0.0,0.0,0.0,0.0,0.0,0.0,0.0,0.0,0.0,0.0,0.0,0.0,0.0,0.0,0,0,0,0,0,0,0
3457,2020-03-13T00:00:00.000Z,Biological,EM,OH,2020,2020-01-20T00:00:00.000Z,88,0,0,1,0,1207.0,0,0.0,0.0,0.0,0.0,0.0,0.0,0.0,0.0,0.0,0.0,0.0,0.0,0.0,0.0,0.0,0,0,0,0,0,0,0
3458,2020-03-13T00:00:00.000Z,Biological,EM,TX,2020,2020-01-20T00:00:00.000Z,257,0,0,1,0,1207.0,0,0.0,0.0,0.0,0.0,0.0,0.0,0.0,0.0,0.0,0.0,0.0,0.0,0.0,0.0,0.0,0,0,0,0,0,0,0
3459,2020-03-13T00:00:00.000Z,Biological,EM,LA,2020,2020-01-20T00:00:00.000Z,72,0,0,1,0,1207.0,0,0.0,0.0,0.0,0.0,0.0,0.0,0.0,0.0,0.0,0.0,0.0,0.0,0.0,0.0,0.0,0,0,0,0,0,0,0
3460,2020-03-13T00:00:00.000Z,Biological,EM,NM,2020,2020-01-20T00:00:00.000Z,65,0,0,1,0,1207.0,0,0.0,0.0,0.0,0.0,0.0,0.0,0.0,0.0,0.0,0.0,0.0,0.0,0.0,0.0,0.0,0,0,0,0,0,0,0
3461,2020-03-13T00:00:00.000Z,Biological,EM,AR,2020,2020-01-20T00:00:00.000Z,76,0,0,1,0,1207.0,0,0.0,0.0,0.0,0.0,0.0,0.0,0.0,0.0,0.0,0.0,0.0,0.0,0.0,0.0,0.0,0,0,0,0,0,0,0
3462,2020-03-13T00:00:00.000Z,Biological,EM,OK,2020,2020-01-20T00:00:00.000Z,112,0,0,1,0,1207.0,0,0.0,0.0,0.0,0.0,0.0,0.0,0.0,0.0,0.0,0.0,0.0,0.0,0.0,0.0,0.0,0,0,0,0,0,0,0
3463,2020-03-13T00:00:00.000Z,Biological,EM,MP,2020,2020-01-20T00:00:00.000Z,4,0,0,1,0,1207.0,0,0.0,0.0,0.0,0.0,0.0,0.0,0.0,0.0,0.0,0.0,0.0,0.0,0.0,0.0,0.0,0,0,0,0,0,0,0
3464,2020-03-13T00:00:00.000Z,Biological,EM,GA,2020,2020-01-20T00:00:00.000Z,160,0,0,1,0,1207.0,0,0.0,0.0,0.0,0.0,0.0,0.0,0.0,0.0,0.0,0.0,0.0,0.0,0.0,0.0,0.0,0,0,0,0,0,0,0
3465,2020-03-13T00:00:00.000Z,Biological,EM,AS,2020,2020-01-20T00:00:00.000Z,5,0,0,1,0,1207.0,0,0.0,0.0,0.0,0.0,0.0,0.0,0.0,0.0,0.0,0.0,0.0,0.0,0.0,0.0,0.0,0,0,0,0,0,0,0
3466,2020-03-13T00:00:00.000Z,Biological,EM,GU,2020,2020-01-20T00:00:00.000Z,1,0,0,1,0,1207.0,0,0.0,0.0,0.0,0.0,0.0,0.0,0.0,0.0,0.0,0.0,0.0,0.0,0.0,0.0,0.0,0,0,0,0,0,0,0
3467,2020-03-13T00:00:00.000Z,Biological,EM,ID,2020,2020-01-20T00:00:00.000Z,44,0,0,1,0,1207.0,0,0.0,0.0,0.0,0.0,0.0,0.0,0.0,0.0,0.0,0.0,0.0,0.0,0.0,0.0,0.0,0,0,0,0,0,0,0
3468,2020-03-13T00:00:00.000Z,Biological,EM,FL,2020,2020-01-20T00:00:00.000Z,6,0,0,1,0,1207.0,0,0.0,0.0,0.0,0.0,0.0,0.0,0.0,0.0,0.0,0.0,0.0,0.0,0.0,0.0,0.0,0,0,0,0,0,0,0
3469,2020-03-13T00:00:00.000Z,Biological,EM,KY,2020,2020-01-20T00:00:00.000Z,120,0,0,1,0,1207.0,0,0.0,0.0,0.0,0.0,0.0,0.0,0.0,0.0,0.0,0.0,0.0,0.0,0.0,0.0,0.0,0,0,0,0,0,0,0
3470,2020-03-13T00:00:00.000Z,Biological,EM,SC,2020,2020-01-20T00:00:00.000Z,47,0,0,1,0,1207.0,0,0.0,0.0,0.0,0.0,0.0,0.0,0.0,0.0,0.0,0.0,0.0,0.0,0.0,0.0,0.0,0,0,0,0,0,0,0
3471,2020-03-13T00:00:00.000Z,Biological,EM,NC,2020,2020-01-20T00:00:00.000Z,101,0,0,1,0,1207.0,0,0.0,0.0,0.0,0.0,0.0,0.0,0.0,0.0,0.0,0.0,0.0,0.0,0.0,0.0,0.0,0,0,0,0,0,0,0
3472,2020-03-13T00:00:00.000Z,Biological,EM,AL,2020,2020-01-20T00:00:00.000Z,68,0,0,1,0,1207.0,0,0.0,0.0,0.0,0.0,0.0,0.0,0.0,0.0,0.0,0.0,0.0,0.0,0.0,0.0,0.0,0,0,0,0,0,0,0
3473,2020-03-13T00:00:00.000Z,Biological,EM,TN,2020,2020-01-20T00:00:00.000Z,95,0,0,1,0,1207.0,0,0.0,0.0,0.0,0.0,0.0,0.0,0.0,0.0,0.0,0.0,0.0,0.0,0.0,0.0,0.0,0,0,0,0,0,0,0
3474,2020-03-13T00:00:00.000Z,Biological,EM,MS,2020,2020-01-20T00:00:00.000Z,83,0,0,1,0,1207.0,0,0.0,0.0,0.0,0.0,0.0,0.0,0.0,0.0,0.0,0.0,0.0,0.0,0.0,0.0,0.0,0,0,0,0,0,0,0
3475,2020-03-13T00:00:00.000Z,Biological,EM,SD,2020,2020-01-20T00:00:00.000Z,76,0,0,1,0,1207.0,0,0.0,0.0,0.0,0.0,0.0,0.0,0.0,0.0,0.0,0.0,0.0,0.0,0.0,0.0,0.0,0,0,0,0,0,0,0
3476,2020-03-13T00:00:00.000Z,Biological,EM,MT,2020,2020-01-20T00:00:00.000Z,64,0,0,1,0,1207.0,0,0.0,0.0,0.0,0.0,0.0,0.0,0.0,0.0,0.0,0.0,0.0,0.0,0.0,0.0,0.0,0,0,0,0,0,0,0
3477,2020-03-13T00:00:00.000Z,Biological,EM,ND,2020,2020-01-20T00:00:00.000Z,58,0,0,1,0,1207.0,0,0.0,0.0,0.0,0.0,0.0,0.0,0.0,0.0,0.0,0.0,0.0,0.0,0.0,0.0,0.0,0,0,0,0,0,0,0
3478,2020-03-13T00:00:00.000Z,Biological,EM,UT,2020,2020-01-20T00:00:00.000Z,36,0,0,1,0,1207.0,0,0.0,0.0,0.0,0.0,0.0,0.0,0.0,0.0,0.0,0.0,0.0,0.0,0.0,0.0,0.0,0,0,0,0,0,0,0
3479,2020-03-13T00:00:00.000Z,Biological,EM,WY,2020,2020-01-20T00:00:00.000Z,24,0,0,1,0,1207.0,0,0.0,0.0,0.0,0.0,0.0,0.0,0.0,0.0,0.0,0.0,0.0,0.0,0.0,0.0,0.0,0,0,0,0,0,0,0
3480,2020-03-13T00:00:00.000Z,Biological,EM,IA,2020,2020-01-20T00:00:00.000Z,101,0,0,1,0,1207.0,0,0.0,0.0,0.0,0.0,0.0,0.0,0.0,0.0,0.0,0.0,0.0,0.0,0.0,0.0,0.0,0,0,0,0,0,0,0
3481,2020-03-13T00:00:00.000Z,Biological,EM,KS,2020,2020-01-20T00:00:00.000Z,109,0,0,1,0,1207.0,0,0.0,0.0,0.0,0.0,0.0,0.0,0.0,0.0,0.0,0.0,0.0,0.0,0.0,0.0,0.0,0,0,0,0,0,0,0
3482,2020-03-13T00:00:00.000Z,Biological,EM,MO,2020,2020-01-20T00:00:00.000Z,115,0,0,1,0,1207.0,0,0.0,0.0,0.0,0.0,0.0,0.0,0.0,0.0,0.0,0.0,0.0,0.0,0.0,0.0,0.0,0,0,0,0,0,0,0
3483,2020-03-13T00:00:00.000Z,Biological,EM,NE,2020,2020-01-20T00:00:00.000Z,99,0,0,1,0,1207.0,0,0.0,0.0,0.0,0.0,0.0,0.0,0.0,0.0,0.0,0.0,0.0,0.0,0.0,0.0,0.0,0,0,0,0,0,0,0
3484,2020-03-13T00:00:00.000Z,Biological,EM,MA,2020,2020-01-20T00:00:00.000Z,1,0,0,1,0,1207.0,0,0.0,0.0,0.0,2352015.46,2231797.83,0.0,0.0,2352015.46,2352015.46,2352015.46,84000.55214285714,1.0,28.0,0.0,28.0,False,True,False,False,False,False,False
3485,2020-03-13T00:00:00.000Z,Biological,EM,NM,2020,2020-01-20T00:00:00.000Z,1,0,0,1,0,1207.0,0,0.0,0.0,0.0,0.0,0.0,0.0,0.0,0.0,0.0,0.0,0.0,0.0,0.0,0.0,0.0,0,0,0,0,0,0,0
3486,2020-03-13T00:00:00.000Z,Biological,EM,OK,2020,2020-01-20T00:00:00.000Z,1,0,0,1,0,1207.0,0,0.0,0.0,0.0,36990067.83,36990067.83,0.0,0.0,36990067.83,36990067.83,36990067.83,6165011.305,1.0,6.0,4.0,2.0,False,True,False,False,False,False,False
3487,2020-03-13T00:00:00.000Z,Biological,EM,OK,2020,2020-01-20T00:00:00.000Z,1,0,0,1,0,1207.0,0,0.0,0.0,0.0,0.0,0.0,0.0,0.0,0.0,0.0,0.0,0.0,0.0,0.0,0.0,0.0,0,0,0,0,0,0,0
3488,2020-03-13T00:00:00.000Z,Biological,EM,NE,2020,2020-01-20T00:00:00.000Z,2,0,0,1,0,1207.0,0,0.0,0.0,0.0,114674.53,114674.53,0.0,0.0,114674.53,114674.53,114674.53,19550.975000000002,1.0,6.0,0.0,6.0,False,True,False,False,False,False,False
3489,2020-03-13T00:00:00.000Z,Biological,EM,NE,2020,2020-01-20T00:00:00.000Z,1,0,0,1,0,1207.0,0,0.0,0.0,0.0,38364.77,38364.77,0.0,0.0,38364.77,38364.77,38364.77,38364.77,1.0,1.0,0.0,1.0,False,True,False,False,False,False,False
3490,2020-03-13T00:00:00.000Z,Biological,EM,KS,2020,2020-01-20T00:00:00.000Z,1,0,0,1,0,1207.0,0,0.0,0.0,0.0,7152.97,7152.97,0.0,0.0,7152.97,7152.97,7152.97,7152.97,1.0,1.0,0.0,1.0,False,True,False,False,False,False,False
3491,2020-03-13T00:00:00.000Z,Biological,EM,KS,2020,2020-01-20T00:00:00.000Z,1,0,0,1,0,1207.0,0,0.0,0.0,0.0,0.0,0.0,0.0,0.0,0.0,0.0,0.0,0.0,0.0,0.0,0.0,0.0,0,0,0,0,0,0,0
3492,2020-03-13T00:00:00.000Z,Biological,EM,KS,2020,2020-01-20T00:00:00.000Z,1,0,0,1,0,1207.0,0,0.0,0.0,0.0,0.0,0.0,0.0,0.0,0.0,0.0,0.0,0.0,0.0,0.0,0.0,0.0,0,0,0,0,0,0,0
3493,2020-03-13T00:00:00.000Z,Biological,EM,NE,2020,2020-01-20T00:00:00.000Z,1,0,0,1,0,1207.0,0,0.0,0.0,0.0,0.0,0.0,0.0,0.0,0.0,0.0,0.0,0.0,0.0,0.0,0.0,0.0,0,0,0,0,0,0,0
3494,2020-03-13T00:00:00.000Z,Biological,EM,OK,2020,2020-01-20T00:00:00.000Z,1,0,0,1,0,1207.0,0,0.0,0.0,0.0,0.0,0.0,0.0,0.0,0.0,0.0,0.0,0.0,0.0,0.0,0.0,0.0,0,0,0,0,0,0,0
3495,2020-03-13T00:00:00.000Z,Biological,EM,OK,2020,2020-01-20T00:00:00.000Z,1,0,0,1,0,1207.0,0,0.0,0.0,0.0,10632.22,10632.22,0.0,0.0,10632.22,10632.22,10632.22,10632.22,1.0,1.0,0.0,1.0,False,True,False,False,False,False,False
3496,2020-03-13T00:00:00.000Z,Biological,EM,NM,2020,2020-01-20T00:00:00.000Z,1,0,0,1,0,1207.0,0,0.0,0.0,0.0,280018.32,280018.32,0.0,0.0,280018.32,280018.32,280018.32,140009.16,1.0,2.0,1.0,1.0,False,True,False,False,False,False,False
3497,2020-03-13T00:00:00.000Z,Biological,EM,MA,2020,2020-01-20T00:00:00.000Z,1,0,0,1,0,1207.0,0,0.0,0.0,0.0,524164.12,489316.15,0.0,0.0,524164.12,524164.12,524164.12,106535.21599999999,1.0,5.0,0.0,5.0,False,True,False,False,False,False,False
3498,2020-03-13T00:00:00.000Z,Biological,EM,ME,2020,2020-01-20T00:00:00.000Z,1,0,0,1,0,1207.0,0,0.0,0.0,0.0,1633697.62,1538180.25,0.0,0.0,1633697.62,1627843.15,1627843.15,45217.865277777775,1.0,36.0,0.0,36.0,False,True,False,False,False,False,False
3499,2020-03-13T00:00:00.000Z,Biological,EM,OK,2020,2020-01-20T00:00:00.000Z,1,0,0,1,0,1207.0,0,0.0,0.0,0.0,0.0,0.0,0.0,0.0,0.0,0.0,0.0,0.0,0.0,0.0,0.0,0.0,0,0,0,0,0,0,0
3500,2020-03-13T00:00:00.000Z,Biological,EM,NM,2020,2020-01-20T00:00:00.000Z,1,0,0,1,0,1207.0,0,0.0,0.0,0.0,0.0,0.0,0.0,0.0,0.0,0.0,0.0,0.0,0.0,0.0,0.0,0.0,0,0,0,0,0,0,0
3501,2020-03-13T00:00:00.000Z,Biological,EM,TX,2020,2020-01-20T00:00:00.000Z,1,0,0,1,0,1207.0,0,0.0,0.0,0.0,0.0,0.0,0.0,0.0,0.0,0.0,0.0,0.0,0.0,0.0,0.0,0.0,0,0,0,0,0,0,0
3502,2020-03-13T00:00:00.000Z,Biological,EM,OK,2020,2020-01-20T00:00:00.000Z,1,0,0,1,0,1207.0,0,0.0,0.0,0.0,0.0,0.0,0.0,0.0,0.0,0.0,0.0,0.0,0.0,0.0,0.0,0.0,0,0,0,0,0,0,0
3503,2020-03-13T00:00:00.000Z,Biological,EM,MN,2020,2020-01-20T00:00:00.000Z,1,0,0,1,0,1207.0,0,0.0,0.0,0.0,0.0,0.0,0.0,0.0,0.0,0.0,0.0,0.0,0.0,0.0,0.0,0.0,0,0,0,0,0,0,0
3504,2020-03-13T00:00:00.000Z,Biological,EM,NY,2020,2020-01-20T00:00:00.000Z,1,0,0,1,0,1207.0,0,0.0,0.0,0.0,3361356.07,3179153.66,0.0,0.0,3361356.07,3361356.07,3361356.07,310376.57909090904,1.0,11.0,4.0,7.0,False,True,False,False,False,False,False
3505,2020-03-13T00:00:00.000Z,Biological,EM,OK,2020,2020-01-20T00:00:00.000Z,1,0,0,1,0,1207.0,0,0.0,0.0,0.0,359340.27,359340.27,0.0,0.0,359340.27,359340.27,359340.27,119780.09000000001,1.0,3.0,0.0,3.0,False,True,False,False,False,False,False
3507,2020-03-13T00:00:00.000Z,Biological,EM,WA,2020,2020-01-20T00:00:00.000Z,1,0,0,1,0,1207.0,0,0.0,0.0,0.0,1001211.19,998989.19,0.0,0.0,1001211.19,1001211.19,1001211.19,73302.71428571429,1.0,14.0,0.0,14.0,False,True,False,False,False,False,False
3508,2020-03-13T00:00:00.000Z,Biological,EM,MN,2020,2020-01-20T00:00:00.000Z,1,0,0,1,0,1207.0,0,0.0,0.0,0.0,0.0,0.0,0.0,0.0,0.0,0.0,0.0,0.0,0.0,0.0,0.0,0.0,0,0,0,0,0,0,0
3509,2020-03-13T00:00:00.000Z,Biological,EM,OK,2020,2020-01-20T00:00:00.000Z,1,0,0,1,0,1207.0,0,0.0,0.0,0.0,0.0,0.0,0.0,0.0,0.0,0.0,0.0,0.0,0.0,0.0,0.0,0.0,0,0,0,0,0,0,0
3510,2020-03-13T00:00:00.000Z,Biological,EM,NM,2020,2020-01-20T00:00:00.000Z,1,0,0,1,0,1207.0,0,0.0,0.0,0.0,0.0,0.0,0.0,0.0,0.0,0.0,0.0,0.0,0.0,0.0,0.0,0.0,0,0,0,0,0,0,0
3511,2020-03-13T00:00:00.000Z,Biological,EM,OK,2020,2020-01-20T00:00:00.000Z,1,0,0,1,0,1207.0,0,0.0,0.0,0.0,0.0,0.0,0.0,0.0,0.0,0.0,0.0,0.0,0.0,0.0,0.0,0.0,0,0,0,0,0,0,0
3512,2020-03-13T00:00:00.000Z,Biological,EM,ND,2020,2020-01-20T00:00:00.000Z,1,0,0,1,0,1207.0,0,0.0,0.0,0.0,0.0,0.0,0.0,0.0,0.0,0.0,0.0,0.0,0.0,0.0,0.0,0.0,0,0,0,0,0,0,0
3513,2020-03-13T00:00:00.000Z,Biological,EM,SD,2020,2020-01-20T00:00:00.000Z,1,0,0,1,0,1207.0,0,0.0,0.0,0.0,0.0,0.0,0.0,0.0,0.0,0.0,0.0,0.0,0.0,0.0,0.0,0.0,0,0,0,0,0,0,0
3514,2020-03-13T00:00:00.000Z,Biological,EM,OK,2020,2020-01-20T00:00:00.000Z,1,0,0,1,0,1207.0,0,0.0,0.0,0.0,0.0,0.0,0.0,0.0,0.0,0.0,0.0,0.0,0.0,0.0,0.0,0.0,0,0,0,0,0,0,0
3515,2020-03-13T00:00:00.000Z,Biological,EM,RI,2020,2020-01-20T00:00:00.000Z,1,0,0,1,0,1207.0,0,0.0,0.0,0.0,0.0,0.0,0.0,0.0,0.0,0.0,0.0,0.0,0.0,0.0,0.0,0.0,0,0,0,0,0,0,0
3516,2020-03-13T00:00:00.000Z,Biological,EM,MT,2020,2020-01-20T00:00:00.000Z,1,0,0,1,0,1207.0,0,0.0,0.0,0.0,0.0,0.0,0.0,0.0,0.0,0.0,0.0,0.0,0.0,0.0,0.0,0.0,0,0,0,0,0,0,0
3517,2020-03-13T00:00:00.000Z,Biological,EM,OK,2020,2020-01-20T00:00:00.000Z,1,0,0,1,0,1207.0,0,0.0,0.0,0.0,0.0,0.0,0.0,0.0,0.0,0.0,0.0,0.0,0.0,0.0,0.0,0.0,0,0,0,0,0,0,0
3518,2020-03-13T00:00:00.000Z,Biological,EM,OK,2020,2020-01-20T00:00:00.000Z,1,0,0,1,0,1207.0,0,0.0,0.0,0.0,39353.18,39353.18,0.0,0.0,39353.18,39353.18,39353.18,39353.18,1.0,1.0,0.0,1.0,False,True,False,False,False,False,False
3519,2020-03-13T00:00:00.000Z,Biological,EM,NM,2020,2020-01-20T00:00:00.000Z,1,0,0,1,0,1207.0,0,0.0,0.0,0.0,0.0,0.0,0.0,0.0,0.0,0.0,0.0,0.0,0.0,0.0,0.0,0.0,0,0,0,0,0,0,0
3520,2020-03-13T00:00:00.000Z,Biological,EM,NM,2020,2020-01-20T00:00:00.000Z,1,0,0,1,0,1207.0,0,0.0,0.0,0.0,0.0,0.0,0.0,0.0,0.0,0.0,0.0,0.0,0.0,0.0,0.0,0.0,0,0,0,0,0,0,0
3521,2020-03-13T00:00:00.000Z,Biological,EM,NM,2020,2020-01-20T00:00:00.000Z,1,0,0,1,0,1207.0,0,0.0,0.0,0.0,2565254.14,2565254.14,0.0,0.0,2565254.14,2565254.13,2565254.13,95009.41222222222,1.0,27.0,3.0,24.0,False,True,False,False,False,False,False
3522,2020-03-13T00:00:00.000Z,Biological,EM,LA,2020,2020-01-20T00:00:00.000Z,1,0,0,1,0,1207.0,0,0.0,0.0,0.0,0.0,0.0,0.0,0.0,0.0,0.0,0.0,0.0,0.0,0.0,0.0,0.0,0,0,0,0,0,0,0
3523,2020-03-13T00:00:00.000Z,Biological,EM,NE,2020,2020-01-20T00:00:00.000Z,1,0,0,1,0,1207.0,0,0.0,0.0,0.0,275575.36,275575.36,0.0,0.0,275575.36,275575.36,275575.36,98500.66666666667,1.0,3.0,0.0,3.0,False,True,False,False,False,False,False
3524,2020-03-13T00:00:00.000Z,Biological,EM,IA,2020,2020-01-20T00:00:00.000Z,1,0,0,1,0,1207.0,0,0.0,0.0,0.0,0.0,0.0,0.0,0.0,0.0,0.0,0.0,0.0,0.0,0.0,0.0,0.0,0,0,0,0,0,0,0
3525,2020-05-21T00:00:00.000Z,Dam/Levee Break,EM,MI,2020,2020-05-16T00:00:00.000Z,2,0,0,1,0,6.0,0,0.0,0.0,0.0,0.0,0.0,0.0,0.0,0.0,0.0,0.0,0.0,0.0,0.0,0.0,0.0,0,0,0,0,0,0,0
3526,2020-03-13T00:00:00.000Z,Biological,EM,SD,2020,2020-01-20T00:00:00.000Z,1,0,0,1,0,1207.0,0,0.0,0.0,0.0,0.0,0.0,0.0,0.0,0.0,0.0,0.0,0.0,0.0,0.0,0.0,0.0,0,0,0,0,0,0,0
3527,2020-06-07T00:00:00.000Z,Coastal Storm,EM,LA,2020,2020-06-05T00:00:00.000Z,64,0,0,1,0,4.0,0,0.0,0.0,0.0,322190.94,288532.25,0.0,0.0,322190.94,322190.94,322190.94,16102.276363636365,12.0,22.0,0.0,22.0,False,True,False,False,False,False,False
3528,2020-03-13T00:00:00.000Z,Biological,EM,AL,2020,2020-01-20T00:00:00.000Z,1,0,0,1,0,1207.0,0,0.0,0.0,0.0,0.0,0.0,0.0,0.0,0.0,0.0,0.0,0.0,0.0,0.0,0.0,0.0,0,0,0,0,0,0,0
3529,2020-07-25T00:00:00.000Z,Hurricane,EM,HI,2020,2020-07-23T00:00:00.000Z,4,0,0,1,0,4.0,0,0.0,0.0,0.0,421455.95,390647.26,0.0,0.0,421455.95,421455.94999999995,421455.94999999995,58107.65125,4.0,8.0,1.0,7.0,False,True,False,False,False,False,False
3530,2020-07-26T00:00:00.000Z,Hurricane,EM,TX,2020,2020-07-25T00:00:00.000Z,32,0,0,1,0,6.0,0,0.0,0.0,0.0,2208510.74,2085708.08,0.0,0.0,2208510.74,2208510.7399999998,2208510.7399999998,488051.214,3.0,5.0,3.0,2.0,False,True,False,False,False,False,False
3531,2020-07-29T00:00:00.000Z,Hurricane,EM,VI,2020,2020-07-27T00:00:00.000Z,3,0,0,1,0,4.0,0,0.0,0.0,0.0,0.0,0.0,0.0,0.0,0.0,0.0,0.0,0.0,0.0,0.0,0.0,0.0,0,0,0,0,0,0,0
3532,2020-07-29T00:00:00.000Z,Hurricane,EM,PR,2020,2020-07-27T00:00:00.000Z,78,0,0,1,0,4.0,0,0.0,0.0,0.0,0.0,0.0,0.0,0.0,0.0,0.0,0.0,0.0,0.0,0.0,0.0,0.0,0,0,0,0,0,0,0
3533,2020-08-01T00:00:00.000Z,Hurricane,EM,FL,2020,2020-07-31T00:00:00.000Z,19,0,0,1,0,4.0,0,0.0,0.0,0.0,1292559.68,1190472.68,0.0,0.0,1292559.68,1292559.69,1292559.69,56993.3768,14.0,25.0,3.0,22.0,False,True,False,False,False,False,False
3534,2020-08-02T00:00:00.000Z,Hurricane,EM,NC,2020,2020-07-31T00:00:00.000Z,101,0,0,1,0,4.0,0,0.0,0.0,0.0,0.0,0.0,0.0,0.0,0.0,0.0,0.0,0.0,0.0,0.0,0.0,0.0,0,0,0,0,0,0,0
3535,2020-08-06T00:00:00.000Z,Hurricane,EM,CT,2020,2020-08-04T00:00:00.000Z,10,0,0,1,0,0.0,0,0.0,0.0,0.0,0.0,0.0,0.0,0.0,0.0,0.0,0.0,0.0,0.0,0.0,0.0,0.0,0,0,0,0,0,0,0
3536,2020-03-13T00:00:00.000Z,Biological,EM,SD,2020,2020-01-20T00:00:00.000Z,1,0,0,1,0,1207.0,0,0.0,0.0,0.0,0.0,0.0,0.0,0.0,0.0,0.0,0.0,0.0,0.0,0.0,0.0,0.0,0,0,0,0,0,0,0
3537,2020-08-22T00:00:00.000Z,Hurricane,EM,PR,2020,2020-08-21T00:00:00.000Z,78,0,0,1,0,2.0,0,0.0,0.0,0.0,0.0,0.0,0.0,0.0,0.0,0.0,0.0,0.0,0.0,0.0,0.0,0.0,0,0,0,0,0,0,0
3538,2020-08-23T00:00:00.000Z,Hurricane,EM,LA,2020,2020-08-22T00:00:00.000Z,64,0,0,1,0,5.0,0,0.0,0.0,0.0,0.0,0.0,0.0,0.0,0.0,0.0,0.0,0.0,0.0,0.0,0.0,0.0,0,0,0,0,0,0,0
3539,2020-08-23T00:00:00.000Z,Hurricane,EM,MS,2020,2020-08-23T00:00:00.000Z,24,0,0,1,0,6.0,0,0.0,0.0,0.0,22140.45,22140.45,0.0,0.0,22140.45,22140.45,22140.45,24600.5,1.0,1.0,0.0,1.0,False,True,False,False,False,False,False
3540,2020-08-24T00:00:00.000Z,Hurricane,EM,TX,2020,2020-08-23T00:00:00.000Z,62,0,0,1,0,4.0,0,0.0,0.0,0.0,57257519.12,55924413.14,0.0,0.0,57257519.12,57257519.120000005,57257519.120000005,668119.3971578947,65.0,95.0,19.0,76.0,False,True,False,False,False,False,False
3541,2020-08-27T00:00:00.000Z,Hurricane,EM,AR,2020,2020-08-26T00:00:00.000Z,75,0,0,1,0,2.0,0,0.0,0.0,0.0,0.0,0.0,0.0,0.0,0.0,0.0,0.0,0.0,0.0,0.0,0.0,0.0,0,0,0,0,0,0,0
3542,2020-09-10T00:00:00.000Z,Fire,EM,OR,2020,2020-09-08T00:00:00.000Z,11,0,0,1,0,7.0,0,0.0,0.0,0.0,0.0,0.0,0.0,0.0,0.0,0.0,0.0,0.0,0.0,0.0,0.0,0.0,0,0,0,0,0,0,0
3543,2020-09-14T00:00:00.000Z,Hurricane,EM,LA,2020,2020-09-13T00:00:00.000Z,64,0,0,1,0,3.0,0,0.0,0.0,0.0,5900544.46,5625371.01,0.0,0.0,5900544.46,5900544.46,5900544.46,89391.58479452055,42.0,73.0,12.0,61.0,False,True,False,False,False,False,False
3544,2020-09-14T00:00:00.000Z,Hurricane,EM,MS,2020,2020-09-14T00:00:00.000Z,24,0,0,1,0,3.0,0,0.0,0.0,0.0,964564.73,950443.66,0.0,0.0,964564.73,964564.73,964564.73,66885.59875,8.0,16.0,1.0,15.0,False,True,False,False,False,False,False
3545,2020-09-14T00:00:00.000Z,Hurricane,EM,AL,2020,2020-09-14T00:00:00.000Z,68,0,0,1,0,2.0,0,0.0,0.0,0.0,80246.7,77183.79,0.0,0.0,80246.7,80246.71,80246.71,12688.952857142856,4.0,7.0,0.0,7.0,False,True,False,False,False,False,False
3546,2020-09-15T00:00:00.000Z,Hurricane,EM,FL,2020,2020-09-14T00:00:00.000Z,13,0,0,1,0,14.0,0,0.0,0.0,0.0,0.0,0.0,0.0,0.0,0.0,0.0,0.0,0.0,0.0,0.0,0.0,0.0,0,0,0,0,0,0,0
3547,2020-10-07T00:00:00.000Z,Hurricane,EM,LA,2021,2020-10-06T00:00:00.000Z,64,0,0,1,0,4.0,0,0.0,0.0,0.0,0.0,0.0,0.0,0.0,0.0,0.0,0.0,0.0,0.0,0.0,0.0,0.0,0,0,0,0,0,0,0
3548,2020-10-08T00:00:00.000Z,Hurricane,EM,MS,2021,2020-10-07T00:00:00.000Z,29,0,0,1,0,4.0,0,0.0,0.0,0.0,83091.21,81291.3,0.0,0.0,83091.21,83091.21,83091.21,23030.8925,2.0,4.0,0.0,4.0,False,True,False,False,False,False,False
3549,2020-10-27T00:00:00.000Z,Hurricane,EM,LA,2021,2020-10-26T00:00:00.000Z,64,0,0,1,0,3.0,0,0.0,0.0,0.0,0.0,0.0,0.0,0.0,0.0,0.0,0.0,0.0,0.0,0.0,0.0,0.0,0,0,0,0,0,0,0
3550,2020-10-28T00:00:00.000Z,Hurricane,EM,MS,2021,2020-10-27T00:00:00.000Z,13,0,0,1,0,2.0,0,0.0,0.0,0.0,0.0,0.0,0.0,0.0,0.0,0.0,0.0,0.0,0.0,0.0,0.0,0.0,0,0,0,0,0,0,0
3551,2020-11-11T00:00:00.000Z,Hurricane,EM,FL,2021,2020-11-07T00:00:00.000Z,13,0,0,1,0,5.0,0,0.0,0.0,0.0,554277.01,509994.29,0.0,0.0,554277.01,554277.02,554277.02,61094.303,5.0,10.0,2.0,8.0,False,True,False,False,False,False,False
3552,2021-01-05T00:00:00.000Z,Other,EM,TN,2021,2020-12-25T00:00:00.000Z,1,0,0,1,0,0.0,0,0.0,0.0,0.0,0.0,0.0,0.0,0.0,0.0,0.0,0.0,0.0,0.0,0.0,0.0,0.0,0,0,0,0,0,0,0
3553,2021-01-11T00:00:00.000Z,Other,EM,DC,2021,2021-01-11T00:00:00.000Z,1,0,0,1,0,13.0,0,0.0,0.0,0.0,6215069.13,6215069.13,0.0,0.0,6215069.13,6215069.13,6215069.13,2071689.71,3.0,3.0,2.0,1.0,False,True,False,False,False,False,False
3554,2021-02-14T00:00:00.000Z,Severe Ice Storm,EM,TX,2021,2021-02-11T00:00:00.000Z,254,0,0,1,0,10.0,0,0.0,0.0,0.0,0.0,0.0,0.0,0.0,0.0,0.0,0.0,0.0,0.0,0.0,0.0,0.0,0,0,0,0,0,0,0
3555,2021-02-17T00:00:00.000Z,Severe Ice Storm,EM,OK,2021,2021-02-08T00:00:00.000Z,77,0,0,1,0,12.0,0,0.0,0.0,0.0,0.0,0.0,0.0,0.0,0.0,0.0,0.0,0.0,0.0,0.0,0.0,0.0,0,0,0,0,0,0,0
3556,2021-02-18T00:00:00.000Z,Severe Ice Storm,EM,LA,2021,2021-02-11T00:00:00.000Z,64,0,0,1,0,8.0,0,0.0,0.0,0.0,0.0,0.0,0.0,0.0,0.0,0.0,0.0,0.0,0.0,0.0,0.0,0.0,0,0,0,0,0,0,0
3557,2020-03-13T00:00:00.000Z,Biological,EM,NY,2020,2020-01-20T00:00:00.000Z,1,0,0,1,0,1207.0,0,0.0,0.0,0.0,187850.76,187850.76,0.0,0.0,187850.76,187850.76,187850.76,187850.76,1.0,1.0,1.0,0.0,False,True,False,False,False,False,False
3558,2020-03-13T00:00:00.000Z,Biological,EM,NM,2020,2020-01-20T00:00:00.000Z,2,0,0,1,0,1207.0,0,0.0,0.0,0.0,0.0,0.0,0.0,0.0,0.0,0.0,0.0,0.0,0.0,0.0,0.0,0.0,0,0,0,0,0,0,0
3559,2020-03-13T00:00:00.000Z,Biological,EM,NM,2020,2020-01-20T00:00:00.000Z,1,0,0,1,0,1207.0,0,0.0,0.0,0.0,6291372.98,5879787.83,0.0,0.0,6291372.98,6291372.98,6291372.98,262140.54083333336,1.0,24.0,0.0,24.0,False,True,False,False,False,False,False
3560,2021-06-25T00:00:00.000Z,Other,EM,FL,2021,2021-06-24T00:00:00.000Z,1,1,0,1,0,10.0,0,1195363.31,701179.76,494183.55,81325662.97,77381975.24,0.0,0.0,82521026.28,83482675.39,83482675.39,3324596.4746428574,6.0,28.0,17.0,11.0,True,True,False,False,False,False,False
3561,2021-07-04T00:00:00.000Z,Severe Storm,EM,FL,2021,2021-07-04T00:00:00.000Z,37,0,0,1,0,4.0,0,0.0,0.0,0.0,2157862.51,1993375.99,0.0,0.0,2157862.51,2157862.5100000002,2157862.5100000002,169953.48142857145,9.0,14.0,1.0,13.0,False,True,False,False,False,False,False
3562,2021-08-16T00:00:00.000Z,Hurricane,EM,FL,2021,2021-08-13T00:00:00.000Z,23,0,0,1,0,6.0,0,0.0,0.0,0.0,10578.04,9708.41,0.0,0.0,10578.04,10578.039999999999,10578.039999999999,5910.179999999999,1.0,2.0,0.0,2.0,False,True,False,False,False,False,False
3563,2021-08-21T00:00:00.000Z,Hurricane,EM,RI,2021,2021-08-20T00:00:00.000Z,6,0,0,1,0,4.0,0,0.0,0.0,0.0,0.0,0.0,0.0,0.0,0.0,0.0,0.0,0.0,0.0,0.0,0.0,0.0,0,0,0,0,0,0,0
3564,2021-08-22T00:00:00.000Z,Hurricane,EM,CT,2021,2021-08-21T00:00:00.000Z,10,0,0,1,0,3.0,0,0.0,0.0,0.0,216592.19,215922.25,0.0,0.0,216592.19,216592.19,216592.19,30072.94375,6.0,8.0,0.0,8.0,False,True,False,False,False,False,False
3565,2021-08-22T00:00:00.000Z,Hurricane,EM,NY,2021,2021-08-21T00:00:00.000Z,26,0,0,1,0,3.0,0,0.0,0.0,0.0,0.0,0.0,0.0,0.0,0.0,0.0,0.0,0.0,0.0,0.0,0.0,0.0,0,0,0,0,0,0,0
3566,2021-08-22T00:00:00.000Z,Hurricane,EM,MA,2021,2021-08-20T00:00:00.000Z,1,0,0,1,0,40.0,0,0.0,0.0,0.0,0.0,0.0,0.0,0.0,0.0,0.0,0.0,0.0,0.0,0.0,0.0,0.0,0,0,0,0,0,0,0
3567,2021-08-22T00:00:00.000Z,Hurricane,EM,VT,2021,2021-08-22T00:00:00.000Z,14,0,0,1,0,7.0,0,0.0,0.0,0.0,0.0,0.0,0.0,0.0,0.0,0.0,0.0,0.0,0.0,0.0,0.0,0.0,0,0,0,0,0,0,0
3568,2021-08-27T00:00:00.000Z,Hurricane,EM,LA,2021,2021-08-26T00:00:00.000Z,64,0,0,1,0,8.0,0,0.0,0.0,0.0,0.0,0.0,0.0,0.0,0.0,0.0,0.0,0.0,0.0,0.0,0.0,0.0,0,0,0,0,0,0,0
3569,2021-08-28T00:00:00.000Z,Hurricane,EM,MS,2021,2021-08-28T00:00:00.000Z,83,0,0,1,0,4.0,0,0.0,0.0,0.0,0.0,0.0,0.0,0.0,0.0,0.0,0.0,0.0,0.0,0.0,0.0,0.0,0,0,0,0,0,0,0
3570,2020-03-13T00:00:00.000Z,Biological,EM,OK,2020,2020-01-20T00:00:00.000Z,1,0,0,1,0,1207.0,0,0.0,0.0,0.0,0.0,0.0,0.0,0.0,0.0,0.0,0.0,0.0,0.0,0.0,0.0,0.0,0,0,0,0,0,0,0
3571,2021-09-01T00:00:00.000Z,Fire,EM,CA,2021,2021-08-14T00:00:00.000Z,4,0,0,1,0,68.0,0,0.0,0.0,0.0,0.0,0.0,0.0,0.0,0.0,0.0,0.0,0.0,0.0,0.0,0.0,0.0,0,0,0,0,0,0,0
3572,2021-09-02T00:00:00.000Z,Hurricane,EM,NY,2021,2021-09-01T00:00:00.000Z,14,0,0,1,0,2.0,0,0.0,0.0,0.0,0.0,0.0,0.0,0.0,0.0,0.0,0.0,0.0,0.0,0.0,0.0,0.0,0,0,0,0,0,0,0
3573,2021-09-02T00:00:00.000Z,Hurricane,EM,NJ,2021,2021-09-01T00:00:00.000Z,21,0,0,1,0,2.0,0,0.0,0.0,0.0,0.0,0.0,0.0,0.0,0.0,0.0,0.0,0.0,0.0,0.0,0.0,0.0,0,0,0,0,0,0,0
3574,2021-09-13T00:00:00.000Z,Coastal Storm,EM,LA,2021,2021-09-12T00:00:00.000Z,64,0,0,1,0,6.0,0,0.0,0.0,0.0,80381.85,80381.85,0.0,0.0,80381.85,80381.85,80381.85,22328.2925,4.0,4.0,0.0,4.0,False,True,False,False,False,False,False
3575,2021-12-11T00:00:00.000Z,Tornado,EM,KY,2022,2021-12-10T00:00:00.000Z,16,0,0,1,0,1.0,0,0.0,0.0,0.0,0.0,0.0,0.0,0.0,0.0,0.0,0.0,0.0,0.0,0.0,0.0,0.0,0,0,0,0,0,0,0
3576,2021-12-13T00:00:00.000Z,Tornado,EM,TN,2022,2021-12-10T00:00:00.000Z,9,0,0,1,0,1.0,0,0.0,0.0,0.0,0.0,0.0,0.0,0.0,0.0,0.0,0.0,0.0,0.0,0.0,0.0,0.0,0,0,0,0,0,0,0
3577,2021-12-13T00:00:00.000Z,Tornado,EM,IL,2022,2021-12-10T00:00:00.000Z,14,0,0,1,0,0.0,0,0.0,0.0,0.0,252457.03,237542.16,0.0,0.0,252457.03,252457.03,252457.03,39835.80142857142,4.0,7.0,0.0,7.0,False,True,False,False,False,False,False
3578,2020-03-13T00:00:00.000Z,Biological,EM,OK,2020,2020-01-20T00:00:00.000Z,1,0,0,1,0,1207.0,0,0.0,0.0,0.0,0.0,0.0,0.0,0.0,0.0,0.0,0.0,0.0,0.0,0.0,0.0,0.0,0,0,0,0,0,0,0
3579,2020-03-13T00:00:00.000Z,Biological,EM,OK,2020,2020-01-20T00:00:00.000Z,1,0,0,1,0,1207.0,0,0.0,0.0,0.0,0.0,0.0,0.0,0.0,0.0,0.0,0.0,0.0,0.0,0.0,0.0,0.0,0,0,0,0,0,0,0
3580,2020-03-13T00:00:00.000Z,Biological,EM,NM,2020,2020-01-20T00:00:00.000Z,1,0,0,1,0,1207.0,0,0.0,0.0,0.0,0.0,0.0,0.0,0.0,0.0,0.0,0.0,0.0,0.0,0.0,0.0,0.0,0,0,0,0,0,0,0
3581,2022-07-25T00:00:00.000Z,Other,EM,VI,2022,2022-07-15T00:00:00.000Z,1,0,0,1,0,90.0,0,0.0,0.0,0.0,312742.69,293249.56,0.0,0.0,312742.69,312742.69,312742.69,102623.135,2.0,4.0,0.0,4.0,False,True,False,False,False,False,False
3582,2022-08-30T00:00:00.000Z,Other,EM,MS,2022,2022-08-30T00:00:00.000Z,1,0,0,1,0,90.0,0,0.0,0.0,0.0,7182572.15,7154230.03,0.0,0.0,7182572.15,7182572.16,7182572.16,434877.975,11.0,22.0,3.0,19.0,False,True,False,False,False,False,False
3583,2022-09-18T00:00:00.000Z,Hurricane,EM,PR,2022,2022-09-17T00:00:00.000Z,78,0,0,1,0,4.0,0,0.0,0.0,0.0,0.0,0.0,0.0,0.0,0.0,0.0,0.0,0.0,0.0,0.0,0.0,0.0,0,0,0,0,0,0,0
3584,2022-09-24T00:00:00.000Z,Hurricane,EM,FL,2022,2022-09-23T00:00:00.000Z,69,0,0,1,0,42.0,0,0.0,0.0,0.0,0.0,0.0,0.0,0.0,0.0,0.0,0.0,0.0,0.0,0.0,0.0,0.0,0,0,0,0,0,0,0
3585,2022-09-29T00:00:00.000Z,Hurricane,EM,SC,2022,2022-09-25T00:00:00.000Z,46,0,0,1,0,9.0,0,0.0,0.0,0.0,0.0,0.0,0.0,0.0,0.0,0.0,0.0,0.0,0.0,0.0,0.0,0.0,0,0,0,0,0,0,0
3586,2022-10-01T00:00:00.000Z,Hurricane,EM,NC,2023,2022-09-28T00:00:00.000Z,101,0,0,1,0,6.0,0,0.0,0.0,0.0,960363.88,802691.75,0.0,0.0,960363.88,960363.88,960363.88,27287.283333333333,25.0,45.0,0.0,45.0,False,True,False,False,False,False,False
3587,2022-11-08T00:00:00.000Z,Tropical Storm,EM,FL,2023,2022-11-07T00:00:00.000Z,47,0,0,1,0,23.0,0,0.0,0.0,0.0,0.0,0.0,0.0,0.0,0.0,0.0,0.0,0.0,0.0,0.0,0.0,0.0,0,0,0,0,0,0,0
3588,2022-11-09T00:00:00.000Z,Tropical Storm,EM,FL,2023,2022-11-07T00:00:00.000Z,7,0,0,1,0,7.5,1,0.0,0.0,0.0,0.0,0.0,0.0,0.0,0.0,0.0,0.0,0.0,0.0,0.0,0.0,0.0,0,0,0,0,0,0,0
3589,2022-11-20T00:00:00.000Z,Winter Storm,EM,NY,2023,2022-11-18T00:00:00.000Z,11,0,0,1,0,3.0,0,0.0,0.0,0.0,1193034.07,1096744.5,0.0,0.0,1193034.07,1192605.44,1192605.44,74199.37714285713,14.0,21.0,0.0,21.0,False,True,False,False,False,False,False
3590,2022-12-26T00:00:00.000Z,Winter Storm,EM,NY,2023,2022-12-23T00:00:00.000Z,2,0,0,1,0,5.0,0,0.0,0.0,0.0,0.0,0.0,0.0,0.0,0.0,0.0,0.0,0.0,0.0,0.0,0.0,0.0,0,0,0,0,0,0,0
3591,2023-01-09T00:00:00.000Z,Flood,EM,CA,2023,2023-01-08T00:00:00.000Z,41,0,0,1,0,23.0,0,0.0,0.0,0.0,0.0,0.0,0.0,0.0,0.0,0.0,0.0,0.0,0.0,0.0,0.0,0.0,0,0,0,0,0,0,0
3592,2023-03-10T00:00:00.000Z,Flood,EM,CA,2023,2023-03-09T00:00:00.000Z,43,0,0,1,0,123.0,0,0.0,0.0,0.0,0.0,0.0,0.0,0.0,0.0,0.0,0.0,0.0,0.0,0.0,0.0,0.0,0,0,0,0,0,0,0
3593,2023-05-22T00:00:00.000Z,Tropical Storm,EM,MP,2023,2023-05-22T00:00:00.000Z,5,0,0,1,0,7.0,0,0.0,0.0,0.0,0.0,0.0,0.0,0.0,0.0,0.0,0.0,0.0,0.0,0.0,0.0,0.0,0,0,0,0,0,0,0
3594,2023-05-22T00:00:00.000Z,Tropical Storm,EM,GU,2023,2023-05-22T00:00:00.000Z,1,0,0,1,0,7.0,0,0.0,0.0,0.0,0.0,0.0,0.0,0.0,0.0,0.0,0.0,0.0,0.0,0.0,0.0,0.0,0,0,0,0,0,0,0
3595,2023-07-10T00:00:00.000Z,Flood,EM,VT,2023,2023-07-09T00:00:00.000Z,14,0,0,1,0,8.0,0,0.0,0.0,0.0,0.0,0.0,0.0,0.0,0.0,0.0,0.0,0.0,0.0,0.0,0.0,0.0,0,0,0,0,0,0,0
3596,2023-08-28T00:00:00.000Z,Tropical Storm,EM,FL,2023,2023-08-27T00:00:00.000Z,49,0,0,1,0,8.0,0,0.0,0.0,0.0,0.0,0.0,0.0,0.0,0.0,0.0,0.0,0.0,0.0,0.0,0.0,0.0,0,0,0,0,0,0,0
3597,2023-08-31T00:00:00.000Z,Hurricane,EM,SC,2023,2023-08-29T00:00:00.000Z,46,0,0,1,0,5.0,0,0.0,0.0,0.0,2635138.07,2483112.33,0.0,0.0,2635138.07,2635138.07,2635138.07,59704.17413793103,40.0,58.0,0.0,58.0,False,True,False,False,False,False,False
3598,2023-09-14T00:00:00.000Z,Hurricane,EM,ME,2023,2023-09-15T00:00:00.000Z,16,0,0,1,0,2.0,0,0.0,0.0,0.0,21090.56,21090.56,0.0,0.0,21090.56,21090.56,21090.56,14060.375,2.0,2.0,0.0,2.0,False,True,False,False,False,False,False
3599,2023-09-15T00:00:00.000Z,Hurricane,EM,MA,2023,2023-09-15T00:00:00.000Z,14,0,0,1,0,2.0,0,0.0,0.0,0.0,194207.73,183012.33,0.0,0.0,194207.73,194207.73,194207.73,63802.96,3.0,4.0,0.0,4.0,False,True,False,False,False,False,False
3600,2023-09-27T00:00:00.000Z,Other,EM,LA,2023,2023-09-20T00:00:00.000Z,5,0,0,1,0,142.0,0,0.0,0.0,0.0,33234197.06,32083690.44,0.0,0.0,33234197.06,33234337.27,33234337.27,2312049.864736842,5.0,19.0,11.0,8.0,False,True,False,False,False,False,False
3601,2023-10-08T00:00:00.000Z,Tropical Storm,EM,GU,2024,2023-10-08T00:00:00.000Z,1,0,0,1,0,8.0,0,0.0,0.0,0.0,0.0,0.0,0.0,0.0,0.0,0.0,0.0,0.0,0.0,0.0,0.0,0.0,0,0,0,0,0,0,0
3602,2023-10-08T00:00:00.000Z,Tropical Storm,EM,MP,2024,2023-10-09T00:00:00.000Z,5,0,0,1,0,7.0,0,0.0,0.0,0.0,0.0,0.0,0.0,0.0,0.0,0.0,0.0,0.0,0.0,0.0,0.0,0.0,0,0,0,0,0,0,0
3603,2023-11-18T00:00:00.000Z,Other,EM,VI,2024,2023-10-25T00:00:00.000Z,1,0,0,1,0,90.0,0,0.0,0.0,0.0,1216773.76,1216773.76,0.0,0.0,1216773.76,1216773.76,1216773.76,324473.002,5.0,5.0,0.0,5.0,False,True,False,False,False,False,False
3604,2024-01-13T00:00:00.000Z,Severe Storm,EM,CT,2024,2024-01-10T00:00:00.000Z,3,0,0,1,0,3.0,0,0.0,0.0,0.0,0.0,0.0,0.0,0.0,0.0,0.0,0.0,0.0,0.0,0.0,0.0,0.0,0,0,0,0,0,0,0
3605,2024-08-03T00:00:00.000Z,Tropical Storm,EM,FL,2024,2024-08-01T00:00:00.000Z,61,0,0,1,0,26.0,0,0.0,0.0,0.0,0.0,0.0,0.0,0.0,0.0,0.0,0.0,0.0,0.0,0.0,0.0,0.0,0,0,0,0,0,0,0
3606,2024-08-05T00:00:00.000Z,Tropical Storm,EM,SC,2024,2024-08-04T00:00:00.000Z,46,0,0,1,0,18.0,0,0.0,0.0,0.0,17716.5,17716.5,0.0,0.0,17716.5,17716.5,17716.5,23622.0,1.0,1.0,0.0,1.0,False,True,False,False,False,False,False
3607,2024-08-05T00:00:00.000Z,Tropical Storm,EM,GA,2024,2024-08-04T00:00:00.000Z,55,0,0,1,0,16.0,0,0.0,0.0,0.0,0.0,0.0,0.0,0.0,0.0,0.0,0.0,0.0,0.0,0.0,0.0,0.0,0,0,0,0,0,0,0
3608,2024-08-06T00:00:00.000Z,Tropical Storm,EM,NC,2024,2024-08-05T00:00:00.000Z,74,0,0,1,0,14.0,0,0.0,0.0,0.0,5039190.89,3612973.18,0.0,0.0,5039190.89,5039190.89,5039190.89,122421.86490196078,30.0,51.0,2.0,49.0,False,True,False,False,False,False,False
3609,2024-08-08T00:00:00.000Z,Tropical Storm,EM,VT,2024,2024-08-08T00:00:00.000Z,14,0,0,1,0,2.0,0,0.0,0.0,0.0,0.0,0.0,0.0,0.0,0.0,0.0,0.0,0.0,0.0,0.0,0.0,0.0,0,0,0,0,0,0,0
3610,2024-08-13T00:00:00.000Z,Severe Storm,EM,PR,2024,2024-08-13T00:00:00.000Z,78,0,0,1,0,3.0,0,0.0,0.0,0.0,0.0,0.0,0.0,0.0,0.0,0.0,0.0,0.0,0.0,0.0,0.0,0.0,0,0,0,0,0,0,0
3611,2024-08-18T00:00:00.000Z,Tropical Storm,EM,VI,2024,2024-08-13T00:00:00.000Z,3,0,0,1,0,3.0,0,0.0,0.0,0.0,0.0,0.0,0.0,0.0,0.0,0.0,0.0,0.0,0.0,0.0,0.0,0.0,0,0,0,0,0,0,0
3612,2024-08-21T00:00:00.000Z,Severe Storm,EM,CT,2024,2024-08-18T00:00:00.000Z,3,0,0,1,0,1.0,0,0.0,0.0,0.0,0.0,0.0,0.0,0.0,0.0,0.0,0.0,0.0,0.0,0.0,0.0,0.0,0,0,0,0,0,0,0
3613,2024-08-25T00:00:00.000Z,Severe Storm,EM,NY,2024,2024-08-18T00:00:00.000Z,1,0,0,1,0,1.0,0,0.0,0.0,0.0,0.0,0.0,0.0,0.0,0.0,0.0,0.0,0.0,0.0,0.0,0.0,0.0,0,0,0,0,0,0,0
3614,2024-09-10T00:00:00.000Z,Hurricane,EM,LA,2024,2024-09-10T00:00:00.000Z,64,0,0,1,0,2.0,0,0.0,0.0,0.0,10236.38,10236.38,0.0,0.0,10236.38,10236.38,10236.38,13648.5,1.0,1.0,0.0,1.0,False,True,False,False,False,False,False
3615,2024-09-24T00:00:00.000Z,Tropical Storm,EM,FL,2024,2024-09-23T00:00:00.000Z,41,0,0,1,0,14.0,0,0.0,0.0,0.0,0.0,0.0,0.0,0.0,0.0,0.0,0.0,0.0,0.0,0.0,0.0,0.0,0,0,0,0,0,0,0
3616,2024-09-26T00:00:00.000Z,Tropical Storm,EM,GA,2024,2024-09-24T00:00:00.000Z,159,0,0,1,0,36.0,0,0.0,0.0,0.0,0.0,0.0,0.0,0.0,0.0,0.0,0.0,0.0,0.0,0.0,0.0,0.0,0,0,0,0,0,0,0
3617,2024-09-26T00:00:00.000Z,Tropical Storm,EM,NC,2024,2024-09-25T00:00:00.000Z,101,0,0,1,0,84.0,0,0.0,0.0,0.0,0.0,0.0,0.0,0.0,0.0,0.0,0.0,0.0,0.0,0.0,0.0,0.0,0,0,0,0,0,0,0
3618,2024-09-26T00:00:00.000Z,Hurricane,EM,AL,2024,2024-09-22T00:00:00.000Z,67,0,0,1,0,7.0,0,0.0,0.0,0.0,54376.7,54376.7,0.0,0.0,54376.7,54376.7,54376.7,24167.416666666668,3.0,3.0,0.0,3.0,False,True,False,False,False,False,False
3619,2024-09-26T00:00:00.000Z,Tropical Storm,EM,SC,2024,2024-09-25T00:00:00.000Z,46,0,0,1,0,12.0,0,0.0,0.0,0.0,0.0,0.0,0.0,0.0,0.0,0.0,0.0,0.0,0.0,0.0,0.0,0.0,0,0,0,0,0,0,0
3620,2024-09-27T00:00:00.000Z,Tropical Storm,EM,TN,2024,2024-09-26T00:00:00.000Z,8,0,0,1,0,4.0,0,0.0,0.0,0.0,0.0,0.0,0.0,0.0,0.0,0.0,0.0,0.0,0.0,0.0,0.0,0.0,0,0,0,0,0,0,0
3621,2024-09-29T00:00:00.000Z,Tropical Storm,EM,VA,2024,2024-09-25T00:00:00.000Z,24,0,0,1,0,8.0,0,0.0,0.0,0.0,0.0,0.0,0.0,0.0,0.0,0.0,0.0,0.0,0.0,0.0,0.0,0.0,0,0,0,0,0,0,0
3622,2024-10-07T00:00:00.000Z,Hurricane,EM,FL,2025,2024-10-05T00:00:00.000Z,51,0,0,1,0,28.0,0,0.0,0.0,0.0,0.0,0.0,0.0,0.0,0.0,0.0,0.0,0.0,0.0,0.0,0.0,0.0,0,0,0,0,0,0,0
3623,2024-10-08T00:00:00.000Z,Hurricane,EM,FL,2025,2024-10-05T00:00:00.000Z,7,0,0,1,0,28.0,0,0.0,0.0,0.0,0.0,0.0,0.0,0.0,0.0,0.0,0.0,0.0,0.0,0.0,0.0,0.0,0,0,0,0,0,0,0
3624,2025-02-16T00:00:00.000Z,Severe Storm,EM,KY,2025,2025-02-14T00:00:00.000Z,120,0,0,1,0,21.0,0,0.0,0.0,0.0,0.0,0.0,0.0,0.0,0.0,0.0,0.0,0.0,0.0,0.0,0.0,0.0,0,0,0,0,0,0,0
3625,2025-04-02T00:00:00.000Z,Severe Storm,EM,TN,2025,2025-04-02T00:00:00.000Z,95,0,0,1,0,22.0,0,0.0,0.0,0.0,0.0,0.0,0.0,0.0,0.0,0.0,0.0,0.0,0.0,0.0,0.0,0.0,0,0,0,0,0,0,0
3626,2025-04-03T00:00:00.000Z,Severe Storm,EM,KY,2025,2025-04-02T00:00:00.000Z,120,0,0,1,0,44.0,0,0.0,0.0,0.0,0.0,0.0,0.0,0.0,0.0,0.0,0.0,0.0,0.0,0.0,0.0,0.0,0,0,0,0,0,0,0
3627,2025-04-05T00:00:00.000Z,Severe Storm,EM,AR,2025,2025-04-02T00:00:00.000Z,75,0,0,1,0,20.0,0,0.0,0.0,0.0,0.0,0.0,0.0,0.0,0.0,0.0,0.0,0.0,0.0,0.0,0.0,0.0,0,0,0,0,0,0,0
3628,2025-07-10T00:00:00.000Z,Flood,EM,NM,2025,2025-06-23T00:00:00.000Z,4,0,0,1,0,43.0,0,0.0,0.0,0.0,0.0,0.0,0.0,0.0,0.0,0.0,0.0,0.0,0.0,0.0,0.0,0.0,0,0,0,0,0,0,0
3629,2025-12-12T00:00:00.000Z,Flood,EM,WA,2026,2025-12-09T00:00:00.000Z,17,0,0,1,0,0.0,1,0.0,0.0,0.0,0.0,0.0,0.0,0.0,0.0,0.0,0.0,0.0,0.0,0.0,0.0,0.0,0,0,0,0,0,0,0
3630,2025-12-19T00:00:00.000Z,Flood,EM,MT,2026,2025-12-10T00:00:00.000Z,3,0,0,1,0,0.0,1,0.0,0.0,0.0,0.0,0.0,0.0,0.0,0.0,0.0,0.0,0.0,0.0,0.0,0.0,0.0,0,0,0,0,0,0,0
3631,2026-01-23T00:00:00.000Z,Winter Storm,EM,VA,2026,2026-01-22T00:00:00.000Z,135,0,0,1,0,5.0,0,0.0,0.0,0.0,0.0,0.0,0.0,0.0,0.0,0.0,0.0,0.0,0.0,0.0,0.0,0.0,0,0,0,0,0,0,0
3632,2026-01-23T00:00:00.000Z,Winter Storm,EM,SC,2026,2026-01-21T00:00:00.000Z,47,0,0,1,0,6.0,0,0.0,0.0,0.0,0.0,0.0,0.0,0.0,0.0,0.0,0.0,0.0,0.0,0.0,0.0,0.0,0,0,0,0,0,0,0
3633,2026-01-24T00:00:00.000Z,Winter Storm,EM,KY,2026,2026-01-23T00:00:00.000Z,120,0,0,1,0,4.0,0,0.0,0.0,0.0,0.0,0.0,0.0,0.0,0.0,0.0,0.0,0.0,0.0,0.0,0.0,0.0,0,0,0,0,0,0,0
3634,2026-01-24T00:00:00.000Z,Winter Storm,EM,MD,2026,2026-01-23T00:00:00.000Z,24,0,0,1,0,4.0,0,0.0,0.0,0.0,0.0,0.0,0.0,0.0,0.0,0.0,0.0,0.0,0.0,0.0,0.0,0.0,0,0,0,0,0,0,0
3635,2026-01-24T00:00:00.000Z,Winter Storm,EM,TN,2026,2026-01-22T00:00:00.000Z,95,0,0,1,0,5.0,0,0.0,0.0,0.0,0.0,0.0,0.0,0.0,0.0,0.0,0.0,0.0,0.0,0.0,0.0,0.0,0,0,0,0,0,0,0
3636,2026-01-24T00:00:00.000Z,Winter Storm,EM,AR,2026,2026-01-23T00:00:00.000Z,75,0,0,1,0,4.0,0,0.0,0.0,0.0,0.0,0.0,0.0,0.0,0.0,0.0,0.0,0.0,0.0,0.0,0.0,0.0,0,0,0,0,0,0,0
3637,2026-01-24T00:00:00.000Z,Winter Storm,EM,NC,2026,2026-01-21T00:00:00.000Z,102,0,0,1,0,6.0,0,0.0,0.0,0.0,0.0,0.0,0.0,0.0,0.0,0.0,0.0,0.0,0.0,0.0,0.0,0.0,0,0,0,0,0,0,0
3638,2026-01-24T00:00:00.000Z,Winter Storm,EM,LA,2026,2026-01-23T00:00:00.000Z,64,0,0,1,0,4.0,0,0.0,0.0,0.0,3787500.0,3787500.0,0.0,0.0,3787500.0,3787500.0,3787500.0,5050000.0,1.0,1.0,1.0,0.0,False,True,False,False,False,False,False
3639,2026-01-24T00:00:00.000Z,Winter Storm,EM,WV,2026,2026-01-23T00:00:00.000Z,55,0,0,1,0,4.0,0,0.0,0.0,0.0,0.0,0.0,0.0,0.0,0.0,0.0,0.0,0.0,0.0,0.0,0.0,0.0,0,0,0,0,0,0,0
3640,2026-01-24T00:00:00.000Z,Winter Storm,EM,MS,2026,2026-01-23T00:00:00.000Z,83,0,0,1,0,4.0,0,0.0,0.0,0.0,0.0,0.0,0.0,0.0,0.0,0.0,0.0,0.0,0.0,0.0,0.0,0.0,0,0,0,0,0,0,0
3641,2026-01-24T00:00:00.000Z,Winter Storm,EM,IN,2026,2026-01-23T00:00:00.000Z,92,0,0,1,0,4.0,0,0.0,0.0,0.0,0.0,0.0,0.0,0.0,0.0,0.0,0.0,0.0,0.0,0.0,0.0,0.0,0,0,0,0,0,0,0
3642,2026-01-24T00:00:00.000Z,Winter Storm,EM,GA,2026,2026-01-22T00:00:00.000Z,112,0,0,1,0,5.0,0,0.0,0.0,0.0,0.0,0.0,0.0,0.0,0.0,0.0,0.0,0.0,0.0,0.0,0.0,0.0,0,0,0,0,0,0,0
3643,2026-02-20T00:00:00.000Z,Other,EM,DC,2026,2026-01-19T00:00:00.000Z,1,0,0,1,0,54.0,0,0.0,0.0,0.0,0.0,0.0,0.0,0.0,0.0,0.0,0.0,0.0,0.0,0.0,0.0,0.0,0,0,0,0,0,0,0
3644,2026-04-11T00:00:00.000Z,Tropical Storm,EM,GU,2026,2026-04-11T00:00:00.000Z,1,0,0,1,0,7.5,1,0.0,0.0,0.0,0.0,0.0,0.0,0.0,0.0,0.0,0.0,0.0,0.0,0.0,0.0,0.0,0,0,0,0,0,0,0
3645,2026-04-11T00:00:00.000Z,Tropical Storm,EM,MP,2026,2026-04-11T00:00:00.000Z,5,0,0,1,0,7.5,1,0.0,0.0,0.0,0.0,0.0,0.0,0.0,0.0,0.0,0.0,0.0,0.0,0.0,0.0,0.0,0,0,0,0,0,0,0
4000,2011-07-08T00:00:00.000Z,Severe Storm,DR,AR,2011,2011-05-24T00:00:00.000Z,3,1,0,1,1,2.0,0,1754570.75,1421006.46,333564.29,2663059.78,938126.84,1700712.97,68035.0,4485665.529999999,2663059.78,2663059.78,92153.19743589744,12.0,39.0,8.0,31.0,True,True,True,False,True,True,False
4001,2011-07-08T00:00:00.000Z,Severe Storm,DR,VT,2011,2011-05-26T00:00:00.000Z,4,1,0,1,1,1.0,0,1428515.82,1294869.53,133646.29,10545798.69,300886.0,10137191.9,561231.0,12535545.51,10545798.69,10545798.69,25379.66712477396,46.0,553.0,42.0,511.0,True,True,True,True,True,True,True
4002,2011-07-13T00:00:00.000Z,Severe Storm,DR,OH,2011,2011-04-04T00:00:00.000Z,21,0,0,1,1,41.0,0,0.0,0.0,0.0,32964612.36,1252767.5,31075830.98,4510495.0,37475107.36,32964165.69,32964165.69,33804.20233384853,210.0,1294.0,146.0,1148.0,True,True,True,True,True,True,True
4003,2011-07-13T00:00:00.000Z,Severe Storm,DR,PA,2011,2011-04-25T00:00:00.000Z,5,0,0,1,1,3.0,0,0.0,0.0,0.0,9389606.38,235847.98,8865844.4,1231142.0,10620748.38,9389606.379999999,9389606.379999999,21757.448108581437,104.0,571.0,12.0,559.0,True,True,True,True,True,True,True
4004,2011-07-14T00:00:00.000Z,Severe Storm,DR,PR,2011,2011-05-20T00:00:00.000Z,13,0,0,1,1,19.0,0,0.0,0.0,0.0,6433605.15,626468.18,5648870.19,1105267.0,7538872.15,6433605.15,6433605.15,28707.755117845118,17.0,297.0,19.0,278.0,True,True,True,False,True,True,False
4005,2011-07-20T00:00:00.000Z,Severe Storm,DR,TN,2011,2011-06-18T00:00:00.000Z,7,0,0,1,1,6.0,0,0.0,0.0,0.0,6940346.02,1273604.4,5598332.45,812698.37,7753044.39,6940346.0200000005,6940346.0200000005,47828.970569948186,35.0,193.0,20.0,173.0,True,True,True,True,True,True,True
4006,2011-07-22T00:00:00.000Z,Flood,DR,NH,2011,2011-05-26T00:00:00.000Z,2,0,0,1,1,4.0,0,0.0,0.0,0.0,1218835.96,45823.74,1169227.85,148547.19,1367383.15,1218835.96,1218835.96,22244.562054794522,19.0,73.0,2.0,71.0,False,True,True,False,True,True,False
4007,2011-07-22T00:00:00.000Z,Severe Storm,DR,WY,2011,2011-05-18T00:00:00.000Z,16,0,0,1,1,51.0,0,0.0,0.0,0.0,5568579.02,1652353.64,3640223.97,816983.0,6385562.02,5568579.02,5568579.02,36477.145172413795,39.0,203.0,26.0,177.0,True,True,True,True,False,True,True
4008,2011-07-25T00:00:00.000Z,Severe Storm,DR,KY,2011,2011-06-19T00:00:00.000Z,7,1,0,1,1,4.0,0,2868196.73,2465840.29,402356.44,2569085.9,570339.25,1875981.61,1262124.23,6699406.859999999,2569085.9,2569085.9,15454.455890410958,19.0,219.0,7.0,212.0,True,True,True,True,True,True,True
4009,2011-07-28T00:00:00.000Z,Severe Storm,DR,MN,2011,2011-07-01T00:00:00.000Z,16,0,0,1,1,10.0,0,0.0,0.0,0.0,11095538.36,2675135.67,8027588.94,381333.0,11476871.36,11095538.36,11095538.36,32950.8146741573,113.0,445.0,47.0,398.0,True,True,True,True,True,True,True
4010,2011-07-29T00:00:00.000Z,Severe Storm,DR,KS,2011,2011-05-19T00:00:00.000Z,25,0,0,1,1,16.0,0,0.0,0.0,0.0,7283728.86,744562.71,5943304.7,1063703.0,8347431.86,7283728.86,7283728.86,23981.994496314495,97.0,407.0,31.0,376.0,True,True,True,False,True,True,True
4011,2011-08-08T00:00:00.000Z,Flood,DR,UT,2011,2011-04-18T00:00:00.000Z,19,0,0,1,1,89.0,0,0.0,0.0,0.0,7738769.52,4082391.5,3388879.85,1463518.0,9202287.52,7738769.54,7738769.54,32945.16766025641,62.0,312.0,29.0,283.0,True,True,True,True,True,True,True
4012,2011-08-12T00:00:00.000Z,Flood,DR,MO,2011,2011-06-01T00:00:00.000Z,11,1,0,1,1,61.0,0,3145110.51,3079543.32,65567.19,21739243.52,13858567.53,7297543.86,6470493.0,31354847.03,21739243.52,21739243.52,52660.49347272727,118.0,550.0,62.0,488.0,True,True,True,True,True,True,True
4013,2011-08-12T00:00:00.000Z,Flood,DR,NE,2011,2011-05-24T00:00:00.000Z,17,1,0,1,1,69.0,0,4310797.51,4180886.62,129910.89,62808331.04,39653114.37,22791728.5,14976650.61,82095779.16,62808331.06,62808331.06,145573.9883130435,76.0,575.0,155.0,420.0,True,True,True,True,True,True,True
4014,2011-08-12T00:00:00.000Z,Severe Storm,DR,NE,2011,2011-06-19T00:00:00.000Z,12,0,0,1,1,2.0,0,0.0,0.0,0.0,3362468.45,623653.45,2720969.23,420748.0,3783216.45,3362468.45,3362468.45,97333.5356521739,19.0,46.0,13.0,33.0,True,True,True,False,True,True,False
4015,2011-08-18T00:00:00.000Z,Flood,DR,LA,2011,2011-04-25T00:00:00.000Z,22,0,0,1,1,73.0,0,0.0,0.0,0.0,5553128.41,3549146.66,1760212.52,1762074.09,7315202.5,5553128.41,5553128.41,130766.33392857143,18.0,56.0,20.0,36.0,True,True,True,False,True,True,True
4016,2011-08-24T00:00:00.000Z,Severe Storm,DR,IA,2011,2011-07-09T00:00:00.000Z,6,0,0,1,1,5.0,0,0.0,0.0,0.0,5743591.77,1591500.78,3912611.78,1518573.0,7262164.77,5743591.8,5743591.8,38591.55515,60.0,200.0,21.0,179.0,True,True,True,False,True,True,True
4017,2011-08-27T00:00:00.000Z,Hurricane,DR,PR,2011,2011-08-21T00:00:00.000Z,56,1,0,1,1,3.0,0,33464676.55,15360258.73,18104417.82,55113218.14,12579155.93,41210213.97,9668782.0,98246676.69,55113218.15,55113218.15,44299.67263796241,75.0,1649.0,143.0,1506.0,True,True,True,True,True,True,True
4018,2011-08-30T00:00:00.000Z,Severe Storm,DR,IA,2011,2011-07-27T00:00:00.000Z,2,0,0,1,1,2.0,0,0.0,0.0,0.0,4132709.44,550964.83,3358432.61,832243.0,4964952.4399999995,4132709.44,4132709.44,43359.45857142857,23.0,126.0,20.0,106.0,True,True,True,True,True,True,True
4019,2011-08-31T00:00:00.000Z,Hurricane,DR,NC,2011,2011-08-25T00:00:00.000Z,38,1,0,1,1,7.0,0,37238654.89,31056287.45,6182367.44,87544413.27,50103752.51,36024124.7,14541597.19,139324665.35,87544413.31,87544413.31,64193.09953064605,305.0,1811.0,209.0,1602.0,True,True,True,True,True,True,True
4020,2011-08-31T00:00:00.000Z,Hurricane,DR,NY,2011,2011-08-26T00:00:00.000Z,32,1,0,1,1,10.0,0,102809877.74,95805556.1,7004321.64,564367352.11,167285986.97,386862744.09,64309784.84,731487014.69,565096892.89,565096892.89,86605.57556784152,1253.0,8682.0,1269.0,7413.0,True,True,True,True,True,True,True
4021,2011-08-31T00:00:00.000Z,Hurricane,DR,NJ,2011,2011-08-27T00:00:00.000Z,21,1,0,1,1,9.0,0,176786317.62,162548238.97,14238078.65,122651525.59,61673820.17,57156658.82,34929457.75,334367300.96000004,122651526.69,122651526.69,34319.305712774956,1001.0,4728.0,430.0,4298.0,True,True,True,True,True,True,True
4022,2011-09-01T00:00:00.000Z,Hurricane,DR,VT,2011,2011-08-27T00:00:00.000Z,14,1,0,1,1,6.0,0,23207247.52,21623111.95,1584135.57,216779434.4,34683727.73,175197818.53,25002992.05,264989673.97000003,216765366.06,216765366.06,74699.43074051027,269.0,3214.0,455.0,2759.0,True,True,True,True,True,True,True
4023,2011-09-02T00:00:00.000Z,Hurricane,DR,CT,2011,2011-08-27T00:00:00.000Z,8,1,0,1,1,5.0,0,9496114.46,8829702.19,666412.27,43805958.98,24539129.57,17617505.41,7392909.62,60694983.059999995,43699063.47,43699063.47,40586.3639308398,285.0,1417.0,189.0,1228.0,True,True,True,True,True,True,True
4024,2011-09-03T00:00:00.000Z,Hurricane,DR,VA,2011,2011-08-26T00:00:00.000Z,48,0,0,1,1,2.0,0,0.0,0.0,0.0,57728528.7,45043849.12,10040936.43,6378770.07,64107298.77,57728528.72,57728528.72,69133.50719457013,133.0,1105.0,187.0,918.0,True,True,True,True,True,True,True
4025,2011-09-03T00:00:00.000Z,Hurricane,DR,PA,2011,2011-08-26T00:00:00.000Z,14,1,0,1,1,4.0,0,41528546.57,37917812.34,3610734.23,25638857.47,5492078.13,19424384.82,9303493.0,76470897.03999999,25638857.6,25638857.6,24650.93925925926,433.0,1377.0,50.0,1327.0,True,True,True,True,True,True,True
4026,2011-09-03T00:00:00.000Z,Hurricane,DR,NH,2011,2011-08-26T00:00:00.000Z,7,1,0,1,1,11.0,0,1262644.95,1137683.84,124961.11,17861260.9,1725548.52,15992001.44,1798709.0,20922614.849999998,17861260.93,17861260.93,40977.77601724138,130.0,580.0,45.0,535.0,True,True,True,True,True,True,True
4027,2011-09-03T00:00:00.000Z,Hurricane,DR,RI,2011,2011-08-27T00:00:00.000Z,6,0,0,1,1,2.0,0,0.0,0.0,0.0,8341293.11,7853681.42,431751.06,912225.58,9253518.69,8341293.11,8341293.11,45923.13256198347,90.0,242.0,24.0,218.0,True,True,True,False,True,True,True
4028,2011-09-03T00:00:00.000Z,Hurricane,DR,MA,2011,2011-08-27T00:00:00.000Z,9,1,0,1,1,2.0,0,5559369.2,5303982.24,255386.96,30463593.38,7974821.48,22317028.9,5152535.93,41175498.51,30464609.05,30464609.05,37979.6154588015,236.0,1068.0,112.0,956.0,True,True,True,True,True,True,True
4029,2011-09-09T00:00:00.000Z,Fire,DR,TX,2011,2011-08-30T00:00:00.000Z,65,1,0,1,1,123.0,0,14263187.0,11522577.32,2740609.68,46820167.2,38788798.48,5645747.0,11865026.97,72948381.17,46819614.89,46819614.89,65217.931354497356,68.0,945.0,72.0,873.0,True,True,True,False,True,True,True
4030,2011-09-12T00:00:00.000Z,Flood,DR,PA,2011,2011-09-03T00:00:00.000Z,34,1,0,1,1,42.0,0,103504091.89,93779140.15,9724951.74,148024629.35,23010375.05,122573815.22,32923328.7,284452049.94,148002479.9,148002479.9,36747.03671278983,911.0,5348.0,461.0,4887.0,True,True,True,True,True,True,True
4031,2011-09-13T00:00:00.000Z,Severe Storm,DR,NY,2011,2011-09-07T00:00:00.000Z,15,1,0,1,1,4.0,0,55138473.82,49047945.56,6090528.26,320422176.95,39203988.26,276323764.39,26418205.34,401978856.10999995,320373555.85,320373555.85,168789.25267510882,319.0,2527.0,364.0,2163.0,True,True,True,True,True,True,True
4032,2011-09-13T00:00:00.000Z,Hurricane,DR,ME,2011,2011-08-27T00:00:00.000Z,4,0,0,1,1,2.0,0,0.0,0.0,0.0,1995886.96,441160.24,1541625.37,300596.0,2296482.96,1995886.96,1995886.96,11179.519957983193,76.0,238.0,4.0,234.0,True,True,True,True,True,True,True
4033,2011-09-15T00:00:00.000Z,Severe Storm,DR,NJ,2011,2011-08-13T00:00:00.000Z,3,0,0,1,1,2.0,0,0.0,0.0,0.0,7037295.1,1186451.06,5694403.04,617221.0,7654516.1,7037295.1,7037295.1,86397.34157407407,32.0,108.0,23.0,85.0,True,True,True,True,True,True,True
4034,2011-09-16T00:00:00.000Z,Hurricane,DR,MD,2011,2011-08-24T00:00:00.000Z,15,0,0,1,1,12.0,0,0.0,0.0,0.0,19868844.47,15251467.36,4517435.54,2697385.0,22566229.47,19868844.47,19868844.47,35361.851944074566,185.0,751.0,55.0,696.0,True,True,True,True,True,True,True
4035,2011-09-23T00:00:00.000Z,Flood,DR,KS,2011,2011-06-01T00:00:00.000Z,4,0,0,1,1,61.0,0,0.0,0.0,0.0,2900592.12,1435679.99,1326444.41,514894.0,3415486.12,2900592.12,2900592.12,37249.633365384616,30.0,104.0,19.0,85.0,True,True,True,True,True,True,True
4036,2011-09-28T00:00:00.000Z,Hurricane,DR,DC,2011,2011-08-26T00:00:00.000Z,1,0,0,1,1,6.0,0,0.0,0.0,0.0,2466820.86,2387707.68,79113.18,98442.04,2565262.9,2466820.86,2466820.86,52207.8480952381,26.0,63.0,8.0,55.0,True,True,False,False,True,False,True
4037,2011-09-30T00:00:00.000Z,Hurricane,DR,DE,2011,2011-08-25T00:00:00.000Z,2,0,0,1,1,6.0,0,0.0,0.0,0.0,2036745.61,1013823.5,1016201.93,237236.0,2273981.6100000003,2036745.61,2036745.61,23896.53561403509,53.0,114.0,8.0,106.0,True,True,True,False,True,True,True
4038,2011-10-05T00:00:00.000Z,Flood,DR,MD,2012,2011-09-06T00:00:00.000Z,7,0,0,1,1,3.0,0,0.0,0.0,0.0,11018960.86,2675511.27,8286071.87,1441802.0,12460762.86,11018960.86,11018960.86,42875.31816326531,61.0,343.0,32.0,311.0,True,True,True,True,True,True,True
4039,2011-10-14T00:00:00.000Z,Severe Storm,DR,NJ,2012,2011-09-28T00:00:00.000Z,5,0,0,1,1,8.0,0,0.0,0.0,0.0,4007617.71,1256880.75,2617432.96,1220631.0,5228248.71,4005024.39,4005024.39,26598.03435,50.0,200.0,20.0,180.0,True,True,True,False,True,True,True
4040,2011-10-18T00:00:00.000Z,Hurricane,DR,PR,2012,2011-09-08T00:00:00.000Z,3,1,0,0,1,6.0,0,1335491.28,511993.98,823497.3,0.0,0.0,0.0,86362.0,1421853.28,0.0,0.0,0.0,0.0,0.0,0.0,0.0,0,0,0,0,0,0,0
4041,2011-10-28T00:00:00.000Z,Coastal Storm,DR,LA,2012,2011-09-01T00:00:00.000Z,8,0,0,1,1,4.0,0,0.0,0.0,0.0,5570929.04,4545571.58,825402.46,849612.04,6420541.08,5570929.05,5570929.05,84612.11114942528,35.0,87.0,22.0,65.0,True,True,True,True,True,True,True
4042,2011-11-04T00:00:00.000Z,Earthquake,DR,VA,2012,2011-08-23T00:00:00.000Z,10,1,0,1,1,63.0,0,16621823.6,16561667.23,60156.37,43550470.92,6275158.24,36377833.1,6056785.3,66229079.82,43550470.92,43550470.92,1013484.4680701754,16.0,57.0,12.0,45.0,False,True,False,False,True,True,True
4043,2011-11-08T00:00:00.000Z,Severe Storm,DR,VT,2012,2011-05-20T00:00:00.000Z,3,0,0,1,1,0.0,0,0.0,0.0,0.0,946367.37,6059.73,935840.02,116340.75,1062708.12,946367.37,946367.37,26256.95583333333,7.0,48.0,4.0,44.0,False,True,True,False,False,False,True
4044,2011-11-08T00:00:00.000Z,Earthquake,DR,DC,2012,2011-08-23T00:00:00.000Z,1,0,0,1,1,5.0,0,0.0,0.0,0.0,3995523.23,710888.98,3284634.25,877302.0,4872825.23,3732915.4,3732915.4,42540.34581196581,14.0,117.0,20.0,97.0,False,True,False,False,True,False,False
4045,2011-11-17T00:00:00.000Z,Severe Storm,DR,VA,2012,2011-09-08T00:00:00.000Z,8,0,0,1,1,1.0,0,0.0,0.0,0.0,5135398.21,561055.89,4428207.36,720204.0,5855602.21,5135398.21,5135398.21,65500.59278846153,13.0,104.0,23.0,81.0,True,True,True,True,True,True,True
4046,2011-11-17T00:00:00.000Z,Severe Storm,DR,CT,2012,2011-10-29T00:00:00.000Z,7,0,0,1,1,1.0,0,0.0,0.0,0.0,88561262.67,86146906.61,1065774.55,10313835.25,98875097.92,88561262.68,88561262.68,182993.50875583204,234.0,643.0,157.0,486.0,True,True,True,False,True,True,True
4047,2011-11-23T00:00:00.000Z,Flood,DR,NM,2012,2011-08-19T00:00:00.000Z,6,0,0,1,1,5.0,0,0.0,0.0,0.0,13324210.65,10947070.72,1469248.93,482423.45,13806634.1,11212573.610000001,11212573.610000001,348749.23047619045,7.0,42.0,15.0,27.0,True,True,True,True,True,False,True
4048,2011-11-30T00:00:00.000Z,Severe Storm,DR,NJ,2012,2011-10-29T00:00:00.000Z,11,0,0,1,1,1.0,0,0.0,0.0,0.0,26411715.75,23953406.66,1953951.87,3508702.24,29920417.990000002,26411715.82,26411715.82,46866.10133689839,306.0,748.0,130.0,618.0,True,True,True,True,True,True,True
4049,2011-12-05T00:00:00.000Z,Severe Storm,DR,NH,2012,2011-10-29T00:00:00.000Z,2,0,0,1,1,1.0,0,0.0,0.0,0.0,3337545.64,3146535.4,181351.53,183991.0,3521536.64,3337545.64,3337545.64,37685.094576271185,60.0,118.0,17.0,101.0,True,True,False,False,True,True,False
4050,2011-12-22T00:00:00.000Z,Severe Storm,DR,AK,2012,2011-11-08T00:00:00.000Z,5,0,0,1,1,5.0,0,0.0,0.0,0.0,4721628.31,146794.46,4186629.83,227656.0,4949284.31,4721628.3100000005,4721628.3100000005,112131.45839285714,17.0,56.0,9.0,47.0,True,True,True,True,True,True,True
4051,2012-01-06T00:00:00.000Z,Severe Storm,DR,MA,2012,2011-10-29T00:00:00.000Z,6,0,0,1,1,1.0,0,0.0,0.0,0.0,71006602.75,66665786.34,4123295.55,4882327.14,75888929.89,71006602.75,71006602.75,147817.12865625002,272.0,640.0,115.0,525.0,True,True,True,False,True,True,True
4052,2012-02-01T00:00:00.000Z,Severe Storm,DR,AL,2012,2012-01-22T00:00:00.000Z,3,1,0,0,1,1.0,0,942962.56,772152.24,170810.32,0.0,0.0,0.0,146221.0,1089183.56,0.0,0.0,0.0,0.0,0.0,0.0,0.0,0,0,0,0,0,0,0
4053,2012-02-01T00:00:00.000Z,Severe Storm,DR,UT,2012,2011-11-30T00:00:00.000Z,1,0,0,1,1,1.0,0,0.0,0.0,0.0,2564683.72,1412654.95,1111511.16,441205.0,3005888.72,2564683.7199999997,2564683.7199999997,50345.331,17.0,80.0,15.0,65.0,True,True,True,True,True,True,True
4054,2012-02-02T00:00:00.000Z,Severe Storm,DR,AK,2012,2011-11-15T00:00:00.000Z,1,0,0,1,1,2.0,0,0.0,0.0,0.0,1340817.62,132297.76,1094231.33,182646.0,1523463.62,1340817.65,1340817.65,53715.39787878788,9.0,33.0,3.0,30.0,True,True,False,False,True,True,True
4055,2012-03-02T00:00:00.000Z,Flood,DR,OR,2012,2012-01-17T00:00:00.000Z,12,0,0,1,1,4.0,0,0.0,0.0,0.0,15087219.2,1662486.58,12927510.62,3032978.0,18120197.2,15087219.24,15087219.24,40086.83753012048,89.0,498.0,42.0,456.0,True,True,True,True,True,True,True
4056,2012-03-05T00:00:00.000Z,Severe Storm,DR,WA,2012,2012-01-14T00:00:00.000Z,11,0,0,1,1,9.0,0,0.0,0.0,0.0,30413928.56,15972757.36,13054413.58,5794419.14,36208347.699999996,30413725.89,30413725.89,52035.508473479946,180.0,773.0,82.0,691.0,True,True,True,True,True,True,True
4057,2012-03-06T00:00:00.000Z,Severe Storm,DR,KY,2012,2012-02-29T00:00:00.000Z,23,1,0,1,1,3.0,0,10409047.22,8338020.41,2071026.81,14924163.49,8524322.9,6022595.23,3068640.41,28401851.12,14916731.02,14916731.02,53704.41817934783,61.0,368.0,46.0,322.0,True,True,True,False,True,True,True
4058,2012-03-09T00:00:00.000Z,Severe Storm,DR,IN,2012,2012-02-29T00:00:00.000Z,6,1,0,1,1,3.0,0,1727998.34,1351977.81,376020.53,4896874.71,2736682.82,2000834.89,533707.11,7158580.16,4896874.71,4896874.71,44246.03918367347,38.0,147.0,23.0,124.0,True,True,True,False,True,True,True
4059,2012-03-16T00:00:00.000Z,Severe Storm,DR,WV,2012,2012-02-29T00:00:00.000Z,11,1,0,1,1,5.0,0,2455408.1,2267219.55,188188.55,6904030.53,1196316.38,5662210.15,915156.0,10274594.63,6904030.85,6904030.85,23995.316657963445,29.0,383.0,26.0,357.0,True,True,True,False,True,True,True
4060,2012-03-16T00:00:00.000Z,Severe Storm,DR,TN,2012,2012-02-29T00:00:00.000Z,10,1,0,0,1,2.0,0,1042290.55,810073.94,232216.61,0.0,0.0,0.0,0.0,1042290.55,0.0,0.0,0.0,0.0,0.0,0.0,0.0,0,0,0,0,0,0,0
4061,2012-03-22T00:00:00.000Z,Severe Storm,DR,WV,2012,2012-03-15T00:00:00.000Z,3,1,0,1,1,16.0,0,2522604.92,2267734.49,254870.43,3974478.97,1522105.19,2420589.78,569670.0,7066753.890000001,3974478.97,3974478.97,44442.94462184874,24.0,119.0,14.0,105.0,True,True,True,False,True,True,True
4062,2012-04-18T00:00:00.000Z,Severe Storm,DR,HI,2012,2012-03-03T00:00:00.000Z,2,0,0,1,1,8.0,0,0.0,0.0,0.0,3095013.91,809300.56,2233833.7,95524.0,3190537.91,3095013.92,3095013.92,66280.51548387097,15.0,62.0,14.0,48.0,True,True,True,True,True,True,True
4063,2012-05-24T00:00:00.000Z,Severe Storm,DR,KS,2012,2012-04-14T00:00:00.000Z,14,0,0,1,1,1.0,0,0.0,0.0,0.0,4883032.82,686941.58,3980518.82,726334.0,5609366.82,4883032.82,4883032.82,55964.45042735043,45.0,117.0,21.0,96.0,True,True,True,False,True,True,True
4064,2012-06-14T00:00:00.000Z,Severe Storm,DR,OK,2012,2012-04-28T00:00:00.000Z,5,0,0,1,1,3.0,0,0.0,0.0,0.0,2918163.16,193887.35,2492662.71,387910.63,3306073.79,2918163.16,2918163.16,25241.07477124183,20.0,153.0,7.0,146.0,True,True,True,True,True,True,True
4065,2012-06-15T00:00:00.000Z,Severe Storm,DR,NH,2012,2012-05-29T00:00:00.000Z,1,0,0,1,1,2.0,0,0.0,0.0,0.0,3039192.36,121105.48,2908925.65,319205.0,3358397.36,3039192.36,3039192.36,51912.85333333333,11.0,78.0,11.0,67.0,True,True,True,False,False,False,True
4066,2012-06-22T00:00:00.000Z,Severe Storm,DR,VT,2012,2012-05-29T00:00:00.000Z,3,0,0,1,1,0.0,0,0.0,0.0,0.0,1017761.39,19407.42,976221.17,78963.67,1096725.06,1017761.41,1017761.41,19280.536,14.0,70.0,4.0,66.0,False,True,True,False,True,True,False
4067,2012-06-28T00:00:00.000Z,Fire,DR,CO,2012,2012-06-09T00:00:00.000Z,3,1,0,1,1,32.0,0,0.0,0.0,0.0,4046793.01,4024549.15,0.0,475368.08,4522161.09,4046793.01,4046793.01,192439.61964285717,21.0,28.0,13.0,15.0,False,True,False,False,False,False,False
4068,2012-07-03T00:00:00.000Z,Severe Storm,DR,FL,2012,2012-06-23T00:00:00.000Z,34,1,0,1,1,33.0,0,27791929.44,24637879.91,3154049.53,48651262.66,8196976.54,34737383.01,13695681.4,90138873.5,48651262.660000004,48651262.660000004,57819.40072450805,137.0,1118.0,146.0,972.0,True,True,True,True,True,True,True
4069,2012-07-06T00:00:00.000Z,Severe Storm,DR,MN,2012,2012-06-14T00:00:00.000Z,18,0,0,1,1,7.0,0,0.0,0.0,0.0,41354847.24,4967808.84,34913802.71,5718652.0,47073499.24,41354847.24,41354847.24,61749.962237288135,262.0,885.0,186.0,699.0,True,True,True,True,True,True,True
4070,2012-07-19T00:00:00.000Z,Severe Storm,DR,NJ,2012,2012-06-30T00:00:00.000Z,3,0,0,1,1,0.0,0,0.0,0.0,0.0,8796860.02,6024393.78,2606526.47,670441.0,9467301.02,8796860.04,8796860.04,39871.794573378844,82.0,293.0,25.0,268.0,True,True,True,False,True,True,True
4071,2012-07-23T00:00:00.000Z,Severe Storm,DR,WV,2012,2012-06-29T00:00:00.000Z,47,1,0,1,1,9.0,0,2784278.58,2497021.85,287256.73,11718720.76,10555032.44,1123798.87,1736368.0,16239367.34,11718720.76,11718720.76,18153.097,477.0,860.0,34.0,826.0,True,True,True,False,True,True,True
4072,2012-07-27T00:00:00.000Z,Severe Storm,DR,VA,2012,2012-06-29T00:00:00.000Z,69,0,0,1,1,2.0,0,0.0,0.0,0.0,21670637.94,11939571.45,8088581.0,2222598.0,23893235.94,21670637.95,21670637.95,45850.43102728732,128.0,623.0,85.0,538.0,True,True,True,True,True,True,True
4073,2012-07-31T00:00:00.000Z,Severe Storm,DR,DC,2012,2012-06-29T00:00:00.000Z,1,0,0,1,1,2.0,0,0.0,0.0,0.0,2914288.63,2893300.11,20988.52,102842.93,3017131.56,2914288.63,2914288.63,149450.69615384616,15.0,26.0,6.0,20.0,True,True,False,False,False,False,True
4074,2012-08-02T00:00:00.000Z,Fire,DR,MT,2012,2012-06-25T00:00:00.000Z,3,0,0,1,1,15.0,0,0.0,0.0,0.0,1297026.84,95284.12,1200315.02,230763.0,1527789.84,1297026.8399999999,1297026.8399999999,144095.31166666668,8.0,12.0,2.0,10.0,False,True,False,False,True,True,True
4075,2012-08-02T00:00:00.000Z,Severe Storm,DR,MD,2012,2012-06-29T00:00:00.000Z,6,0,0,1,1,9.0,0,0.0,0.0,0.0,12040508.41,10232783.99,1748072.96,1646935.54,13687443.95,12040508.41,12040508.41,124315.31775193798,59.0,129.0,16.0,113.0,True,True,True,False,True,True,True
4076,2012-08-02T00:00:00.000Z,Severe Storm,DR,WI,2012,2012-06-19T00:00:00.000Z,4,0,0,1,1,1.0,0,0.0,0.0,0.0,8488330.16,1319989.03,7028318.1,1577249.0,10065579.16,8488330.18,8488330.18,88841.29787401574,44.0,127.0,16.0,111.0,True,True,True,False,True,True,True
4077,2012-08-20T00:00:00.000Z,Severe Storm,DR,OH,2012,2012-06-29T00:00:00.000Z,39,0,0,1,1,3.0,0,0.0,0.0,0.0,16595662.54,10321385.81,5912592.15,3299351.0,19895013.54,16594635.94,16594635.94,22324.595450861198,513.0,987.0,59.0,928.0,True,True,True,False,True,True,True
4078,2012-08-22T00:00:00.000Z,Fire,DR,OK,2012,2012-08-03T00:00:00.000Z,2,1,0,0,1,11.0,0,7115053.78,6471155.03,643898.75,0.0,0.0,0.0,601235.07,7716288.850000001,0.0,0.0,0.0,0.0,0.0,0.0,0.0,0,0,0,0,0,0,0
4079,2012-08-24T00:00:00.000Z,Flood,DR,NM,2012,2012-06-22T00:00:00.000Z,5,0,0,1,1,20.0,0,0.0,0.0,0.0,25632263.08,23031825.28,1623462.0,7634682.84,33266945.919999998,25632263.080000002,25632263.080000002,442634.8656578947,17.0,76.0,21.0,55.0,True,True,True,True,True,True,True
4080,2012-08-29T00:00:00.000Z,Hurricane,DR,LA,2012,2012-08-26T00:00:00.000Z,55,1,0,1,1,15.0,0,141493695.57,118543111.68,22950583.89,299091068.29,208939865.6,80109027.69,55260437.44,495845201.3,299788666.65,299788666.65,289110.74269876006,408.0,1371.0,403.0,968.0,True,True,True,True,True,True,True
4081,2012-08-29T00:00:00.000Z,Hurricane,DR,MS,2012,2012-08-26T00:00:00.000Z,49,1,0,1,1,16.0,0,18066465.05,15342803.23,2723661.82,37399646.71,18269641.15,18039199.03,6780294.0,62246405.760000005,37399646.83,37399646.83,68311.40666206897,144.0,725.0,105.0,620.0,True,True,True,True,True,True,True
4082,2012-09-21T00:00:00.000Z,Hurricane,DR,AL,2012,2012-08-26T00:00:00.000Z,8,0,0,1,1,10.0,0,0.0,0.0,0.0,6640827.34,1449274.89,4980535.45,960197.0,7601024.34,6640827.38,6640827.38,54900.6079375,46.0,160.0,19.0,141.0,True,True,True,False,True,True,True
4083,2012-09-25T00:00:00.000Z,Severe Storm,DR,WA,2012,2012-07-20T00:00:00.000Z,3,0,0,1,1,0.0,0,0.0,0.0,0.0,2757341.45,1811567.95,760734.99,755105.98,3512447.43,2757341.45,2757341.45,62724.99706896552,19.0,58.0,10.0,48.0,True,True,True,False,True,True,True
4084,2012-10-18T00:00:00.000Z,Hurricane,DR,FL,2013,2012-08-27T00:00:00.000Z,12,0,0,1,1,2.0,0,0.0,0.0,0.0,17828372.01,5179503.38,10786875.5,3444360.76,21272732.770000003,17828372.009999998,17828372.009999998,73990.3030625,75.0,320.0,48.0,272.0,True,True,True,True,True,True,True
4085,2012-10-30T00:00:00.000Z,Hurricane,DR,NY,2013,2012-10-27T00:00:00.000Z,14,1,0,1,1,12.0,0,1012576801.02,866598517.46,145978283.56,14773747583.81,2682850144.75,11914446233.5,1385587779.1,17171912163.93,14850656164.08,14850656164.08,3796300.928383234,1067.0,4342.0,1782.0,2560.0,True,True,True,True,True,True,True
4086,2012-10-30T00:00:00.000Z,Hurricane,DR,NJ,2013,2012-10-26T00:00:00.000Z,21,1,0,1,1,13.0,0,421687505.7,364811334.83,56876170.87,2458341227.89,731711380.56,1661890760.76,278962179.58,3158990913.1699996,2463630708.13,2463630708.13,569781.4434322122,1323.0,4787.0,1503.0,3284.0,True,True,True,True,True,True,True
4087,2012-10-30T00:00:00.000Z,Hurricane,DR,CT,2013,2012-10-27T00:00:00.000Z,8,1,0,1,1,12.0,0,15411911.44,14281595.2,1130316.24,59129648.79,38047901.18,18941409.61,9402903.16,83944463.39,58093895.980000004,58093895.980000004,113407.5218249258,216.0,674.0,174.0,500.0,True,True,True,True,True,True,True
4088,2012-11-03T00:00:00.000Z,Flood,DR,UT,2013,2012-09-11T00:00:00.000Z,1,0,0,1,1,0.0,0,0.0,0.0,0.0,1653796.77,115231.8,1489544.75,246920.0,1900716.77,1653796.77,1653796.77,68397.5709375,8.0,32.0,4.0,28.0,True,True,True,True,False,True,True
4089,2012-11-03T00:00:00.000Z,Hurricane,DR,RI,2013,2012-10-26T00:00:00.000Z,4,1,0,1,1,5.0,0,421340.81,378748.8,42592.01,8734303.07,4789849.95,3621726.12,1213946.54,10369590.420000002,8734303.1,8734303.1,45247.6922745098,62.0,255.0,35.0,220.0,True,True,True,True,True,True,True
4090,2012-11-16T00:00:00.000Z,Hurricane,DR,DE,2013,2012-10-27T00:00:00.000Z,3,0,0,1,1,12.0,0,0.0,0.0,0.0,6615076.59,2868305.29,3719012.63,291325.36,6906401.95,6615076.59,6615076.59,60383.84657534246,51.0,146.0,30.0,116.0,True,True,True,True,True,True,True
4091,2012-11-20T00:00:00.000Z,Hurricane,DR,MD,2013,2012-10-26T00:00:00.000Z,24,1,0,1,1,9.0,0,2592961.32,2168049.22,424912.1,30749448.69,21862022.2,8497041.39,4312949.96,37655359.97,30749448.95,30749448.95,52734.36807741935,245.0,775.0,138.0,637.0,True,True,True,False,True,True,True
4092,2012-11-26T00:00:00.000Z,Hurricane,DR,VA,2013,2012-10-26T00:00:00.000Z,29,1,0,1,1,13.0,0,0.0,0.0,0.0,10459122.12,3804525.36,6114211.8,1555721.32,12014843.44,10459122.12,10459122.12,58683.00843220339,58.0,236.0,34.0,202.0,True,True,True,False,True,True,True
4093,2012-11-27T00:00:00.000Z,Hurricane,DR,WV,2013,2012-10-29T00:00:00.000Z,18,0,0,1,1,10.0,0,0.0,0.0,0.0,14890071.93,12954412.72,1860004.86,2253069.0,17143140.93,14890071.93,14890071.93,69349.10006993008,156.0,286.0,49.0,237.0,True,True,True,False,True,True,True
4094,2012-11-27T00:00:00.000Z,Severe Storm,DR,AK,2013,2012-09-15T00:00:00.000Z,5,0,0,1,1,15.0,0,0.0,0.0,0.0,24774756.74,1768739.65,21634237.93,3418580.6,28193337.34,24467418.2,24467418.2,351904.1289130435,15.0,92.0,43.0,49.0,True,True,True,True,True,True,True
4095,2012-11-28T00:00:00.000Z,Hurricane,DR,NH,2013,2012-10-26T00:00:00.000Z,6,0,0,1,1,13.0,0,0.0,0.0,0.0,2113605.92,466662.47,1642589.32,158765.0,2272370.92,2113605.92,2113605.92,41421.908088235294,38.0,68.0,8.0,60.0,True,True,True,True,True,True,True
4096,2012-12-05T00:00:00.000Z,Hurricane,DR,DC,2013,2012-10-26T00:00:00.000Z,1,0,0,1,1,5.0,0,0.0,0.0,0.0,3119810.75,2954413.75,165397.0,0.0,3119810.75,3119810.75,3119810.75,159990.29346153844,20.0,26.0,11.0,15.0,True,True,False,False,True,False,True
4097,2012-12-19T00:00:00.000Z,Hurricane,DR,MA,2013,2012-10-27T00:00:00.000Z,6,0,0,1,1,12.0,0,0.0,0.0,0.0,10799381.1,3801476.88,6531562.22,1766463.25,12565844.35,12353261.04,12353261.04,61568.17762264151,101.0,265.0,27.0,238.0,True,True,True,False,True,True,True
4098,2013-01-03T00:00:00.000Z,Hurricane,DR,OH,2013,2012-10-29T00:00:00.000Z,2,0,0,1,1,1.0,0,0.0,0.0,0.0,17603230.69,3896844.97,13360903.14,3763546.86,21366777.55,17603230.69,17603230.69,145973.8321875,50.0,160.0,33.0,127.0,True,True,True,False,True,True,True
4099,2013-01-10T00:00:00.000Z,Hurricane,DR,PA,2013,2012-10-26T00:00:00.000Z,18,0,0,1,1,13.0,0,0.0,0.0,0.0,12666844.02,9670931.96,2713256.33,1641227.0,14308071.02,12666844.04,12666844.04,28405.088585858586,291.0,594.0,57.0,537.0,True,True,True,False,True,True,True
4100,2013-01-29T00:00:00.000Z,Severe Ice Storm,DR,AR,2013,2012-12-25T00:00:00.000Z,8,0,0,1,1,1.0,0,0.0,0.0,0.0,8293401.3,6076945.52,2171181.58,1410234.0,9703635.3,8293401.3,8293401.3,134686.8192682927,36.0,82.0,25.0,57.0,True,True,False,False,True,True,True
4101,2013-02-13T00:00:00.000Z,Severe Storm,DR,MS,2013,2013-02-10T00:00:00.000Z,7,1,0,1,1,12.0,0,3399662.3,2464696.46,934965.84,4461112.39,2817723.86,1493370.53,812102.0,8672876.69,19520134.53,19520134.53,337361.56558441557,20.0,77.0,20.0,57.0,True,True,True,False,True,True,True
4102,2013-02-22T00:00:00.000Z,Severe Storm,DR,LA,2013,2013-01-08T00:00:00.000Z,11,0,0,1,1,9.0,0,0.0,0.0,0.0,5926569.26,822112.42,4919885.84,929.91,5927499.17,5926569.28,5926569.28,85223.57065217392,32.0,92.0,9.0,83.0,True,True,True,True,True,True,True
4103,2013-03-01T00:00:00.000Z,Mud/Landslide,DR,NC,2013,2013-01-14T00:00:00.000Z,1,0,0,1,1,3.0,0,0.0,0.0,0.0,4212154.14,2130831.89,2061521.25,386084.0,4598238.14,4212154.14,4212154.14,95468.79816326531,1.0,49.0,11.0,38.0,True,True,True,False,False,False,True
4104,2013-03-05T00:00:00.000Z,Freezing,DR,AZ,2013,2012-12-15T00:00:00.000Z,1,0,0,1,1,37.0,0,0.0,0.0,0.0,1602599.04,548330.85,1039928.95,198165.3,1800764.34,1602599.04,1602599.04,304574.13714285713,2.0,7.0,4.0,3.0,False,True,False,False,True,True,False
4105,2013-03-19T00:00:00.000Z,Severe Storm,DR,NH,2013,2013-02-08T00:00:00.000Z,8,0,0,1,1,2.0,0,0.0,0.0,0.0,6153471.49,5824040.89,298796.6,955286.72,7108758.21,6153471.49,6153471.49,48202.453058823536,162.0,170.0,20.0,150.0,True,True,True,False,True,False,True
4106,2013-03-21T00:00:00.000Z,Severe Storm,DR,CT,2013,2013-02-08T00:00:00.000Z,9,0,0,1,1,3.0,0,0.0,0.0,0.0,31099393.08,29113965.63,1471738.09,2980809.33,34080202.41,31099393.08,31099393.08,87739.32116772822,312.0,471.0,136.0,335.0,True,True,True,False,True,True,True
4107,2013-03-22T00:00:00.000Z,Severe Storm,DR,RI,2013,2013-02-08T00:00:00.000Z,5,0,0,1,1,1.0,0,0.0,0.0,0.0,7915043.74,7555696.04,120969.7,676141.75,8591185.49,7915043.76,7915043.76,48266.96755760368,114.0,217.0,43.0,174.0,True,True,True,False,True,True,True
4108,2013-03-25T00:00:00.000Z,Severe Storm,DR,ME,2013,2013-02-08T00:00:00.000Z,6,0,0,1,1,1.0,0,0.0,0.0,0.0,3114956.97,2852738.85,258731.52,249129.51,3364086.4800000004,3114085.32,3114085.32,27500.9480794702,96.0,151.0,13.0,138.0,True,True,True,False,True,False,True
4109,2013-04-08T00:00:00.000Z,Severe Storm,DR,OK,2013,2013-02-24T00:00:00.000Z,17,0,0,1,1,2.0,0,0.0,0.0,0.0,57648989.57,962871.94,56132799.44,3635560.48,61284550.05,57648989.65,57648989.65,401470.5753926702,51.0,191.0,29.0,162.0,True,True,True,False,True,True,True
4110,2013-04-19T00:00:00.000Z,Severe Storm,DR,MA,2013,2013-02-08T00:00:00.000Z,14,0,0,1,1,1.0,0,0.0,0.0,0.0,67034034.89,49487820.32,15820968.57,3549313.95,70583348.84,69056896.67999999,69056896.67999999,107143.76928571428,532.0,854.0,208.0,646.0,True,True,True,True,True,True,True
4111,2013-04-23T00:00:00.000Z,Severe Storm,DR,NY,2013,2013-02-08T00:00:00.000Z,1,0,0,1,1,1.0,0,0.0,0.0,0.0,24295599.44,13166405.04,10605749.21,394787.81,24690387.25,24295599.44,24295599.44,258212.55528,79.0,125.0,31.0,94.0,True,True,True,False,True,True,True
4112,2013-04-26T00:00:00.000Z,Snowstorm,DR,KS,2013,2013-02-20T00:00:00.000Z,23,0,0,1,1,3.0,0,0.0,0.0,0.0,1320792.96,1276060.46,2043.5,140026.0,1460818.96,1320792.96,1320792.96,8378.362248803827,190.0,209.0,2.0,207.0,False,True,False,False,True,False,False
4113,2013-05-03T00:00:00.000Z,Severe Storm,DR,MN,2013,2013-04-09T00:00:00.000Z,5,0,0,1,1,2.0,0,0.0,0.0,0.0,11108020.79,3172254.98,7691613.98,857916.0,11965936.79,11108020.82,11108020.82,88730.78463855422,82.0,166.0,25.0,141.0,True,True,True,False,True,True,True
4114,2013-05-06T00:00:00.000Z,Severe Storm,DR,IA,2013,2013-04-09T00:00:00.000Z,5,0,0,1,1,2.0,0,0.0,0.0,0.0,12480065.52,1276034.26,10948163.76,2789576.0,15269641.52,12480065.52,12480065.52,174731.0602105263,39.0,95.0,22.0,73.0,True,True,False,False,True,True,True
4115,2013-05-10T00:00:00.000Z,Severe Storm,DR,SD,2013,2013-04-08T00:00:00.000Z,8,0,0,1,1,2.0,0,0.0,0.0,0.0,8231034.73,6376285.84,1795795.73,1175629.0,9406663.73,8231034.66,8231034.66,214896.86470588236,26.0,51.0,11.0,40.0,True,True,False,False,True,True,True
4116,2013-05-10T00:00:00.000Z,Flood,DR,IL,2013,2013-04-16T00:00:00.000Z,47,1,0,1,1,19.0,0,169205736.75,147019451.18,22186285.57,32577023.15,8789924.66,22557865.49,25071728.27,226854488.17000002,32487821.28,32487821.28,37473.667510917025,578.0,1145.0,99.0,1046.0,True,True,True,True,True,True,True
4117,2013-05-20T00:00:00.000Z,Tornado,DR,OK,2013,2013-05-18T00:00:00.000Z,21,1,0,1,1,15.0,0,15130900.23,10414680.88,4716219.35,55032768.45,29463353.3,23904275.15,9193060.93,79356729.61000001,55032765.43,55032765.43,111391.87836248011,106.0,629.0,107.0,522.0,True,True,True,True,True,True,True
4118,2013-05-29T00:00:00.000Z,Flood,DR,ND,2013,2013-04-22T00:00:00.000Z,17,0,0,1,1,24.0,0,0.0,0.0,0.0,7097551.4,3680851.14,2911000.67,734810.0,7832361.4,7097551.399999999,7097551.399999999,69035.37213235293,38.0,136.0,14.0,122.0,True,True,True,True,False,True,True
4119,2013-05-31T00:00:00.000Z,Flood,DR,IA,2013,2013-04-17T00:00:00.000Z,20,0,0,1,1,13.0,0,0.0,0.0,0.0,7594458.33,943878.32,6197532.28,1002978.0,8597436.33,7475901.65,7475901.65,37486.88858208955,72.0,268.0,39.0,229.0,True,True,True,True,True,True,True
4120,2013-06-13T00:00:00.000Z,Flood,DR,VT,2013,2013-05-22T00:00:00.000Z,3,0,0,1,1,4.0,0,0.0,0.0,0.0,1914682.79,156257.5,1714406.99,274639.01,2189321.8,1914682.79,1914682.79,34770.37671232877,14.0,73.0,7.0,66.0,False,True,True,True,True,True,True
4121,2013-06-18T00:00:00.000Z,Flood,DR,MI,2013,2013-04-16T00:00:00.000Z,16,0,0,1,1,28.0,0,0.0,0.0,0.0,4849947.62,1466419.78,3314436.79,282365.08,5132312.7,4849947.64,4849947.64,18851.537660818714,79.0,342.0,12.0,330.0,True,True,True,True,True,True,True
4122,2013-06-25T00:00:00.000Z,Flood,DR,AK,2013,2013-05-17T00:00:00.000Z,5,1,0,1,1,25.0,0,3490150.63,1613360.14,1876790.49,33351764.74,10572239.92,21414074.33,4080910.0,40922825.37,33351764.72,33351764.72,431185.0784466019,20.0,103.0,40.0,63.0,True,True,True,True,True,True,True
4123,2013-06-25T00:00:00.000Z,Flood,DR,ND,2013,2013-05-25T00:00:00.000Z,1,0,0,1,1,7.0,0,0.0,0.0,0.0,239920.61,25008.42,204536.19,0.0,239920.61,239920.61,239920.61,24341.188461538462,1.0,13.0,1.0,12.0,False,True,True,False,False,False,True
4124,2013-06-25T00:00:00.000Z,Severe Storm,DR,AR,2013,2013-05-30T00:00:00.000Z,11,0,0,1,1,4.0,0,0.0,0.0,0.0,6593153.21,185920.6,6407232.61,1227697.03,7820850.24,6593153.22,6593153.22,51109.714476744186,22.0,172.0,26.0,146.0,True,True,True,False,True,True,True
4125,2013-06-28T00:00:00.000Z,Severe Storm,DR,SD,2013,2013-05-24T00:00:00.000Z,6,0,0,1,1,7.0,0,0.0,0.0,0.0,1215685.33,196811.3,986292.64,178449.0,1394134.33,1215685.32,1215685.32,23000.76,43.0,70.0,3.0,67.0,True,True,True,True,True,True,False
4126,2013-07-02T00:00:00.000Z,Severe Storm,DR,IA,2013,2013-05-19T00:00:00.000Z,49,0,0,1,1,26.0,0,0.0,0.0,0.0,20524115.81,5890006.85,13629086.77,2747619.0,23271734.81,20498516.16,20498516.16,40194.23963072378,185.0,677.0,89.0,588.0,True,True,True,True,True,True,True
4127,2013-07-10T00:00:00.000Z,Flood,DR,MT,2013,2013-05-19T00:00:00.000Z,15,0,0,1,1,15.0,0,0.0,0.0,0.0,2774452.64,178053.14,2577569.85,265599.27,3040051.91,2774452.69,2774452.69,42941.78581395349,18.0,86.0,12.0,74.0,True,True,True,True,True,True,True
4128,2013-07-12T00:00:00.000Z,Severe Storm,DR,ND,2013,2013-05-17T00:00:00.000Z,21,0,0,1,1,30.0,0,0.0,0.0,0.0,10126940.11,940174.67,8667237.74,960269.0,11087209.11,10126940.11,10126940.11,63950.02285714286,49.0,210.0,39.0,171.0,True,True,True,True,True,True,True
4129,2013-07-12T00:00:00.000Z,Flood,DR,NY,2013,2013-06-26T00:00:00.000Z,16,0,0,1,1,14.0,0,0.0,0.0,0.0,68726140.27,12383680.54,51965001.17,1345157.76,70071298.03,68862258.77,68862258.77,142578.6787066246,191.0,634.0,220.0,414.0,True,True,True,True,True,True,True
4130,2013-07-18T00:00:00.000Z,Severe Storm,DR,MO,2013,2013-05-29T00:00:00.000Z,28,0,0,1,1,12.0,0,0.0,0.0,0.0,9033804.83,5039801.36,3691879.47,1827581.0,10861385.83,8741694.94,8741694.94,42561.16549815498,110.0,271.0,36.0,235.0,True,True,True,True,True,True,True
4131,2013-07-25T00:00:00.000Z,Severe Storm,DR,MN,2013,2013-06-20T00:00:00.000Z,18,0,0,1,1,6.0,0,0.0,0.0,0.0,13712894.66,4570860.09,8727358.32,1690747.48,15403642.14,13712894.66,13712894.66,29761.936184210525,223.0,608.0,54.0,554.0,True,True,True,True,True,True,True
4132,2013-07-26T00:00:00.000Z,Flood,DR,WV,2013,2013-06-13T00:00:00.000Z,2,0,0,1,1,0.0,0,0.0,0.0,0.0,3283729.69,165004.16,3109219.01,384030.0,3667759.69,3283730.08,3283730.08,26841.335950920246,13.0,163.0,8.0,155.0,True,True,True,False,True,True,True
4133,2013-07-26T00:00:00.000Z,Fire,DR,CO,2013,2013-06-11T00:00:00.000Z,1,1,0,1,1,5.0,0,0.0,0.0,0.0,173358.39,166972.63,0.0,21114.86,194473.25,173358.39,173358.39,25514.895555555555,6.0,9.0,1.0,8.0,True,True,False,False,False,False,False
4134,2013-07-26T00:00:00.000Z,Fire,DR,CO,2013,2013-06-11T00:00:00.000Z,1,1,0,1,1,10.0,0,0.0,0.0,0.0,6617742.08,3840561.38,2700874.68,816544.57,7434286.65,6617742.08,6617742.08,464124.09052631585,7.0,19.0,10.0,9.0,False,True,True,False,True,True,True
4135,2013-07-31T00:00:00.000Z,Severe Storm,DR,IA,2013,2013-06-21T00:00:00.000Z,12,0,0,1,1,7.0,0,0.0,0.0,0.0,4551830.57,505303.32,3784495.01,568704.0,5120534.57,4516082.08,4516082.08,28886.3495215311,54.0,209.0,20.0,189.0,True,True,True,True,True,True,True
4136,2013-08-02T00:00:00.000Z,Other,DR,TX,2013,2013-04-17T00:00:00.000Z,1,0,0,1,1,3.0,0,0.0,0.0,0.0,28828351.7,6820763.79,21069810.91,2157637.6,30985989.3,25796532.89,25796532.89,1310876.3396153846,9.0,26.0,21.0,5.0,True,True,True,False,True,True,True
4137,2013-08-02T00:00:00.000Z,Severe Storm,DR,SD,2013,2013-06-19T00:00:00.000Z,8,0,0,1,1,10.0,0,0.0,0.0,0.0,1159221.44,427382.21,695227.74,175481.0,1334702.44,1159221.46,1159221.46,17036.627045454545,50.0,88.0,5.0,83.0,True,True,True,False,True,True,True
4138,2013-08-02T00:00:00.000Z,Severe Storm,DR,FL,2013,2013-07-02T00:00:00.000Z,4,0,0,1,1,5.0,0,0.0,0.0,0.0,40512583.94,687197.24,38348180.0,7536022.06,48048606.0,42395226.73,42395226.73,221822.9490513834,20.0,253.0,128.0,125.0,True,True,True,False,True,True,True
4139,2013-08-02T00:00:00.000Z,Severe Storm,DR,NH,2013,2013-06-26T00:00:00.000Z,3,0,0,1,1,7.0,0,0.0,0.0,0.0,5898074.88,246061.1,5614391.77,321104.36,6219179.24,5898074.88,5898074.88,100682.27166666667,20.0,78.0,13.0,65.0,True,True,True,False,True,False,True
4140,2013-08-02T00:00:00.000Z,Flood,DR,VT,2013,2013-06-25T00:00:00.000Z,7,0,0,1,1,16.0,0,0.0,0.0,0.0,6182973.09,141750.15,5917137.6,54218.73,6237191.82,6182973.09,6182973.09,28187.63536082474,58.0,291.0,22.0,269.0,True,True,True,False,False,True,True
4141,2013-08-08T00:00:00.000Z,Severe Storm,DR,WI,2013,2013-06-20T00:00:00.000Z,8,0,0,1,1,8.0,0,0.0,0.0,0.0,5934364.43,1135581.22,4607808.21,936757.0,6871121.43,5934364.43,5934364.43,31138.74688,124.0,250.0,31.0,219.0,True,True,True,True,True,True,True
4142,2013-08-29T00:00:00.000Z,Fire,DR,CA,2013,2013-07-29T00:00:00.000Z,1,0,0,1,1,3.0,0,0.0,0.0,0.0,444517.27,95977.63,348539.64,66607.48,511124.75,444517.28,444517.28,74086.21125,1.0,8.0,4.0,4.0,True,True,True,False,True,True,True
4143,2013-09-04T00:00:00.000Z,Severe Storm,DR,AR,2013,2013-08-08T00:00:00.000Z,6,0,0,1,1,6.0,0,0.0,0.0,0.0,7781424.57,5847.38,7713969.87,1141465.59,8922890.16,7781424.58,7781424.58,89914.06827586207,20.0,116.0,47.0,69.0,True,True,True,False,False,True,True
4144,2013-09-06T00:00:00.000Z,Severe Storm,DR,MO,2013,2013-08-02T00:00:00.000Z,18,0,0,1,1,12.0,0,0.0,0.0,0.0,17467954.13,487325.59,16352134.26,3828574.0,21296528.13,16651337.02,16651337.02,59838.17116580311,77.0,386.0,83.0,303.0,True,True,True,False,True,True,True
4145,2013-09-14T00:00:00.000Z,Flood,DR,CO,2013,2013-09-11T00:00:00.000Z,18,1,0,1,1,19.0,0,61848927.77,56909350.93,4939576.84,371011805.11,50403991.23,308568334.62,57121301.29,489982034.17,372091235.36,372091235.36,467381.7709600761,211.0,1052.0,426.0,626.0,True,True,True,True,True,True,True
4146,2013-09-25T00:00:00.000Z,Flood,DR,NC,2013,2013-07-03T00:00:00.000Z,14,0,0,1,1,10.0,0,0.0,0.0,0.0,10450593.04,361185.99,9879780.83,748915.25,11199508.29,10516779.040000001,10516779.040000001,86126.52080246912,36.0,162.0,43.0,119.0,True,True,True,False,True,True,True
4147,2013-09-27T00:00:00.000Z,Severe Storm,DR,NM,2013,2013-07-19T00:00:00.000Z,1,0,0,1,1,2.0,0,0.0,0.0,0.0,72568.6,0.0,70266.6,359.0,72927.6,72568.6,72568.6,31996.933333333334,1.0,3.0,1.0,2.0,False,False,False,True,False,False,True
4148,2013-09-30T00:00:00.000Z,Severe Storm,DR,NM,2013,2013-07-23T00:00:00.000Z,11,0,0,1,1,5.0,0,0.0,0.0,0.0,5540702.34,1740455.31,3600017.03,72958.15,5613660.49,5540702.34,5540702.34,36943.73592783505,21.0,194.0,24.0,170.0,True,True,True,True,True,True,True
4149,2013-10-01T00:00:00.000Z,Severe Storm,DR,PA,2014,2013-06-26T00:00:00.000Z,11,0,0,1,1,15.0,0,0.0,0.0,0.0,12096256.67,1741408.23,9947359.44,1785651.0,13881907.67,12096256.72,12096256.72,47225.41412462908,154.0,337.0,47.0,290.0,True,True,True,True,True,True,True
4150,2013-10-22T00:00:00.000Z,Severe Storm,DR,KS,2014,2013-07-22T00:00:00.000Z,46,0,0,1,1,25.0,0,0.0,0.0,0.0,10135201.52,877052.35,8633117.54,1518773.0,11653974.52,7624476.36,7624476.36,25951.905319148933,260.0,517.0,32.0,485.0,True,True,True,True,True,True,True
4151,2013-10-24T00:00:00.000Z,Severe Storm,DR,NM,2014,2013-09-13T00:00:00.000Z,1,0,0,1,1,3.0,0,0.0,0.0,0.0,4347340.77,3744483.68,319464.67,387721.52,4735062.289999999,4347340.77,4347340.77,208647.41695652175,1.0,23.0,10.0,13.0,True,True,True,True,True,True,True
4152,2013-10-29T00:00:00.000Z,Flood,DR,NM,2014,2013-09-09T00:00:00.000Z,26,0,0,1,1,13.0,0,0.0,0.0,0.0,41559914.56,13112859.48,27109982.08,1979409.38,43539323.940000005,40965333.92,40965333.92,79903.76532448377,103.0,678.0,114.0,564.0,True,True,True,True,True,True,True
4153,2013-10-29T00:00:00.000Z,Flood,DR,NC,2014,2013-07-27T00:00:00.000Z,6,0,0,1,1,0.0,0,0.0,0.0,0.0,8328562.26,157102.51,8159275.29,428209.48,8756771.74,8328562.26,8328562.26,102784.14888888889,17.0,108.0,36.0,72.0,True,True,True,False,True,True,True
4154,2013-10-31T00:00:00.000Z,Severe Storm,DR,ND,2014,2013-10-04T00:00:00.000Z,7,0,0,1,1,1.0,0,0.0,0.0,0.0,4389175.57,212173.16,4106662.5,540895.0,4930070.57,4389175.57,4389175.57,176912.54545454544,17.0,33.0,4.0,29.0,True,True,True,False,True,True,False
4155,2013-11-08T00:00:00.000Z,Severe Storm,DR,SD,2014,2013-10-03T00:00:00.000Z,16,1,0,1,1,13.0,0,0.0,0.0,0.0,43148257.98,12202540.96,30404299.35,5836557.0,48984814.98,43148257.18,43148257.18,256248.5176126126,85.0,222.0,45.0,177.0,True,True,True,False,True,True,True
4156,2013-11-26T00:00:00.000Z,Severe Storm,DR,NE,2014,2013-10-02T00:00:00.000Z,10,0,0,1,1,4.0,0,0.0,0.0,0.0,2670513.58,913403.65,1721740.89,370314.0,3040827.58,2609538.55,2609538.55,53542.35611940298,29.0,67.0,10.0,57.0,True,True,True,False,True,True,True
4157,2013-11-26T00:00:00.000Z,Tornado,DR,IL,2014,2013-11-17T00:00:00.000Z,15,1,0,0,1,0.0,0,2858538.97,1616075.25,1242463.72,0.0,0.0,0.0,247424.87,3105963.8400000003,0.0,0.0,0.0,0.0,0.0,0.0,0.0,0,0,0,0,0,0,0
4158,2013-12-13T00:00:00.000Z,Fire,DR,CA,2014,2013-08-17T00:00:00.000Z,1,0,0,1,1,68.0,0,0.0,0.0,0.0,24638260.54,17862888.87,5863650.28,4992692.68,29630953.22,24641422.55,24641422.55,615062.6001886792,14.0,53.0,25.0,28.0,True,True,True,False,True,True,True
4159,2013-12-20T00:00:00.000Z,Severe Storm,DR,TX,2014,2013-10-30T00:00:00.000Z,4,0,0,1,1,1.0,0,0.0,0.0,0.0,7753470.35,2228662.08,5185088.27,1132024.96,8885495.309999999,7753470.35,7753470.35,84607.8757142857,25.0,119.0,27.0,92.0,True,True,True,True,True,True,True
4160,2014-01-06T00:00:00.000Z,Severe Ice Storm,DR,AR,2014,2013-12-05T00:00:00.000Z,14,0,0,1,1,1.0,0,0.0,0.0,0.0,5501202.69,2318517.62,3091736.05,795042.57,6296245.260000001,5500927.17,5500927.17,64234.13261261261,41.0,111.0,22.0,89.0,True,True,True,False,True,True,True
4161,2014-01-16T00:00:00.000Z,Flood,DR,AK,2014,2013-10-27T00:00:00.000Z,1,0,0,1,1,1.0,0,0.0,0.0,0.0,1802953.09,319971.62,1311056.98,251861.0,2054814.09,1802953.09,1802953.09,73916.57625,8.0,32.0,8.0,24.0,True,True,True,True,True,False,True
4162,2014-01-23T00:00:00.000Z,Severe Storm,DR,AK,2014,2013-11-05T00:00:00.000Z,4,0,0,1,1,9.0,0,0.0,0.0,0.0,28838743.06,963182.26,26421430.57,2376450.44,31215193.5,28838743.06,28838743.06,614872.1616129031,17.0,62.0,28.0,34.0,True,True,True,False,True,True,True
4163,2014-01-29T00:00:00.000Z,Severe Ice Storm,DR,VT,2014,2013-12-20T00:00:00.000Z,7,0,0,1,1,6.0,0,0.0,0.0,0.0,6342340.95,2252952.05,4063167.73,394978.7,6737319.65,6342340.95,6342340.95,187905.68750000003,32.0,44.0,8.0,36.0,True,True,False,False,True,True,False
4164,2014-01-30T00:00:00.000Z,Severe Storm,DR,OK,2014,2013-12-05T00:00:00.000Z,4,0,0,1,1,1.0,0,0.0,0.0,0.0,3976954.92,1921663.26,1929022.66,450107.2,4427062.12,3966015.49,3966015.49,122956.77142857143,23.0,42.0,10.0,32.0,True,True,False,False,True,True,True
4165,2014-03-06T00:00:00.000Z,Severe Ice Storm,DR,GA,2014,2014-02-10T00:00:00.000Z,45,0,0,1,1,4.0,0,0.0,0.0,0.0,46645842.62,34057364.16,12169488.31,8261053.08,54906895.699999996,46619917.48,46619917.48,190958.21977346277,145.0,309.0,48.0,261.0,True,True,True,False,True,True,True
4166,2014-03-12T00:00:00.000Z,Severe Ice Storm,DR,SC,2014,2014-02-10T00:00:00.000Z,22,0,0,1,1,4.0,0,0.0,0.0,0.0,216209703.21,197272529.12,16988771.63,32791178.97,249000882.18,216159013.76,216159013.76,596599.5900225734,137.0,443.0,190.0,253.0,True,True,True,False,True,True,True
4167,2014-03-31T00:00:00.000Z,Severe Ice Storm,DR,NC,2014,2014-03-06T00:00:00.000Z,9,0,0,1,1,1.0,0,0.0,0.0,0.0,40860929.64,36176953.4,4474070.64,3690802.1,44551731.74,40860929.65,40860929.65,371463.332733813,56.0,139.0,31.0,108.0,True,True,True,False,True,True,True
4168,2014-04-02T00:00:00.000Z,Mud/Landslide,DR,WA,2014,2014-03-22T00:00:00.000Z,4,1,0,1,1,37.0,0,2091456.75,375239.09,1716217.66,28624712.03,25863745.73,1979841.04,4277895.96,34994064.74,28622984.91,28622984.91,906544.0195,19.0,40.0,18.0,22.0,True,True,False,False,True,True,True
4169,2014-04-04T00:00:00.000Z,Severe Storm,DR,OR,2014,2014-02-06T00:00:00.000Z,4,0,0,1,1,4.0,0,0.0,0.0,0.0,6364572.95,2303799.95,3930779.53,872345.55,7236918.5,6364572.95,6364572.95,162212.70666666667,30.0,51.0,16.0,35.0,True,True,True,False,True,True,True
4170,2014-04-10T00:00:00.000Z,Severe Storm,DR,MD,2014,2014-02-12T00:00:00.000Z,3,0,0,1,1,1.0,0,0.0,0.0,0.0,8678576.02,8643524.63,0.0,1076385.25,9754961.27,8678576.02,8678576.02,137616.08011904763,65.0,84.0,16.0,68.0,False,True,False,False,False,False,False
4171,2014-04-11T00:00:00.000Z,Severe Ice Storm,DR,TN,2014,2014-03-02T00:00:00.000Z,10,0,0,1,1,2.0,0,0.0,0.0,0.0,7524647.93,4038325.93,3472786.67,494134.33,8018782.26,7524647.93,7524647.93,188018.24098039215,32.0,51.0,14.0,37.0,True,True,False,False,True,True,True
4172,2014-04-17T00:00:00.000Z,Flood,DR,MT,2014,2014-03-01T00:00:00.000Z,15,0,0,1,1,15.0,0,0.0,0.0,0.0,1925935.2,152336.86,1761500.51,192278.26,2118213.46,1925935.2,1925935.2,42771.34683333334,18.0,60.0,0.0,60.0,True,True,True,True,False,False,True
4173,2014-04-22T00:00:00.000Z,Severe Storm,DR,IN,2014,2014-01-05T00:00:00.000Z,30,0,0,1,1,4.0,0,0.0,0.0,0.0,9571816.89,7753726.49,1553040.66,1162948.14,10734765.030000001,9571816.89,9571816.89,41157.5800974026,268.0,308.0,15.0,293.0,False,True,False,False,True,True,True
4174,2014-04-29T00:00:00.000Z,Severe Storm,DR,AR,2014,2014-04-27T00:00:00.000Z,12,1,0,1,1,0.0,0,3041132.24,2335071.08,706061.16,9410016.22,3196953.81,6068810.64,1797562.06,14248710.520000001,9409977.5,9409977.5,70864.88103448277,44.0,174.0,11.0,163.0,True,True,True,True,True,True,True
4175,2014-04-30T00:00:00.000Z,Severe Storm,DR,MS,2014,2014-04-28T00:00:00.000Z,13,1,0,1,1,5.0,0,5847689.28,4365948.0,1481741.28,87324475.11,18487913.25,67426205.62,2638843.0,95811007.39,87324480.27,87324480.27,752752.4946710527,48.0,152.0,45.0,107.0,True,True,True,False,True,True,True
4176,2014-05-02T00:00:00.000Z,Severe Storm,DR,AL,2014,2014-04-28T00:00:00.000Z,21,1,0,1,1,7.0,0,22394257.37,17769195.04,4625062.33,34914043.03,13070990.37,20733621.66,8309380.18,65617680.580000006,34914035.61,34914035.61,116163.83051813471,93.0,386.0,58.0,328.0,True,True,True,True,True,True,True
4177,2014-05-06T00:00:00.000Z,Severe Storm,DR,FL,2014,2014-04-28T00:00:00.000Z,9,1,0,1,1,8.0,0,35062955.9,28935762.88,6127193.02,126818781.42,5455008.48,117665515.29,36314335.47,198196072.79,128622425.13,128622425.13,195244.95358208954,62.0,871.0,164.0,707.0,True,True,True,True,True,True,True
4178,2014-06-11T00:00:00.000Z,Flood,DR,VT,2014,2014-04-15T00:00:00.000Z,7,0,0,1,1,3.0,0,0.0,0.0,0.0,1824522.67,7009.97,1779989.85,217506.63,2042029.2999999998,1824522.69,1824522.69,56283.470465116276,32.0,43.0,4.0,39.0,False,True,True,False,False,False,True
4179,2014-06-17T00:00:00.000Z,Tornado,DR,NE,2014,2014-05-11T00:00:00.000Z,6,0,0,1,1,1.0,0,0.0,0.0,0.0,9821343.68,414350.49,9377176.43,1319111.81,11140455.49,9825946.840000002,9825946.840000002,311866.07809523813,16.0,42.0,10.0,32.0,True,True,True,False,True,True,False
4180,2014-07-08T00:00:00.000Z,Severe Storm,DR,NY,2014,2014-05-13T00:00:00.000Z,11,0,0,1,1,9.0,0,0.0,0.0,0.0,31650361.82,2043624.07,27015464.42,209310.96,31859672.78,31650361.64,31650361.64,72338.54329861111,146.0,576.0,45.0,531.0,True,True,True,True,True,True,True
4181,2014-07-14T00:00:00.000Z,Severe Storm,DR,IA,2014,2014-06-03T00:00:00.000Z,9,0,0,1,1,1.0,0,0.0,0.0,0.0,5532167.98,504100.06,4745102.1,861379.0,6393546.98,5532167.98,5532167.98,69884.02538461538,52.0,104.0,14.0,90.0,True,True,True,True,True,True,True
4182,2014-07-21T00:00:00.000Z,Flood,DR,MN,2014,2014-06-11T00:00:00.000Z,40,0,0,1,1,30.0,0,0.0,0.0,0.0,39488157.03,7423823.29,30676532.74,6052490.1,45540647.13,39488157.03,39488157.03,50077.35999040307,470.0,1042.0,75.0,967.0,True,True,True,True,True,True,True
4183,2014-07-24T00:00:00.000Z,Severe Storm,DR,NE,2014,2014-06-14T00:00:00.000Z,12,0,0,1,1,7.0,0,0.0,0.0,0.0,12097027.25,1513117.68,10471591.05,1444086.0,13541113.25,12094591.48,12094591.48,109931.46369863013,49.0,146.0,29.0,117.0,True,True,True,True,True,True,True
4184,2014-07-24T00:00:00.000Z,Flood,DR,IA,2014,2014-06-14T00:00:00.000Z,27,0,0,1,1,9.0,0,0.0,0.0,0.0,17806184.12,3599221.84,13346333.72,2990730.0,20796914.12,17769842.22,17769842.22,74049.76324921135,110.0,317.0,46.0,271.0,True,True,True,True,True,True,True
4185,2014-07-28T00:00:00.000Z,Severe Storm,DR,NE,2014,2014-06-01T00:00:00.000Z,12,0,0,1,1,3.0,0,0.0,0.0,0.0,3837595.3,200422.1,3582189.99,213400.0,4050995.3,2354565.09,2354565.09,105658.49979166668,18.0,48.0,8.0,40.0,True,True,True,False,True,True,True
4186,2014-07-28T00:00:00.000Z,Flood,DR,SD,2014,2014-06-13T00:00:00.000Z,13,0,0,1,1,7.0,0,0.0,0.0,0.0,11078851.36,1538644.0,9300023.34,1512985.0,12591836.36,11078851.36,11078851.36,95319.0025974026,87.0,154.0,22.0,132.0,True,True,True,True,True,True,True
4187,2014-08-05T00:00:00.000Z,Severe Storm,DR,IA,2014,2014-06-26T00:00:00.000Z,24,0,0,1,1,11.0,0,0.0,0.0,0.0,14338940.7,4827061.26,8742164.25,2478462.0,16817402.7,14114715.68,14114715.68,56375.764186746994,104.0,332.0,38.0,294.0,True,True,True,True,True,True,True
4188,2014-08-11T00:00:00.000Z,Fire,DR,WA,2014,2014-07-09T00:00:00.000Z,3,0,0,1,1,27.0,0,0.0,0.0,0.0,19903187.12,3597004.1,15571644.24,3313031.92,23216219.04,19097488.1,19097488.1,274741.95782608696,28.0,92.0,25.0,67.0,True,True,True,False,True,True,True
4189,2014-08-13T00:00:00.000Z,Severe Storm,DR,TN,2014,2014-06-05T00:00:00.000Z,23,0,0,1,1,5.0,0,0.0,0.0,0.0,5444967.6,1644210.66,3762199.12,495075.63,5940043.2299999995,5444967.69,5444967.69,54093.66323076923,68.0,130.0,11.0,119.0,True,True,True,True,True,True,True
4190,2014-08-19T00:00:00.000Z,Flood,DR,ND,2014,2014-06-25T00:00:00.000Z,10,0,0,1,1,6.0,0,0.0,0.0,0.0,2352906.01,223216.2,1940643.67,268862.0,2621768.01,2352906.01,2352906.01,72364.7434883721,17.0,43.0,5.0,38.0,True,True,True,True,False,True,False
4191,2014-09-10T00:00:00.000Z,Severe Storm,DR,GU,2014,2014-07-28T00:00:00.000Z,1,0,0,1,1,3.0,0,0.0,0.0,0.0,570373.61,554501.81,2512.5,0.0,570373.61,570373.61,570373.61,42002.500555555554,15.0,18.0,2.0,16.0,True,True,False,False,True,False,False
4192,2014-09-10T00:00:00.000Z,Severe Storm,DR,AS,2014,2014-07-29T00:00:00.000Z,5,0,0,1,1,5.0,0,0.0,0.0,0.0,548510.68,112092.85,423721.83,52234.63,600745.31,548510.68,548510.68,48474.369999999995,9.0,15.0,1.0,14.0,True,True,True,False,True,True,True
4193,2014-09-11T00:00:00.000Z,Earthquake,DR,CA,2014,2014-08-24T00:00:00.000Z,2,1,0,1,1,14.0,0,11373532.86,10367500.6,1006032.26,26324959.88,5073665.89,20018486.4,3636564.0,41335056.739999995,27914708.76,27914708.76,164847.24580357145,43.0,224.0,57.0,167.0,True,True,True,True,True,True,True
4194,2014-09-12T00:00:00.000Z,Severe Storm,DR,HI,2014,2014-08-07T00:00:00.000Z,2,0,0,1,1,2.0,0,0.0,0.0,0.0,4363162.7,2948040.62,1203970.08,0.0,4363162.7,4351391.63,4351391.63,118441.01065217392,15.0,46.0,11.0,35.0,True,True,True,False,True,True,True
4195,2014-09-25T00:00:00.000Z,Flood,DR,MI,2014,2014-08-11T00:00:00.000Z,3,1,0,1,1,2.0,0,155631144.18,123667225.35,31963918.83,15216615.38,8365546.79,6818021.94,24485683.41,195333442.97,15169155.8,15169155.8,131214.56835616438,57.0,146.0,29.0,117.0,True,True,True,False,True,True,True
4196,2014-09-30T00:00:00.000Z,Severe Storm,DR,KY,2014,2014-08-18T00:00:00.000Z,4,0,0,1,1,5.0,0,0.0,0.0,0.0,4749236.93,469380.65,4093468.89,1099523.14,5848760.069999999,4749236.93,4749236.93,119441.9353846154,19.0,52.0,12.0,40.0,True,True,True,True,True,True,True
4197,2014-10-06T00:00:00.000Z,Severe Storm,DR,NM,2015,2014-07-27T00:00:00.000Z,8,0,0,1,1,9.0,0,0.0,0.0,0.0,6005686.07,1992941.03,3723418.04,277283.52,6282969.59,5829273.28,5829273.28,174443.42204545456,26.0,44.0,11.0,33.0,True,True,True,True,True,True,False
4198,2014-10-09T00:00:00.000Z,Severe Storm,DR,MT,2015,2014-08-21T00:00:00.000Z,6,0,0,1,1,4.0,0,0.0,0.0,0.0,1609009.61,47468.58,1550629.74,110714.19,1719723.8,1609009.6099999999,1609009.6099999999,63554.54058823529,9.0,34.0,4.0,30.0,True,True,True,True,True,True,True
4199,2014-10-29T00:00:00.000Z,Severe Storm,DR,NM,2015,2014-09-15T00:00:00.000Z,8,0,0,1,1,11.0,0,0.0,0.0,0.0,63953486.55,2189437.49,58892503.06,6692168.5,70645655.05,63954728.67,63954728.67,1621449.6107692309,21.0,52.0,24.0,28.0,True,True,True,True,False,False,False
4200,2014-10-31T00:00:00.000Z,Severe Storm,DR,MO,2015,2014-09-09T00:00:00.000Z,20,0,0,1,1,1.0,0,0.0,0.0,0.0,5668467.76,229407.29,5232704.47,1282099.0,6950566.76,5668467.76,5668467.76,40637.11097826087,114.0,184.0,7.0,177.0,True,True,True,True,True,True,True
4201,2014-11-03T00:00:00.000Z,Volcanic Eruption,DR,HI,2015,2014-09-04T00:00:00.000Z,1,0,0,1,1,202.0,0,0.0,0.0,0.0,11180461.69,10816234.46,192426.81,0.0,11180461.69,11180461.69,11180461.69,742500.7685,8.0,20.0,11.0,9.0,False,True,True,False,True,False,False
4202,2014-11-05T00:00:00.000Z,Flood,DR,NV,2015,2014-09-07T00:00:00.000Z,1,0,0,1,1,2.0,0,0.0,0.0,0.0,316269.06,261761.16,4137.71,570570.04,886839.1000000001,316461.45,316461.45,64868.50833333333,2.0,6.0,0.0,6.0,True,True,False,False,False,True,False
4203,2014-11-05T00:00:00.000Z,Flood,DR,AZ,2015,2014-09-07T00:00:00.000Z,2,0,0,1,1,2.0,0,0.0,0.0,0.0,5206761.6,1806461.46,3400300.14,42501.12,5249262.72,5206762.22,5206762.22,71506.5059375,22.0,96.0,12.0,84.0,True,True,True,True,True,True,True
4204,2014-12-22T00:00:00.000Z,Snowstorm,DR,NY,2015,2014-11-17T00:00:00.000Z,9,0,0,1,1,9.0,0,0.0,0.0,0.0,31549943.74,24569790.88,5760458.99,2225128.65,33775072.39,31549943.74,31549943.74,112570.31529569892,172.0,372.0,77.0,295.0,True,True,True,False,True,True,True
4205,2015-01-07T00:00:00.000Z,Tornado,DR,MS,2015,2014-12-23T00:00:00.000Z,1,0,0,1,1,0.0,0,0.0,0.0,0.0,2985308.16,1613966.25,1270103.91,15295.0,3000603.16,2985308.16,2985308.16,173627.505,9.0,22.0,4.0,18.0,True,True,False,False,True,True,True
4206,2015-01-27T00:00:00.000Z,Flood,DR,CA,2015,2014-12-04T00:00:00.000Z,1,0,0,1,1,2.0,0,0.0,0.0,0.0,924687.91,113337.83,780202.08,143035.25,1067723.1600000001,924687.91,924687.91,36570.36142857143,1.0,28.0,2.0,26.0,True,True,True,True,True,True,False
4207,2015-02-03T00:00:00.000Z,Severe Storm,DR,VT,2015,2014-12-09T00:00:00.000Z,10,0,0,1,1,3.0,0,0.0,0.0,0.0,3949092.78,1535173.48,2367943.72,415567.57,4364660.35,3949092.78,3949092.78,83203.71870967741,50.0,62.0,5.0,57.0,True,True,False,False,False,True,False
4208,2015-03-12T00:00:00.000Z,Snowstorm,DR,ME,2015,2015-01-26T00:00:00.000Z,4,0,0,1,1,2.0,0,0.0,0.0,0.0,2643562.21,2531715.73,89035.53,407016.03,3050578.24,2643562.21,2643562.21,35526.725050505054,87.0,99.0,3.0,96.0,True,True,True,False,True,True,True
4209,2015-03-25T00:00:00.000Z,Severe Storm,DR,NH,2015,2015-01-26T00:00:00.000Z,3,0,0,1,1,2.0,0,0.0,0.0,0.0,4917407.03,4709080.45,70282.31,743506.6,5660913.63,4917407.03,4917407.03,39698.339878048784,127.0,164.0,10.0,154.0,False,True,False,False,True,False,True
4210,2015-03-31T00:00:00.000Z,Severe Storm,DR,WV,2015,2015-03-03T00:00:00.000Z,32,0,0,1,1,11.0,0,0.0,0.0,0.0,29974123.15,2633628.46,27196196.04,3848418.1,33822541.25,29974123.14,29974123.14,76314.80623326958,53.0,523.0,109.0,414.0,True,True,True,True,True,True,True
4211,2015-04-02T00:00:00.000Z,Severe Ice Storm,DR,TN,2015,2015-02-15T00:00:00.000Z,45,0,0,1,1,7.0,0,0.0,0.0,0.0,34509703.44,17059885.26,17394652.78,3599442.14,38109145.58,34509700.73,34509700.73,178307.22683794468,130.0,253.0,47.0,206.0,True,True,True,True,True,True,True
4212,2015-04-03T00:00:00.000Z,Severe Storm,DR,RI,2015,2015-01-26T00:00:00.000Z,5,0,0,1,1,2.0,0,0.0,0.0,0.0,8736490.43,8429263.2,156446.83,269876.97,9006367.4,8736490.43,8736490.43,79988.92020689655,103.0,145.0,21.0,124.0,False,True,True,False,True,False,True
4213,2015-04-08T00:00:00.000Z,Severe Storm,DR,CT,2015,2015-01-26T00:00:00.000Z,4,0,0,1,1,2.0,0,0.0,0.0,0.0,9503317.82,8586425.14,689163.16,973876.15,10477193.97,9503317.82,9503317.82,67353.90556149732,122.0,187.0,27.0,160.0,False,True,True,False,True,False,True
4214,2015-04-13T00:00:00.000Z,Severe Storm,DR,MA,2015,2015-01-26T00:00:00.000Z,10,0,0,1,1,2.0,0,0.0,0.0,0.0,86849488.0,74972437.95,8949654.05,9497556.35,96347044.35,89236191.35,89236191.35,100150.3446434635,621.0,1178.0,209.0,969.0,True,True,True,False,True,True,True
4215,2015-04-20T00:00:00.000Z,Severe Ice Storm,DR,GA,2015,2015-02-15T00:00:00.000Z,16,0,0,1,1,2.0,0,0.0,0.0,0.0,10843502.79,4361083.51,6249420.1,1851629.75,12695132.54,10792145.79,10792145.79,140080.3148,40.0,100.0,15.0,85.0,True,True,False,False,True,True,True
4216,2015-04-30T00:00:00.000Z,Snowstorm,DR,KY,2015,2015-02-15T00:00:00.000Z,41,0,0,1,1,7.0,0,0.0,0.0,0.0,4314738.44,2843289.44,1335841.56,514543.17,4829281.61,4314739.23,4314739.23,24479.97321888412,108.0,233.0,6.0,227.0,True,True,True,False,True,True,True
4217,2015-05-01T00:00:00.000Z,Flood,DR,KY,2015,2015-04-02T00:00:00.000Z,29,1,0,1,1,15.0,0,4083323.11,2933602.92,1149720.19,11037837.55,746328.98,9881241.35,2548681.35,17669842.01,11037462.52,11037462.52,55726.23515384616,53.0,260.0,29.0,231.0,True,True,True,False,True,True,True
4218,2015-05-12T00:00:00.000Z,Flood,DR,KY,2015,2015-03-03T00:00:00.000Z,59,0,0,1,1,6.0,0,0.0,0.0,0.0,18753959.84,3458764.83,14807299.94,3771651.2,22525611.04,18686957.32,18686957.32,61485.80549751243,117.0,402.0,53.0,349.0,True,True,True,False,True,True,True
4219,2015-05-14T00:00:00.000Z,Severe Storm,DR,WV,2015,2015-04-03T00:00:00.000Z,6,0,0,1,1,2.0,0,0.0,0.0,0.0,7415157.76,159992.62,7226482.16,1237705.28,8652863.04,7415157.76,7415157.76,34177.56276816609,6.0,289.0,19.0,270.0,True,True,True,False,True,True,True
4220,2015-05-18T00:00:00.000Z,Flood,DR,WV,2015,2015-04-08T00:00:00.000Z,12,0,0,1,1,3.0,0,0.0,0.0,0.0,6320816.79,11537.97,6304613.58,720273.38,7041090.17,6320816.79,6320816.79,91589.13576086957,5.0,92.0,26.0,66.0,True,True,True,False,False,True,True
4221,2015-05-21T00:00:00.000Z,Flood,DR,WV,2015,2015-04-13T00:00:00.000Z,8,0,0,1,1,2.0,0,0.0,0.0,0.0,5885189.5,0.0,5880199.66,1058840.4,6944029.9,5885189.5,5885189.5,100580.20474358974,2.0,78.0,25.0,53.0,False,False,True,False,False,False,False
4222,2015-05-26T00:00:00.000Z,Severe Storm,DR,OK,2015,2015-05-05T00:00:00.000Z,63,1,0,1,1,48.0,0,18563163.18,16100633.78,2462529.4,64240911.93,5127222.99,57054167.4,11286532.37,94090607.48,64240985.55,64240985.55,57728.94453061224,297.0,1470.0,114.0,1356.0,True,True,True,True,True,True,True
4223,2015-05-29T00:00:00.000Z,Severe Storm,DR,TX,2015,2015-05-04T00:00:00.000Z,113,1,0,1,1,49.0,0,57468972.87,45122275.07,12346697.8,156308394.65,32700357.34,112789226.21,26286917.39,240064284.91000003,155676879.75,155676879.75,97743.11557683101,373.0,2089.0,297.0,1792.0,True,True,True,True,True,True,True
4224,2015-06-05T00:00:00.000Z,Typhoon,DR,GU,2015,2015-05-13T00:00:00.000Z,1,0,0,1,1,3.0,0,0.0,0.0,0.0,3751531.77,1398639.63,2235366.14,140725.08,3892256.85,3477153.04,3477153.04,114925.71625000001,23.0,40.0,6.0,34.0,True,True,True,False,True,True,True
4225,2015-06-25T00:00:00.000Z,Severe Storm,DR,NE,2015,2015-05-06T00:00:00.000Z,28,0,0,1,1,42.0,0,0.0,0.0,0.0,16081740.66,1534204.21,14334603.75,1364562.82,17446303.48,16081740.66,16081740.66,78759.2173800738,83.0,271.0,48.0,223.0,True,True,True,True,True,True,True
4226,2015-06-26T00:00:00.000Z,Severe Storm,DR,AR,2015,2015-05-07T00:00:00.000Z,29,1,0,1,1,39.0,0,1157319.71,1046550.88,110768.83,11190670.99,1245384.16,9552850.83,2004634.04,14352624.739999998,11156896.77,11156896.77,112224.95,64.0,131.0,30.0,101.0,True,True,True,False,True,True,True
4227,2015-07-07T00:00:00.000Z,Flood,DR,WY,2015,2015-05-24T00:00:00.000Z,4,1,0,1,1,13.0,0,1293347.34,1015897.76,277449.58,2498189.73,421555.84,2034737.26,634097.65,4425634.720000001,2498189.7600000002,2498189.7600000002,79143.98904761905,13.0,42.0,3.0,39.0,True,True,True,False,True,True,True
4228,2015-07-13T00:00:00.000Z,Flood,DR,LA,2015,2015-05-18T00:00:00.000Z,7,0,0,1,1,33.0,0,0.0,0.0,0.0,10855649.51,4048184.58,6536667.93,1066415.11,11922064.62,10855649.51,10855649.51,179757.05575,39.0,80.0,14.0,66.0,True,True,True,False,True,True,True
4229,2015-07-16T00:00:00.000Z,Flood,DR,CO,2015,2015-05-04T00:00:00.000Z,15,0,0,1,1,43.0,0,0.0,0.0,0.0,24723138.43,1925755.69,22283942.23,2102440.94,26825579.37,24723138.43,24723138.43,179097.19409836066,45.0,183.0,43.0,140.0,True,True,True,True,True,True,True
4230,2015-07-20T00:00:00.000Z,Severe Storm,DR,KS,2015,2015-05-04T00:00:00.000Z,44,0,0,1,1,48.0,0,0.0,0.0,0.0,10965009.42,800893.75,9476630.46,1568836.6,12533846.02,10965009.42,10965009.42,39145.009675675676,235.0,370.0,20.0,350.0,True,True,True,True,True,True,True
4231,2015-07-22T00:00:00.000Z,Severe Storm,DR,NJ,2015,2015-06-23T00:00:00.000Z,4,0,0,1,1,0.0,0,0.0,0.0,0.0,12466494.51,11694495.38,475880.37,1030191.55,13496686.06,12457050.98,12457050.98,45860.73733532934,111.0,334.0,24.0,310.0,True,True,True,True,True,True,True
4232,2015-07-29T00:00:00.000Z,Severe Storm,DR,VT,2015,2015-06-09T00:00:00.000Z,2,0,0,1,1,0.0,0,0.0,0.0,0.0,1326573.48,26008.29,1250043.19,141656.7,1468230.18,1326573.48,1326573.48,72996.83166666667,9.0,24.0,3.0,21.0,False,True,True,False,False,False,True
4233,2015-07-30T00:00:00.000Z,Severe Storm,DR,SD,2015,2015-06-17T00:00:00.000Z,14,0,0,1,1,7.0,0,0.0,0.0,0.0,3078434.15,538676.77,2453374.65,472182.0,3550616.15,3078434.15,3078434.15,62580.865625,26.0,64.0,8.0,56.0,True,True,True,True,True,True,True
4234,2015-07-31T00:00:00.000Z,Severe Storm,DR,IA,2015,2015-06-20T00:00:00.000Z,19,0,0,1,1,5.0,0,0.0,0.0,0.0,7078538.32,1091945.48,5689617.58,1458759.28,8537297.6,7084653.33,7084653.33,77636.0365,57.0,120.0,21.0,99.0,True,True,True,True,True,True,True
4235,2015-08-05T00:00:00.000Z,Typhoon,DR,MP,2015,2015-08-01T00:00:00.000Z,3,1,0,1,1,2.0,0,25097245.58,17379956.6,7717288.98,35021324.53,5959836.82,28123957.71,8971143.59,69089713.7,33031657.15,33031657.15,441244.99132530123,29.0,83.0,27.0,56.0,True,True,True,False,True,True,True
4236,2015-08-07T00:00:00.000Z,Severe Storm,DR,WV,2015,2015-07-10T00:00:00.000Z,9,0,0,1,1,4.0,0,0.0,0.0,0.0,7743787.17,469694.75,7261277.06,723711.22,8467498.39,7743787.17,7743787.17,47945.31841860465,19.0,215.0,18.0,197.0,True,True,True,False,True,True,True
4237,2015-08-07T00:00:00.000Z,Severe Storm,DR,SD,2015,2015-05-08T00:00:00.000Z,1,1,0,0,1,21.0,0,439284.08,220241.9,219042.18,0.0,0.0,0.0,474007.95,913292.03,0.0,0.0,0.0,0.0,0.0,0.0,0.0,0,0,0,0,0,0,0
4238,2015-08-07T00:00:00.000Z,Severe Storm,DR,MO,2015,2015-05-15T00:00:00.000Z,76,0,0,1,1,73.0,0,0.0,0.0,0.0,50780811.67,5144389.44,44242582.16,10203784.95,60984596.620000005,50786375.06,50786375.06,59141.66719190141,399.0,1136.0,89.0,1047.0,True,True,True,True,True,True,True
4239,2015-08-12T00:00:00.000Z,Severe Storm,DR,KY,2015,2015-07-11T00:00:00.000Z,34,1,0,1,1,9.0,0,5516103.42,4868940.89,647162.53,9686344.03,542120.33,8789818.7,1790609.67,16993057.119999997,9368365.56,9368365.56,49935.58678714859,61.0,249.0,21.0,228.0,True,True,True,False,True,True,True
4240,2015-09-22T00:00:00.000Z,Fire,DR,CA,2015,2015-09-09T00:00:00.000Z,2,1,0,1,1,51.0,0,12733883.73,8548934.33,4184949.4,221777275.5,208131537.02,4260880.39,59256274.44,293767433.66999996,208197832.26,208197832.26,3050687.9452222222,37.0,90.0,35.0,55.0,True,True,True,True,True,True,True
4241,2015-10-05T00:00:00.000Z,Flood,DR,SC,2016,2015-10-01T00:00:00.000Z,36,1,0,1,1,22.0,0,89803712.87,77971796.97,11831915.9,125933749.14,47487390.51,73754589.63,42121164.24,257858626.25,156892458.16,156892458.16,194290.1867199248,190.0,1064.0,183.0,881.0,True,True,True,True,True,True,True
4242,2015-10-15T00:00:00.000Z,Severe Storm,DR,WA,2016,2015-08-29T00:00:00.000Z,6,0,0,1,1,0.0,0,0.0,0.0,0.0,6172025.65,1185216.13,4752623.56,914999.83,7087025.48,6172025.6,6172025.6,123525.79753846156,34.0,65.0,8.0,57.0,True,True,False,False,True,True,True
4243,2015-10-20T00:00:00.000Z,Fire,DR,WA,2016,2015-08-09T00:00:00.000Z,9,0,0,1,1,32.0,0,0.0,0.0,0.0,39406435.11,26985835.33,11631167.01,3481862.27,42888297.38,39910637.94,39910637.94,495533.2910280374,35.0,107.0,34.0,73.0,True,True,True,False,True,True,True
4244,2015-10-30T00:00:00.000Z,Coastal Storm,DR,AK,2016,2015-08-27T00:00:00.000Z,1,0,0,1,1,0.0,0,0.0,0.0,0.0,4079526.97,452068.61,3463120.7,130130.29,4209657.26,4079526.9699999997,4079526.9699999997,674472.53625,2.0,8.0,5.0,3.0,False,True,True,True,False,False,False
4245,2015-11-25T00:00:00.000Z,Severe Storm,DR,TX,2016,2015-10-22T00:00:00.000Z,22,1,0,1,1,9.0,0,18608796.05,14700160.84,3908635.21,42026629.46,4056497.34,36009956.91,7628801.58,68264227.09,42005235.76,42005235.76,135308.49002439025,86.0,410.0,59.0,351.0,True,True,True,True,True,True,True
4246,2015-12-23T00:00:00.000Z,Severe Storm,DR,ID,2016,2015-11-17T00:00:00.000Z,5,0,0,1,1,0.0,0,0.0,0.0,0.0,2486685.09,328168.44,2126548.61,374875.74,2861560.83,2486685.09,2486685.09,130717.05119999999,15.0,25.0,3.0,22.0,True,True,False,False,True,True,False
4247,2015-12-29T00:00:00.000Z,Severe Ice Storm,DR,OK,2016,2015-11-27T00:00:00.000Z,21,0,0,1,1,2.0,0,0.0,0.0,0.0,29475163.85,16040835.47,12687562.0,4064912.16,33540076.01,29475163.85,29475163.85,271774.13963768113,74.0,138.0,29.0,109.0,True,True,True,False,True,True,True
4248,2016-01-04T00:00:00.000Z,Severe Storm,DR,MS,2016,2015-12-23T00:00:00.000Z,12,1,0,1,1,5.0,0,2903899.73,2379211.71,524688.02,5699153.76,2482932.75,3020883.01,731668.23,9334721.72,5699153.78,5699153.78,74119.28151515151,35.0,99.0,10.0,89.0,True,True,True,True,True,True,True
4249,2016-01-15T00:00:00.000Z,Severe Storm,DR,WA,2016,2015-11-12T00:00:00.000Z,16,0,0,1,1,9.0,0,0.0,0.0,0.0,25040281.77,5993518.24,18312143.18,2558492.21,27598773.98,25032757.82,25032757.82,215251.9754605263,59.0,152.0,32.0,120.0,True,True,True,True,True,True,True
4250,2016-01-21T00:00:00.000Z,Flood,DR,MO,2016,2015-12-23T00:00:00.000Z,52,1,0,1,1,17.0,0,13173843.43,10765588.81,2408254.62,32747311.6,8994305.18,22646310.5,10675595.8,56596750.83,32747347.59,32747347.59,70778.4099178982,196.0,609.0,57.0,552.0,True,True,True,True,True,True,True
4251,2016-01-21T00:00:00.000Z,Severe Storm,DR,AL,2016,2015-12-23T00:00:00.000Z,39,0,0,1,1,8.0,0,0.0,0.0,0.0,36201886.24,1834108.21,32944324.61,5530482.83,41732369.07,36201886.01,36201886.01,68969.71385281386,130.0,693.0,51.0,642.0,True,True,True,True,True,True,True
4252,2016-02-01T00:00:00.000Z,Severe Storm,DR,ID,2016,2015-12-16T00:00:00.000Z,3,0,0,1,1,11.0,0,0.0,0.0,0.0,18305095.51,172539.64,18113814.3,1707464.47,20012559.98,18305095.509999998,18305095.509999998,2216615.693636364,6.0,11.0,3.0,8.0,True,True,False,False,False,True,False
4253,2016-02-02T00:00:00.000Z,Flood,DR,WA,2016,2015-12-01T00:00:00.000Z,10,0,0,1,1,13.0,0,0.0,0.0,0.0,11266542.12,1402678.81,9354915.53,424136.68,11690678.799999999,11273092.74,11273092.74,120786.93991869918,36.0,123.0,32.0,91.0,True,True,True,True,True,True,True
4254,2016-02-05T00:00:00.000Z,Severe Storm,DR,AR,2016,2015-12-26T00:00:00.000Z,38,1,0,1,1,27.0,0,1212227.55,1118316.44,93911.11,11363427.87,487912.15,10779487.83,1987927.04,14563582.46,11363428.02,11363428.02,42441.82632022472,83.0,356.0,14.0,342.0,True,True,True,True,True,True,True
4255,2016-02-09T00:00:00.000Z,Severe Storm,DR,TX,2016,2015-12-26T00:00:00.000Z,51,0,0,1,1,26.0,0,0.0,0.0,0.0,25473437.32,6023300.4,17529709.94,2143138.5,27616575.82,25488246.86,25488246.86,119527.12544802867,93.0,279.0,51.0,228.0,True,True,True,True,True,True,True
4256,2016-02-10T00:00:00.000Z,Severe Storm,DR,OK,2016,2015-12-26T00:00:00.000Z,42,0,0,1,1,10.0,0,0.0,0.0,0.0,49143878.08,1310476.7,46883894.21,8619410.99,57763289.07,49143641.94,49143641.94,199864.2125766871,91.0,326.0,43.0,283.0,True,True,True,True,True,True,True
4257,2016-02-17T00:00:00.000Z,Severe Storm,DR,AK,2016,2015-12-12T00:00:00.000Z,1,0,0,1,1,3.0,0,0.0,0.0,0.0,11464133.02,0.0,11051697.02,106603.41,11570736.43,11464133.02,11464133.02,7574016.015,2.0,2.0,2.0,0.0,False,False,False,True,False,False,False
4258,2016-02-17T00:00:00.000Z,Severe Storm,DR,OR,2016,2015-12-06T00:00:00.000Z,14,0,0,1,1,17.0,0,0.0,0.0,0.0,33987135.14,4672214.67,28423188.47,3263119.96,37250255.1,33841841.96,33841841.96,143479.95633440514,97.0,311.0,68.0,243.0,True,True,True,True,True,True,True
4259,2016-02-26T00:00:00.000Z,Severe Storm,DR,GA,2016,2015-12-22T00:00:00.000Z,34,0,0,1,1,22.0,0,0.0,0.0,0.0,21181388.94,1309713.78,19188662.16,2849273.26,24030662.200000003,21181388.94,21181388.94,124953.02513392856,64.0,224.0,44.0,180.0,True,True,True,True,True,True,True
4260,2016-03-04T00:00:00.000Z,Snowstorm,DR,DC,2016,2016-01-22T00:00:00.000Z,1,0,0,1,1,1.0,0,0.0,0.0,0.0,16996776.09,16433401.71,563374.38,2766438.92,19763215.009999998,16996776.09,16996776.09,390730.48396551725,39.0,58.0,17.0,41.0,False,True,True,False,True,False,False
4261,2016-03-04T00:00:00.000Z,Snowstorm,DR,MD,2016,2016-01-22T00:00:00.000Z,19,0,0,1,1,1.0,0,0.0,0.0,0.0,69267697.55,63921034.22,5197038.9,11150426.87,80418124.42,69267697.71,69267697.71,188307.99240816326,290.0,490.0,100.0,390.0,True,True,True,False,True,True,True
4262,2016-03-07T00:00:00.000Z,Snowstorm,DR,VA,2016,2016-01-22T00:00:00.000Z,30,0,0,1,1,1.0,0,0.0,0.0,0.0,46994294.43,45407153.42,625146.24,5301884.96,52296179.39,46994294.43,46994294.43,344483.66950276244,76.0,181.0,64.0,117.0,False,True,True,False,True,True,True
4263,2016-03-13T00:00:00.000Z,Flood,DR,LA,2016,2016-03-08T00:00:00.000Z,37,1,0,1,1,31.0,0,94361628.91,74284720.15,20076908.76,104966776.31,31863437.17,69980074.14,15479083.86,214807489.07999998,104763089.41,104763089.41,162542.22798823527,219.0,850.0,151.0,699.0,True,True,True,True,True,True,True
4264,2016-03-14T00:00:00.000Z,Severe Storm,DR,NJ,2016,2016-01-22T00:00:00.000Z,17,0,0,1,1,2.0,0,0.0,0.0,0.0,81093524.93,69282647.28,10210959.78,8431940.69,89525465.62,81088513.69,81088513.69,111093.40116856257,723.0,967.0,137.0,830.0,True,True,True,True,True,True,True
4265,2016-03-16T00:00:00.000Z,Snowstorm,DR,DE,2016,2016-01-22T00:00:00.000Z,1,0,0,1,1,1.0,0,0.0,0.0,0.0,1602711.5,167189.96,1429199.34,11491.39,1614202.89,1602711.5,1602711.5,96959.10545454547,12.0,22.0,4.0,18.0,True,True,False,True,True,True,True
4266,2016-03-19T00:00:00.000Z,Flood,DR,TX,2016,2016-03-07T00:00:00.000Z,21,1,0,1,1,22.0,0,21144461.52,18326321.56,2818139.96,33040013.8,9033388.54,21673125.92,4808395.86,58992871.18,32455207.03,32455207.03,174569.55791836733,62.0,245.0,38.0,207.0,True,True,True,True,True,True,True
4267,2016-03-23T00:00:00.000Z,Snowstorm,DR,PA,2016,2016-01-22T00:00:00.000Z,23,0,0,1,1,1.0,0,0.0,0.0,0.0,44619194.68,43609951.73,159120.98,5679929.71,50299124.39,44619194.68,44619194.68,48812.170239076666,1104.0,1213.0,81.0,1132.0,False,True,True,False,True,False,False
4268,2016-03-25T00:00:00.000Z,Flood,DR,MS,2016,2016-03-09T00:00:00.000Z,29,1,0,1,1,20.0,0,8141242.5,6596252.97,1544989.53,10328758.13,1182105.48,8830814.65,1414423.33,19884423.96,10834517.24,10834517.24,54814.401072796936,79.0,261.0,19.0,242.0,True,True,True,True,True,True,True
4269,2016-04-25T00:00:00.000Z,Flood,DR,TX,2016,2016-04-17T00:00:00.000Z,27,1,0,1,1,13.0,0,62683456.32,45072744.7,17610711.62,41631381.31,18450648.9,20308586.53,5048239.59,109363077.22,41634062.15,41634062.15,116039.83359913793,103.0,464.0,55.0,409.0,True,True,True,True,True,True,True
4270,2016-05-06T00:00:00.000Z,Severe Storm,DR,AR,2016,2016-03-08T00:00:00.000Z,12,0,0,1,1,5.0,0,0.0,0.0,0.0,2418773.48,237711.75,2090053.73,400745.26,2819518.74,2418773.48,2418773.48,38734.04756097561,24.0,82.0,3.0,79.0,True,True,True,True,True,True,True
4271,2016-05-24T00:00:00.000Z,Severe Storm,DR,MT,2016,2016-04-15T00:00:00.000Z,5,0,0,1,1,1.0,0,0.0,0.0,0.0,1690433.9,36274.72,1647655.52,167546.81,1857980.71,1690433.9,1690433.9,72636.90129032258,7.0,31.0,1.0,30.0,True,True,True,False,False,True,False
4272,2016-06-11T00:00:00.000Z,Flood,DR,TX,2016,2016-05-22T00:00:00.000Z,46,1,0,1,1,33.0,0,40647560.21,34026997.09,6620563.12,60255516.56,11809870.54,44027622.82,7959685.03,108862761.80000001,60246936.64,60246936.64,99786.98398742138,175.0,795.0,127.0,668.0,True,True,True,True,True,True,True
4273,2016-06-25T00:00:00.000Z,Flood,DR,WV,2016,2016-06-22T00:00:00.000Z,18,1,0,1,1,7.0,0,42352923.65,35711175.9,6641747.75,456284861.61,75955931.15,370229587.46,38473502.54,537111287.8,477977485.19,477977485.19,544669.0092497431,114.0,973.0,188.0,785.0,True,True,True,False,True,True,True
4274,2016-07-15T00:00:00.000Z,Flood,DR,OK,2016,2016-06-11T00:00:00.000Z,8,0,0,1,1,2.0,0,0.0,0.0,0.0,4693118.02,304934.78,4213341.88,680649.32,5373767.34,4693118.0200000005,4693118.0200000005,81519.50302631578,24.0,76.0,11.0,65.0,True,True,True,True,True,True,True
4275,2016-08-03T00:00:00.000Z,Tornado,DR,MT,2016,2016-06-11T00:00:00.000Z,1,0,0,1,1,0.0,0,0.0,0.0,0.0,3045115.45,45898.98,2991554.51,71192.17,3116307.62,3045115.4499999997,3045115.4499999997,341323.7925,3.0,12.0,4.0,8.0,True,True,True,False,False,True,True
4276,2016-08-09T00:00:00.000Z,Severe Storm,DR,WI,2016,2016-07-11T00:00:00.000Z,9,0,0,1,1,1.0,0,0.0,0.0,0.0,13802564.69,2101728.41,11357600.63,1077127.07,14879691.76,13802564.69,13802564.69,100489.05164835164,85.0,182.0,21.0,161.0,True,True,True,True,True,True,True
4277,2016-08-14T00:00:00.000Z,Flood,DR,LA,2016,2016-08-11T00:00:00.000Z,26,1,0,1,1,20.0,0,776048445.18,612172870.28,163875574.9,771901840.17,427075307.35,322632367.82,141652079.48,1689602364.83,765686519.52,765686519.52,729839.5679844961,251.0,1161.0,387.0,774.0,True,True,True,True,True,True,True
4278,2016-08-26T00:00:00.000Z,Severe Storm,DR,KY,2016,2016-07-02T00:00:00.000Z,20,0,0,1,1,7.0,0,0.0,0.0,0.0,4746862.15,445918.15,4176045.38,916590.87,5663453.0200000005,4746862.15,4746862.15,36351.85290697675,44.0,172.0,9.0,163.0,True,True,True,False,True,True,True
4279,2016-09-16T00:00:00.000Z,Flood,DR,MD,2016,2016-07-30T00:00:00.000Z,1,0,0,1,1,1.0,0,0.0,0.0,0.0,7132460.77,4427205.2,2601497.74,323833.13,7456293.899999999,7132460.56,7132460.56,234506.0995,20.0,40.0,18.0,22.0,True,True,True,True,True,True,True
4280,2016-09-28T00:00:00.000Z,Hurricane,DR,FL,2016,2016-08-31T00:00:00.000Z,26,1,0,1,1,11.0,0,8693303.61,6904983.45,1788320.16,60151552.46,31746524.93,26594140.53,11108302.72,79953158.78999999,60149086.73,60149086.73,170559.61171492204,111.0,449.0,77.0,372.0,True,True,True,True,True,True,True
4281,2016-09-29T00:00:00.000Z,Flood,DR,IA,2016,2016-08-23T00:00:00.000Z,8,0,0,1,1,4.0,0,0.0,0.0,0.0,5398418.52,563785.5,4622573.56,1123574.5,6521993.02,5398418.53,5398418.53,67994.06273584906,30.0,106.0,11.0,95.0,True,True,True,True,True,True,True
4282,2016-10-06T00:00:00.000Z,Mud/Landslide,DR,HI,2017,2016-09-11T00:00:00.000Z,1,0,0,1,1,3.0,0,0.0,0.0,0.0,4786876.55,3514800.26,1134479.29,580615.77,5367492.32,4786876.55,4786876.55,310335.2805263158,10.0,19.0,10.0,9.0,True,True,True,True,False,True,True
4283,2016-10-08T00:00:00.000Z,Hurricane,DR,FL,2017,2016-10-03T00:00:00.000Z,18,1,0,1,1,16.0,0,21105530.96,17967178.06,3138352.9,401858870.05,252669708.73,128606268.52,39380766.14,462345167.15,405721644.54,405721644.54,455340.9887884109,270.0,1139.0,359.0,780.0,True,True,True,True,True,True,True
4284,2016-10-08T00:00:00.000Z,Hurricane,DR,GA,2017,2016-10-04T00:00:00.000Z,20,1,0,1,1,11.0,0,6611177.87,5306453.19,1304724.68,93102666.38,74263812.09,15956921.29,14964791.25,114678635.5,93065647.32,93065647.32,249502.65154661017,106.0,472.0,108.0,364.0,True,True,True,True,True,True,True
4285,2016-10-10T00:00:00.000Z,Hurricane,DR,NC,2017,2016-10-04T00:00:00.000Z,50,1,0,1,1,20.0,0,98842212.59,69249444.05,29592768.54,320795238.96,80752687.2,230233053.76,58753920.35,478391371.9,319766464.56,319766464.56,228297.13977729494,411.0,1841.0,486.0,1355.0,True,True,True,True,True,True,True
4286,2016-10-11T00:00:00.000Z,Hurricane,DR,SC,2017,2016-10-04T00:00:00.000Z,26,1,0,1,1,26.0,0,39700862.51,32647472.31,7053390.2,242659055.01,162360725.46,72015034.55,35984572.31,318344489.83,242619193.56,242619193.56,304481.13477162295,228.0,1029.0,254.0,775.0,True,True,True,True,True,True,True
4287,2016-10-20T00:00:00.000Z,Severe Storm,DR,KS,2017,2016-09-02T00:00:00.000Z,13,0,0,1,1,10.0,0,0.0,0.0,0.0,5798145.11,448438.27,5022776.92,275024.93,6073170.04,5798145.13,5798145.13,55594.33782608696,78.0,138.0,10.0,128.0,True,True,True,True,True,True,True
4288,2016-10-20T00:00:00.000Z,Flood,DR,WI,2017,2016-09-21T00:00:00.000Z,10,0,0,1,1,1.0,0,0.0,0.0,0.0,9038145.25,524284.1,8229080.8,1534196.17,10572341.42,9038145.22,9038145.22,50045.388361344536,141.0,238.0,23.0,215.0,True,True,True,True,True,True,True
4289,2016-10-31T00:00:00.000Z,Flood,DR,IA,2017,2016-09-21T00:00:00.000Z,19,0,0,1,1,12.0,0,0.0,0.0,0.0,16783200.6,9301159.0,6873685.55,3738576.45,20521777.05,16783200.62,16783200.62,75364.60884745762,80.0,295.0,37.0,258.0,True,True,True,True,True,True,True
4290,2016-11-02T00:00:00.000Z,Flood,DR,MN,2017,2016-09-21T00:00:00.000Z,10,1,0,1,1,3.0,0,2598417.07,2411058.28,187358.79,7109979.59,1033298.56,5855661.82,877789.96,10586186.620000001,7109979.59,7109979.59,37032.67468503937,128.0,254.0,7.0,247.0,True,True,True,True,True,True,True
4291,2016-11-02T00:00:00.000Z,Hurricane,DR,VA,2017,2016-10-07T00:00:00.000Z,10,1,0,1,1,8.0,0,10195614.19,8240163.88,1955450.31,16772599.44,9089781.06,7226920.83,2704954.48,29673168.11,16772599.44,16772599.44,177578.90125,25.0,120.0,28.0,92.0,True,True,True,True,True,True,True
4292,2016-12-02T00:00:00.000Z,Flood,DR,PA,2017,2016-10-20T00:00:00.000Z,4,0,0,1,1,1.0,0,0.0,0.0,0.0,25541185.85,1319866.18,23835424.48,3141703.03,28682888.880000003,25541185.85,25541185.85,258366.58198473285,43.0,131.0,37.0,94.0,True,True,True,True,True,True,True
4293,2016-12-15T00:00:00.000Z,Fire,DR,TN,2017,2016-11-28T00:00:00.000Z,1,1,0,1,1,11.0,0,3433359.29,1663176.79,1770182.5,3678756.29,3657019.59,0.0,223190.28,7335305.86,3678756.3,3678756.3,134694.0438888889,15.0,36.0,10.0,26.0,True,True,False,False,False,False,False
4294,2017-01-25T00:00:00.000Z,Severe Storm,DR,GA,2017,2017-01-02T00:00:00.000Z,7,1,0,1,1,0.0,0,631364.39,458957.44,172406.95,14573962.86,8206788.69,6034366.33,1934113.21,17139440.46,14571111.66,14571111.66,248336.6048,26.0,75.0,17.0,58.0,True,True,True,False,True,True,True
4295,2017-01-25T00:00:00.000Z,Tornado,DR,MS,2017,2017-01-20T00:00:00.000Z,4,1,0,1,1,1.0,0,3338999.67,2421481.31,917518.36,10864850.29,6674629.65,3892371.64,1818454.58,16022304.54,11289283.64,11289283.64,294432.52729166666,16.0,48.0,13.0,35.0,True,True,True,False,True,True,True
4296,2017-01-25T00:00:00.000Z,Severe Storm,DR,OR,2017,2016-12-14T00:00:00.000Z,2,0,0,1,1,3.0,0,0.0,0.0,0.0,14370133.29,3712375.64,10221663.65,293370.04,14663503.329999998,14369640.479999999,14369640.479999999,397415.8540425532,18.0,47.0,17.0,30.0,True,True,True,True,True,True,True
4297,2017-01-26T00:00:00.000Z,Tornado,DR,GA,2017,2017-01-21T00:00:00.000Z,23,1,0,1,1,1.0,0,2962689.95,1955548.44,1007141.51,23859706.67,12204735.75,11145356.82,3706312.65,30528709.27,23788831.32,23788831.32,189956.80670731707,55.0,164.0,39.0,125.0,True,True,True,True,True,True,True
4298,2017-02-01T00:00:00.000Z,Severe Storm,DR,SD,2017,2016-12-24T00:00:00.000Z,27,0,0,1,1,2.0,0,0.0,0.0,0.0,9837358.31,684944.84,8958498.74,1447192.8,11284551.110000001,9837358.51,9837358.51,130480.78779999999,31.0,100.0,28.0,72.0,True,True,False,False,True,True,True
4299,2017-02-10T00:00:00.000Z,Severe Storm,DR,OK,2017,2017-01-13T00:00:00.000Z,11,0,0,1,1,3.0,0,0.0,0.0,0.0,133911262.84,3759961.12,126264394.38,12222797.42,146134060.26,141444101.0,141444101.0,1852113.9501980199,41.0,101.0,23.0,78.0,True,True,True,False,False,True,True
4300,2017-02-11T00:00:00.000Z,Tornado,DR,LA,2017,2017-02-07T00:00:00.000Z,2,1,0,0,1,0.0,0,3006480.74,2381737.69,624743.05,0.0,0.0,0.0,47212.4,3053693.14,0.0,0.0,0.0,0.0,0.0,0.0,0.0,0,0,0,0,0,0,0
4301,2017-02-14T00:00:00.000Z,Severe Storm,DR,CA,2017,2017-01-03T00:00:00.000Z,34,0,0,1,1,9.0,0,0.0,0.0,0.0,142498482.01,28255767.64,109100868.59,17234910.28,159733392.29,141744984.74,141744984.74,196771.08151101784,294.0,953.0,240.0,713.0,True,True,True,True,True,True,True
4302,2017-02-14T00:00:00.000Z,Severe Storm,DR,CA,2017,2017-01-03T00:00:00.000Z,1,0,0,1,1,2.0,0,0.0,0.0,0.0,3345510.33,1728987.46,1525927.87,0.0,3345510.33,3345510.33,3345510.33,463395.94625,1.0,8.0,5.0,3.0,True,True,True,False,False,True,False
4303,2017-02-17T00:00:00.000Z,Severe Storm,DR,NV,2017,2017-01-05T00:00:00.000Z,8,0,0,1,1,9.0,0,0.0,0.0,0.0,10838041.91,3357514.15,7086499.47,2188022.55,13026064.46,9840652.24,9840652.24,98948.96419847329,28.0,131.0,26.0,105.0,True,True,True,True,True,True,True
4304,2017-02-24T00:00:00.000Z,Severe Ice Storm,DR,KS,2017,2017-01-13T00:00:00.000Z,20,0,0,1,1,3.0,0,0.0,0.0,0.0,12565373.45,2769651.33,9404613.35,1331667.15,13897040.6,12565373.43,12565373.43,119863.35419117646,59.0,136.0,13.0,123.0,True,True,False,False,True,True,False
4305,2017-03-16T00:00:00.000Z,Flood,DR,CA,2017,2017-01-18T00:00:00.000Z,22,0,0,1,1,5.0,0,0.0,0.0,0.0,63644360.74,16565455.5,44649762.51,7339028.45,70983389.19,62581324.71,62581324.71,110189.04233870968,206.0,744.0,110.0,634.0,True,True,True,True,True,True,True
4306,2017-03-21T00:00:00.000Z,Severe Storm,DR,WY,2017,2017-02-06T00:00:00.000Z,1,0,0,1,1,1.0,0,0.0,0.0,0.0,2418459.51,449949.85,1936137.04,87335.32,2505794.8299999996,2418459.51,2418459.51,292165.61636363633,6.0,11.0,2.0,9.0,True,True,False,False,True,True,False
4307,2017-03-27T00:00:00.000Z,Severe Storm,DR,NV,2017,2017-02-05T00:00:00.000Z,7,0,0,1,1,17.0,0,0.0,0.0,0.0,9895668.47,7703647.58,1722196.26,1716229.84,11611898.31,9852643.34,9852643.34,175396.38175675675,19.0,74.0,18.0,56.0,True,True,True,True,True,True,True
4308,2017-04-01T00:00:00.000Z,Flood,DR,CA,2017,2017-02-01T00:00:00.000Z,44,0,0,1,1,22.0,0,0.0,0.0,0.0,812362869.31,201483749.29,594834752.13,135123682.0,947486551.31,816261521.16,816261521.16,905509.0818812707,336.0,1196.0,341.0,855.0,True,True,True,True,True,True,True
4309,2017-04-21T00:00:00.000Z,Flood,DR,WA,2017,2017-01-30T00:00:00.000Z,15,0,0,1,1,23.0,0,0.0,0.0,0.0,35730741.61,4552078.28,29771314.86,6153450.0,41884191.61,44911391.53,44911391.53,250355.92341772153,80.0,237.0,73.0,164.0,True,True,True,True,True,True,True
4310,2017-04-21T00:00:00.000Z,Flood,DR,ID,2017,2017-02-05T00:00:00.000Z,11,0,0,1,1,22.0,0,0.0,0.0,0.0,7166137.84,724220.99,6204557.85,1118109.0,8284246.84,7169820.4799999995,7169820.4799999995,76415.70637096775,40.0,124.0,18.0,106.0,True,True,True,True,True,True,False
4311,2017-04-21T00:00:00.000Z,Flood,DR,UT,2017,2017-02-07T00:00:00.000Z,2,0,0,1,1,20.0,0,0.0,0.0,0.0,3126349.9,427582.36,2589356.54,513765.94,3640115.84,3126349.91,3126349.91,89826.00173913044,15.0,46.0,12.0,34.0,True,True,True,True,True,True,False
4312,2017-05-02T00:00:00.000Z,Severe Storm,DR,CA,2017,2017-02-08T00:00:00.000Z,1,0,0,1,1,3.0,0,0.0,0.0,0.0,269934.77,36627.59,233307.18,1650.0,271584.77,269934.77,269934.77,149963.76,1.0,2.0,1.0,1.0,True,False,False,False,False,False,True
4313,2017-05-18T00:00:00.000Z,Flood,DR,ID,2017,2017-03-06T00:00:00.000Z,9,0,0,1,1,22.0,0,0.0,0.0,0.0,9158293.36,793624.91,8004637.45,1695975.0,10854268.36,9158293.44,9158293.44,120336.6933,34.0,100.0,19.0,81.0,True,True,True,True,True,True,True
4314,2017-05-22T00:00:00.000Z,Severe Storm,DR,MS,2017,2017-04-30T00:00:00.000Z,9,0,0,1,1,0.0,0,0.0,0.0,0.0,17084624.24,14218573.81,2360311.56,400357.83,17484982.069999997,17088012.3,17088012.3,273225.0146835443,29.0,79.0,14.0,65.0,True,True,True,False,True,True,True
4315,2017-05-26T00:00:00.000Z,Severe Storm,DR,OK,2017,2017-04-28T00:00:00.000Z,21,0,0,1,1,4.0,0,0.0,0.0,0.0,84001898.26,790671.36,81986969.76,7522835.04,91524733.30000001,88757472.53,88757472.53,630564.8420855615,56.0,187.0,15.0,172.0,True,True,True,True,True,True,True
4316,2017-06-01T00:00:00.000Z,Severe Storm,DR,NH,2017,2017-03-14T00:00:00.000Z,2,0,0,1,1,1.0,0,0.0,0.0,0.0,1676798.53,386527.2,1287325.25,176414.25,1853212.78,1676798.54,1676798.54,114985.47736842107,9.0,19.0,2.0,17.0,True,True,False,False,True,True,False
4317,2017-06-02T00:00:00.000Z,Flood,DR,MO,2017,2017-04-28T00:00:00.000Z,55,1,0,1,1,13.0,0,12527583.31,10311780.12,2215803.19,77319838.79,11526563.99,64379774.1,17801245.73,107648667.83000001,77325689.34,77325689.34,108359.56613997878,222.0,943.0,136.0,807.0,True,True,True,True,True,True,True
4318,2017-06-15T00:00:00.000Z,Severe Storm,DR,AR,2017,2017-04-26T00:00:00.000Z,32,1,0,1,1,23.0,0,3961671.43,3159425.67,802245.76,27384732.41,2417033.69,24044001.72,3832583.02,35178986.86,27384726.33,27384726.33,77931.48894168467,117.0,463.0,62.0,401.0,True,True,True,True,True,True,True
4319,2017-06-16T00:00:00.000Z,Snowstorm,DR,KS,2017,2017-04-28T00:00:00.000Z,27,0,0,1,1,5.0,0,0.0,0.0,0.0,62692062.94,1381183.67,59699798.78,5106912.05,67798974.99,62692064.339999996,62692064.339999996,589102.4141134751,64.0,141.0,18.0,123.0,True,True,True,False,True,True,True
4320,2017-06-23T00:00:00.000Z,Severe Storm,DR,TN,2017,2017-05-27T00:00:00.000Z,14,0,0,1,1,1.0,0,0.0,0.0,0.0,31960035.12,15238853.86,16679126.57,2107211.42,34067246.54,31960035.09,31960035.09,307844.5538059702,58.0,134.0,35.0,99.0,True,True,True,False,True,True,True
4321,2017-06-26T00:00:00.000Z,Severe Storm,DR,NE,2017,2017-04-29T00:00:00.000Z,10,0,0,1,1,4.0,0,0.0,0.0,0.0,2727443.3,3249.79,2697493.42,104243.3,2831686.5999999996,2727443.3,2727443.3,302265.10333333333,9.0,12.0,4.0,8.0,True,False,False,False,False,True,False
4322,2017-07-12T00:00:00.000Z,Snowstorm,DR,NY,2017,2017-03-14T00:00:00.000Z,28,0,0,1,1,1.0,0,0.0,0.0,0.0,28335249.54,20388710.94,5741230.49,511159.15,28846408.689999998,28335249.54,28335249.54,51953.578196948685,667.0,721.0,42.0,679.0,True,True,True,False,True,True,True
4323,2017-07-12T00:00:00.000Z,Flood,DR,ND,2017,2017-03-23T00:00:00.000Z,11,0,0,1,1,37.0,0,0.0,0.0,0.0,5306863.74,268433.01,4629123.77,563589.34,5870453.08,5293187.68,5293187.68,50668.911014492754,24.0,138.0,9.0,129.0,True,True,True,True,False,False,True
4324,2017-07-25T00:00:00.000Z,Tornado,DR,OK,2017,2017-05-16T00:00:00.000Z,16,0,0,1,1,4.0,0,0.0,0.0,0.0,4539992.99,572315.44,3822330.49,591792.36,5131785.350000001,4539993.3,4539993.3,51098.82897435898,33.0,117.0,10.0,107.0,True,True,True,False,True,True,True
4325,2017-08-01T00:00:00.000Z,Severe Storm,DR,NE,2017,2017-06-12T00:00:00.000Z,19,0,0,1,1,5.0,0,0.0,0.0,0.0,15098468.62,2605736.36,12292687.83,1766204.25,16864672.869999997,15098468.62,15098468.62,211572.76829787233,48.0,94.0,13.0,81.0,True,True,True,False,True,True,True
4326,2017-08-02T00:00:00.000Z,Severe Storm,DR,MI,2017,2017-06-22T00:00:00.000Z,4,1,0,0,1,5.0,0,5217208.76,4668384.17,548824.59,0.0,0.0,0.0,463702.36,5680911.12,0.0,0.0,0.0,0.0,0.0,0.0,0.0,0,0,0,0,0,0,0
4327,2017-08-05T00:00:00.000Z,Flood,DR,WY,2017,2017-06-07T00:00:00.000Z,3,0,0,1,1,15.0,0,0.0,0.0,0.0,4294224.8,202610.74,3894616.8,750369.99,5044594.79,4294224.8100000005,4294224.8100000005,152972.09027027027,10.0,37.0,8.0,29.0,True,True,True,True,True,True,True
4328,2017-08-08T00:00:00.000Z,Severe Storm,DR,OR,2017,2017-01-07T00:00:00.000Z,4,0,0,1,1,3.0,0,0.0,0.0,0.0,2962549.72,1903124.39,964504.33,232980.47,3195530.1900000004,2962549.77,2962549.77,130224.76266666666,18.0,30.0,6.0,24.0,True,True,True,False,True,True,False
4329,2017-08-09T00:00:00.000Z,Severe Storm,DR,NH,2017,2017-07-01T00:00:00.000Z,2,0,0,1,1,1.0,0,0.0,0.0,0.0,6763182.28,157448.95,6025101.74,51048.32,6814230.600000001,6758416.72,6758416.72,87303.74514851485,38.0,101.0,16.0,85.0,True,True,True,True,True,True,True
4330,2017-08-16T00:00:00.000Z,Severe Storm,DR,VT,2017,2017-06-29T00:00:00.000Z,7,0,0,1,1,2.0,0,0.0,0.0,0.0,13211305.85,168883.52,11956171.33,1490600.22,14701906.07,14949376.82,14949376.82,147146.00488721803,51.0,133.0,27.0,106.0,True,True,True,True,False,True,True
4331,2017-08-18T00:00:00.000Z,Severe Storm,DR,WV,2017,2017-07-28T00:00:00.000Z,12,1,0,1,1,1.0,0,2770197.73,2279644.59,490553.14,11322366.88,1413575.71,9800840.5,1671017.56,15763582.170000002,11322366.88,11322366.88,59852.11836653387,30.0,251.0,31.0,220.0,True,True,True,False,True,True,True
4332,2017-08-25T00:00:00.000Z,Hurricane,DR,TX,2017,2017-08-23T00:00:00.000Z,53,1,0,1,1,23.0,0,1656932722.84,1243287192.54,413645530.3,2973107763.04,1302784103.51,1404273669.01,542249009.68,5172289495.56,3104647048.77,3104647048.77,546352.7065139249,892.0,6176.0,1338.0,4838.0,True,True,True,True,True,True,True
4333,2017-08-27T00:00:00.000Z,Flood,DR,ID,2017,2017-05-06T00:00:00.000Z,5,0,0,1,1,41.0,0,0.0,0.0,0.0,3186612.99,105558.21,2857673.66,382722.84,3569335.83,3175054.5,3175054.5,97608.52534883721,15.0,43.0,8.0,35.0,True,True,True,True,False,True,True
4334,2017-08-27T00:00:00.000Z,Severe Storm,DR,IA,2017,2017-07-19T00:00:00.000Z,9,0,0,1,1,4.0,0,0.0,0.0,0.0,5349464.31,1037778.87,4150578.76,1270811.62,6620275.93,5349464.32,5349464.32,68142.43278846153,41.0,104.0,16.0,88.0,True,True,True,True,True,True,True
4335,2017-09-07T00:00:00.000Z,Hurricane,DR,VI,2017,2017-09-05T00:00:00.000Z,3,1,0,1,1,2.0,0,40826320.17,29559255.81,11267064.36,66622069.6,54657374.17,6428460.85,28777076.92,136225466.69,66505522.15,66505522.15,202898.34666666665,99.0,330.0,37.0,293.0,True,True,False,False,True,True,True
4336,2017-09-10T00:00:00.000Z,Hurricane,DR,PR,2017,2017-09-05T00:00:00.000Z,32,1,0,1,1,2.0,0,12950283.16,11123995.93,1826287.23,9232560.71,8635229.41,0.0,4321113.98,26503957.85,9234099.7,9234099.7,109530.08283018868,48.0,106.0,23.0,83.0,True,True,False,False,False,False,False
4337,2017-09-10T00:00:00.000Z,Hurricane,DR,FL,2017,2017-09-04T00:00:00.000Z,67,1,0,1,1,44.0,0,1020966938.16,712482355.67,308484582.49,2423306453.92,1744188790.23,586691033.67,429072456.82,3873345848.9,2409800451.7400002,2409800451.7400002,339446.4633095021,951.0,7693.0,1748.0,5945.0,True,True,True,True,True,True,True
4338,2017-09-15T00:00:00.000Z,Hurricane,DR,GA,2017,2017-09-07T00:00:00.000Z,159,1,0,1,1,13.0,0,13643351.67,10119352.55,3523999.12,115765758.36,58467381.66,45325904.56,15410809.96,144819919.99,115931639.34,115931639.34,94369.82153106983,446.0,1561.0,187.0,1374.0,True,True,True,True,True,True,True
4339,2017-09-20T00:00:00.000Z,Hurricane,DR,PR,2017,2017-09-17T00:00:00.000Z,78,1,0,1,1,59.0,0,1336693929.1,768070472.41,568623456.69,35592787573.82,5064535216.83,27910016289.21,627318453.64,37556799956.56,36166533616.340004,36166533616.340004,3577253.911454479,644.0,11028.0,6653.0,4375.0,True,True,True,True,True,True,True
4340,2017-09-20T00:00:00.000Z,Hurricane,DR,VI,2017,2017-09-16T00:00:00.000Z,3,1,0,1,1,6.0,0,44112249.83,30365387.35,13746862.48,21984644511.15,1863884940.14,17721495891.66,197061537.59,22225818298.570004,22068015736.15,22068015736.15,19928718.33638938,163.0,1130.0,576.0,554.0,True,True,True,True,True,True,True
4341,2017-09-27T00:00:00.000Z,Hurricane,DR,FL,2017,2017-09-04T00:00:00.000Z,6,1,0,1,1,30.0,0,9674.92,9674.92,0.0,10613.94,0.0,10613.94,130500.0,150788.86,10613.94,10613.94,14151.92,1.0,1.0,0.0,1.0,False,False,False,False,True,False,False
4342,2017-10-07T00:00:00.000Z,Flood,DR,ID,2018,2017-03-29T00:00:00.000Z,2,0,0,1,1,78.0,0,0.0,0.0,0.0,4174300.13,737336.1,3243496.78,302479.83,4476779.96,4017584.29,4017584.29,166403.0715625,15.0,32.0,10.0,22.0,True,True,True,False,False,False,True
4343,2017-10-07T00:00:00.000Z,Severe Storm,DR,WI,2018,2017-07-19T00:00:00.000Z,11,0,0,1,1,4.0,0,0.0,0.0,0.0,8866606.39,919908.23,7053336.25,1649328.35,10515934.74,8864444.64,8864444.64,28413.875906862744,146.0,408.0,14.0,394.0,True,True,True,True,True,True,True
4344,2017-10-10T00:00:00.000Z,Fire,DR,CA,2018,2017-10-08T00:00:00.000Z,9,1,0,1,1,23.0,0,17990768.82,11058737.64,6932031.18,487666392.2,437225380.97,43315345.23,174644838.77,680301999.79,489307313.5,489307313.5,1794745.6897952217,80.0,293.0,100.0,193.0,True,True,True,True,True,True,True
4345,2017-10-16T00:00:00.000Z,Hurricane,DR,LA,2018,2017-08-28T00:00:00.000Z,20,0,0,1,1,13.0,0,0.0,0.0,0.0,7573398.42,5136909.69,1651131.67,265140.44,7838538.86,7576720.56,7576720.56,74850.93931818182,50.0,132.0,20.0,112.0,True,True,True,True,True,False,True
4346,2017-10-16T00:00:00.000Z,Hurricane,DR,SC,2018,2017-09-06T00:00:00.000Z,47,0,0,1,1,7.0,0,0.0,0.0,0.0,33224174.85,17590993.77,12972120.25,3600906.57,36825081.42,33222138.42,33222138.42,162581.1374906367,136.0,267.0,58.0,209.0,True,True,True,True,True,True,True
4347,2017-11-07T00:00:00.000Z,Severe Storm,DR,KS,2018,2017-07-22T00:00:00.000Z,2,0,0,1,1,5.0,0,0.0,0.0,0.0,5904057.49,1473822.32,3832148.5,659657.01,6563714.5,6341943.4399999995,6341943.4399999995,102338.97682926829,20.0,82.0,10.0,72.0,True,True,True,True,True,True,True
4348,2017-11-14T00:00:00.000Z,Flood,DR,NY,2018,2017-05-02T00:00:00.000Z,8,0,0,1,1,96.0,0,0.0,0.0,0.0,28454856.85,5105137.23,20383225.62,2572348.73,31027205.580000002,29095970.42,29095970.42,239277.18778481014,59.0,158.0,36.0,122.0,True,True,True,True,True,True,True
4349,2017-11-16T00:00:00.000Z,Hurricane,DR,AL,2018,2017-10-06T00:00:00.000Z,8,0,0,1,1,4.0,0,0.0,0.0,0.0,14968939.51,3067775.06,11421068.76,1992228.02,16961167.53,14968939.51,14968939.51,219983.93211111112,38.0,90.0,16.0,74.0,True,True,True,False,True,True,True
4350,2017-11-22T00:00:00.000Z,Hurricane,DR,MS,2018,2017-10-06T00:00:00.000Z,6,0,0,1,1,4.0,0,0.0,0.0,0.0,10259651.28,4784673.27,4810083.83,237929.11,10497580.389999999,10259651.28,10259651.28,82961.11785276074,30.0,163.0,20.0,143.0,True,True,True,True,True,True,True
4351,2017-12-20T00:00:00.000Z,Severe Storm,DR,AK,2018,2017-09-28T00:00:00.000Z,1,0,0,1,1,2.0,0,0.0,0.0,0.0,10235172.68,729259.64,9041625.86,597107.94,10832280.62,1332661.43,1332661.43,203369.36125,3.0,8.0,4.0,4.0,False,True,True,False,False,False,True
4352,2017-12-20T00:00:00.000Z,Flood,DR,NM,2018,2017-10-04T00:00:00.000Z,1,0,0,1,1,2.0,0,0.0,0.0,0.0,14430450.53,29670.68,13929186.82,0.0,14430450.53,14010116.91,14010116.91,151127.01339622642,1.0,106.0,36.0,70.0,True,True,True,True,False,False,False
4353,2018-01-02T00:00:00.000Z,Fire,DR,CA,2018,2017-12-04T00:00:00.000Z,4,1,0,1,1,58.0,0,5087697.22,4189991.4,897705.82,282218836.41,255419650.53,16787946.07,39166601.49,326473135.12000006,278875531.8,278875531.8,1426952.0653252031,58.0,246.0,102.0,144.0,True,True,True,True,True,True,True
4354,2018-01-02T00:00:00.000Z,Severe Storm,DR,ME,2018,2017-10-29T00:00:00.000Z,13,0,0,1,1,3.0,0,0.0,0.0,0.0,8163787.83,4555220.37,3327475.29,8512.9,8172300.73,8159781.58,8159781.58,24697.519633027525,207.0,436.0,12.0,424.0,True,True,True,True,True,True,True
4355,2018-01-02T00:00:00.000Z,Severe Storm,DR,NH,2018,2017-10-29T00:00:00.000Z,6,0,0,1,1,3.0,0,0.0,0.0,0.0,10176488.56,1381689.58,7724900.39,447348.92,10623837.48,10176489.03,10176489.03,62944.03298578199,77.0,211.0,15.0,196.0,True,True,True,True,True,True,True
4356,2018-01-02T00:00:00.000Z,Severe Storm,DR,VT,2018,2017-10-29T00:00:00.000Z,10,0,0,1,1,1.0,0,0.0,0.0,0.0,5126898.02,1035633.62,3671058.7,76252.74,5203150.76,5126898.0200000005,5126898.0200000005,69502.71731958762,40.0,97.0,11.0,86.0,True,True,True,False,True,True,True
4357,2018-03-02T00:00:00.000Z,Hurricane,DR,AS,2018,2018-02-07T00:00:00.000Z,5,1,0,1,1,5.0,0,20543787.44,13584223.45,6959563.99,10690516.13,2356522.27,7193623.74,886778.46,32121082.03,10561901.11,10561901.11,133390.81988636364,34.0,88.0,15.0,73.0,True,True,True,True,True,True,True
4358,2018-04-12T00:00:00.000Z,Flood,DR,KY,2018,2018-02-09T00:00:00.000Z,22,0,0,1,1,5.0,0,0.0,0.0,0.0,26257383.54,586324.18,22982899.52,7824205.25,34081588.79,26257383.54,26257383.54,137555.60782258064,43.0,248.0,76.0,172.0,True,True,True,True,True,True,True
4359,2018-04-17T00:00:00.000Z,Mud/Landslide,DR,WV,2018,2018-02-14T00:00:00.000Z,21,0,0,1,1,6.0,0,0.0,0.0,0.0,34019803.08,1189389.22,28744865.81,3078571.45,37098374.53,34024765.44,34024765.44,376507.7212820513,24.0,117.0,52.0,65.0,True,True,True,True,False,True,True
4360,2018-04-17T00:00:00.000Z,Flood,DR,OH,2018,2018-02-14T00:00:00.000Z,22,0,0,1,1,11.0,0,0.0,0.0,0.0,63519160.74,2509492.93,58776309.98,12070562.36,75589723.1,63461308.42,63461308.42,102948.35195838433,229.0,817.0,181.0,636.0,True,True,True,True,True,True,True
4361,2018-04-26T00:00:00.000Z,Flood,DR,KY,2018,2018-02-21T00:00:00.000Z,35,0,0,1,1,28.0,0,0.0,0.0,0.0,19969175.58,2540457.35,15167249.26,4498325.08,24467500.659999996,19969175.6,19969175.6,72878.14960563381,67.0,355.0,46.0,309.0,True,True,True,True,True,True,True
4362,2018-04-26T00:00:00.000Z,Severe Storm,DR,AL,2018,2018-03-19T00:00:00.000Z,4,1,0,1,1,1.0,0,774416.84,549705.7,224711.14,40633608.74,8617303.56,25112650.59,5457632.77,46865658.35000001,38675901.13,38675901.13,472764.4130841121,20.0,107.0,33.0,74.0,True,True,True,False,True,True,True
4363,2018-05-04T00:00:00.000Z,Flood,DR,IN,2018,2018-02-14T00:00:00.000Z,31,1,0,1,1,18.0,0,3883630.08,3436880.94,446749.14,10631885.98,2383527.43,7777755.74,1587635.82,16103151.88,10664753.91,10664753.91,47379.88090604027,103.0,298.0,19.0,279.0,True,True,True,True,True,True,True
4364,2018-05-08T00:00:00.000Z,Severe Storm,DR,NC,2018,2018-04-15T00:00:00.000Z,2,1,0,0,1,0.0,0,723486.85,399313.66,324173.19,0.0,0.0,0.0,26462.05,749948.9,0.0,0.0,0.0,0.0,0.0,0.0,0.0,0,0,0,0,0,0,0
4365,2018-05-08T00:00:00.000Z,Flood,DR,HI,2018,2018-04-13T00:00:00.000Z,2,1,0,1,1,3.0,0,1593486.18,1294506.99,298979.19,13712611.37,3518071.72,8924924.6,2659598.41,17965695.96,13403133.44,13403133.44,243892.73847222223,23.0,72.0,26.0,46.0,True,True,True,True,True,True,True
4366,2018-05-11T00:00:00.000Z,Volcanic Eruption,DR,HI,2018,2018-05-03T00:00:00.000Z,1,1,0,1,1,106.0,0,13188507.8,11682124.77,1506383.03,128887472.02,14334938.94,104425188.69,17530245.04,159606224.85999998,128875705.48,128875705.48,3062881.6787272724,15.0,55.0,35.0,20.0,False,True,True,False,True,True,True
4367,2018-05-30T00:00:00.000Z,Coastal Storm,DR,ME,2018,2018-03-02T00:00:00.000Z,1,0,0,1,1,6.0,0,0.0,0.0,0.0,5146389.49,243268.83,4587169.59,302464.66,5448854.15,5002249.65,5002249.65,106236.05193548386,10.0,62.0,13.0,49.0,False,True,True,True,False,False,True
4368,2018-06-08T00:00:00.000Z,Severe Storm,DR,NJ,2018,2018-03-06T00:00:00.000Z,6,0,0,1,1,1.0,0,0.0,0.0,0.0,30198383.77,28467470.33,595794.24,1970744.5,32169128.27,30199514.38,30199514.38,84867.32970212767,232.0,470.0,66.0,404.0,True,True,True,False,True,True,True
4369,2018-06-08T00:00:00.000Z,Coastal Storm,DR,AK,2018,2017-12-04T00:00:00.000Z,1,0,0,1,1,0.0,0,0.0,0.0,0.0,3908163.56,10548.34,3797955.83,12202.57,3920366.13,3908163.56,3908163.56,739666.4228571429,3.0,7.0,4.0,3.0,True,True,True,True,False,False,True
4370,2018-06-08T00:00:00.000Z,Coastal Storm,DR,NH,2018,2018-03-02T00:00:00.000Z,1,0,0,1,1,6.0,0,0.0,0.0,0.0,18799903.03,335446.56,18310298.3,0.0,18799903.03,20405354.249999996,20405354.249999996,649282.9863414634,12.0,41.0,3.0,38.0,True,True,True,True,True,True,True
4371,2018-06-08T00:00:00.000Z,Snowstorm,DR,NH,2018,2018-03-13T00:00:00.000Z,3,0,0,1,1,1.0,0,0.0,0.0,0.0,2472947.46,2432307.48,0.0,30018.87,2502966.33,2472947.46,2472947.46,54732.189999999995,51.0,60.0,4.0,56.0,True,True,False,False,False,False,False
4372,2018-06-25T00:00:00.000Z,Severe Storm,DR,MA,2018,2018-03-02T00:00:00.000Z,6,0,0,1,1,1.0,0,0.0,0.0,0.0,35060650.81,7976017.41,24089243.82,4519465.6,39580116.410000004,35060650.83,35060650.83,105900.62689814816,117.0,432.0,53.0,379.0,True,True,True,True,True,True,True
4373,2018-06-25T00:00:00.000Z,Fire,DR,OK,2018,2018-04-11T00:00:00.000Z,5,0,0,1,1,9.0,0,0.0,0.0,0.0,5306654.47,418199.92,4564788.3,692559.87,5999214.34,5311843.24,5311843.24,245785.55750000002,12.0,28.0,8.0,20.0,False,True,True,False,True,True,False
4374,2018-06-25T00:00:00.000Z,Severe Storm,DR,MD,2018,2018-05-15T00:00:00.000Z,2,0,0,1,1,4.0,0,0.0,0.0,0.0,8911251.06,402728.87,7699650.09,367069.75,9278320.81,13156597.030000001,13156597.030000001,298291.8277586207,19.0,58.0,14.0,44.0,True,True,True,True,True,False,True
4375,2018-06-29T00:00:00.000Z,Snowstorm,DR,NE,2018,2018-04-13T00:00:00.000Z,31,0,0,1,1,5.0,0,0.0,0.0,0.0,7302114.67,104198.74,7006741.08,229105.89,7531220.56,7302114.67,7302114.67,276650.54457142856,20.0,35.0,16.0,19.0,False,True,False,False,True,True,False
4376,2018-07-02T00:00:00.000Z,Flood,DR,MD,2018,2018-05-27T00:00:00.000Z,2,0,0,1,1,1.0,0,0.0,0.0,0.0,18001125.04,4711299.43,12213255.41,569600.0,18570725.04,17104290.03,17104290.03,237967.91894736842,19.0,95.0,31.0,64.0,True,True,True,True,True,True,True
4377,2018-07-06T00:00:00.000Z,Flood,DR,TX,2018,2018-06-19T00:00:00.000Z,3,1,0,0,1,24.0,0,30651039.6,24178944.62,6472094.98,0.0,0.0,0.0,3092758.13,33743797.730000004,0.0,0.0,0.0,0.0,0.0,0.0,0.0,0,0,0,0,0,0,0
4378,2018-07-12T00:00:00.000Z,Severe Storm,DR,WV,2018,2018-05-28T00:00:00.000Z,7,0,0,1,1,6.0,0,0.0,0.0,0.0,1941675.62,233032.34,1636968.93,138255.89,2079931.5100000002,1941675.62,1941675.62,57121.538666666675,16.0,45.0,6.0,39.0,True,True,True,False,True,True,True
4379,2018-07-19T00:00:00.000Z,Snowstorm,DR,MA,2018,2018-03-13T00:00:00.000Z,5,0,0,1,1,1.0,0,0.0,0.0,0.0,36459263.64,34712729.17,867798.88,1593818.56,38053082.2,36482506.39,36482506.39,128250.47615384615,170.0,377.0,85.0,292.0,True,True,True,False,True,True,True
4380,2018-07-30T00:00:00.000Z,Severe Storm,DR,VT,2018,2018-05-04T00:00:00.000Z,5,0,0,1,1,1.0,0,0.0,0.0,0.0,2996541.03,97652.86,2697689.82,30845.37,3027386.4,2996541.03,2996541.03,170796.60478260872,11.0,23.0,3.0,20.0,True,True,True,False,False,True,True
4381,2018-08-02T00:00:00.000Z,Flood,DR,MI,2018,2018-06-16T00:00:00.000Z,3,0,0,1,1,2.0,0,0.0,0.0,0.0,33838679.97,2961232.28,27707051.05,4124236.71,37962916.68,32762976.07,32762976.07,258870.79692771085,25.0,166.0,70.0,96.0,True,True,True,True,True,True,True
4382,2018-08-04T00:00:00.000Z,Fire,DR,CA,2018,2018-07-23T00:00:00.000Z,2,1,0,1,1,58.0,0,8109589.03,5904595.93,2204993.1,333546817.28,296166347.05,11778522.49,25671358.84,367327765.1499999,250989245.65,250989245.65,2476314.764017094,29.0,117.0,43.0,74.0,True,True,True,True,True,True,True
4383,2018-08-10T00:00:00.000Z,Flood,DR,WI,2018,2018-06-15T00:00:00.000Z,6,0,0,1,1,4.0,0,0.0,0.0,0.0,8599351.2,499059.52,7180762.74,1866733.71,10466084.91,8602116.09,8602116.09,52163.44957943926,69.0,214.0,21.0,193.0,True,True,True,True,False,True,True
4384,2018-08-17T00:00:00.000Z,Flood,DR,WA,2018,2018-05-05T00:00:00.000Z,1,0,0,1,1,23.0,0,0.0,0.0,0.0,464404.17,342593.57,104310.6,0.0,464404.17,464404.19,464404.19,68152.47111111111,1.0,9.0,1.0,8.0,True,True,False,False,True,False,True
4385,2018-08-20T00:00:00.000Z,Tornado,DR,CT,2018,2018-05-15T00:00:00.000Z,2,0,0,1,1,0.0,0,0.0,0.0,0.0,17803249.55,15779103.99,1739730.7,0.0,17803249.55,17803249.55,17803249.55,180479.85458015266,34.0,131.0,22.0,109.0,True,True,True,True,True,True,True
4386,2018-08-20T00:00:00.000Z,Severe Storm,DR,IA,2018,2018-06-06T00:00:00.000Z,31,0,0,1,1,26.0,0,0.0,0.0,0.0,15302173.31,2816016.53,11517612.62,3840452.46,19142625.77,15343544.92,15343544.92,49230.34550122249,113.0,409.0,33.0,376.0,True,True,True,True,True,True,True
4387,2018-08-27T00:00:00.000Z,Severe Storm,DR,NE,2018,2018-06-17T00:00:00.000Z,11,0,0,1,1,14.0,0,0.0,0.0,0.0,2577582.63,183982.03,2319673.96,36485.29,2614067.92,2577582.63,2577582.63,59862.0096491228,20.0,57.0,7.0,50.0,True,True,True,True,True,True,True
4388,2018-08-30T00:00:00.000Z,Flood,DR,MT,2018,2018-04-12T00:00:00.000Z,7,0,0,1,1,24.0,0,0.0,0.0,0.0,1859316.92,91774.39,1664254.84,53783.5,1913100.42,1859316.92,1859316.92,37486.63584615385,11.0,65.0,2.0,63.0,True,True,True,True,False,False,True
4389,2018-08-31T00:00:00.000Z,Flood,DR,AZ,2018,2018-07-11T00:00:00.000Z,1,0,0,1,1,1.0,0,0.0,0.0,0.0,515561.24,159523.4,356037.84,0.0,515561.24,513182.45999999996,513182.45999999996,228081.09,1.0,3.0,2.0,1.0,True,True,False,False,False,False,True
4390,2018-09-05T00:00:00.000Z,Flood,DR,MN,2018,2018-06-15T00:00:00.000Z,31,0,0,1,1,27.0,0,0.0,0.0,0.0,25415597.64,2185869.03,20982718.66,3610529.06,29026126.7,25422533.19,25422533.19,52532.023280507135,302.0,631.0,35.0,596.0,True,True,True,True,True,True,True
4391,2018-09-05T00:00:00.000Z,Flood,DR,AK,2018,2018-05-11T00:00:00.000Z,1,0,0,1,1,2.0,0,0.0,0.0,0.0,0.0,0.0,0.0,0.0,0.0,0.0,0.0,0.0,0.0,0.0,0.0,0.0,0,0,0,0,0,0,0
4392,2018-09-12T00:00:00.000Z,Severe Storm,DR,IA,2018,2018-07-19T00:00:00.000Z,4,0,0,1,1,0.0,0,0.0,0.0,0.0,2814814.41,1902731.7,471930.62,821332.9,3636147.31,2814814.41,2814814.41,150265.35333333333,9.0,24.0,6.0,18.0,True,True,True,False,True,True,True
4393,2018-09-14T00:00:00.000Z,Hurricane,DR,NC,2018,2018-09-07T00:00:00.000Z,52,1,0,1,1,22.0,0,133951635.57,110195025.24,23756610.33,789484456.63,352888667.92,360421896.08,113349206.95,1036785299.1500001,835682928.08,835682928.08,427366.0211111111,473.0,2547.0,636.0,1911.0,True,True,True,True,True,True,True
4394,2018-09-16T00:00:00.000Z,Hurricane,DR,SC,2018,2018-09-08T00:00:00.000Z,19,1,0,1,1,30.0,0,24523834.2,21521282.91,3002551.29,98752312.53,56969745.08,31622200.11,15860395.74,139136542.47,97412979.06,97412979.06,267290.8683509514,133.0,473.0,118.0,355.0,True,True,True,True,True,True,True
4395,2018-09-27T00:00:00.000Z,Hurricane,DR,HI,2018,2018-08-22T00:00:00.000Z,3,0,0,1,1,7.0,0,0.0,0.0,0.0,18307405.33,1427710.29,14935217.17,3596784.5,21904189.83,18307405.330000002,18307405.330000002,371388.10875,18.0,64.0,29.0,35.0,True,True,True,False,True,True,True
4396,2018-09-29T00:00:00.000Z,Typhoon,DR,MP,2018,2018-09-10T00:00:00.000Z,3,1,0,1,1,1.0,0,1011549.7,628323.13,383226.57,4097124.48,932066.06,2446038.53,298662.27,5407336.449999999,3795864.22,3795864.22,147776.07785714287,10.0,28.0,7.0,21.0,True,True,False,False,True,True,True
4397,2018-10-01T00:00:00.000Z,Flood,DR,NY,2019,2018-08-13T00:00:00.000Z,7,0,0,1,1,2.0,0,0.0,0.0,0.0,30809174.18,4284069.25,23365714.32,449384.97,31258559.15,30236785.71,30236785.71,85012.96474025975,71.0,462.0,51.0,411.0,True,True,True,True,True,True,True
4398,2018-10-01T00:00:00.000Z,Typhoon,DR,GU,2019,2018-09-10T00:00:00.000Z,1,0,0,1,1,1.0,0,0.0,0.0,0.0,7313308.48,1942897.23,4484676.23,1320517.73,8633826.21,5922946.67,5922946.67,264586.5665517241,11.0,29.0,7.0,22.0,True,True,False,False,True,True,False
4399,2018-10-11T00:00:00.000Z,Hurricane,DR,FL,2019,2018-10-07T00:00:00.000Z,18,1,0,1,1,12.0,0,149572302.29,123061722.8,26510579.49,2252546710.61,1400851914.22,669821562.93,136174375.29,2538293388.19,2224125249.46,2224125249.46,1255853.5093207734,236.0,2017.0,747.0,1270.0,True,True,True,True,True,True,True
4400,2018-10-14T00:00:00.000Z,Hurricane,DR,GA,2019,2018-10-09T00:00:00.000Z,69,1,0,1,1,14.0,0,12581999.88,9877847.92,2704151.96,139377298.87,62864035.14,65663700.98,45327867.57,197287166.32,139379797.08,139379797.08,327739.58206834533,185.0,556.0,101.0,455.0,True,True,True,True,True,True,True
4401,2018-10-15T00:00:00.000Z,Hurricane,DR,VA,2019,2018-09-08T00:00:00.000Z,32,0,0,1,1,13.0,0,0.0,0.0,0.0,33230394.25,28416579.81,2828310.95,5004709.99,38235104.24,33230394.25,33230394.25,440862.19959595957,38.0,99.0,16.0,83.0,True,True,True,False,True,True,True
4402,2018-10-18T00:00:00.000Z,Flood,DR,WI,2019,2018-08-17T00:00:00.000Z,14,1,0,1,1,28.0,0,8902520.27,8003898.67,898621.6,37653211.88,5437591.72,29020724.35,9367766.51,55923498.660000004,37351071.12,37351071.12,59104.80975757576,193.0,825.0,53.0,772.0,True,True,True,True,True,True,True
4403,2018-10-19T00:00:00.000Z,Severe Storm,DR,KS,2019,2018-09-01T00:00:00.000Z,8,0,0,1,1,7.0,0,0.0,0.0,0.0,4029663.87,354500.23,3180368.38,602356.25,4632020.12,4029663.87,4029663.87,48672.46009345794,38.0,107.0,7.0,100.0,True,True,True,False,True,True,True
4404,2018-10-26T00:00:00.000Z,Typhoon,DR,MP,2019,2018-10-24T00:00:00.000Z,4,1,0,1,1,2.0,0,42071347.08,24318418.41,17752928.67,284426727.84,56007651.4,199741673.52,21812716.55,348310791.46999997,281164983.09,281164983.09,1611910.1054891306,27.0,184.0,95.0,89.0,True,True,True,False,True,True,True
4405,2018-10-31T00:00:00.000Z,Flood,DR,MT,2019,2018-05-01T00:00:00.000Z,9,0,0,1,1,40.0,0,0.0,0.0,0.0,1648424.91,421455.69,1169974.72,6957.72,1655382.63,1648424.91,1648424.91,57339.51789473685,11.0,38.0,3.0,35.0,False,True,True,True,False,False,True
4406,2018-11-05T00:00:00.000Z,Hurricane,DR,AL,2019,2018-10-10T00:00:00.000Z,5,0,0,1,1,3.0,0,0.0,0.0,0.0,18267267.33,10539014.12,6013950.84,851038.18,19118305.509999998,18267267.33,18267267.33,210038.02982300887,29.0,113.0,21.0,92.0,True,True,True,False,True,True,True
4407,2018-11-12T00:00:00.000Z,Fire,DR,CA,2019,2018-11-08T00:00:00.000Z,3,1,0,1,1,17.0,0,91005713.68,59179529.29,31826184.39,1970037710.05,1720760784.79,136775285.5,180599449.35,2241642873.08,1973882890.67,1973882890.67,6157894.058746519,66.0,359.0,166.0,193.0,True,True,True,True,True,True,True
4408,2018-11-27T00:00:00.000Z,Severe Storm,DR,PA,2019,2018-08-10T00:00:00.000Z,11,0,0,1,1,5.0,0,0.0,0.0,0.0,76302869.91,5675492.03,66202349.98,8119834.66,84422704.57,77368805.43,77368805.43,142813.75981741573,185.0,712.0,136.0,576.0,True,True,True,True,True,True,True
4409,2018-11-30T00:00:00.000Z,Severe Storm,DR,AZ,2019,2018-10-01T00:00:00.000Z,1,0,0,1,1,2.0,0,0.0,0.0,0.0,4851345.9,98165.18,4162008.86,0.0,4851345.9,4851345.9,4851345.9,418093.59466666664,2.0,15.0,10.0,5.0,False,True,True,True,False,True,False
4410,2018-12-05T00:00:00.000Z,Severe Storm,DR,CT,2019,2018-09-25T00:00:00.000Z,2,0,0,1,1,1.0,0,0.0,0.0,0.0,3246588.24,37890.71,3154747.12,506131.0,3752719.24,3246588.24,3246588.24,113442.12684210527,13.0,38.0,5.0,33.0,True,True,True,False,False,False,True
4411,2018-12-18T00:00:00.000Z,Hurricane,DR,VA,2019,2018-10-09T00:00:00.000Z,36,0,0,1,1,7.0,0,0.0,0.0,0.0,39579504.76,4872569.89,29743301.7,4858855.49,44438360.25,40006807.57,40006807.57,196531.8072623574,63.0,263.0,53.0,210.0,True,True,True,True,True,True,True
4412,2019-01-31T00:00:00.000Z,Hurricane,DR,NC,2019,2018-10-10T00:00:00.000Z,21,0,0,1,1,2.0,0,0.0,0.0,0.0,18890910.27,4674762.31,13546633.7,3118893.13,22009803.4,18890910.27,18890910.27,134944.3714054054,62.0,185.0,30.0,155.0,True,True,True,True,True,True,True
4413,2019-01-31T00:00:00.000Z,Earthquake,DR,AK,2019,2018-11-30T00:00:00.000Z,3,1,0,1,1,0.0,0,28176282.28,27836540.48,339741.8,186725156.06,15432110.5,153725743.23,14004933.6,228906371.94,186549007.54,186549007.54,571935.2426740947,49.0,359.0,163.0,196.0,True,True,True,True,True,True,True
4414,2019-02-01T00:00:00.000Z,Flood,DR,MN,2019,2018-10-09T00:00:00.000Z,1,0,0,1,1,2.0,0,0.0,0.0,0.0,10040183.16,158236.74,9134824.95,1216188.42,11256371.58,10007887.69,10007887.69,1007293.056923077,2.0,13.0,11.0,2.0,True,False,True,False,False,False,True
4415,2019-02-14T00:00:00.000Z,Severe Storm,DR,MS,2019,2018-12-27T00:00:00.000Z,11,0,0,1,1,1.0,0,0.0,0.0,0.0,6453697.9,423536.43,5347443.35,1109703.29,7563401.19,6453697.9,6453697.9,54398.42584415584,26.0,154.0,9.0,145.0,True,True,True,True,True,True,True
4416,2019-02-25T00:00:00.000Z,Flood,DR,TX,2019,2018-09-10T00:00:00.000Z,36,0,0,1,1,53.0,0,0.0,0.0,0.0,47924916.48,7655187.55,35403115.45,6926192.59,54851109.06999999,45708849.02,45708849.02,130109.80109649122,90.0,456.0,97.0,359.0,True,True,True,True,True,True,True
4417,2019-02-25T00:00:00.000Z,Severe Storm,DR,KS,2019,2018-10-04T00:00:00.000Z,14,0,0,1,1,11.0,0,0.0,0.0,0.0,3501859.85,384082.78,2759117.06,132475.14,3634334.99,3501859.85,3501859.85,32266.61666666667,84.0,141.0,6.0,135.0,True,True,True,True,False,True,True
4418,2019-03-04T00:00:00.000Z,Severe Storm,DR,WA,2019,2018-12-10T00:00:00.000Z,8,0,0,1,1,14.0,0,0.0,0.0,0.0,13963137.57,922370.28,12258136.57,1496076.0,15459213.57,14077748.21,14077748.21,199026.38623655916,36.0,93.0,16.0,77.0,True,True,True,True,True,True,True
4419,2019-03-05T00:00:00.000Z,Tornado,DR,AL,2019,2019-03-03T00:00:00.000Z,1,1,0,1,1,0.0,0,1297359.78,1029356.42,268003.36,3480384.35,3138999.08,0.0,594901.4,5372645.53,4027220.41,4027220.41,328489.505625,7.0,16.0,4.0,12.0,True,True,False,False,False,False,False
4420,2019-03-21T00:00:00.000Z,Flood,DR,NE,2019,2019-03-09T00:00:00.000Z,89,1,0,1,1,127.0,0,27279186.25,24356998.74,2922187.51,529591106.56,50273393.4,444081855.24,38905824.97,595776117.78,529615917.74,529615917.74,294930.73282038345,401.0,1982.0,424.0,1558.0,True,True,True,True,True,True,True
4421,2019-03-23T00:00:00.000Z,Flood,DR,IA,2019,2019-03-12T00:00:00.000Z,80,1,0,1,1,95.0,0,15339113.18,13557850.66,1781262.52,170697191.17,23948301.34,133814318.91,34689013.04,220725317.39,169702720.95,169702720.95,159682.56748920862,362.0,1390.0,234.0,1156.0,True,True,True,True,True,True,True
4422,2019-03-26T00:00:00.000Z,Severe Storm,DR,CA,2019,2019-02-14T00:00:00.000Z,1,0,0,1,1,1.0,0,0.0,0.0,0.0,575161.5,21703.5,511951.5,0.0,575161.5,575161.5,575161.5,105742.74833333334,1.0,6.0,2.0,4.0,True,False,True,False,False,False,True
4423,2019-03-28T00:00:00.000Z,Severe Storm,DR,CA,2019,2019-02-14T00:00:00.000Z,1,0,0,1,1,0.0,0,0.0,0.0,0.0,2250088.49,258132.31,1829578.66,40833.0,2290921.49,2250088.4899999998,2250088.4899999998,827352.1233333334,1.0,3.0,3.0,0.0,False,True,True,False,False,False,False
4424,2019-04-08T00:00:00.000Z,Flood,DR,OH,2019,2019-02-05T00:00:00.000Z,21,0,0,1,1,8.0,0,0.0,0.0,0.0,63368757.29,805487.8,59504420.49,9871204.29,73239961.58,63277164.85,63277164.85,134436.7493387097,152.0,620.0,182.0,438.0,True,True,True,False,False,True,True
4425,2019-04-08T00:00:00.000Z,Severe Storm,DR,CA,2019,2019-02-14T00:00:00.000Z,1,0,0,1,1,1.0,0,0.0,0.0,0.0,5460572.79,494674.49,4965898.3,206208.0,5666780.79,5460572.79,5460572.79,1787012.4825,1.0,4.0,2.0,2.0,True,True,True,True,False,False,False
4426,2019-04-17T00:00:00.000Z,Severe Storm,DR,AL,2019,2019-02-19T00:00:00.000Z,12,0,0,1,1,29.0,0,0.0,0.0,0.0,13773887.86,1185473.07,11925288.07,704653.25,14478541.11,13773887.860000001,13773887.860000001,103680.80777142856,41.0,175.0,11.0,164.0,True,True,True,True,True,True,True
4427,2019-04-17T00:00:00.000Z,Flood,DR,TN,2019,2019-02-19T00:00:00.000Z,59,0,0,1,1,39.0,0,0.0,0.0,0.0,21944073.57,3002734.34,16752715.05,2787994.42,24732067.990000002,21944073.57,21944073.57,51311.5515647482,145.0,556.0,44.0,512.0,True,True,True,False,True,True,True
4428,2019-04-17T00:00:00.000Z,Severe Storm,DR,KY,2019,2019-02-06T00:00:00.000Z,61,0,0,1,1,32.0,0,0.0,0.0,0.0,72683537.8,1096415.93,61840544.61,6881451.62,79564989.42,72387471.36,72387471.36,127764.0650821918,99.0,730.0,179.0,551.0,True,True,True,True,True,True,True
4429,2019-04-23T00:00:00.000Z,Severe Storm,DR,MS,2019,2019-02-22T00:00:00.000Z,30,1,0,1,1,182.0,0,1682322.34,1363685.52,318636.82,28255666.92,2635848.36,24470397.6,4333133.22,34271122.480000004,31272325.8,31272325.8,117367.31156249998,76.0,352.0,37.0,315.0,True,True,True,True,True,True,True
4430,2019-04-29T00:00:00.000Z,Flood,DR,IA,2019,2019-03-13T00:00:00.000Z,1,0,0,1,1,19.0,0,0.0,0.0,0.0,495888.42,10137.9,478003.97,0.0,495888.42,500203.92,500203.92,73817.37333333334,1.0,9.0,1.0,8.0,True,False,True,False,True,True,True
4431,2019-05-01T00:00:00.000Z,Severe Storm,DR,CA,2019,2019-02-13T00:00:00.000Z,11,0,0,1,1,2.0,0,0.0,0.0,0.0,43000261.19,4895665.14,35236898.67,5214768.85,48215030.04,45697137.84,45697137.84,211503.12146953406,69.0,279.0,62.0,217.0,True,True,True,True,True,True,True
4432,2019-05-02T00:00:00.000Z,Severe Storm,DR,OR,2019,2019-02-23T00:00:00.000Z,5,0,0,1,1,3.0,0,0.0,0.0,0.0,29948251.15,6375480.17,21739530.83,5238361.27,35186612.42,29948521.58,29948521.58,227284.86560693642,57.0,173.0,25.0,148.0,True,True,True,False,True,True,True
4433,2019-05-07T00:00:00.000Z,Typhoon,DR,GU,2019,2019-02-23T00:00:00.000Z,1,0,0,1,1,2.0,0,0.0,0.0,0.0,701119.22,475501.16,169328.22,146376.8,847496.02,701119.22,701119.22,45803.116,10.0,20.0,3.0,17.0,True,True,False,False,True,True,True
4434,2019-05-17T00:00:00.000Z,Severe Storm,DR,CA,2019,2019-02-24T00:00:00.000Z,18,0,0,1,1,5.0,0,0.0,0.0,0.0,36635773.15,7868375.4,26921819.2,5388299.64,42024072.79,50267720.92,50267720.92,244153.04591911766,67.0,272.0,77.0,195.0,True,True,True,True,True,True,True
4435,2019-05-20T00:00:00.000Z,Flood,DR,MO,2019,2019-03-11T00:00:00.000Z,16,0,0,1,1,36.0,0,0.0,0.0,0.0,19162471.19,5259590.07,12487742.32,7132699.78,26295170.970000003,19162471.23,19162471.23,103629.1252892562,93.0,242.0,39.0,203.0,True,True,True,True,True,True,True
4436,2019-05-21T00:00:00.000Z,Severe Storm,DR,AZ,2019,2019-02-21T00:00:00.000Z,1,0,0,1,1,3.0,0,0.0,0.0,0.0,551698.83,545907.72,0.0,0.0,551698.83,551698.83,551698.83,56436.00230769231,1.0,13.0,2.0,11.0,False,True,False,False,False,False,False
4437,2019-05-24T00:00:00.000Z,Flood,DR,MT,2019,2019-03-20T00:00:00.000Z,8,0,0,1,1,21.0,0,0.0,0.0,0.0,971158.24,17520.99,873961.52,139036.79,1110195.03,971158.24,971158.24,36237.68742857143,9.0,35.0,2.0,33.0,True,True,True,False,False,False,True
4438,2019-06-01T00:00:00.000Z,Severe Storm,DR,OK,2019,2019-05-07T00:00:00.000Z,51,1,0,1,1,33.0,0,15558122.79,13329465.45,2228657.34,69191182.3,8137095.94,53341187.04,9820374.67,94569679.76,68880862.75,68880862.75,82493.45069316082,180.0,1082.0,114.0,968.0,True,True,True,True,True,True,True
4439,2019-06-03T00:00:00.000Z,Severe Storm,DR,LA,2019,2019-04-24T00:00:00.000Z,3,0,0,1,1,1.0,0,0.0,0.0,0.0,18657609.07,1582315.5,14102298.9,2102402.37,20760011.44,17969116.04,17969116.04,510396.06666666665,13.0,45.0,13.0,32.0,True,True,True,False,True,True,True
4440,2019-06-07T00:00:00.000Z,Flood,DR,SD,2019,2019-03-13T00:00:00.000Z,62,1,0,1,1,44.0,0,2154577.84,1777702.8,376875.04,60118732.6,5035823.13,52823707.56,9613297.06,71886607.5,61174682.85,61174682.85,56120.259791666664,722.0,1440.0,83.0,1357.0,True,True,True,True,True,True,True
4441,2019-06-08T00:00:00.000Z,Flood,DR,AR,2019,2019-05-21T00:00:00.000Z,17,1,0,1,1,24.0,0,9053665.36,8496507.52,557157.84,53275011.92,10163092.48,36845609.17,7424230.78,69752908.06,53233299.980000004,53233299.980000004,202651.49505882352,63.0,340.0,62.0,278.0,True,True,True,True,True,True,True
4442,2019-06-12T00:00:00.000Z,Flood,DR,MN,2019,2019-03-12T00:00:00.000Z,55,0,0,1,1,47.0,0,0.0,0.0,0.0,79539888.67,5597781.54,66641346.77,8521061.89,88060950.56,80330932.91,80330932.91,65177.14425280199,702.0,1606.0,103.0,1503.0,True,True,True,True,True,True,True
4443,2019-06-12T00:00:00.000Z,Flood,DR,ID,2019,2019-04-07T00:00:00.000Z,6,0,0,1,1,6.0,0,0.0,0.0,0.0,4414475.43,108581.99,4051699.06,587428.76,5001904.1899999995,4399140.45,4399140.45,109167.93830188678,16.0,53.0,8.0,45.0,True,True,True,True,False,True,True
4444,2019-06-12T00:00:00.000Z,Flood,DR,ND,2019,2019-03-21T00:00:00.000Z,19,0,0,1,1,38.0,0,0.0,0.0,0.0,8208143.56,2262133.44,5110984.41,1414708.16,9622851.719999999,8208143.56,8208143.56,58283.32928961748,38.0,183.0,7.0,176.0,True,True,True,True,False,False,True
4445,2019-06-14T00:00:00.000Z,Flood,DR,VT,2019,2019-04-15T00:00:00.000Z,6,0,0,1,1,0.0,0,0.0,0.0,0.0,8969123.63,168922.74,7697357.63,952580.2,9921703.83,9288927.61,9288927.61,84631.14225352113,48.0,142.0,19.0,123.0,True,True,True,False,True,True,True
4446,2019-06-17T00:00:00.000Z,Flood,DR,NE,2019,2019-03-13T00:00:00.000Z,2,0,0,1,1,19.0,0,0.0,0.0,0.0,1088251.32,110329.54,977921.78,0.0,1088251.32,1088251.3199999998,1088251.3199999998,201528.02000000002,1.0,6.0,1.0,5.0,True,True,False,True,True,False,True
4447,2019-06-18T00:00:00.000Z,Tornado,DR,OH,2019,2019-05-27T00:00:00.000Z,12,1,0,1,1,2.0,0,5078955.35,3733446.17,1345509.18,10839644.55,9670789.12,713193.0,3546845.84,19465445.740000002,10824935.49,10824935.49,124185.73652173912,36.0,115.0,27.0,88.0,True,True,True,True,True,True,True
4448,2019-06-20T00:00:00.000Z,Severe Storm,DR,SD,2019,2019-03-13T00:00:00.000Z,1,0,0,1,1,13.0,0,0.0,0.0,0.0,971209.44,251829.49,632652.34,0.0,971209.44,971209.4400000001,971209.4400000001,46890.248148148145,6.0,27.0,0.0,27.0,False,True,True,False,False,True,False
4449,2019-06-20T00:00:00.000Z,Severe Storm,DR,KS,2019,2019-04-28T00:00:00.000Z,70,0,0,1,1,75.0,0,0.0,0.0,0.0,63292606.55,6999726.41,54490629.04,3305696.35,66598302.9,62761730.92,62761730.92,86723.96253653444,454.0,958.0,141.0,817.0,True,True,True,True,True,True,True
4450,2019-06-20T00:00:00.000Z,Severe Storm,DR,MS,2019,2019-04-13T00:00:00.000Z,9,0,0,1,1,1.0,0,0.0,0.0,0.0,4871677.62,2447823.13,2145654.27,0.0,4871677.62,4871677.640000001,4871677.640000001,79047.36592592591,25.0,81.0,9.0,72.0,True,True,True,False,True,True,True
4451,2019-07-09T00:00:00.000Z,Severe Storm,DR,MO,2019,2019-04-29T00:00:00.000Z,87,1,0,1,1,67.0,0,7477718.54,6244990.15,1232728.39,77027448.66,17992463.69,51773552.14,28911129.82,113416297.02000001,77026448.79,77026448.79,82333.15713464696,433.0,1218.0,156.0,1062.0,True,True,True,True,True,True,True
4452,2019-07-09T00:00:00.000Z,Flood,DR,OR,2019,2019-04-06T00:00:00.000Z,6,0,0,1,1,15.0,0,0.0,0.0,0.0,11037052.59,451105.81,9115695.38,451859.58,11488912.17,11481291.04,11481291.04,205809.78,21.0,72.0,12.0,60.0,True,True,True,False,False,True,True
4453,2019-07-12T00:00:00.000Z,Severe Storm,DR,OK,2019,2019-04-30T00:00:00.000Z,19,0,0,1,1,1.0,0,0.0,0.0,0.0,3641807.66,436668.56,2749879.68,375778.13,4017585.79,3696901.93,3696901.93,36749.60984615385,32.0,130.0,5.0,125.0,True,True,True,True,True,True,True
4454,2019-07-17T00:00:00.000Z,Flood,DR,TX,2019,2019-06-24T00:00:00.000Z,3,1,0,0,1,1.0,0,12935602.31,11071633.14,1863969.17,0.0,0.0,0.0,586757.24,13522359.55,0.0,0.0,0.0,0.0,0.0,0.0,0.0,0,0,0,0,0,0,0
4455,2019-08-02T00:00:00.000Z,Flood,DR,WV,2019,2019-06-29T00:00:00.000Z,5,0,0,1,1,1.0,0,0.0,0.0,0.0,4322761.87,451755.61,3555543.65,303876.88,4626638.75,4322761.87,4322761.87,125745.07177777776,12.0,45.0,9.0,36.0,True,True,True,True,True,True,True
4456,2019-08-07T00:00:00.000Z,Severe Storm,DR,OK,2019,2019-05-07T00:00:00.000Z,1,0,0,1,1,33.0,0,0.0,0.0,0.0,6543056.06,25677.44,6470622.2,0.0,6543056.06,6543056.0600000005,6543056.0600000005,1741697.85,1.0,5.0,2.0,3.0,True,False,True,False,True,False,False
4457,2019-08-15T00:00:00.000Z,Severe Storm,DR,NH,2019,2019-07-11T00:00:00.000Z,1,0,0,1,1,1.0,0,0.0,0.0,0.0,2781331.45,117435.25,2417610.3,26879.84,2808211.29,2781331.45,2781331.45,82416.9684090909,13.0,44.0,8.0,36.0,True,True,True,False,True,False,True
4458,2019-08-27T00:00:00.000Z,Hurricane,DR,LA,2019,2019-07-10T00:00:00.000Z,26,0,0,1,1,5.0,0,0.0,0.0,0.0,49630000.22,35084016.52,9980619.2,1639577.8,51269578.019999996,49506104.44,49506104.44,173869.8535579515,153.0,371.0,77.0,294.0,True,True,True,True,True,True,True
4459,2019-08-27T00:00:00.000Z,Flood,DR,WI,2019,2019-07-18T00:00:00.000Z,20,0,0,1,1,2.0,0,0.0,0.0,0.0,18126365.53,11006915.43,5555862.17,3442055.76,21568421.29,18126365.759999998,18126365.759999998,56844.449519230766,151.0,416.0,38.0,378.0,True,True,True,False,True,True,True
4460,2019-09-13T00:00:00.000Z,Flood,DR,AR,2019,2019-06-23T00:00:00.000Z,3,0,0,1,1,1.0,0,0.0,0.0,0.0,5877298.76,259591.69,4785165.16,840380.09,6717678.85,5877298.76,5877298.76,130325.59120689656,9.0,58.0,19.0,39.0,True,True,True,True,True,True,True
4461,2019-09-19T00:00:00.000Z,Flood,DR,IL,2019,2019-02-24T00:00:00.000Z,28,0,0,1,1,129.0,0,0.0,0.0,0.0,66779371.3,34770358.5,26334317.01,5626161.38,72405532.67999999,66393924.69,66393924.69,94888.33639649507,318.0,913.0,92.0,821.0,True,True,True,True,True,True,True
4462,2019-09-19T00:00:00.000Z,Flood,DR,LA,2019,2019-05-10T00:00:00.000Z,14,0,0,1,1,75.0,0,0.0,0.0,0.0,19340531.83,11853990.98,5168929.02,495227.36,19835759.189999998,18138307.740000002,18138307.740000002,269414.9068965517,30.0,87.0,30.0,57.0,True,True,True,True,False,True,True
4463,2019-09-23T00:00:00.000Z,Flood,DR,SD,2019,2019-05-21T00:00:00.000Z,27,0,0,1,1,17.0,0,0.0,0.0,0.0,6898511.0,1110881.38,5342252.26,1601612.14,8500123.14,6898511.01,6898511.01,59536.54868421053,62.0,152.0,8.0,144.0,True,True,True,True,False,True,True
4464,2019-09-30T00:00:00.000Z,Hurricane,DR,SC,2019,2019-08-31T00:00:00.000Z,12,0,0,1,1,6.0,0,0.0,0.0,0.0,42348403.2,27299724.49,10997803.24,4367458.23,46715861.43000001,42336636.160000004,42336636.160000004,216088.1504705882,93.0,255.0,53.0,202.0,True,True,True,True,True,True,True
4465,2019-10-04T00:00:00.000Z,Hurricane,DR,NC,2020,2019-09-01T00:00:00.000Z,28,0,0,1,1,8.0,0,0.0,0.0,0.0,63243575.11,21275675.92,37647552.66,13175244.12,76418819.23,63548056.97,63548056.97,186750.28387892377,152.0,446.0,64.0,382.0,True,True,True,True,True,True,True
4466,2019-10-04T00:00:00.000Z,Flood,DR,TX,2020,2019-09-17T00:00:00.000Z,7,1,0,0,1,6.0,0,69599384.85,57691078.98,11908305.87,0.0,0.0,0.0,4342787.18,73942172.03,0.0,0.0,0.0,0.0,0.0,0.0,0.0,0,0,0,0,0,0,0
4467,2019-10-07T00:00:00.000Z,Severe Storm,DR,SD,2020,2019-06-30T00:00:00.000Z,8,0,0,1,1,21.0,0,0.0,0.0,0.0,9479527.74,78895.76,8799788.85,195090.53,9674618.27,10198211.82,10198211.82,318984.1576190476,18.0,42.0,9.0,33.0,True,True,True,True,False,True,False
4468,2019-10-21T00:00:00.000Z,Hurricane,DR,FL,2020,2019-08-28T00:00:00.000Z,14,0,0,1,1,12.0,0,0.0,0.0,0.0,95814137.74,63392836.96,27791247.79,10017572.0,105831709.74,95840449.97,95840449.97,334877.1491777188,177.0,377.0,102.0,275.0,True,True,False,True,True,True,True
4469,2019-11-18T00:00:00.000Z,Severe Storm,DR,SD,2020,2019-09-09T00:00:00.000Z,25,1,0,1,1,17.0,0,4850094.6,4377550.42,472544.18,19820410.96,2065600.24,16790650.02,4029999.74,28700505.300000004,19844973.56,19844973.56,76428.58804093568,177.0,342.0,32.0,310.0,True,True,True,True,True,True,True
4470,2019-12-06T00:00:00.000Z,Severe Storm,DR,MS,2020,2019-10-26T00:00:00.000Z,19,0,0,1,1,0.0,0,0.0,0.0,0.0,13702050.81,6095172.05,7233934.78,480986.47,14183037.280000001,13702050.81,13702050.81,151209.05283333332,36.0,120.0,22.0,98.0,True,True,True,True,True,True,True
4471,2019-12-06T00:00:00.000Z,Severe Storm,DR,TN,2020,2019-10-26T00:00:00.000Z,10,0,0,1,1,0.0,0,0.0,0.0,0.0,13792018.83,4567715.97,7950096.85,277185.14,14069203.97,13792018.83,13792018.83,221785.4688888889,31.0,81.0,16.0,65.0,True,True,True,False,True,True,True
4472,2019-12-19T00:00:00.000Z,Severe Storm,DR,NY,2020,2019-10-31T00:00:00.000Z,18,0,0,1,1,1.0,0,0.0,0.0,0.0,86424856.21,7813306.11,69420712.49,4678978.82,91103835.03,89531827.32,89531827.32,130901.95526434196,176.0,889.0,145.0,744.0,True,True,True,True,True,True,True
4473,2020-01-16T00:00:00.000Z,Earthquake,DR,PR,2020,2019-12-28T00:00:00.000Z,34,1,0,1,1,188.0,0,76827201.61,74615046.24,2212155.37,1073837805.87,441292499.11,571135943.79,46368898.14,1197033905.62,1120345089.77,1120345089.77,1615673.7416840733,82.0,766.0,357.0,409.0,True,True,True,True,True,True,True
4474,2020-01-17T00:00:00.000Z,Severe Storm,DR,VT,2020,2019-10-31T00:00:00.000Z,8,0,0,1,1,1.0,0,0.0,0.0,0.0,22901968.61,795064.55,20609895.01,973876.5,23875845.11,22901968.62,22901968.62,104897.4996680498,60.0,241.0,38.0,203.0,True,True,True,True,True,True,True
4475,2020-01-21T00:00:00.000Z,Flood,DR,ND,2020,2019-10-09T00:00:00.000Z,18,0,0,1,1,17.0,0,0.0,0.0,0.0,10891706.06,1668346.47,8476765.93,2506624.27,13398330.33,10866978.23,10866978.23,62455.547656250004,37.0,192.0,12.0,180.0,True,True,True,False,True,True,False
4476,2020-03-05T00:00:00.000Z,Tornado,DR,TN,2020,2020-03-03T00:00:00.000Z,6,1,0,1,1,0.0,0,2930471.37,2217489.44,712981.93,84286138.2,28378795.22,53705012.51,1910647.69,89127257.26,84285208.41,84285208.41,784920.4044537814,36.0,119.0,54.0,65.0,True,True,True,False,True,True,True
4477,2020-03-11T00:00:00.000Z,Flood,DR,WI,2020,2020-01-10T00:00:00.000Z,3,0,0,1,1,2.0,0,0.0,0.0,0.0,4677987.1,270345.25,4045782.22,911047.25,5589034.35,4677987.100000001,4677987.100000001,114612.37266666668,15.0,45.0,6.0,39.0,True,True,True,True,True,True,True
4478,2020-03-12T00:00:00.000Z,Severe Storm,DR,MS,2020,2020-01-10T00:00:00.000Z,13,0,0,1,1,1.0,0,0.0,0.0,0.0,7771447.2,3484972.71,4170632.24,420026.4,8191473.600000001,7770566.899999999,7770566.899999999,94735.61802197802,28.0,91.0,11.0,80.0,True,True,True,False,True,True,True
4479,2020-03-17T00:00:00.000Z,Severe Storm,DR,SC,2020,2020-02-06T00:00:00.000Z,10,0,0,1,1,7.0,0,0.0,0.0,0.0,8131365.59,1618202.28,5890578.35,659054.56,8790420.15,8234286.43,8234286.43,89019.91176470589,26.0,102.0,14.0,88.0,True,True,True,True,True,True,True
4480,2020-03-20T00:00:00.000Z,Biological,DR,NY,2020,2020-01-20T00:00:00.000Z,64,1,0,1,1,1207.0,0,257591257.46,0.0,257591257.46,17728077650.24,16912672872.89,0.0,195649009.57,18181317917.27,17582598770.14,17582598770.14,4236195.185611854,1367.0,4184.0,743.0,3441.0,False,True,False,False,False,False,False
4481,2020-03-22T00:00:00.000Z,Biological,DR,WA,2020,2020-01-20T00:00:00.000Z,67,1,0,1,1,1207.0,0,20064696.61,0.0,20064696.61,2431294005.83,2416848466.33,0.0,28839521.5,2480198223.94,2911138006.08,2911138006.08,2119340.3196178805,416.0,1387.0,254.0,1133.0,False,True,False,False,False,False,False
4482,2020-03-22T00:00:00.000Z,Biological,DR,CA,2020,2020-01-20T00:00:00.000Z,58,1,0,1,1,1207.0,0,249447753.65,0.0,249447753.65,14750987726.38,14439982750.83,0.0,77111055.05,15077546535.079998,15330946506.56,15330946506.56,4097188.2535132277,763.0,3780.0,1042.0,2738.0,False,True,False,False,False,False,False
4483,2020-03-23T00:00:00.000Z,Biological,DR,IA,2020,2020-01-20T00:00:00.000Z,101,1,0,1,1,1207.0,0,32254679.38,0.0,32254679.38,518417216.56,500461908.11,0.0,17341399.57,568013295.5100001,518417216.56,518417216.56,504505.0989932886,352.0,1043.0,134.0,909.0,False,True,False,False,False,False,False
4484,2020-03-24T00:00:00.000Z,Biological,DR,LA,2020,2020-01-20T00:00:00.000Z,71,1,0,1,1,1207.0,0,57084521.73,0.0,57084521.73,2207352740.3,2178073466.68,0.0,5007441.68,2269444703.71,2278631453.98,2278631453.98,5615965.856995074,172.0,406.0,118.0,288.0,False,True,False,False,False,False,False
4485,2020-03-25T00:00:00.000Z,Biological,DR,TX,2020,2020-01-20T00:00:00.000Z,257,1,0,1,1,1207.0,0,279420157.4,0.0,279420157.4,13915966242.15,13362403608.37,0.0,213983249.86,14409369649.41,14082470884.8,14082470884.8,11408112.901286408,331.0,1236.0,327.0,909.0,False,True,False,False,False,False,False
4486,2020-03-25T00:00:00.000Z,Biological,DR,FL,2020,2020-01-20T00:00:00.000Z,70,1,0,1,1,1207.0,0,181500775.42,0.0,181500775.42,4142365993.88,4035699341.2,0.0,75227611.79,4399094381.09,4603389101.51,4603389101.51,4083371.5982363313,295.0,1134.0,358.0,776.0,False,True,False,False,False,False,False
4487,2020-03-25T00:00:00.000Z,Biological,DR,NC,2020,2020-01-20T00:00:00.000Z,106,1,0,1,1,1207.0,0,108971902.28,0.0,108971902.28,2023028510.2,1972511621.63,0.0,10153493.26,2142153905.74,2029864839.56,2029864839.56,2090279.3126428572,220.0,980.0,136.0,844.0,False,True,False,False,False,False,False
4488,2020-03-25T00:00:00.000Z,Biological,DR,NJ,2020,2020-01-20T00:00:00.000Z,23,1,0,1,1,1207.0,0,115181643.11,0.0,115181643.11,2989876601.12,2782973280.87,0.0,104786366.05,3209844610.28,2945874905.92,2945874905.92,1226289.4688820133,858.0,2424.0,398.0,2026.0,False,True,False,False,False,False,False
4489,2020-03-26T00:00:00.000Z,Biological,DR,IL,2020,2020-01-20T00:00:00.000Z,102,1,0,1,1,1207.0,0,134489301.63,0.0,134489301.63,2177162716.5,2146250771.24,0.0,25061485.86,2336713503.9900002,2223294002.5,2223294002.5,1160597.7639428573,790.0,1925.0,359.0,1566.0,False,True,False,False,False,False,False
4490,2020-03-26T00:00:00.000Z,Biological,DR,MO,2020,2020-01-20T00:00:00.000Z,115,1,0,1,1,1207.0,0,69661084.71,0.0,69661084.71,1205312078.04,1181806038.21,0.0,21805146.24,1296778308.99,1206384215.77,1206384215.77,1573230.7334871797,210.0,780.0,223.0,557.0,False,True,False,False,False,False,False
4491,2020-03-26T00:00:00.000Z,Biological,DR,MD,2020,2020-01-20T00:00:00.000Z,24,1,0,1,1,1207.0,0,55104282.9,0.0,55104282.9,2399736648.76,2353325492.42,0.0,53470430.24,2508311361.9,2504405812.41,2504405812.41,3160261.7551317443,170.0,797.0,261.0,536.0,False,True,False,False,False,False,False
4492,2020-03-27T00:00:00.000Z,Biological,DR,SC,2020,2020-01-20T00:00:00.000Z,47,1,0,1,1,1207.0,0,75474203.23,0.0,75474203.23,628211306.69,620346237.33,0.0,7036007.21,710721517.1300001,660543670.28,660543670.28,2538209.593218391,121.0,261.0,77.0,184.0,False,True,False,False,False,False,False
4493,2020-03-27T00:00:00.000Z,Biological,DR,PR,2020,2020-01-20T00:00:00.000Z,78,1,0,1,1,1207.0,0,11336909.66,0.0,11336909.66,141681533.61,129364088.84,0.0,3172313.77,156190757.04000002,164608206.35,164608206.35,1110520.7298657717,99.0,149.0,22.0,127.0,False,True,False,False,False,False,False
4494,2020-03-27T00:00:00.000Z,Biological,DR,MI,2020,2020-01-20T00:00:00.000Z,94,1,0,1,1,1207.0,0,118577940.53,0.0,118577940.53,1496348255.1,1472033296.85,0.0,11676094.74,1626602290.37,1529029794.79,1529029794.79,2556656.042545757,246.0,601.0,141.0,460.0,False,True,False,False,False,False,False
4495,2020-03-27T00:00:00.000Z,Biological,DR,GU,2020,2020-01-20T00:00:00.000Z,1,1,0,1,1,1207.0,0,145840.82,0.0,145840.82,41495038.48,37642377.22,0.0,327366.31,41968245.61,40267070.79,40267070.79,841221.2554166666,14.0,48.0,13.0,35.0,False,True,False,False,False,False,False
4496,2020-03-27T00:00:00.000Z,Biological,DR,MA,2020,2020-01-20T00:00:00.000Z,17,1,0,1,1,1207.0,0,70490903.42,0.0,70490903.42,3322477708.9,3127421479.81,0.0,70481752.91,3463450365.23,3320591297.83,3320591297.83,1387249.0769291339,586.0,2413.0,522.0,1891.0,False,True,False,False,False,False,False
4497,2020-03-28T00:00:00.000Z,Biological,DR,KY,2020,2020-01-20T00:00:00.000Z,120,1,0,1,1,1207.0,0,74129003.94,0.0,74129003.94,163080298.09,159661980.14,0.0,6504135.39,243713437.42,169631929.73,169631929.73,1268795.1096296296,109.0,135.0,15.0,120.0,False,True,False,False,False,False,False
4498,2020-03-28T00:00:00.000Z,Biological,DR,CO,2020,2020-01-20T00:00:00.000Z,66,1,0,1,1,1207.0,0,23871041.59,0.0,23871041.59,1830917271.08,1816683276.44,0.0,11348704.12,1866137016.7899997,1793293209.0,1793293209.0,8072274.587812499,71.0,224.0,73.0,151.0,False,True,False,False,False,False,False
4499,2020-03-28T00:00:00.000Z,Biological,DR,OR,2020,2020-01-20T00:00:00.000Z,47,1,0,1,1,1207.0,0,10544220.92,0.0,10544220.92,1836028982.58,1813917760.96,0.0,12400105.73,1858973309.23,1854352137.77,1854352137.77,1676748.0678970718,178.0,1127.0,197.0,930.0,False,True,False,False,False,False,False
4500,2020-03-28T00:00:00.000Z,Biological,DR,CT,2020,2020-01-20T00:00:00.000Z,12,1,0,1,1,1207.0,0,35675864.52,0.0,35675864.52,996774647.61,923898654.92,0.0,7645741.32,1040096253.45,1039626526.69,1039626526.69,1517020.568648256,227.0,688.0,188.0,500.0,False,True,False,False,False,False,False
4501,2020-03-29T00:00:00.000Z,Biological,DR,GA,2020,2020-01-20T00:00:00.000Z,160,1,0,1,1,1207.0,0,131747869.39,0.0,131747869.39,1122242646.82,1113107941.97,0.0,16135478.52,1270125994.73,1123349623.44,1123349623.44,4091589.7594642863,146.0,280.0,84.0,196.0,False,True,False,False,False,False,False
4502,2020-03-29T00:00:00.000Z,Biological,DR,DC,2020,2020-01-20T00:00:00.000Z,1,1,0,1,1,1207.0,0,6604151.88,0.0,6604151.88,1066652299.14,1051107610.08,0.0,10628580.73,1083885031.75,1066784138.7,1066784138.7,1320441.132402439,40.0,820.0,379.0,441.0,False,True,False,False,False,False,False
4503,2020-03-29T00:00:00.000Z,Biological,DR,AL,2020,2020-01-20T00:00:00.000Z,69,1,0,1,1,1207.0,0,74392468.01,0.0,74392468.01,102439318.95,101571621.29,0.0,17289697.31,194121484.27,102439318.95,102439318.95,661064.1558974358,66.0,156.0,20.0,136.0,False,True,False,False,False,False,False
4504,2020-03-29T00:00:00.000Z,Biological,DR,KS,2020,2020-01-20T00:00:00.000Z,121,1,0,1,1,1207.0,0,29903984.11,0.0,29903984.11,523998656.28,518426450.47,0.0,7470084.43,561372724.8199999,523998656.28,523998656.28,2373755.6675225226,72.0,222.0,68.0,154.0,False,True,False,False,False,False,False
4505,2020-03-30T00:00:00.000Z,Biological,DR,RI,2020,2020-01-20T00:00:00.000Z,7,1,0,1,1,1207.0,0,11966533.5,0.0,11966533.5,818835715.79,808350653.31,0.0,17835163.62,848637412.91,818984890.75,818984890.75,1200606.7186530016,106.0,683.0,204.0,479.0,False,True,False,False,False,False,False
4506,2020-03-30T00:00:00.000Z,Biological,DR,PA,2020,2020-01-20T00:00:00.000Z,67,1,0,1,1,1207.0,0,174567579.12,0.0,174567579.12,1736618181.96,1726981059.21,0.0,52435378.63,1963621139.71,1743751131.6499999,1743751131.6499999,1243534.7572053634,545.0,1417.0,362.0,1055.0,False,True,False,False,False,False,False
4507,2020-03-31T00:00:00.000Z,Biological,DR,OH,2020,2020-01-20T00:00:00.000Z,88,1,0,1,1,1207.0,0,151267601.7,0.0,151267601.7,627225160.66,614034481.08,0.0,37738702.18,816231464.5399998,615794577.85,615794577.85,1452580.1829274006,201.0,427.0,149.0,278.0,False,True,False,False,False,False,False
4508,2020-03-31T00:00:00.000Z,Biological,DR,MT,2020,2020-01-20T00:00:00.000Z,64,1,0,1,1,1207.0,0,7148172.7,0.0,7148172.7,82782811.71,79046341.59,0.0,1270357.57,91201341.97999999,84012593.88,84012593.88,841622.6373999999,26.0,100.0,40.0,60.0,False,True,False,False,False,False,False
4509,2020-04-01T00:00:00.000Z,Biological,DR,ND,2020,2020-01-20T00:00:00.000Z,58,1,0,1,1,1207.0,0,10917236.02,0.0,10917236.02,206675343.03,195814026.06,0.0,11022339.67,228614918.72,207533782.56,207533782.56,964129.0011981566,59.0,217.0,54.0,163.0,False,True,False,False,False,False,False
4510,2020-04-01T00:00:00.000Z,Biological,DR,HI,2020,2020-01-20T00:00:00.000Z,5,1,0,1,1,1207.0,0,3548305.86,0.0,3548305.86,311240877.82,301265341.76,0.0,5206061.95,319995245.63,311431950.0,311431950.0,2231812.6265,30.0,140.0,31.0,109.0,False,True,False,False,False,False,False
4511,2020-04-01T00:00:00.000Z,Biological,DR,MP,2020,2020-01-20T00:00:00.000Z,5,1,0,1,1,1207.0,0,123627.88,0.0,123627.88,126934582.16,120080343.87,0.0,217242.66,127275452.69999999,126934582.16,126934582.16,2355736.5764814815,8.0,54.0,26.0,28.0,False,True,False,False,False,False,False
4512,2020-04-02T00:00:00.000Z,Biological,DR,VA,2020,2020-01-20T00:00:00.000Z,138,1,0,1,1,1207.0,0,75246340.4,0.0,75246340.4,1018696402.87,960011404.23,0.0,35141306.38,1129084049.65,1031205502.01,1031205502.01,2472074.4767380953,188.0,420.0,160.0,260.0,False,True,False,False,False,False,False
4513,2020-04-02T00:00:00.000Z,Biological,DR,VI,2020,2020-01-20T00:00:00.000Z,3,1,0,1,1,1207.0,0,562816.99,0.0,562816.99,139239051.57,134216881.61,0.0,5001076.13,144802944.69,140712607.91,140712607.91,2971709.739591837,29.0,49.0,13.0,36.0,False,True,False,False,False,False,False
4514,2020-04-02T00:00:00.000Z,Biological,DR,TN,2020,2020-01-20T00:00:00.000Z,95,1,0,1,1,1207.0,0,102635519.9,0.0,102635519.9,384894406.97,373345761.85,0.0,23149498.87,510679425.74,487822606.81,487822606.81,1117550.3514874142,176.0,437.0,79.0,358.0,False,True,False,False,False,False,False
4515,2020-04-03T00:00:00.000Z,Biological,DR,IN,2020,2020-01-20T00:00:00.000Z,93,1,0,1,1,1207.0,0,77402974.66,0.0,77402974.66,187459686.29,182498492.27,0.0,15412443.94,280275104.89,188269644.41,188269644.41,346164.7354212454,313.0,546.0,99.0,447.0,False,True,False,False,False,False,False
4516,2020-04-03T00:00:00.000Z,Biological,DR,NH,2020,2020-01-20T00:00:00.000Z,10,1,0,1,1,1207.0,0,6464075.25,0.0,6464075.25,324347047.68,316447588.34,0.0,8353416.93,339164539.86,324449856.94,324449856.94,694948.6292750533,143.0,469.0,82.0,387.0,False,True,False,False,False,False,False
4517,2020-04-03T00:00:00.000Z,Biological,DR,WV,2020,2020-01-20T00:00:00.000Z,55,1,0,1,1,1207.0,0,29398405.35,0.0,29398405.35,206717180.85,203921239.25,0.0,5495805.25,241611391.45,206717180.85,206717180.85,675885.0155844155,59.0,308.0,82.0,226.0,False,True,False,False,False,False,False
4518,2020-04-03T00:00:00.000Z,Biological,DR,AR,2020,2020-01-20T00:00:00.000Z,76,1,0,1,1,1207.0,0,33733377.59,0.0,33733377.59,247099273.15,243635968.38,0.0,3397744.32,284230395.06,247051428.15,247051428.15,806679.5783870968,104.0,310.0,57.0,253.0,False,True,False,False,False,False,False
4519,2020-04-03T00:00:00.000Z,Flood,DR,OR,2020,2020-02-05T00:00:00.000Z,4,1,0,1,1,4.0,0,2242253.35,2069844.91,172408.44,9588271.45,591608.82,7973960.89,2439099.86,14269624.659999998,9505252.1,9505252.1,139303.4350666667,19.0,75.0,10.0,65.0,True,True,True,True,True,True,True
4520,2020-04-04T00:00:00.000Z,Biological,DR,WI,2020,2020-01-20T00:00:00.000Z,84,1,0,1,1,1207.0,0,57619383.25,0.0,57619383.25,824809114.53,821313566.27,0.0,24277135.57,906705633.35,825125576.8199999,825125576.8199999,3001023.5110144927,109.0,276.0,63.0,213.0,False,True,False,False,False,False,False
4521,2020-04-04T00:00:00.000Z,Biological,DR,NE,2020,2020-01-20T00:00:00.000Z,101,1,0,1,1,1207.0,0,16740406.16,0.0,16740406.16,295486126.2,288994487.97,0.0,5553102.99,317779635.35,291537259.63,291537259.63,464040.0996050553,164.0,633.0,83.0,550.0,False,True,False,False,False,False,False
4522,2020-04-04T00:00:00.000Z,Biological,DR,ME,2020,2020-01-20T00:00:00.000Z,438,1,0,1,1,1207.0,0,6285163.51,0.0,6285163.51,454689835.96,437148860.15,0.0,1412379.61,462387379.08,456036551.08,456036551.08,318115.9407540761,173.0,1472.0,224.0,1248.0,False,True,False,False,False,False,False
4523,2020-04-04T00:00:00.000Z,Biological,DR,NV,2020,2020-01-20T00:00:00.000Z,44,1,0,1,1,1207.0,0,23608691.58,0.0,23608691.58,114762952.52,105398278.13,0.0,2494691.49,140866335.59,114658673.94,114658673.94,935184.7,30.0,123.0,32.0,91.0,False,True,False,False,False,False,False
4524,2020-04-04T00:00:00.000Z,Biological,DR,AZ,2020,2020-01-20T00:00:00.000Z,36,1,0,1,1,1207.0,0,43627092.61,0.0,43627092.61,639774194.02,626313503.44,0.0,8624629.49,692025916.12,633297924.3199999,633297924.3199999,1435950.3987104073,182.0,442.0,45.0,397.0,False,True,False,False,False,False,False
4525,2020-04-04T00:00:00.000Z,Biological,DR,UT,2020,2020-01-20T00:00:00.000Z,36,1,0,1,1,1207.0,0,16031945.25,0.0,16031945.25,442766860.38,438703370.69,0.0,21897519.19,480696324.82,445008798.58,445008798.58,3036530.118979592,16.0,147.0,95.0,52.0,False,True,False,False,False,False,False
4526,2020-04-05T00:00:00.000Z,Biological,DR,DE,2020,2020-01-20T00:00:00.000Z,3,1,0,1,1,1207.0,0,9820874.54,0.0,9820874.54,283619773.34,270619361.09,0.0,3893254.53,297333902.40999997,283619773.34000003,283619773.34000003,2294736.63483871,22.0,124.0,39.0,85.0,False,True,False,False,False,False,False
4527,2020-04-05T00:00:00.000Z,Biological,DR,SD,2020,2020-01-20T00:00:00.000Z,194,1,0,1,1,1207.0,0,10015873.13,0.0,10015873.13,39630885.2,39511185.57,0.0,3064508.56,52711266.89000001,39737364.17,39737364.17,791335.111764706,10.0,51.0,12.0,39.0,False,True,False,False,False,False,False
4528,2020-04-05T00:00:00.000Z,Biological,DR,MS,2020,2020-01-20T00:00:00.000Z,83,1,0,1,1,1207.0,0,53689142.35,0.0,53689142.35,323267621.12,304278878.35,0.0,20172747.17,397129510.64000005,321870030.74,321870030.74,634408.2623772102,175.0,509.0,47.0,462.0,False,True,False,False,False,False,False
4529,2020-04-05T00:00:00.000Z,Biological,DR,NM,2020,2020-01-20T00:00:00.000Z,65,1,0,1,1,1207.0,0,16784771.48,0.0,16784771.48,579459590.67,559601428.69,0.0,10641482.23,606885844.38,578753604.99,578753604.99,1708575.619117647,73.0,340.0,93.0,247.0,False,True,False,False,False,False,False
4530,2020-04-05T00:00:00.000Z,Biological,DR,OK,2020,2020-01-20T00:00:00.000Z,112,1,0,1,1,1207.0,0,48486066.85,0.0,48486066.85,268118827.18,253146626.19,0.0,8698482.35,325303376.38000005,267289186.98999998,267289186.98999998,1075341.7871713147,68.0,251.0,59.0,192.0,False,True,False,False,False,False,False
4531,2020-04-07T00:00:00.000Z,Biological,DR,MN,2020,2020-01-20T00:00:00.000Z,107,1,0,1,1,1207.0,0,37357961.48,0.0,37357961.48,564792156.14,560579794.31,0.0,15288527.33,617438644.95,575588526.32,575588526.32,998058.5103454231,152.0,579.0,173.0,406.0,False,True,False,False,False,False,False
4532,2020-04-08T00:00:00.000Z,Biological,DR,VT,2020,2020-01-20T00:00:00.000Z,14,1,0,1,1,1207.0,0,1552805.91,0.0,1552805.91,474497599.84,449473307.66,0.0,9248502.58,485298908.33,474014505.24,474014505.24,1719587.4096402877,95.0,278.0,106.0,172.0,False,True,False,False,False,False,False
4533,2020-04-09T00:00:00.000Z,Biological,DR,AK,2020,2020-01-20T00:00:00.000Z,84,1,0,1,1,1207.0,0,1832255.62,0.0,1832255.62,494785995.36,459140639.28,0.0,3199216.74,499817467.72,494785995.36,494785995.36,1956941.008577075,45.0,253.0,62.0,191.0,False,True,False,False,False,False,False
4534,2020-04-09T00:00:00.000Z,Biological,DR,ID,2020,2020-01-20T00:00:00.000Z,49,1,0,1,1,1207.0,0,10616929.18,0.0,10616929.18,211485435.58,211214180.89,0.0,1483398.22,223585762.98000002,211863218.38,211863218.38,986970.8846976744,80.0,215.0,43.0,172.0,False,True,False,False,False,False,False
4535,2020-04-11T00:00:00.000Z,Biological,DR,WY,2020,2020-01-20T00:00:00.000Z,24,1,0,1,1,1207.0,0,4072572.58,0.0,4072572.58,79767691.27,78902862.19,0.0,1363263.64,85203527.49,79767691.25999999,79767691.25999999,1899462.1259523807,20.0,42.0,12.0,30.0,False,True,False,False,False,False,False
4536,2020-04-16T00:00:00.000Z,Severe Storm,DR,MS,2020,2020-04-12T00:00:00.000Z,29,1,0,1,1,0.0,0,7210690.02,6008813.92,1201876.1,34902489.74,22726726.98,10529140.57,2045861.15,44159040.910000004,34902767.63,34902767.63,223109.21809248553,54.0,173.0,27.0,146.0,True,True,True,True,True,True,True
4537,2020-04-17T00:00:00.000Z,Biological,DR,AS,2020,2020-01-20T00:00:00.000Z,5,1,0,1,1,1207.0,0,53542.35,0.0,53542.35,19770412.83,17676756.9,0.0,659587.0,20483542.18,21373241.62,21373241.62,743675.7589655173,7.0,29.0,11.0,18.0,False,True,False,False,False,False,False
4538,2020-04-23T00:00:00.000Z,Severe Storm,DR,MS,2020,2020-02-10T00:00:00.000Z,15,0,0,1,1,8.0,0,0.0,0.0,0.0,10675758.34,1149046.63,8762906.4,2297149.51,12972907.85,10672680.049999999,10672680.049999999,95914.76926829267,25.0,123.0,14.0,109.0,True,True,True,True,True,True,True
4539,2020-04-23T00:00:00.000Z,Flood,DR,WA,2020,2020-01-20T00:00:00.000Z,15,0,0,1,1,21.0,0,0.0,0.0,0.0,51551225.64,3935474.78,45939083.83,10029940.74,61581166.38,61386450.69,61386450.69,261618.73411538458,59.0,260.0,27.0,233.0,True,True,True,True,True,True,True
4540,2020-04-24T00:00:00.000Z,Severe Storm,DR,KY,2020,2020-02-03T00:00:00.000Z,27,0,0,1,1,26.0,0,0.0,0.0,0.0,72928892.24,634037.97,63852836.31,13056143.5,85985035.74,73150080.94,73150080.94,191285.3935952381,47.0,420.0,143.0,277.0,True,True,True,True,True,True,True
4541,2020-04-24T00:00:00.000Z,Severe Storm,DR,TN,2020,2020-04-12T00:00:00.000Z,9,1,0,1,1,1.0,0,1867604.07,1535767.08,331836.99,90995727.25,18578510.29,71100407.04,8225688.2,101089019.52,90995727.25999999,90995727.25999999,1262000.641875,27.0,80.0,20.0,60.0,True,True,True,False,True,True,True
4542,2020-05-01T00:00:00.000Z,Severe Storm,DR,SC,2020,2020-04-12T00:00:00.000Z,10,1,0,1,1,1.0,0,5569334.41,4951128.84,618205.57,20485065.03,13517454.58,5818592.25,3112196.99,29166596.43,20757171.31,20757171.31,352357.80953846156,25.0,65.0,18.0,47.0,True,True,True,False,True,True,True
4543,2020-05-08T00:00:00.000Z,Severe Storm,DR,NC,2020,2020-02-06T00:00:00.000Z,19,0,0,1,1,13.0,0,0.0,0.0,0.0,13644804.5,978863.96,11985112.08,2564870.59,16209675.09,13644804.5,13644804.5,162206.9487096774,15.0,93.0,21.0,72.0,True,True,True,True,True,True,True
4544,2020-05-08T00:00:00.000Z,Tornado,DR,AR,2020,2020-03-28T00:00:00.000Z,1,0,0,1,1,0.0,0,0.0,0.0,0.0,3248271.66,1064980.76,1740860.83,727715.55,3975987.21,3248474.5300000003,3248474.5300000003,197790.8161111111,9.0,18.0,6.0,12.0,True,True,False,False,True,True,True
4545,2020-05-08T00:00:00.000Z,Biological,DR,FL,2020,2020-01-20T00:00:00.000Z,7,0,0,1,1,1207.0,0,0.0,0.0,0.0,1809645.12,1809645.12,0.0,0.0,1809645.12,1809645.12,1809645.12,904822.56,1.0,2.0,1.0,1.0,False,True,False,False,False,False,False
4546,2020-05-21T00:00:00.000Z,Severe Storm,DR,AL,2020,2020-02-05T00:00:00.000Z,19,0,0,1,1,30.0,0,0.0,0.0,0.0,11676238.13,431104.04,10247690.99,2146354.91,13822593.040000001,11676238.13,11676238.13,62745.22331707317,33.0,205.0,19.0,186.0,True,True,True,True,False,True,True
4547,2020-07-09T00:00:00.000Z,Dam/Levee Break,DR,MI,2020,2020-05-16T00:00:00.000Z,5,1,0,1,1,6.0,0,30598662.86,29115555.13,1483107.73,33308156.91,9384852.28,21585239.24,8067423.63,71974243.39999999,33284002.15,33284002.15,276117.1481203008,33.0,133.0,33.0,100.0,True,True,True,True,True,True,True
4548,2020-07-09T00:00:00.000Z,Earthquake,DR,UT,2020,2020-03-18T00:00:00.000Z,2,1,0,1,1,30.0,0,1089134.7,1082812.86,6321.84,26543387.22,568345.64,23508751.04,2337011.18,29969533.099999998,26543387.22,26543387.22,572914.1205882352,15.0,51.0,11.0,40.0,False,True,True,False,True,True,True
4549,2020-07-09T00:00:00.000Z,Severe Storm,DR,HI,2020,2020-03-27T00:00:00.000Z,1,0,0,1,1,1.0,0,0.0,0.0,0.0,1074305.39,458138.1,535291.54,89625.7,1163931.0899999999,1074305.39,1074305.39,91129.72692307692,7.0,13.0,2.0,11.0,True,True,True,False,False,False,True
4550,2020-07-09T00:00:00.000Z,Severe Storm,DR,TN,2020,2020-05-03T00:00:00.000Z,20,0,0,1,1,1.0,0,0.0,0.0,0.0,15800392.4,2563454.73,12261732.57,877287.93,16677680.33,15799948.75,15799948.75,157181.4627027027,46.0,111.0,17.0,94.0,True,True,True,False,True,True,True
4551,2020-07-09T00:00:00.000Z,Severe Storm,DR,MS,2020,2020-04-22T00:00:00.000Z,11,0,0,1,1,1.0,0,0.0,0.0,0.0,8718623.77,5955240.23,2238316.72,640345.1,9358968.87,8718124.28,8718124.28,157843.67163934428,17.0,61.0,13.0,48.0,True,True,True,False,True,True,False
4552,2020-07-09T00:00:00.000Z,Severe Storm,DR,MO,2020,2020-05-03T00:00:00.000Z,19,0,0,1,1,1.0,0,0.0,0.0,0.0,8847245.34,650161.68,7458978.27,1814434.85,10661680.19,8847245.34,8847245.34,180523.34925925924,25.0,54.0,13.0,41.0,True,True,True,False,True,True,True
4553,2020-07-09T00:00:00.000Z,Flood,DR,ND,2020,2020-04-01T00:00:00.000Z,20,0,0,1,1,24.0,0,0.0,0.0,0.0,10557026.15,1586521.88,7932980.45,1569961.46,12126987.61,9975456.06,9975456.06,56072.06535714286,39.0,196.0,8.0,188.0,True,True,True,True,False,True,False
4554,2020-07-10T00:00:00.000Z,Severe Storm,DR,AL,2020,2020-04-19T00:00:00.000Z,10,0,0,1,1,0.0,0,0.0,0.0,0.0,9203289.24,3197874.58,5138299.15,826561.38,10029850.620000001,9203289.24,9203289.24,110103.59532608696,31.0,92.0,19.0,73.0,True,True,True,False,True,True,True
4555,2020-07-10T00:00:00.000Z,Severe Storm,DR,AL,2020,2020-04-12T00:00:00.000Z,7,0,0,1,1,1.0,0,0.0,0.0,0.0,5769863.53,1741710.44,3477774.78,448572.54,6218436.07,5769863.54,5769863.54,46013.08862318841,25.0,138.0,8.0,130.0,True,True,True,False,True,True,True
4556,2020-07-10T00:00:00.000Z,Tornado,DR,AR,2020,2020-04-12T00:00:00.000Z,12,0,0,1,1,0.0,0,0.0,0.0,0.0,9720458.23,1913344.41,7134382.0,1553394.26,11273852.49,9717359.629999999,9717359.629999999,233101.35978260872,21.0,46.0,12.0,34.0,True,True,True,False,True,True,True
4557,2020-08-17T00:00:00.000Z,Severe Storm,DR,IA,2020,2020-08-10T00:00:00.000Z,23,1,0,1,1,0.0,0,11423336.69,8178199.02,3245137.67,196676257.44,160855179.78,29635947.15,44854826.0,252954420.13,215415513.85,215415513.85,351492.3908394698,209.0,679.0,113.0,566.0,True,True,True,True,True,True,True
4558,2020-08-22T00:00:00.000Z,Fire,DR,CA,2020,2020-08-14T00:00:00.000Z,20,1,0,1,1,43.0,0,23331578.62,18484122.4,4847456.22,488827082.33,351701470.6,96736612.79,58133584.46,570292245.41,489272210.59,489272210.59,1034791.9781996086,94.0,511.0,181.0,330.0,True,True,True,True,True,True,True
4559,2020-08-28T00:00:00.000Z,Hurricane,DR,LA,2020,2020-08-22T00:00:00.000Z,64,1,0,1,1,5.0,0,242713285.46,172733067.67,69980217.79,3166211109.1,1474956114.35,1565565665.11,166884956.1,3575809350.66,3203449653.35,3203449653.35,1324442.5559025134,406.0,2626.0,623.0,2003.0,True,True,True,True,True,True,True
4560,2020-09-09T00:00:00.000Z,Hurricane,DR,PR,2020,2020-07-29T00:00:00.000Z,4,1,0,0,1,2.0,0,1326459.25,750166.22,576293.03,0.0,0.0,0.0,42000.0,1368459.25,0.0,0.0,0.0,0.0,0.0,0.0,0.0,0,0,0,0,0,0,0
4561,2020-09-10T00:00:00.000Z,Severe Storm,DR,IA,2020,2020-08-10T00:00:00.000Z,1,0,0,1,1,0.0,0,0.0,0.0,0.0,789578.8,621289.76,168289.04,0.0,789578.8,789578.7999999999,789578.7999999999,125329.96714285715,1.0,7.0,1.0,6.0,True,True,True,False,True,False,True
4562,2020-09-15T00:00:00.000Z,Fire,DR,OR,2020,2020-09-07T00:00:00.000Z,20,1,0,1,1,57.0,0,39027707.79,31514093.99,7513613.8,572577878.54,416509669.54,109002635.86,90404797.06,702010383.3899999,572796102.17,572796102.17,978564.6391968504,127.0,635.0,122.0,513.0,True,True,True,True,True,True,True
4563,2020-09-20T00:00:00.000Z,Hurricane,DR,AL,2020,2020-09-14T00:00:00.000Z,15,1,0,1,1,2.0,0,96549405.07,71671516.92,24877888.15,290952486.8,179048543.38,90061106.65,19084780.42,406586672.29,292206518.03,292206518.03,657831.1119795919,105.0,490.0,127.0,363.0,True,True,True,True,True,True,True
4564,2020-09-23T00:00:00.000Z,Hurricane,DR,FL,2020,2020-09-14T00:00:00.000Z,14,1,0,1,1,14.0,0,37688066.27,29679108.25,8008958.02,211428078.62,113031720.41,86366623.83,31899651.26,281015796.15000004,214830195.47,214830195.47,345005.5941133721,87.0,688.0,128.0,560.0,True,True,True,True,True,True,True
4565,2020-10-02T00:00:00.000Z,Severe Storm,DR,ND,2021,2020-06-29T00:00:00.000Z,6,0,0,1,1,2.0,0,0.0,0.0,0.0,2488987.34,11272.5,2322226.82,483389.08,2972376.42,2488987.34,2488987.34,74277.4327027027,8.0,37.0,1.0,36.0,True,False,True,True,False,True,False
4566,2020-10-02T00:00:00.000Z,Hurricane,DR,DE,2021,2020-08-04T00:00:00.000Z,2,0,0,1,1,3.0,0,0.0,0.0,0.0,3368018.0,2234486.74,1022568.0,362790.99,3730808.99,3367129.01,3367129.01,56498.865454545456,22.0,66.0,8.0,58.0,True,True,True,True,True,True,True
4567,2020-10-02T00:00:00.000Z,Hurricane,DR,NY,2021,2020-08-04T00:00:00.000Z,7,0,0,1,1,0.0,0,0.0,0.0,0.0,784624401.56,89959211.51,649584382.6,10746531.97,795370933.53,784565824.12,784565824.12,1479064.1348634814,190.0,586.0,95.0,491.0,True,True,True,False,True,True,True
4568,2020-10-14T00:00:00.000Z,Hurricane,DR,NC,2021,2020-07-31T00:00:00.000Z,16,0,0,1,1,4.0,0,0.0,0.0,0.0,30614773.58,14715075.3,14094702.9,3460492.34,34075265.92,30600549.0,30600549.0,139101.38012345677,71.0,243.0,48.0,195.0,True,True,True,True,True,True,True
4569,2020-10-16T00:00:00.000Z,Fire,DR,CA,2021,2020-09-04T00:00:00.000Z,12,1,0,1,1,74.0,0,5611101.61,4390958.02,1220143.59,201748520.24,183610782.03,5915183.76,44544349.86,251903971.71000004,342506891.82,342506891.82,1944624.599948718,47.0,195.0,54.0,141.0,True,True,True,True,True,True,True
4570,2020-10-16T00:00:00.000Z,Hurricane,DR,LA,2021,2020-10-06T00:00:00.000Z,64,1,0,1,1,4.0,0,46857016.39,35884843.99,10972172.4,123372443.37,65171161.92,51003907.34,7482214.18,177711673.94,126058362.64,126058362.64,244110.70131810196,184.0,569.0,86.0,483.0,True,True,True,True,True,True,True
4571,2020-11-05T00:00:00.000Z,Flood,DR,PR,2021,2020-09-13T00:00:00.000Z,1,1,0,0,0,0.0,0,346304.76,186566.04,159738.72,0.0,0.0,0.0,0.0,346304.76,0.0,0.0,0.0,0.0,0.0,0.0,0.0,0,0,0,0,0,0,0
4572,2020-12-09T00:00:00.000Z,Hurricane,DR,TX,2021,2020-08-23T00:00:00.000Z,5,0,0,1,1,4.0,0,0.0,0.0,0.0,67973840.7,45510150.72,18088265.68,7078279.84,75052120.54,67708028.02,67708028.02,633435.8349152541,39.0,118.0,24.0,94.0,True,True,True,True,True,True,True
4573,2020-12-10T00:00:00.000Z,Hurricane,DR,AL,2021,2020-10-28T00:00:00.000Z,21,1,0,1,1,1.0,0,30416884.58,20948170.93,9468713.65,61108763.0,41845287.81,16811167.74,2259106.52,93784754.1,61106119.74,61106119.74,296593.0254385965,78.0,228.0,35.0,193.0,True,True,True,False,True,True,True
4574,2020-12-11T00:00:00.000Z,Hurricane,DR,NJ,2021,2020-08-04T00:00:00.000Z,11,0,0,1,1,0.0,0,0.0,0.0,0.0,41458205.72,26780001.93,10729195.62,5220859.17,46679064.89,46318420.96,46318420.96,86484.97137288135,231.0,590.0,71.0,519.0,True,True,True,True,True,True,True
4575,2020-12-21T00:00:00.000Z,Severe Ice Storm,DR,OK,2021,2020-10-26T00:00:00.000Z,29,0,0,1,1,3.0,0,0.0,0.0,0.0,168770902.66,72789202.81,89913130.08,20071948.65,188842851.31,173551252.34,173551252.34,750648.1553125,108.0,256.0,74.0,182.0,True,True,True,False,True,True,False
4576,2020-12-31T00:00:00.000Z,Hurricane,DR,MS,2021,2020-10-28T00:00:00.000Z,8,1,0,1,1,1.0,0,21230957.65,17928588.24,3302369.41,123839351.84,55267942.04,64928792.79,11846574.64,156916884.13,122656710.65,122656710.65,286093.19320000004,52.0,475.0,99.0,376.0,True,True,True,True,True,True,True
4577,2021-01-12T00:00:00.000Z,Hurricane,DR,LA,2021,2020-10-26T00:00:00.000Z,35,1,0,1,1,3.0,0,13555380.43,11417602.54,2137777.89,134647141.57,33514875.81,97274786.4,10630094.58,158832616.58,134645627.15,134645627.15,436192.24327485374,89.0,342.0,52.0,290.0,True,True,True,True,True,True,True
4578,2021-01-12T00:00:00.000Z,Severe Storm,DR,UT,2021,2020-09-07T00:00:00.000Z,4,0,0,1,1,1.0,0,0.0,0.0,0.0,10013896.74,7653954.23,1651665.68,1251288.96,11265185.7,9954238.58,9954238.58,103599.6941509434,36.0,106.0,19.0,87.0,True,True,True,False,True,True,True
4579,2021-01-12T00:00:00.000Z,Hurricane,DR,GA,2021,2020-10-29T00:00:00.000Z,21,0,0,1,1,0.0,0,0.0,0.0,0.0,15898362.56,3180643.95,11572245.16,2025001.71,17923364.27,15898362.56,15898362.56,173639.3305940594,39.0,101.0,19.0,82.0,True,True,True,False,False,True,True
4580,2021-01-12T00:00:00.000Z,Hurricane,DR,CT,2021,2020-08-04T00:00:00.000Z,10,0,0,1,1,0.0,0,0.0,0.0,0.0,40665767.18,35013107.98,2226587.62,2773607.51,43439374.69,40637359.25,40637359.25,114506.25695652174,143.0,391.0,67.0,324.0,True,True,True,True,True,True,True
4581,2021-01-15T00:00:00.000Z,Fire,DR,CO,2021,2020-09-06T00:00:00.000Z,2,0,0,1,1,60.0,0,0.0,0.0,0.0,38507535.3,25231091.65,9819791.95,1158028.22,39665563.519999996,38498438.01,38498438.01,706532.8285000001,16.0,60.0,35.0,25.0,True,True,False,False,True,True,True
4582,2021-02-02T00:00:00.000Z,Biological,DR,AZ,2021,2020-01-20T00:00:00.000Z,1,1,0,1,1,1207.0,0,0.0,0.0,0.0,16682.27,16682.27,0.0,0.0,16682.27,0.0,0.0,0.0,0.0,0.0,0.0,0.0,0,0,0,0,0,0,0
4583,2021-02-04T00:00:00.000Z,Hurricane,DR,MD,2021,2020-08-03T00:00:00.000Z,3,0,0,1,1,1.0,0,0.0,0.0,0.0,14592656.35,1157604.68,12308604.97,1703690.13,16296346.48,14592656.35,14592656.35,229841.45457142856,11.0,70.0,18.0,52.0,True,True,True,True,True,True,True
4584,2021-02-04T00:00:00.000Z,Fire,DR,WA,2021,2020-09-01T00:00:00.000Z,12,0,0,1,1,18.0,0,0.0,0.0,0.0,49412664.56,12322695.83,36026285.24,7422262.24,56834926.800000004,51067447.76,51067447.76,510120.91441441444,29.0,111.0,34.0,77.0,True,True,True,False,True,True,True
4585,2021-02-17T00:00:00.000Z,Mud/Landslide,DR,AK,2021,2020-11-30T00:00:00.000Z,5,0,0,1,1,2.0,0,0.0,0.0,0.0,35332469.84,1763930.25,29639483.4,856096.04,36188565.88,45951592.67,45951592.67,755533.7805970149,10.0,67.0,30.0,37.0,True,True,True,False,True,True,True
4586,2021-02-19T00:00:00.000Z,Severe Ice Storm,DR,TX,2021,2021-02-11T00:00:00.000Z,254,1,0,1,1,10.0,0,202942853.81,182111272.91,20831580.9,109971482.08,58571394.82,41667263.05,37714508.69,350628844.58,103235954.88,103235954.88,163973.32220779223,426.0,693.0,81.0,612.0,True,True,True,False,True,True,True
4587,2021-02-24T00:00:00.000Z,Severe Ice Storm,DR,OK,2021,2021-02-08T00:00:00.000Z,77,1,0,1,1,12.0,0,3433087.72,2882946.5,550141.22,4072706.45,1882724.67,1750973.95,955955.69,8461749.86,4072706.45,4072706.45,38590.09206896552,76.0,116.0,4.0,112.0,False,True,True,False,True,True,False
4588,2021-03-03T00:00:00.000Z,Severe Storm,DR,NC,2021,2020-11-12T00:00:00.000Z,19,0,0,1,1,3.0,0,0.0,0.0,0.0,38793425.18,894353.5,35009595.38,5711712.78,44505137.96,38779981.22,38779981.22,301181.7965492958,14.0,142.0,59.0,83.0,True,True,True,True,True,True,True
4589,2021-03-04T00:00:00.000Z,Severe Storm,DR,ID,2021,2021-01-13T00:00:00.000Z,4,0,0,1,1,0.0,0,0.0,0.0,0.0,14570953.56,1463860.02,12244275.8,845856.54,15416810.100000001,14556774.21,14556774.21,217275.78121621622,25.0,74.0,7.0,67.0,True,True,True,False,True,True,True
4590,2021-03-09T00:00:00.000Z,Severe Ice Storm,DR,LA,2021,2021-02-11T00:00:00.000Z,64,1,0,1,1,8.0,0,8208404.49,6773869.08,1434535.41,37057709.71,22344903.79,10870501.23,6112058.39,51378172.59,36989491.99,36989491.99,131626.25453074434,118.0,309.0,26.0,283.0,True,True,True,True,True,True,True
4591,2021-03-28T00:00:00.000Z,Biological,DR,AL,2021,2020-01-20T00:00:00.000Z,1,1,0,1,1,1207.0,0,0.0,0.0,0.0,2438739.06,2438739.06,0.0,0.0,2438739.06,2438739.06,2438739.06,609684.765,1.0,4.0,1.0,3.0,False,True,False,False,False,False,False
4592,2021-03-31T00:00:00.000Z,Severe Ice Storm,DR,KY,2021,2021-02-08T00:00:00.000Z,45,0,0,1,1,11.0,0,0.0,0.0,0.0,74865695.84,43376274.6,24559114.96,6479762.39,81345458.23,74860079.03,74860079.03,418313.86421319796,68.0,197.0,59.0,138.0,True,True,True,False,True,True,True
4593,2021-04-08T00:00:00.000Z,Severe Storm,DR,WA,2021,2020-12-29T00:00:00.000Z,18,0,0,1,1,18.0,0,0.0,0.0,0.0,20234575.24,1958692.77,17426988.15,4435098.03,24669673.27,24401707.25,24401707.25,223294.9288429752,46.0,121.0,22.0,99.0,True,True,True,True,True,True,True
4594,2021-04-21T00:00:00.000Z,Severe Ice Storm,DR,TN,2021,2021-02-11T00:00:00.000Z,13,0,0,1,1,8.0,0,0.0,0.0,0.0,16390665.67,2829590.01,12741493.27,1473841.78,17864507.45,16368249.13,16368249.13,175688.14242718444,40.0,103.0,19.0,84.0,True,True,True,False,True,True,True
4595,2021-04-23T00:00:00.000Z,Flood,DR,KY,2021,2021-02-27T00:00:00.000Z,50,1,0,1,1,15.0,0,10038254.14,8551668.81,1486585.33,92120930.65,3731968.22,78319141.21,9641547.81,111800732.60000001,92120930.66,92120930.66,108624.16295064377,84.0,932.0,175.0,757.0,True,True,True,True,True,True,True
4596,2021-04-26T00:00:00.000Z,Severe Storm,DR,AL,2021,2021-03-25T00:00:00.000Z,8,1,0,1,1,1.0,0,2526330.21,2157606.15,368724.06,12361109.23,7664281.26,3947823.09,142037.82,15029477.260000002,12361365.43,12361365.43,227527.128,23.0,60.0,14.0,46.0,True,True,True,False,True,True,False
4597,2021-04-28T00:00:00.000Z,Snowstorm,DR,NJ,2021,2021-01-31T00:00:00.000Z,5,0,0,1,1,2.0,0,0.0,0.0,0.0,15236311.79,12864798.39,1467828.41,1541757.02,16778068.81,15236311.790000001,15236311.790000001,94011.98463687151,123.0,179.0,20.0,159.0,True,True,True,False,True,True,True
4598,2021-05-04T00:00:00.000Z,Severe Ice Storm,DR,MS,2021,2021-02-11T00:00:00.000Z,37,0,0,1,1,8.0,0,0.0,0.0,0.0,22125074.38,9897436.92,11630922.34,1712822.63,23837897.009999998,22506698.68,22506698.68,128344.01288659793,78.0,194.0,34.0,160.0,True,True,True,False,True,True,True
4599,2021-05-04T00:00:00.000Z,Severe Storm,DR,OR,2021,2021-02-11T00:00:00.000Z,7,0,0,1,1,4.0,0,0.0,0.0,0.0,24858971.0,18603576.4,3964657.03,2291358.56,27150329.56,24784627.25,24784627.25,147519.32583783782,57.0,185.0,22.0,163.0,True,True,True,False,True,True,True
4600,2021-05-05T00:00:00.000Z,Severe Storm,DR,GA,2021,2021-03-25T00:00:00.000Z,9,0,0,1,1,1.0,0,0.0,0.0,0.0,30859394.53,12148126.17,16686175.44,2812853.2,33672247.730000004,30859394.53,30859394.53,358560.0606315789,21.0,95.0,22.0,73.0,True,True,True,True,True,True,True
4601,2021-05-08T00:00:00.000Z,Tornado,DR,TN,2021,2021-03-25T00:00:00.000Z,24,1,0,1,1,9.0,0,1962203.12,1787063.29,175139.83,19754997.54,1542651.77,17015220.04,1922958.53,23640159.19,19753768.53,19753768.53,82949.11600760456,68.0,263.0,25.0,238.0,True,True,True,False,True,True,True
4602,2021-05-10T00:00:00.000Z,Severe Ice Storm,DR,VA,2021,2021-02-11T00:00:00.000Z,33,0,0,1,1,2.0,0,0.0,0.0,0.0,64183588.49,30773027.34,27391358.36,4601029.7,68784618.19,64394054.78,64394054.78,595631.5068067227,42.0,119.0,27.0,92.0,True,True,False,False,True,True,False
4603,2021-05-13T00:00:00.000Z,Severe Ice Storm,DR,WV,2021,2021-02-10T00:00:00.000Z,5,0,0,1,1,6.0,0,0.0,0.0,0.0,5651776.73,5482355.89,50871.51,921730.66,6573507.390000001,5651776.73,5651776.73,125331.59460000001,23.0,50.0,12.0,38.0,True,True,True,False,True,True,False
4604,2021-05-13T00:00:00.000Z,Flood,DR,HI,2021,2021-03-08T00:00:00.000Z,1,0,0,1,1,10.0,0,0.0,0.0,0.0,7018597.26,300925.74,6397185.97,914283.0,7932880.26,7018597.26,7018597.26,431268.4366666667,6.0,18.0,6.0,12.0,True,True,True,False,True,True,False
4605,2021-05-20T00:00:00.000Z,Flood,DR,WV,2021,2021-02-27T00:00:00.000Z,7,1,0,1,1,5.0,0,2550083.38,2397106.42,152976.96,6482565.61,286734.31,5962855.24,840771.64,9873420.63,6481701.26,6481701.26,95681.33413333334,23.0,75.0,11.0,64.0,True,True,True,False,True,True,True
4606,2021-06-02T00:00:00.000Z,Flood,DR,LA,2021,2021-05-17T00:00:00.000Z,7,1,0,1,1,4.0,0,14032804.41,11176256.29,2856548.12,11819404.91,7994241.32,2861887.57,918392.52,26770601.84,11807200.05,11807200.05,194210.15552238806,18.0,67.0,11.0,56.0,True,True,True,True,True,True,True
4607,2021-07-15T00:00:00.000Z,Severe Storm,DR,MI,2021,2021-06-25T00:00:00.000Z,5,1,0,1,1,1.0,0,196961378.26,161471627.63,35489750.63,36925123.9,12522119.13,21983428.83,6700792.44,240587294.6,36776633.74,36776633.74,418665.8088659794,21.0,97.0,9.0,88.0,True,True,True,True,True,True,True
4608,2021-08-13T00:00:00.000Z,Other,DR,MT,2021,2021-06-10T00:00:00.000Z,5,0,0,1,1,0.0,0,0.0,0.0,0.0,3696491.57,49808.37,3564559.33,131516.13,3828007.6999999997,3696491.57,3696491.57,585441.1371428572,4.0,7.0,2.0,5.0,False,True,False,False,False,True,False
4609,2021-08-23T00:00:00.000Z,Flood,DR,TN,2021,2021-08-21T00:00:00.000Z,4,1,0,1,1,0.0,0,8138893.57,6301770.25,1837123.32,46809709.83,20004142.66,25705721.71,7132437.19,62081040.589999996,88674669.64999999,88674669.64999999,793590.3676612903,24.0,124.0,37.0,87.0,True,True,True,True,True,True,True
4610,2021-08-24T00:00:00.000Z,Fire,DR,CA,2021,2021-07-14T00:00:00.000Z,6,1,0,1,1,103.0,0,4948930.85,3514608.09,1434322.76,306487220.1,266603789.21,16841389.66,25155685.81,336591836.76000005,550050355.72,550050355.72,4868887.43392,39.0,125.0,26.0,99.0,True,True,True,True,True,True,True
4611,2021-08-29T00:00:00.000Z,Hurricane,DR,LA,2021,2021-08-26T00:00:00.000Z,64,1,0,1,1,8.0,0,1241474040.36,756943448.06,484530592.3,3541285974.1,2049603734.71,1359096632.23,127510422.41,4910270436.87,3611186460.68,3611186460.68,1102074.740748936,500.0,3525.0,612.0,2913.0,True,True,True,True,True,True,True
4612,2021-09-01T00:00:00.000Z,Severe Storm,DR,MO,2021,2021-06-24T00:00:00.000Z,21,0,0,1,1,7.0,0,0.0,0.0,0.0,14925206.05,893426.6,13045110.16,0.0,14925206.05,14273294.969999999,14273294.969999999,57326.16351449276,94.0,276.0,3.0,273.0,True,True,True,True,True,True,True
4613,2021-09-01T00:00:00.000Z,Severe Storm,DR,ND,2021,2021-06-07T00:00:00.000Z,9,0,0,1,1,4.0,0,0.0,0.0,0.0,2527459.01,206606.24,2070715.19,502174.04,3029633.05,2517017.0,2517017.0,69251.31775,11.0,40.0,3.0,37.0,True,True,True,True,False,True,False
4614,2021-09-05T00:00:00.000Z,Hurricane,DR,NJ,2021,2021-09-01T00:00:00.000Z,21,1,0,1,1,2.0,0,255474480.36,229926923.16,25547557.2,349817297.92,79564807.56,244665131.08,32404846.36,637696624.64,364947033.74,364947033.74,204913.6709414758,378.0,1965.0,144.0,1821.0,True,True,True,True,True,True,True
4615,2021-09-05T00:00:00.000Z,Hurricane,DR,NY,2021,2021-09-01T00:00:00.000Z,14,1,0,1,1,2.0,0,224574470.26,202146196.1,22428274.16,486760303.76,64918098.52,407117084.19,62693083.35,774027857.37,564284191.39,564284191.39,579597.2061882572,245.0,1073.0,102.0,971.0,True,True,True,True,True,True,True
4616,2021-09-06T00:00:00.000Z,Severe Storm,DR,NE,2021,2021-07-09T00:00:00.000Z,14,0,0,1,1,1.0,0,0.0,0.0,0.0,28397526.68,4302527.57,22868908.38,3564082.73,31961609.41,27764539.52,27764539.52,496509.4833870967,21.0,62.0,15.0,47.0,True,True,True,False,True,True,True
4617,2021-09-08T00:00:00.000Z,Hurricane,DR,NC,2021,2021-08-16T00:00:00.000Z,11,1,0,1,1,2.0,0,5051308.74,4485334.31,565974.43,36424021.29,7609196.05,26182354.38,7391047.52,48866377.55,36612026.09,36612026.09,197012.35180487804,27.0,205.0,33.0,172.0,True,True,True,True,True,True,True
4618,2021-09-10T00:00:00.000Z,Hurricane,DR,PA,2021,2021-08-31T00:00:00.000Z,13,1,0,1,1,5.0,0,128700922.12,99958994.34,28741927.78,108345681.13,19255005.08,83920040.85,35650550.07,272697153.32,109263762.12,109263762.12,169943.02711673698,191.0,711.0,23.0,688.0,True,True,True,True,True,True,True
4619,2021-09-12T00:00:00.000Z,Fire,DR,CA,2021,2021-08-14T00:00:00.000Z,2,0,0,1,1,68.0,0,0.0,0.0,0.0,184078515.95,175446442.6,3621899.3,5251717.22,189330233.17,182864362.07999998,182864362.07999998,2035636.562626263,35.0,99.0,19.0,80.0,True,True,True,True,True,True,True
4620,2021-09-13T00:00:00.000Z,Flood,DR,AZ,2021,2021-07-22T00:00:00.000Z,3,0,0,1,1,2.0,0,0.0,0.0,0.0,5109251.27,131108.35,4786933.89,2007011.46,7116262.7299999995,5109251.27,5109251.27,122950.00847826086,6.0,46.0,2.0,44.0,False,True,True,False,False,True,False
4621,2021-09-29T00:00:00.000Z,Flood,DR,VT,2021,2021-07-29T00:00:00.000Z,2,0,0,1,1,1.0,0,0.0,0.0,0.0,7170595.33,219635.84,6616025.2,697459.53,7868054.86,7170595.33,7170595.33,82605.34552083333,20.0,96.0,7.0,89.0,True,True,True,False,False,False,False
4622,2021-09-30T00:00:00.000Z,Severe Storm,DR,NH,2021,2021-07-17T00:00:00.000Z,1,0,0,1,1,2.0,0,0.0,0.0,0.0,2416849.0,104349.77,2131853.03,0.0,2416849.0,2416849.0,2416849.0,66632.89875000001,14.0,40.0,2.0,38.0,True,True,True,True,False,False,True
4623,2021-09-30T00:00:00.000Z,Fire,DR,MT,2021,2021-08-08T00:00:00.000Z,2,0,0,1,1,12.0,0,0.0,0.0,0.0,4560435.67,313839.17,4002718.79,128856.5,4689292.17,4560435.67,4560435.67,458186.65272727277,4.0,11.0,2.0,9.0,False,True,False,False,False,True,True
4624,2021-10-04T00:00:00.000Z,Flood,DR,NH,2022,2021-07-29T00:00:00.000Z,2,0,0,1,1,4.0,0,0.0,0.0,0.0,13956368.15,192732.48,12789222.34,2038013.4,15994381.55,13908009.34,13908009.34,165000.81215053765,20.0,93.0,5.0,88.0,True,True,True,False,True,False,True
4625,2021-10-08T00:00:00.000Z,Hurricane,DR,NY,2022,2021-08-18T00:00:00.000Z,9,0,0,1,1,1.0,0,0.0,0.0,0.0,119577882.3,8125306.13,99002650.4,15193437.54,134771319.84,119405010.77,119405010.77,272853.70311850315,80.0,481.0,16.0,465.0,True,True,True,True,True,True,True
4626,2021-10-22T00:00:00.000Z,Hurricane,DR,MS,2022,2021-08-28T00:00:00.000Z,82,1,0,1,1,4.0,0,10843005.5,9267807.25,1575198.25,30052436.23,7027607.02,22032716.3,5427089.62,46322531.35,30053411.99,30053411.99,194633.54789473684,53.0,171.0,28.0,143.0,True,True,True,False,True,True,True
4627,2021-10-24T00:00:00.000Z,Hurricane,DR,DE,2022,2021-09-01T00:00:00.000Z,1,0,0,1,1,6.0,0,0.0,0.0,0.0,6006551.4,756069.8,4903342.03,600566.52,6607117.92,6433034.12,6433034.12,168659.26214285713,13.0,42.0,2.0,40.0,True,True,True,True,True,False,True
4628,2021-10-26T00:00:00.000Z,Flood,DR,VA,2022,2021-08-30T00:00:00.000Z,1,0,0,1,1,1.0,0,0.0,0.0,0.0,1691199.79,876282.16,653088.94,25304.39,1716504.18,1691199.7999999998,1691199.7999999998,109478.23000000001,6.0,17.0,0.0,17.0,True,True,True,False,False,True,False
4629,2021-10-30T00:00:00.000Z,Hurricane,DR,CT,2022,2021-09-01T00:00:00.000Z,7,1,0,1,1,1.0,0,8908167.94,8401830.24,506337.7,13249966.82,1198997.51,11364567.17,2646612.0,24804746.759999998,13249966.82,13249966.82,183073.97962499998,25.0,80.0,2.0,78.0,True,True,True,True,True,True,True
4630,2021-12-12T00:00:00.000Z,Tornado,DR,KY,2022,2021-12-10T00:00:00.000Z,23,1,0,1,1,1.0,0,16068225.57,11661212.41,4407013.16,166311911.75,66221855.46,85486807.71,11958027.08,194338164.4,166311613.0,166311613.0,346022.8519615385,103.0,520.0,51.0,469.0,True,True,True,False,True,True,True
4631,2021-12-21T00:00:00.000Z,Fire,DR,WA,2022,2021-07-12T00:00:00.000Z,1,0,0,1,1,27.0,0,0.0,0.0,0.0,3322451.54,100749.97,3011701.57,0.0,3322451.54,3322451.54,3322451.54,305689.9583333333,1.0,12.0,1.0,11.0,False,True,False,False,False,False,True
4632,2021-12-21T00:00:00.000Z,Severe Storm,DR,AL,2022,2021-10-06T00:00:00.000Z,2,1,0,0,1,1.0,0,2123079.89,1974704.66,148375.23,0.0,0.0,0.0,19449.12,2142529.0100000002,0.0,0.0,0.0,0.0,0.0,0.0,0.0,0,0,0,0,0,0,0
4633,2021-12-23T00:00:00.000Z,Tornado,DR,AR,2022,2021-12-10T00:00:00.000Z,5,1,0,0,1,1.0,0,935304.83,665223.78,270081.05,0.0,0.0,0.0,165225.13,1100529.96,0.0,0.0,0.0,0.0,0.0,0.0,0.0,0,0,0,0,0,0,0
4634,2021-12-31T00:00:00.000Z,Fire,DR,CO,2022,2021-12-30T00:00:00.000Z,1,1,0,1,1,8.0,0,2134406.55,1497956.28,636450.27,45189660.22,31612000.14,9108262.28,5461785.33,52785852.099999994,45189660.22,45189660.22,654133.3378947368,15.0,76.0,10.0,66.0,True,True,True,True,True,True,True
4635,2022-01-05T00:00:00.000Z,Flood,DR,WA,2022,2021-11-05T00:00:00.000Z,12,1,0,1,1,27.0,0,7529754.72,6680204.6,849550.12,61629203.2,9296184.22,50653258.41,10651368.79,79810326.71000001,71870260.88,71870260.88,262938.9775577558,49.0,303.0,14.0,289.0,True,True,True,True,True,True,True
4636,2022-01-10T00:00:00.000Z,Severe Storm,DR,MO,2022,2021-12-10T00:00:00.000Z,7,0,0,1,1,0.0,0,0.0,0.0,0.0,12272634.56,133274.56,11532201.42,3227015.97,15499650.530000001,12272634.559999999,12272634.559999999,1233527.1400000001,7.0,11.0,4.0,7.0,True,True,True,False,False,True,False
4637,2022-01-14T00:00:00.000Z,Tornado,DR,TN,2022,2021-12-10T00:00:00.000Z,14,1,0,1,1,1.0,0,1308764.73,1093254.76,215509.97,19055469.18,7365912.3,10702169.12,849982.67,21214216.580000002,19055469.18,19055469.18,171244.17658536587,36.0,123.0,16.0,107.0,True,True,True,False,True,True,True
4638,2022-01-15T00:00:00.000Z,Severe Storm,DR,AK,2022,2021-10-29T00:00:00.000Z,1,0,0,1,1,3.0,0,0.0,0.0,0.0,4590871.66,152707.69,3900250.01,105735.38,4696607.04,4388596.58,4388596.58,537658.3555555556,3.0,9.0,1.0,8.0,True,True,False,False,True,False,True
4639,2022-02-15T00:00:00.000Z,Severe Storm,DR,HI,2022,2021-12-05T00:00:00.000Z,2,0,0,1,1,5.0,0,0.0,0.0,0.0,6683006.85,1430795.79,4781838.02,1065894.07,7748900.92,6683006.85,6683006.85,230415.6096875,14.0,32.0,2.0,30.0,True,True,True,False,True,True,True
4640,2022-02-17T00:00:00.000Z,Severe Storm,DR,KS,2022,2021-12-15T00:00:00.000Z,55,0,0,1,1,0.0,0,0.0,0.0,0.0,22394692.68,712529.56,20817784.41,2886769.74,25281462.42,22390511.18,22390511.18,81254.97750819672,121.0,305.0,5.0,300.0,True,True,True,True,True,True,True
4641,2022-02-23T00:00:00.000Z,Severe Storm,DR,NE,2022,2021-12-15T00:00:00.000Z,25,0,0,1,1,0.0,0,0.0,0.0,0.0,8768267.55,272971.63,8272206.57,1243072.74,10011340.290000001,8768267.549999999,8768267.549999999,167547.09896551725,17.0,58.0,4.0,54.0,True,True,False,False,True,True,True
4642,2022-02-23T00:00:00.000Z,Severe Storm,DR,IA,2022,2021-12-15T00:00:00.000Z,25,0,0,1,1,0.0,0,0.0,0.0,0.0,6571789.27,252342.6,5656435.86,1173187.21,7744976.4799999995,6571497.5200000005,6571497.5200000005,144559.9198,30.0,50.0,4.0,46.0,True,True,True,False,False,True,False
4643,2022-02-27T00:00:00.000Z,Severe Storm,DR,KY,2022,2021-12-31T00:00:00.000Z,13,0,0,1,1,2.0,0,0.0,0.0,0.0,16191350.9,31220.51,14659874.87,583652.68,16775003.58,16242637.73,16242637.73,84342.83051886792,22.0,212.0,1.0,211.0,False,True,True,True,True,True,False
4644,2022-03-11T00:00:00.000Z,Severe Storm,DR,VA,2022,2022-01-02T00:00:00.000Z,28,0,0,1,1,1.0,0,0.0,0.0,0.0,113127194.1,83799456.95,18528289.99,7749195.01,120876389.11,113122537.17,113122537.17,1963090.1038666666,26.0,75.0,11.0,64.0,True,True,False,False,True,True,True
4645,2022-03-11T00:00:00.000Z,Severe Storm,DR,TN,2022,2022-02-03T00:00:00.000Z,7,0,0,1,1,1.0,0,0.0,0.0,0.0,35372030.64,21055658.91,13370882.88,881331.96,36253362.6,35372030.64,35372030.64,755605.5567741935,27.0,62.0,5.0,57.0,True,True,False,False,True,True,True
4646,2022-03-14T00:00:00.000Z,Severe Storm,DR,AK,2022,2022-01-01T00:00:00.000Z,1,0,0,1,1,3.0,0,0.0,0.0,0.0,6297791.52,909551.93,4681366.38,163909.39,6461700.909999999,6297791.5200000005,6297791.5200000005,255044.71625,7.0,32.0,2.0,30.0,True,True,False,False,True,True,True
4647,2022-03-15T00:00:00.000Z,Coastal Storm,DR,ME,2022,2021-10-30T00:00:00.000Z,3,0,0,1,1,1.0,0,0.0,0.0,0.0,6918235.82,500055.12,5963746.92,365715.13,7283950.95,7242494.78,7242494.78,209424.61605263155,20.0,38.0,2.0,36.0,False,True,True,False,True,False,True
4648,2022-03-24T00:00:00.000Z,Severe Storm,DR,AK,2022,2021-12-25T00:00:00.000Z,3,0,0,1,1,2.0,0,0.0,0.0,0.0,1900323.25,35027.85,1642267.82,91219.57,1991542.82,3265999.69,3265999.69,514872.52714285714,3.0,7.0,1.0,6.0,False,True,False,False,True,True,False
4649,2022-03-29T00:00:00.000Z,Flood,DR,PR,2022,2022-02-04T00:00:00.000Z,5,1,0,0,1,2.0,0,1570718.45,906408.7,664309.75,0.0,0.0,0.0,0.0,1570718.45,0.0,0.0,0.0,0.0,0.0,0.0,0.0,0,0,0,0,0,0,0
4650,2022-03-29T00:00:00.000Z,Flood,DR,WA,2022,2021-12-26T00:00:00.000Z,24,0,0,1,1,20.0,0,0.0,0.0,0.0,25474846.79,3299801.49,20957223.5,3756931.93,29231778.72,27759388.16,27759388.16,170602.50494444446,56.0,180.0,6.0,174.0,True,True,True,True,True,True,True
4651,2022-04-18T00:00:00.000Z,Snowstorm,DR,MA,2022,2022-01-28T00:00:00.000Z,5,0,0,1,1,1.0,0,0.0,0.0,0.0,24385610.14,23843883.58,23745.48,3564132.46,27949742.6,24385610.14,24385610.14,283697.2486842105,84.0,114.0,5.0,109.0,False,True,False,False,True,True,False
4652,2022-05-04T00:00:00.000Z,Fire,DR,NM,2022,2022-04-05T00:00:00.000Z,7,1,0,1,1,109.0,0,7656347.59,6398858.5,1257489.09,306739994.83,157929877.35,122316230.21,28445637.57,342841979.98999995,328130137.27,328130137.27,1561433.7225943396,43.0,212.0,65.0,147.0,True,True,True,True,True,True,True
4653,2022-05-12T00:00:00.000Z,Snowstorm,DR,RI,2022,2022-01-28T00:00:00.000Z,6,0,0,1,1,1.0,0,0.0,0.0,0.0,8762169.86,8305311.85,37494.7,0.0,8762169.86,8762169.86,8762169.86,104937.32063636363,74.0,110.0,1.0,109.0,False,True,False,False,True,False,False
4654,2022-05-25T00:00:00.000Z,Snowstorm,DR,KS,2022,2022-03-17T00:00:00.000Z,20,0,0,1,1,5.0,0,0.0,0.0,0.0,19424716.84,0.0,19062246.71,665331.02,20090047.86,19424716.95,19424716.95,1841342.797142857,8.0,14.0,4.0,10.0,False,False,False,False,False,True,False
4655,2022-06-16T00:00:00.000Z,Flood,DR,MT,2022,2022-06-10T00:00:00.000Z,7,1,0,1,1,25.0,0,3680647.89,3454277.91,226369.98,41551144.58,7095256.85,30780178.52,7976811.8,53208604.269999996,41551144.61,41551144.61,358783.37364238413,31.0,151.0,14.0,137.0,True,True,True,True,True,True,True
4656,2022-06-29T00:00:00.000Z,Severe Storm,DR,SD,2022,2022-05-12T00:00:00.000Z,22,0,0,1,1,0.0,0,0.0,0.0,0.0,11389609.34,3052539.45,7812985.56,4093280.97,15482890.31,11389609.34,11389609.34,76589.03459183674,63.0,196.0,1.0,195.0,True,True,True,False,True,True,True
4657,2022-06-29T00:00:00.000Z,Severe Storm,DR,OK,2022,2022-05-02T00:00:00.000Z,7,1,0,0,1,6.0,0,5500448.67,4941680.84,558767.83,0.0,0.0,0.0,1013834.99,6514283.66,0.0,0.0,0.0,0.0,0.0,0.0,0.0,0,0,0,0,0,0,0
4658,2022-07-08T00:00:00.000Z,Severe Storm,DR,MN,2022,2022-05-08T00:00:00.000Z,23,0,0,1,1,5.0,0,0.0,0.0,0.0,13663713.64,1434315.56,11346727.49,1112853.4,14776567.040000001,13663713.64,13663713.64,53988.13539156626,154.0,332.0,3.0,329.0,True,True,True,True,True,True,True
4659,2022-07-13T00:00:00.000Z,Flood,DR,MN,2022,2022-04-22T00:00:00.000Z,19,0,0,1,1,54.0,0,0.0,0.0,0.0,21274106.56,5320988.65,14952645.37,2789516.61,24063623.169999998,21274106.56,21274106.56,53191.620360531306,226.0,527.0,1.0,526.0,True,True,True,True,True,True,True
4660,2022-07-13T00:00:00.000Z,Severe Storm,DR,ND,2022,2022-04-22T00:00:00.000Z,40,0,0,1,1,33.0,0,0.0,0.0,0.0,73420589.6,3988523.59,60786443.63,7585922.74,81006512.33999999,73420589.6,73420589.6,231737.1825121951,89.0,410.0,13.0,397.0,True,True,True,True,True,True,True
4661,2022-07-26T00:00:00.000Z,Mud/Landslide,DR,AK,2022,2022-05-07T00:00:00.000Z,1,0,0,1,1,0.0,0,0.0,0.0,0.0,1110110.81,947377.05,0.0,69039.77,1179150.58,1102035.56,1102035.56,283565.582,3.0,5.0,1.0,4.0,True,True,False,False,False,False,False
4662,2022-07-27T00:00:00.000Z,Severe Storm,DR,NE,2022,2022-05-12T00:00:00.000Z,20,0,0,1,1,0.0,0,0.0,0.0,0.0,15343849.32,52228.46,14975478.06,373450.07,15717299.39,15343849.32,15343849.32,350915.2543103448,18.0,58.0,2.0,56.0,True,True,False,False,True,True,True
4663,2022-07-29T00:00:00.000Z,Flood,DR,KY,2022,2022-07-26T00:00:00.000Z,20,1,0,1,1,16.0,0,110565668.96,96737968.95,13827700.01,465926059.58,233881332.87,200149317.1,72877850.22,649369578.76,466136229.62,466136229.62,296483.6151486146,110.0,1985.0,44.0,1941.0,True,True,True,True,True,True,True
4664,2022-08-02T00:00:00.000Z,Severe Storm,DR,SD,2022,2022-06-11T00:00:00.000Z,6,0,0,1,1,3.0,0,0.0,0.0,0.0,1644634.91,133009.01,1378169.36,325625.67,1970260.5799999998,1644634.91,1644634.91,93407.0004347826,10.0,23.0,0.0,23.0,True,True,False,False,True,True,True
4665,2022-08-08T00:00:00.000Z,Flood,DR,MO,2022,2022-07-25T00:00:00.000Z,4,1,0,1,1,3.0,0,51854048.53,43963171.24,7890877.29,25284698.38,2134626.27,21331616.64,16633885.27,93772632.17999999,25284698.38,25284698.38,177041.59914438502,45.0,187.0,6.0,181.0,True,True,True,True,True,True,True
4666,2022-08-09T00:00:00.000Z,Severe Storm,DR,MN,2022,2022-05-29T00:00:00.000Z,23,0,0,1,1,1.0,0,0.0,0.0,0.0,7230916.39,854443.47,5605868.35,745231.91,7976148.3,7230916.39,7230916.39,65624.84923076922,75.0,143.0,1.0,142.0,True,True,True,True,True,True,True
4667,2022-08-26T00:00:00.000Z,Flood,DR,AK,2022,2022-05-08T00:00:00.000Z,3,0,0,1,1,3.0,0,0.0,0.0,0.0,1635118.02,183010.34,1360038.45,74201.67,1709319.69,1595732.54,1595732.54,175840.17,5.0,12.0,1.0,11.0,False,True,True,True,True,True,False
4668,2022-09-02T00:00:00.000Z,Severe Storm,DR,AZ,2022,2022-07-17T00:00:00.000Z,1,1,0,1,1,1.0,0,718086.55,627295.82,90790.73,815764.95,594090.7,174023.19,49490.37,1583341.87,815764.95,815764.95,153114.69857142857,1.0,7.0,0.0,7.0,True,True,False,False,True,False,True
4669,2022-09-15T00:00:00.000Z,Severe Storm,DR,AS,2022,2022-07-12T00:00:00.000Z,1,0,0,1,1,3.0,0,0.0,0.0,0.0,1273951.56,273449.67,994829.97,0.0,1273951.56,1326886.25,1326886.25,135945.46153846153,6.0,13.0,0.0,13.0,True,True,False,False,True,True,True
4670,2022-09-20T00:00:00.000Z,Severe Storm,DR,OK,2022,2022-05-02T00:00:00.000Z,1,0,0,1,1,6.0,0,0.0,0.0,0.0,205733.56,10304.38,195429.18,0.0,205733.56,205733.56,205733.56,45718.565,1.0,6.0,0.0,6.0,True,True,True,False,True,False,False
4671,2022-09-21T00:00:00.000Z,Hurricane,DR,PR,2022,2022-09-17T00:00:00.000Z,78,1,0,1,1,4.0,0,649140075.65,73602527.7,575537547.95,1798504297.95,426705044.62,1269214015.38,30714718.05,2478359091.65,1791165283.4,1791165283.4,694494.9181928572,244.0,2800.0,440.0,2360.0,True,True,True,True,True,True,True
4672,2022-09-23T00:00:00.000Z,Severe Storm,DR,AK,2022,2022-09-15T00:00:00.000Z,5,1,0,1,1,5.0,0,6807601.19,2153057.51,4654543.68,90763237.3,1257960.7,79207140.49,1631308.48,99202146.97,95936311.19,95936311.19,876414.2592253521,30.0,142.0,28.0,114.0,True,True,True,True,True,True,True
4673,2022-09-29T00:00:00.000Z,Hurricane,DR,FL,2022,2022-09-23T00:00:00.000Z,69,1,0,1,1,42.0,0,1150178292.67,782193893.08,367984399.59,2836722760.23,2483930863.05,280956127.92,218420891.34,4205321944.2400002,2830028331.96,2830028331.96,810782.0908640266,622.0,3611.0,210.0,3401.0,True,True,True,True,True,True,True
4674,2022-09-30T00:00:00.000Z,Severe Storm,DR,VA,2022,2022-07-13T00:00:00.000Z,2,0,0,1,1,1.0,0,0.0,0.0,0.0,11279745.37,2230236.9,7576071.82,809061.48,12088806.85,11279745.37,11279745.37,469306.9322580645,8.0,31.0,5.0,26.0,True,True,True,False,True,True,True
4675,2022-09-30T00:00:00.000Z,Hurricane,DR,FL,2022,2022-09-23T00:00:00.000Z,6,1,0,1,1,42.0,0,38434.87,32834.87,5600.0,2013608.96,1781233.9,232375.06,0.0,2052043.83,2013608.96,2013608.96,209303.204,1.0,10.0,0.0,10.0,True,True,False,False,False,False,True
4676,2022-10-14T00:00:00.000Z,Flood,DR,IL,2023,2022-07-25T00:00:00.000Z,1,1,0,0,1,3.0,0,27888571.94,23952456.39,3936115.55,0.0,0.0,0.0,266100.87,28154672.810000002,0.0,0.0,0.0,0.0,0.0,0.0,0.0,0,0,0,0,0,0,0
4677,2022-11-21T00:00:00.000Z,Hurricane,DR,SC,2023,2022-09-25T00:00:00.000Z,46,1,0,1,1,9.0,0,3383846.2,2942502.97,441343.23,22277351.81,8672426.05,11234805.21,3753642.99,29414841.0,22277351.81,22277351.81,149808.78445595855,77.0,193.0,6.0,187.0,True,True,True,True,True,True,True
4678,2022-11-28T00:00:00.000Z,Flood,DR,WV,2023,2022-07-12T00:00:00.000Z,1,0,0,1,1,1.0,0,0.0,0.0,0.0,3082243.7,103058.03,2690635.79,610005.09,3692248.79,3082243.6999999997,3082243.6999999997,222970.83,5.0,18.0,1.0,17.0,True,True,True,True,False,True,True
4679,2022-11-28T00:00:00.000Z,Severe Storm,DR,WV,2023,2022-08-14T00:00:00.000Z,1,0,0,1,1,1.0,0,0.0,0.0,0.0,4453941.78,553369.52,3538187.39,645334.93,5099276.71,4382915.17,4382915.17,143077.297,12.0,40.0,1.0,39.0,True,True,True,False,True,True,True
4680,2022-12-13T00:00:00.000Z,Hurricane,DR,FL,2023,2022-11-07T00:00:00.000Z,63,1,0,1,1,23.0,0,7016325.08,6152015.96,864309.12,112723822.92,38469787.36,69594256.59,14310556.37,134050704.37,115599961.2,115599961.2,400492.2737795276,137.0,381.0,21.0,360.0,True,True,True,True,True,True,True
4681,2022-12-30T00:00:00.000Z,Flood,DR,AZ,2023,2022-10-01T00:00:00.000Z,1,0,0,1,1,1.0,0,0.0,0.0,0.0,1060499.18,666795.1,393704.08,0.0,1060499.18,7345653.92,7345653.92,1088245.0233333334,1.0,9.0,1.0,8.0,True,True,True,True,False,True,True
4682,2023-01-12T00:00:00.000Z,Severe Storm,DR,WA,2023,2022-11-03T00:00:00.000Z,9,0,0,1,1,5.0,0,0.0,0.0,0.0,16625420.56,1454404.37,14133965.66,2725695.56,19351116.12,17860049.2,17860049.2,345113.4602941176,27.0,68.0,2.0,66.0,True,True,True,False,True,True,True
4683,2023-01-14T00:00:00.000Z,Flood,DR,CA,2023,2022-12-27T00:00:00.000Z,44,1,0,1,1,35.0,0,61173467.31,57391667.46,3781799.85,403653940.09,233047720.07,159922791.61,28645271.3,493472678.7,403887062.88,403887062.88,182195.43741984732,511.0,2620.0,68.0,2552.0,True,True,True,True,True,True,True
4684,2023-01-15T00:00:00.000Z,Severe Storm,DR,AL,2023,2023-01-12T00:00:00.000Z,13,1,0,1,1,0.0,0,9481575.14,7822445.78,1659129.36,16396913.21,12449983.76,2726159.66,108000.0,25986488.35,16396938.68,16396938.68,205823.16293478262,25.0,92.0,3.0,89.0,True,True,True,False,True,True,True
4685,2023-01-16T00:00:00.000Z,Severe Storm,DR,GA,2023,2023-01-12T00:00:00.000Z,9,1,0,1,1,0.0,0,5557341.55,4745500.72,811840.83,36328111.89,20999509.42,12570113.24,3899207.63,45784661.07,36328111.89,36328111.89,392710.6281818182,28.0,121.0,14.0,107.0,True,True,True,True,True,True,False
4686,2023-02-05T00:00:00.000Z,Snowstorm,DR,ND,2023,2022-11-09T00:00:00.000Z,7,0,0,1,1,2.0,0,0.0,0.0,0.0,1740753.86,151747.03,1506471.47,374835.47,2115589.33,1740753.86,1740753.86,163820.95357142857,11.0,14.0,1.0,13.0,False,True,False,False,False,True,False
4687,2023-02-20T00:00:00.000Z,Winter Storm,DR,SD,2023,2022-12-12T00:00:00.000Z,1,0,0,1,1,13.0,0,0.0,0.0,0.0,819070.62,773196.37,45874.25,8600.0,827670.62,819070.62,819070.62,218418.83000000002,1.0,5.0,0.0,5.0,False,True,False,False,True,True,False
4688,2023-02-20T00:00:00.000Z,Winter Storm,DR,SD,2023,2022-12-12T00:00:00.000Z,1,0,0,1,1,13.0,0,0.0,0.0,0.0,303475.35,277568.91,0.0,11240.75,314716.1,303475.35,303475.35,98999.58,1.0,4.0,0.0,4.0,False,True,False,False,False,False,False
4689,2023-02-27T00:00:00.000Z,Winter Storm,DR,SD,2023,2022-12-12T00:00:00.000Z,17,0,0,1,1,13.0,0,0.0,0.0,0.0,2303950.83,577470.7,1501342.37,73531.95,2377482.7800000003,2303950.83,2303950.83,45407.40090909091,34.0,66.0,0.0,66.0,True,True,False,False,True,True,True
4690,2023-03-03T00:00:00.000Z,Severe Storm,DR,OK,2023,2022-12-21T00:00:00.000Z,1,0,0,1,1,4.0,0,0.0,0.0,0.0,264581.77,40953.94,201041.58,0.0,264581.77,264581.77,264581.77,69049.388,1.0,5.0,0.0,5.0,False,True,False,False,True,False,False
4691,2023-03-08T00:00:00.000Z,Winter Storm,DR,TN,2023,2022-12-22T00:00:00.000Z,11,0,0,1,1,5.0,0,0.0,0.0,0.0,7384618.63,734933.37,5687151.31,685305.93,8069924.56,7378677.61,7378677.61,86521.74554545454,38.0,110.0,2.0,108.0,False,True,False,False,True,True,True
4692,2023-03-08T00:00:00.000Z,Earthquake,DR,CA,2023,2022-12-20T00:00:00.000Z,1,0,0,1,1,12.0,0,0.0,0.0,0.0,514383.96,2916.0,470799.86,8410.33,522794.29000000004,476397.69,476397.69,51803.4025,1.0,12.0,0.0,12.0,False,True,False,False,True,False,False
4693,2023-03-15T00:00:00.000Z,Severe Storm,DR,NH,2023,2022-12-22T00:00:00.000Z,4,0,0,1,1,3.0,0,0.0,0.0,0.0,3390402.02,843511.82,2232974.53,0.0,3390402.02,3390402.02,3390402.02,58103.91289473684,34.0,76.0,0.0,76.0,True,True,True,False,True,False,False
4694,2023-03-15T00:00:00.000Z,Snowstorm,DR,NY,2023,2022-12-23T00:00:00.000Z,5,1,0,1,1,5.0,0,0.0,0.0,0.0,29755138.76,16684623.65,10786009.89,5548407.5,35303546.260000005,29790439.31,29790439.31,119877.39686153845,116.0,325.0,10.0,315.0,True,True,True,True,True,True,True
4695,2023-03-20T00:00:00.000Z,Severe Storm,DR,VT,2023,2022-12-22T00:00:00.000Z,8,0,0,1,1,2.0,0,0.0,0.0,0.0,5020816.9,584657.46,3821146.09,520291.1,5541108.0,5015135.62,5015135.62,162046.07425,16.0,40.0,1.0,39.0,True,True,True,False,True,True,False
4696,2023-03-22T00:00:00.000Z,Severe Storm,DR,ME,2023,2022-12-23T00:00:00.000Z,6,0,0,1,1,1.0,0,0.0,0.0,0.0,4969297.09,689955.11,3762228.18,774024.86,5743321.95,4971502.86,4971502.86,30454.24004716981,71.0,212.0,0.0,212.0,True,True,True,True,True,False,True
4697,2023-03-26T00:00:00.000Z,Severe Storm,DR,MS,2023,2023-03-24T00:00:00.000Z,7,1,0,1,1,1.0,0,13599107.37,9098006.42,4501100.95,75462069.4,56879288.45,16228155.02,4473912.13,93535088.9,78271986.88,78271986.88,436477.2281220657,34.0,213.0,23.0,190.0,True,True,True,False,True,True,True
4698,2023-04-02T00:00:00.000Z,Severe Storm,DR,AR,2023,2023-03-31T00:00:00.000Z,3,1,0,1,1,0.0,0,9847642.65,5494174.2,4353468.45,105865049.23,55425155.49,46993353.48,108750.0,115821441.88000001,119440584.62,119440584.62,846019.0506179775,30.0,178.0,21.0,157.0,True,True,True,True,True,True,True
4699,2023-04-03T00:00:00.000Z,Severe Storm,DR,CA,2023,2023-02-21T00:00:00.000Z,46,1,0,1,1,139.0,0,49178908.97,45780663.46,3398245.51,236386074.35,149956643.88,77786960.11,9247399.7,294812383.02,238982294.43,238982294.43,278921.61076855124,297.0,1132.0,48.0,1084.0,True,True,True,True,True,True,True
4700,2023-04-04T00:00:00.000Z,Winter Storm,DR,AR,2023,2023-01-30T00:00:00.000Z,13,0,0,1,1,3.0,0,0.0,0.0,0.0,9929960.84,4401554.1,4929387.39,0.0,9929960.84,9929960.84,9929960.84,241486.56648148148,25.0,54.0,4.0,50.0,True,True,True,False,False,True,False
4701,2023-04-07T00:00:00.000Z,Severe Storm,DR,TN,2023,2023-03-31T00:00:00.000Z,13,1,0,1,1,1.0,0,3704826.8,2915676.7,789150.1,46441445.1,10754290.38,34459727.99,0.0,50146271.9,46440681.27,46440681.27,741105.6133734939,28.0,83.0,6.0,77.0,True,True,True,False,True,True,True
4702,2023-04-10T00:00:00.000Z,Severe Storm,DR,KY,2023,2023-03-03T00:00:00.000Z,88,0,0,1,1,1.0,0,0.0,0.0,0.0,31268163.26,7006771.43,20960644.33,1249184.58,32517347.840000004,31267333.22,31267333.22,147599.28978181817,101.0,275.0,3.0,272.0,True,True,True,True,True,True,True
4703,2023-04-11T00:00:00.000Z,Severe Storm,DR,AZ,2023,2023-01-14T00:00:00.000Z,1,0,0,1,1,3.0,0,0.0,0.0,0.0,0.0,0.0,0.0,0.0,0.0,0.0,0.0,0.0,0.0,0.0,0.0,0.0,0,0,0,0,0,0,0
4704,2023-04-15T00:00:00.000Z,Severe Storm,DR,IN,2023,2023-03-31T00:00:00.000Z,13,1,0,1,1,1.0,0,2635373.99,2347870.42,287503.57,13788214.24,2819687.24,9390986.07,484798.7,16908386.93,13787651.75,13787651.75,151305.50084745765,37.0,118.0,4.0,114.0,True,True,True,False,True,True,True
4705,2023-04-21T00:00:00.000Z,Winter Storm,DR,TX,2023,2023-01-30T00:00:00.000Z,23,0,0,1,1,3.0,0,0.0,0.0,0.0,85424548.59,50702593.76,25943248.17,7722480.31,93147028.9,79167964.66,79167964.66,603923.8142941176,77.0,170.0,16.0,154.0,True,True,True,False,True,True,True
4706,2023-04-24T00:00:00.000Z,Tornado,DR,OK,2023,2023-04-19T00:00:00.000Z,3,1,0,1,1,1.0,0,3047242.46,2682178.96,365063.5,18351311.74,6727925.17,10051349.4,1962062.6,23360616.8,18351311.74,18351311.74,386200.0498387097,14.0,62.0,9.0,53.0,True,True,True,False,True,True,True
4707,2023-04-25T00:00:00.000Z,Winter Storm,DR,CA,2023,2023-02-14T00:00:00.000Z,1,1,0,1,1,19.0,0,2065723.13,1985662.49,80060.64,701290.11,237684.57,412996.97,0.0,2767013.2399999998,701290.11,701290.11,128931.34000000001,1.0,6.0,0.0,6.0,True,False,True,False,True,False,False
4708,2023-04-27T00:00:00.000Z,Flood,DR,NV,2023,2023-03-08T00:00:00.000Z,6,0,0,1,1,11.0,0,0.0,0.0,0.0,10816787.11,3017481.7,6978277.06,501389.56,11318176.67,10793855.31,10793855.31,196085.15000000002,12.0,72.0,1.0,71.0,True,True,True,True,True,False,True
4709,2023-04-27T00:00:00.000Z,Flood,DR,FL,2023,2023-04-12T00:00:00.000Z,1,1,0,1,1,2.0,0,38943360.51,29182487.13,9760873.38,52701946.69,15502048.04,34254837.12,3040377.9,94685685.1,52701946.690000005,52701946.690000005,672694.9001941747,15.0,103.0,11.0,92.0,True,True,True,True,True,True,True
4710,2023-05-05T00:00:00.000Z,Severe Storm,DR,AL,2023,2023-03-24T00:00:00.000Z,10,0,0,1,1,3.0,0,0.0,0.0,0.0,12189470.9,1900495.72,9485634.34,0.0,12189470.9,12189470.9,12189470.9,148007.8463888889,32.0,108.0,1.0,107.0,True,True,True,False,True,True,True
4711,2023-05-09T00:00:00.000Z,Flood,DR,KY,2023,2023-02-15T00:00:00.000Z,22,0,0,1,1,5.0,0,0.0,0.0,0.0,21452191.58,476197.93,18943990.56,235826.42,21688018.0,21458421.7,21458421.7,85164.31070121951,37.0,328.0,0.0,328.0,True,True,True,True,False,True,True
4712,2023-05-17T00:00:00.000Z,Severe Storm,DR,TN,2023,2023-03-01T00:00:00.000Z,45,0,0,1,1,2.0,0,0.0,0.0,0.0,29021882.57,2806916.93,25139687.7,306026.4,29327908.97,29059096.11,29059096.11,262924.8993835617,58.0,146.0,5.0,141.0,True,True,True,False,True,True,True
4713,2023-05-18T00:00:00.000Z,Severe Storm,DR,CA,2023,2023-02-23T00:00:00.000Z,1,0,0,1,1,3.0,0,0.0,0.0,0.0,233155.45,21330.68,191921.26,0.0,233155.45,162233.2,162233.2,69892.14333333333,1.0,3.0,0.0,3.0,False,True,False,False,True,False,False
4714,2023-05-25T00:00:00.000Z,Severe Storm,DR,CA,2023,2023-03-11T00:00:00.000Z,1,0,0,1,1,5.0,0,0.0,0.0,0.0,476684.72,39447.68,396544.45,0.0,476684.72,476684.72,476684.72,155503.85749999998,1.0,4.0,0.0,4.0,False,True,False,True,True,False,False
4715,2023-05-25T00:00:00.000Z,Hurricane,DR,GU,2023,2023-05-22T00:00:00.000Z,1,1,0,1,1,7.0,0,71264777.21,40216867.55,31047909.66,61446457.8,19305627.19,39441094.02,1132661.61,133843896.61999999,61441382.32,61441382.32,180766.5727393617,79.0,376.0,14.0,362.0,True,True,True,False,True,True,True
4716,2023-06-02T00:00:00.000Z,Tropical Storm,DR,MP,2023,2023-05-22T00:00:00.000Z,3,0,0,1,1,7.0,0,0.0,0.0,0.0,1544004.64,539384.39,791654.06,0.0,1544004.64,1544004.64,1544004.64,76449.38884615384,8.0,26.0,0.0,26.0,True,True,False,False,True,True,True
4717,2023-07-05T00:00:00.000Z,Flood,DR,ND,2023,2023-04-10T00:00:00.000Z,21,0,0,1,1,26.0,0,0.0,0.0,0.0,6541703.41,507655.6,5420532.58,1009435.46,7551138.87,6541703.41,6541703.41,73429.01689655174,33.0,116.0,1.0,115.0,True,True,True,True,False,False,True
4718,2023-07-06T00:00:00.000Z,Flood,DR,SD,2023,2023-04-09T00:00:00.000Z,11,0,0,1,1,26.0,0,0.0,0.0,0.0,5825018.99,162575.38,5234357.98,879044.32,6704063.3100000005,5825018.99,5825018.99,49506.47116883117,89.0,154.0,0.0,154.0,True,True,True,True,False,True,True
4719,2023-07-06T00:00:00.000Z,Flood,DR,ME,2023,2023-04-30T00:00:00.000Z,8,0,0,1,1,1.0,0,0.0,0.0,0.0,13282278.42,190575.49,12403137.88,585382.67,13867661.09,13749261.46,13749261.46,68451.81144486692,93.0,263.0,2.0,261.0,True,True,True,False,True,True,True
4720,2023-07-14T00:00:00.000Z,Flood,DR,VT,2023,2023-07-07T00:00:00.000Z,14,1,0,1,1,14.0,0,26216352.56,24457348.27,1759004.29,246437852.56,49502880.19,179711340.1,42391463.66,315045668.78,275309833.16,275309833.16,205026.29959836625,195.0,1469.0,30.0,1439.0,True,True,True,True,True,True,True
4721,2023-07-19T00:00:00.000Z,Severe Storm,DR,OK,2023,2023-06-14T00:00:00.000Z,25,0,0,1,1,4.0,0,0.0,0.0,0.0,40748321.49,8427678.75,29063124.63,2508938.63,43257260.120000005,40749025.96,40749025.96,152131.9841142857,71.0,350.0,8.0,342.0,True,True,True,False,True,True,True
4722,2023-07-19T00:00:00.000Z,Flood,DR,MN,2023,2023-04-11T00:00:00.000Z,26,0,0,1,1,19.0,0,0.0,0.0,0.0,10752610.0,961134.72,8824505.35,1343280.97,12095890.97,10752610.0,10752610.0,33288.5735391924,235.0,421.0,1.0,420.0,True,True,True,True,False,True,True
4723,2023-07-22T00:00:00.000Z,Severe Storm,DR,NY,2023,2023-07-09T00:00:00.000Z,9,0,0,1,1,1.0,0,0.0,0.0,0.0,58777956.06,3280519.41,51614259.11,10673789.25,69451745.31,58777956.08,58777956.08,204989.9332712766,78.0,376.0,15.0,361.0,True,True,True,True,True,True,True
4724,2023-08-10T00:00:00.000Z,Fire,DR,HI,2023,2023-08-08T00:00:00.000Z,2,1,0,1,1,53.0,0,84365276.16,61738187.76,22627088.4,740738058.62,474625374.41,206126774.99,9188369.77,834291704.55,740399585.33,740399585.33,4108139.4968586387,42.0,191.0,53.0,138.0,True,True,False,False,True,True,True
4725,2023-08-11T00:00:00.000Z,Severe Storm,DR,NJ,2023,2023-07-14T00:00:00.000Z,1,0,0,1,1,1.0,0,0.0,0.0,0.0,16158525.57,1674323.49,12514558.5,1831879.91,17990405.48,16130738.1,16130738.1,175219.34983193278,23.0,119.0,3.0,116.0,True,True,True,True,True,True,True
4726,2023-08-12T00:00:00.000Z,Flood,DR,MT,2023,2023-04-10T00:00:00.000Z,8,0,0,1,1,16.0,0,0.0,0.0,0.0,1253511.75,18534.27,1043679.11,0.0,1253511.75,1253511.75,1253511.75,47281.84735294118,7.0,34.0,0.0,34.0,True,True,True,True,False,False,False
4727,2023-08-12T00:00:00.000Z,Severe Storm,DR,MS,2023,2023-06-14T00:00:00.000Z,30,1,0,1,1,5.0,0,3288317.84,2837593.52,450724.32,9393758.66,2488608.3,6357098.77,1168645.74,13850722.24,9389841.72,9389841.72,158168.01243589746,25.0,78.0,2.0,76.0,True,True,True,False,True,True,True
4728,2023-08-15T00:00:00.000Z,Severe Storm,DR,IL,2023,2023-06-29T00:00:00.000Z,22,1,0,1,1,3.0,0,326750876.63,285319706.77,41431169.86,24706004.41,9897210.24,12637069.41,737529.16,352194410.20000005,24707629.45,24707629.45,150558.86640186916,102.0,214.0,7.0,207.0,True,True,True,False,True,True,True
4729,2023-08-17T00:00:00.000Z,Severe Storm,DR,TN,2023,2023-06-25T00:00:00.000Z,3,0,0,1,1,1.0,0,0.0,0.0,0.0,20898992.89,6905259.35,13025180.64,0.0,20898992.89,20898992.89,20898992.89,612054.9524444444,17.0,45.0,5.0,40.0,True,True,True,False,True,True,True
4730,2023-08-23T00:00:00.000Z,Flood,DR,AK,2023,2023-05-12T00:00:00.000Z,10,1,0,1,1,22.0,0,3489813.15,870851.31,2618961.84,17323178.11,364932.46,15817455.99,369213.11,21182204.369999997,19152631.16,19152631.16,399310.7642857143,17.0,63.0,4.0,59.0,True,True,True,False,True,True,True
4731,2023-08-25T00:00:00.000Z,Flood,DR,CO,2023,2023-06-08T00:00:00.000Z,14,0,0,1,1,15.0,0,0.0,0.0,0.0,20627996.05,2669455.54,16707939.86,1367759.03,21995755.080000002,26933151.37,26933151.37,277296.88625,32.0,128.0,8.0,120.0,True,True,True,True,True,True,True
4732,2023-08-25T00:00:00.000Z,Flood,DR,IA,2023,2023-04-24T00:00:00.000Z,7,0,0,1,1,19.0,0,0.0,0.0,0.0,8210572.35,3334019.01,4434904.27,921749.69,9132322.04,8210572.35,8210572.35,171431.95746031747,20.0,63.0,2.0,61.0,True,True,True,True,False,True,True
4733,2023-08-28T00:00:00.000Z,Mud/Landslide,DR,OR,2023,2023-06-11T00:00:00.000Z,1,0,0,1,1,1.0,0,0.0,0.0,0.0,2175995.67,1118501.59,924503.53,0.0,2175995.67,2175995.67,2175995.67,238083.11166666666,1.0,12.0,1.0,11.0,True,True,True,True,True,False,True
4734,2023-08-31T00:00:00.000Z,Hurricane,DR,FL,2023,2023-08-27T00:00:00.000Z,49,1,0,1,1,8.0,0,85089671.3,58436576.7,26653094.6,426309829.95,368798015.92,33667685.82,45646235.7,557045736.95,420573647.19,420573647.19,485621.8446162281,210.0,912.0,37.0,875.0,True,True,True,True,True,True,True
4735,2023-09-04T00:00:00.000Z,Severe Storm,DR,TN,2023,2023-07-18T00:00:00.000Z,4,0,0,1,1,3.0,0,0.0,0.0,0.0,14606351.99,1842873.41,11857679.89,0.0,14606351.99,14606351.99,14606351.99,661144.9317241381,12.0,29.0,2.0,27.0,True,True,True,False,True,True,False
4736,2023-09-05T00:00:00.000Z,Flood,DR,ME,2023,2023-06-29T00:00:00.000Z,1,0,0,1,1,0.0,0,0.0,0.0,0.0,3786643.42,139931.71,3248162.74,165439.3,3952082.7199999997,3786643.42,3786643.42,273111.5655555555,6.0,18.0,1.0,17.0,True,True,True,False,False,True,True
4737,2023-09-06T00:00:00.000Z,Flood,DR,ME,2023,2023-06-26T00:00:00.000Z,1,0,0,1,1,0.0,0,0.0,0.0,0.0,1007524.08,91421.74,728943.12,119439.31,1126963.39,1007524.08,1007524.08,142331.00222222222,3.0,9.0,0.0,9.0,True,True,True,False,False,False,False
4738,2023-09-07T00:00:00.000Z,Hurricane,DR,GA,2023,2023-08-30T00:00:00.000Z,32,1,0,1,1,0.0,0,5040799.4,4452358.59,588440.81,58944738.76,30135933.0,25624336.5,2516080.88,66501619.04,58944118.129999995,58944118.129999995,275909.8480782918,80.0,281.0,11.0,270.0,True,True,True,True,True,True,True
4739,2023-09-11T00:00:00.000Z,Flood,DR,WY,2023,2023-06-15T00:00:00.000Z,1,0,0,1,1,0.0,0,0.0,0.0,0.0,874057.91,97910.18,659309.87,0.0,874057.91,899510.2,899510.2,64466.72111111111,5.0,18.0,0.0,18.0,True,True,True,True,True,True,True
4740,2023-09-14T00:00:00.000Z,Flood,DR,NH,2023,2023-07-09T00:00:00.000Z,7,0,0,1,1,8.0,0,0.0,0.0,0.0,12482056.57,1391540.1,9847589.15,1608300.29,14090356.86,12482056.57,12482056.57,101427.7038125,44.0,160.0,1.0,159.0,True,True,True,True,False,True,True
4741,2023-09-21T00:00:00.000Z,Severe Storm,DR,MO,2023,2023-07-29T00:00:00.000Z,33,0,0,1,1,16.0,0,0.0,0.0,0.0,15847026.18,1383871.29,13140083.29,2967737.67,18814763.85,15847026.18,15847026.18,95337.99018433181,78.0,217.0,1.0,216.0,True,True,True,True,True,True,True
4742,2023-09-27T00:00:00.000Z,Severe Storm,DR,TN,2023,2023-08-07T00:00:00.000Z,10,0,0,1,1,0.0,0,0.0,0.0,0.0,10089089.39,2489825.37,6674149.8,0.0,10089089.39,10089089.39,10089089.39,243402.73481481482,23.0,54.0,3.0,51.0,True,True,True,False,True,True,False
4743,2023-09-27T00:00:00.000Z,Hurricane,DR,CA,2023,2023-08-19T00:00:00.000Z,1,0,0,1,1,2.0,0,0.0,0.0,0.0,1293663.48,47305.09,1136860.74,0.0,1293663.48,1435259.0,1435259.0,316513.16,1.0,5.0,1.0,4.0,True,True,True,False,False,False,True
4744,2023-10-06T00:00:00.000Z,Flood,DR,VT,2024,2023-08-03T00:00:00.000Z,1,0,0,1,1,2.0,0,0.0,0.0,0.0,3851734.64,293586.45,3159836.5,506842.84,4358577.48,3771495.2399999998,3771495.2399999998,104167.86382978722,11.0,47.0,0.0,47.0,True,True,True,False,True,True,True
4745,2023-10-11T00:00:00.000Z,Flood,DR,MT,2024,2023-06-01T00:00:00.000Z,10,0,0,1,1,7.0,0,0.0,0.0,0.0,2898254.18,139534.41,2452112.37,0.0,2898254.18,2873541.41,2873541.41,93321.48925,10.0,40.0,1.0,39.0,True,True,True,False,False,False,False
4746,2023-10-18T00:00:00.000Z,Tropical Storm,DR,CA,2024,2023-08-19T00:00:00.000Z,1,0,0,1,1,2.0,0,0.0,0.0,0.0,543053.87,237371.78,259323.83,0.0,543053.87,543053.87,543053.87,88577.38,1.0,8.0,0.0,8.0,True,True,True,True,True,False,False
4747,2023-10-26T00:00:00.000Z,Severe Storm,DR,KS,2024,2023-07-14T00:00:00.000Z,21,0,0,1,1,7.0,0,0.0,0.0,0.0,10451155.06,3031623.86,6926736.45,487166.56,10938321.620000001,10451155.06,10451155.06,133695.22446601943,45.0,103.0,3.0,100.0,True,True,True,True,True,True,True
4748,2023-11-14T00:00:00.000Z,Severe Storm,DR,AR,2024,2023-06-25T00:00:00.000Z,4,0,0,1,1,1.0,0,0.0,0.0,0.0,4228835.57,1134975.92,2573896.68,0.0,4228835.57,4228835.57,4228835.57,140131.44615384616,15.0,39.0,1.0,38.0,True,True,False,True,True,True,True
4749,2023-11-20T00:00:00.000Z,Flood,DR,IL,2024,2023-09-17T00:00:00.000Z,1,1,0,0,1,1.0,0,63881804.58,57081216.63,6800587.95,0.0,0.0,0.0,151140.15,64032944.73,0.0,0.0,0.0,0.0,0.0,0.0,0.0,0,0,0,0,0,0,0
4750,2023-11-21T00:00:00.000Z,Hurricane,DR,CA,2024,2023-08-19T00:00:00.000Z,5,0,0,1,1,2.0,0,0.0,0.0,0.0,33108361.61,9578935.26,18180950.13,1398548.06,34506909.67,33108361.61,33108361.61,237986.8320224719,50.0,178.0,9.0,169.0,True,True,True,True,True,True,True
4751,2023-12-13T00:00:00.000Z,Severe Storm,DR,TN,2024,2023-12-09T00:00:00.000Z,9,1,0,1,1,0.0,0,4629951.1,2601174.38,2028776.72,15616879.03,3519379.05,11091078.21,0.0,20246830.13,15616879.03,15616879.03,305776.5847761194,22.0,67.0,3.0,64.0,True,True,True,False,True,True,False
4752,2023-12-23T00:00:00.000Z,Flood,DR,UT,2024,2023-05-01T00:00:00.000Z,5,0,0,1,1,26.0,0,0.0,0.0,0.0,14499307.36,8340583.26,4323579.39,564297.87,15063605.229999999,14499307.360000001,14499307.360000001,334298.12124999997,12.0,56.0,5.0,51.0,True,True,True,True,False,True,True
4753,2024-01-07T00:00:00.000Z,Severe Storm,DR,RI,2024,2023-09-10T00:00:00.000Z,1,1,0,0,1,3.0,0,3359408.37,3204310.96,155097.41,0.0,0.0,0.0,375747.72,3735156.09,0.0,0.0,0.0,0.0,0.0,0.0,0.0,0,0,0,0,0,0,0
4754,2024-01-30T00:00:00.000Z,Severe Storm,DR,ME,2024,2023-12-17T00:00:00.000Z,10,1,0,1,1,4.0,0,6781306.32,6104619.01,676687.31,36895724.74,3569581.79,32210599.2,1244239.51,44921270.57,37621599.839999996,37621599.839999996,84393.90510204082,173.0,588.0,3.0,585.0,True,True,True,True,True,True,True
4755,2024-01-30T00:00:00.000Z,Flood,DR,NY,2024,2023-09-28T00:00:00.000Z,3,0,0,1,1,2.0,0,0.0,0.0,0.0,11506172.01,4240496.76,6789415.36,2673103.09,14179275.1,11506172.01,11506172.01,87761.90057803469,48.0,173.0,0.0,173.0,True,True,True,True,True,True,True
4756,2024-01-30T00:00:00.000Z,Flood,DR,WV,2024,2023-08-28T00:00:00.000Z,6,1,0,1,1,2.0,0,3372753.83,3259527.67,113226.16,4817396.83,391014.01,3967983.49,212999.0,8403149.66,4817396.83,4817396.83,232236.88592592592,10.0,27.0,2.0,25.0,True,True,True,False,True,True,True
4757,2024-02-08T00:00:00.000Z,Flood,DR,MI,2024,2023-08-24T00:00:00.000Z,9,1,0,0,1,2.0,0,439588177.69,393550920.84,46037256.85,0.0,0.0,0.0,6483236.6,446071414.29,0.0,0.0,0.0,0.0,0.0,0.0,0.0,0,0,0,0,0,0,0
4758,2024-02-19T00:00:00.000Z,Flood,DR,CA,2024,2024-01-21T00:00:00.000Z,1,1,0,0,1,2.0,0,27820961.07,23486488.63,4334472.44,0.0,0.0,0.0,151570.95,27972532.02,0.0,0.0,0.0,0.0,0.0,0.0,0.0,0,0,0,0,0,0,0
4759,2024-02-15T00:00:00.000Z,Fire,DR,WA,2024,2023-08-18T00:00:00.000Z,2,1,0,1,1,7.0,0,3605489.02,3005584.09,599904.93,6250668.9,1493820.21,3734879.57,543742.47,10399900.39,6250665.67,6250665.67,296057.94111111114,12.0,27.0,2.0,25.0,True,True,True,False,True,True,True
4760,2024-02-15T00:00:00.000Z,Winter Storm,DR,ND,2024,2023-12-25T00:00:00.000Z,13,0,0,1,1,2.0,0,0.0,0.0,0.0,11740665.9,322694.21,9818886.2,2292826.36,14033492.26,11739996.120000001,11739996.120000001,265268.411754386,20.0,57.0,2.0,55.0,True,True,False,False,False,True,False
4761,2024-02-27T00:00:00.000Z,Severe Storm,DR,NH,2024,2023-12-17T00:00:00.000Z,3,0,0,1,1,4.0,0,0.0,0.0,0.0,4034629.94,304413.0,3340969.97,486352.44,4520982.38,4029532.21,4029532.21,46827.31669642857,31.0,112.0,0.0,112.0,True,True,True,True,True,True,True
4762,2024-03-02T00:00:00.000Z,Severe Storm,DR,VT,2024,2023-12-18T00:00:00.000Z,7,0,0,1,1,1.0,0,0.0,0.0,0.0,6664045.72,83421.83,5879953.11,282769.0,6946814.72,6531760.56,6531760.56,124639.07264705881,28.0,68.0,0.0,68.0,True,True,True,True,False,True,True
4763,2024-03-15T00:00:00.000Z,Mud/Landslide,DR,AK,2024,2023-11-20T00:00:00.000Z,2,1,0,1,1,0.0,0,76979.77,49058.23,27921.54,0.0,0.0,0.0,0.0,76979.77,0.0,0.0,0.0,0.0,0.0,0.0,0.0,0,0,0,0,0,0,0
4764,2024-03-20T00:00:00.000Z,Severe Storm,DR,ME,2024,2024-01-09T00:00:00.000Z,8,1,0,1,1,4.0,0,5328308.23,5132377.37,195930.86,49588202.89,5442937.53,42885950.23,2035887.69,56952398.81,49507641.25,49507641.25,169491.57670984455,90.0,386.0,11.0,375.0,True,True,True,True,True,True,True
4765,2024-03-20T00:00:00.000Z,Severe Storm,DR,RI,2024,2023-12-17T00:00:00.000Z,3,1,0,0,1,2.0,0,6386274.89,6193331.44,192943.45,0.0,0.0,0.0,67499.7,6453774.59,0.0,0.0,0.0,0.0,0.0,0.0,0.0,0,0,0,0,0,0,0
4766,2024-03-20T00:00:00.000Z,Severe Storm,DR,RI,2024,2024-01-09T00:00:00.000Z,4,1,0,1,1,4.0,0,13000478.57,12613412.25,387066.32,4855781.74,660794.86,3757753.94,0.0,17856260.310000002,6038817.39,6038817.39,101359.12692307691,16.0,78.0,2.0,76.0,True,True,True,True,True,True,True
4767,2024-04-06T00:00:00.000Z,Mud/Landslide,DR,AK,2024,2023-11-20T00:00:00.000Z,3,0,0,1,1,0.0,0,0.0,0.0,0.0,897510.09,755677.94,47371.38,66191.83,963701.9199999999,897510.09,897510.09,116519.31499999999,5.0,10.0,0.0,10.0,True,True,False,False,False,True,False
4768,2024-04-13T00:00:00.000Z,Severe Storm,DR,OR,2024,2024-01-10T00:00:00.000Z,13,0,0,1,1,12.0,0,0.0,0.0,0.0,35580836.42,17187257.76,16068369.68,990786.04,36571622.46,36979749.04,36979749.04,166798.03109965633,98.0,291.0,5.0,286.0,True,True,True,False,True,True,True
4769,2024-04-13T00:00:00.000Z,Severe Storm,DR,CA,2024,2024-01-31T00:00:00.000Z,9,0,0,1,1,9.0,0,0.0,0.0,0.0,34200967.13,17368890.25,11318339.03,221734.52,34422701.650000006,34200967.13,34200967.13,200749.43165137616,62.0,218.0,8.0,210.0,True,True,True,True,True,True,True
4770,2024-04-19T00:00:00.000Z,Severe Storm,DR,VT,2024,2024-01-09T00:00:00.000Z,5,0,0,1,1,4.0,0,0.0,0.0,0.0,4466206.14,314483.02,4065538.97,39295.67,4505501.81,4466206.14,4466206.14,395080.8953333333,9.0,15.0,1.0,14.0,True,True,False,False,False,True,False
4771,2024-04-19T00:00:00.000Z,Severe Storm,DR,NH,2024,2024-01-09T00:00:00.000Z,2,0,0,1,1,5.0,0,0.0,0.0,0.0,2572022.33,456463.88,1840793.19,99644.05,2671666.38,2778970.59,2778970.59,60228.424333333336,17.0,60.0,0.0,60.0,True,True,True,True,True,True,True
4772,2024-04-19T00:00:00.000Z,Severe Storm,DR,CA,2024,2024-01-31T00:00:00.000Z,1,0,0,1,1,9.0,0,0.0,0.0,0.0,1734151.75,594547.1,1139604.65,0.0,1734151.75,1734151.75,1734151.75,578050.5775,1.0,4.0,1.0,3.0,False,True,False,False,False,False,True
4773,2024-04-19T00:00:00.000Z,Severe Storm,DR,CA,2024,2024-01-30T00:00:00.000Z,1,0,0,1,1,1.0,0,0.0,0.0,0.0,204081.9,8659.58,178000.7,0.0,204081.9,204081.9,204081.9,38043.14,1.0,7.0,0.0,7.0,True,False,True,False,True,False,False
4774,2024-04-28T00:00:00.000Z,Winter Storm,DR,KS,2024,2024-01-08T00:00:00.000Z,17,0,0,1,1,8.0,0,0.0,0.0,0.0,11221338.56,5220.99,10677200.82,46051.22,11267389.780000001,11221338.56,11221338.56,162441.15978021978,54.0,91.0,2.0,89.0,False,True,True,False,True,True,False
4775,2024-04-28T00:00:00.000Z,Severe Storm,DR,WA,2024,2024-01-05T00:00:00.000Z,17,0,0,1,1,24.0,0,0.0,0.0,0.0,10265968.02,1082335.75,8081320.28,341318.02,10607286.04,10395587.07,10395587.07,143546.22468085107,38.0,94.0,2.0,92.0,True,True,True,True,True,True,True
4776,2024-04-30T00:00:00.000Z,Tornado,DR,OK,2024,2024-04-25T00:00:00.000Z,25,1,0,1,1,14.0,0,10930788.8,7383303.65,3547485.15,31330687.03,13483706.97,16270265.12,1696122.64,43957598.47,33408519.45,33408519.45,185328.3200851064,60.0,235.0,7.0,228.0,True,True,True,True,True,True,True
4777,2024-05-02T00:00:00.000Z,Tornado,DR,OH,2024,2024-03-14T00:00:00.000Z,11,1,0,0,1,0.0,0,3747420.82,2454425.87,1292994.95,0.0,0.0,0.0,887081.38,4634502.2,0.0,0.0,0.0,0.0,0.0,0.0,0.0,0,0,0,0,0,0,0
4778,2024-05-03T00:00:00.000Z,Tornado,DR,NE,2024,2024-04-25T00:00:00.000Z,6,1,0,1,1,2.0,0,1002445.94,506920.76,495525.18,8158156.2,1173660.04,6576348.17,992847.4,10153449.540000001,8158156.2,8158156.2,268537.304,18.0,40.0,3.0,37.0,True,True,True,False,True,True,True
4779,2024-05-14T00:00:00.000Z,Tornado,DR,IA,2024,2024-04-26T00:00:00.000Z,9,1,0,1,1,1.0,0,1191262.87,678337.42,512925.45,6381993.28,1586219.14,4237401.5,222210.17,7795466.32,6381993.28,6381993.28,96781.39372093024,27.0,86.0,1.0,85.0,True,True,True,True,True,True,True
4780,2024-05-15T00:00:00.000Z,Flood,DR,MA,2024,2023-09-11T00:00:00.000Z,2,1,0,0,1,2.0,0,7670256.32,5078810.62,2591445.7,0.0,0.0,0.0,284799.75,7955056.07,0.0,0.0,0.0,0.0,0.0,0.0,0.0,0,0,0,0,0,0,0
4781,2024-05-17T00:00:00.000Z,Flood,DR,TX,2024,2024-04-26T00:00:00.000Z,83,1,0,1,1,40.0,0,313790496.68,148880084.78,164910411.9,232401657.4,72186680.84,144120098.68,1577828.49,547769982.57,232695585.31,232695585.31,282587.03746987955,256.0,1079.0,44.0,1035.0,True,True,True,True,True,True,True
4782,2024-05-22T00:00:00.000Z,Severe Storm,DR,KY,2024,2024-04-02T00:00:00.000Z,11,1,0,0,1,0.0,0,3946411.84,2991260.24,955151.6,0.0,0.0,0.0,364289.99,4310701.83,0.0,0.0,0.0,0.0,0.0,0.0,0.0,0,0,0,0,0,0,0
4783,2024-05-22T00:00:00.000Z,Severe Storm,DR,WV,2024,2024-04-02T00:00:00.000Z,15,1,0,1,1,4.0,0,7483136.9,5292235.8,2190901.1,19372607.44,309244.55,18531997.97,0.0,26855744.340000004,19359701.44,19359701.44,267084.5336458333,14.0,96.0,3.0,93.0,True,True,True,True,True,True,True
4784,2024-05-24T00:00:00.000Z,Severe Storm,DR,IA,2024,2024-05-20T00:00:00.000Z,29,1,0,1,1,11.0,0,3720998.89,2459793.19,1261205.7,23264059.64,6109387.9,15669869.06,1238925.7,28223984.23,23841020.5,23841020.5,122443.98374015749,75.0,254.0,5.0,249.0,True,True,True,True,True,True,True
4785,2024-05-24T00:00:00.000Z,Winter Storm,DR,ME,2024,2024-04-03T00:00:00.000Z,2,0,0,1,1,2.0,0,0.0,0.0,0.0,4946163.09,3360199.84,1371179.26,245677.45,5191840.54,4946163.09,4946163.09,60400.82435185186,51.0,108.0,1.0,107.0,True,True,True,False,True,True,True
4786,2024-05-24T00:00:00.000Z,Severe Storm,DR,NE,2024,2024-04-06T00:00:00.000Z,8,0,0,1,1,1.0,0,0.0,0.0,0.0,15700715.23,0.0,14565863.42,453415.5,16154130.73,15700709.729999999,15700709.729999999,934363.5204545454,11.0,22.0,4.0,18.0,False,False,False,False,False,True,False
4787,2024-05-24T00:00:00.000Z,Flood,DR,WV,2024,2024-04-11T00:00:00.000Z,13,1,0,1,1,1.0,0,3586953.2,2713497.88,873455.32,15083253.29,54662.17,14394188.45,0.0,18670206.49,15083253.290000001,15083253.290000001,310930.25921875,13.0,64.0,1.0,63.0,True,True,True,True,False,True,True
4788,2024-05-30T00:00:00.000Z,Severe Storm,DR,AR,2024,2024-05-24T00:00:00.000Z,11,1,0,1,1,3.0,0,8248021.68,4400050.6,3847971.08,55874609.06,40845348.06,13411730.67,0.0,64122630.74,53893208.77,53893208.77,315568.2922566371,46.0,226.0,12.0,214.0,True,True,True,False,True,True,True
4789,2024-06-10T00:00:00.000Z,Flood,DR,ID,2024,2024-04-14T00:00:00.000Z,3,0,0,1,1,1.0,0,0.0,0.0,0.0,1996246.3,337481.18,1415069.42,13786.0,2010032.3,5781670.9,5781670.9,693423.8727272727,4.0,11.0,1.0,10.0,True,True,True,False,False,False,False
4790,2024-06-10T00:00:00.000Z,Severe Storm,DR,MS,2024,2024-04-08T00:00:00.000Z,6,1,0,0,1,3.0,0,36677751.58,25010588.18,11667163.4,0.0,0.0,0.0,895042.95,37572794.53,0.0,0.0,0.0,0.0,0.0,0.0,0.0,0,0,0,0,0,0,0
4791,2024-06-14T00:00:00.000Z,Severe Storm,DR,OK,2024,2024-05-19T00:00:00.000Z,10,1,0,1,1,9.0,0,3515180.4,2145264.35,1369916.05,11832836.54,6663281.62,4146618.04,0.0,15348016.94,11830882.9,11830882.9,266106.59551724134,15.0,58.0,3.0,55.0,True,True,True,False,True,True,True
4792,2024-06-17T00:00:00.000Z,Severe Storm,DR,TN,2024,2024-05-08T00:00:00.000Z,12,0,0,1,1,1.0,0,0.0,0.0,0.0,13920121.41,3225843.27,9543903.63,0.0,13920121.41,13920121.41,13920121.41,216389.32583333334,28.0,84.0,3.0,81.0,True,True,True,False,True,True,True
4793,2024-06-17T00:00:00.000Z,Flood,DR,HI,2024,2024-04-11T00:00:00.000Z,1,0,0,1,1,3.0,0,0.0,0.0,0.0,659588.97,309427.92,320169.13,0.0,659588.97,659588.97,659588.97,45760.76631578948,9.0,19.0,0.0,19.0,True,True,True,False,True,True,True
4794,2024-06-17T00:00:00.000Z,Severe Storm,DR,FL,2024,2024-05-10T00:00:00.000Z,13,1,0,1,1,0.0,0,9748189.06,4389625.74,5358563.32,31377246.23,20867073.23,7566640.75,1139655.58,42265090.87,31377246.23,31377246.23,374817.8946788991,29.0,109.0,6.0,103.0,True,True,True,False,True,True,True
4795,2024-06-20T00:00:00.000Z,Fire,DR,NM,2024,2024-06-17T00:00:00.000Z,5,1,0,1,1,64.0,0,8519352.4,5458703.28,3060649.12,42612452.51,15066462.28,24482545.02,1939236.93,53071041.839999996,42637898.84,42637898.84,284614.84680628276,39.0,191.0,9.0,182.0,True,True,True,True,True,True,True
4796,2024-06-24T00:00:00.000Z,Severe Storm,DR,IA,2024,2024-06-16T00:00:00.000Z,29,1,0,1,1,37.0,0,69542602.34,48032034.28,21510568.06,108661606.8,49396698.57,55566821.14,3500179.98,181704389.11999997,110868245.36,110868245.36,214256.7408702065,164.0,678.0,25.0,653.0,True,True,True,True,True,True,True
4797,2024-06-28T00:00:00.000Z,Flood,DR,MN,2024,2024-06-16T00:00:00.000Z,32,1,0,1,1,18.0,0,16916975.81,10887544.99,6029430.82,30293471.31,7565289.18,21272381.47,907943.77,48118390.89,30432052.56,30432052.56,38923.10677669902,409.0,1030.0,0.0,1030.0,True,True,True,True,True,True,True
4798,2024-07-09T00:00:00.000Z,Hurricane,DR,TX,2024,2024-07-05T00:00:00.000Z,67,1,0,1,1,4.0,0,935205589.34,208307301.24,726898288.1,252623743.49,181609965.81,51720134.34,476569.12,1188305901.9499998,253152935.53,253152935.53,294861.2012199466,299.0,1123.0,38.0,1085.0,True,True,True,True,True,True,True
4799,2024-07-10T00:00:00.000Z,Winter Storm,DR,NH,2024,2024-04-03T00:00:00.000Z,5,0,0,1,1,2.0,0,0.0,0.0,0.0,1216890.4,874656.5,148301.03,62760.33,1279650.73,1216890.4,1216890.4,42104.759729729725,16.0,37.0,0.0,37.0,True,True,True,False,True,True,False
4800,2024-07-15T00:00:00.000Z,Severe Storm,DR,KS,2024,2024-04-25T00:00:00.000Z,13,0,0,1,1,5.0,0,0.0,0.0,0.0,5770860.77,415807.16,4958068.38,140078.7,5910939.47,5889420.34,5889420.34,88284.04390804598,33.0,87.0,1.0,86.0,True,True,True,True,True,True,True
4801,2024-07-18T00:00:00.000Z,Severe Storm,DR,MT,2024,2024-05-06T00:00:00.000Z,12,0,0,1,1,3.0,0,0.0,0.0,0.0,3360559.19,50893.33,2972164.44,0.0,3360559.19,3360559.19,3360559.19,121340.13944444443,9.0,36.0,0.0,36.0,True,True,True,False,True,True,True
4802,2024-07-23T00:00:00.000Z,Severe Storm,DR,OK,2024,2024-03-14T00:00:00.000Z,1,0,0,1,1,1.0,0,0.0,0.0,0.0,195750.0,0.0,195750.0,0.0,195750.0,195750.0,195750.0,87000.0,1.0,3.0,0.0,3.0,False,False,False,False,True,False,False
4803,2024-07-23T00:00:00.000Z,Severe Storm,DR,MO,2024,2024-05-19T00:00:00.000Z,15,1,0,1,1,8.0,0,3850925.98,2411927.05,1438998.93,19334940.91,1975173.97,16222827.25,3259280.82,26445147.71,19334940.91,19334940.91,173979.04602739724,55.0,146.0,6.0,140.0,True,True,True,True,True,True,True
4804,2024-07-23T00:00:00.000Z,Severe Storm,DR,KY,2024,2024-05-21T00:00:00.000Z,58,1,0,1,1,6.0,0,3705725.7,2568975.94,1136749.76,26133681.26,12799385.98,11836452.97,82166.75,29921573.71,26133681.26,26133681.26,156829.34584474887,75.0,219.0,5.0,214.0,True,True,True,True,False,True,True
4805,2024-07-23T00:00:00.000Z,Flood,DR,PR,2024,2024-04-29T00:00:00.000Z,13,0,0,1,1,11.0,0,0.0,0.0,0.0,79526726.65,1160133.79,71219179.57,1202748.5,80729475.15,79526726.65,79526726.65,729951.8581690141,23.0,142.0,23.0,119.0,False,True,True,False,True,True,True
4806,2024-08-10T00:00:00.000Z,Tropical Storm,DR,FL,2024,2024-08-01T00:00:00.000Z,61,1,0,1,1,26.0,0,63349714.7,31102190.43,32247524.27,165534567.67,129838429.27,25515335.77,3472264.28,232356546.65,165693563.22,165693563.22,617986.2179261363,106.0,352.0,16.0,336.0,True,True,True,True,True,True,True
4807,2024-08-15T00:00:00.000Z,Flood,DR,SD,2024,2024-06-16T00:00:00.000Z,25,1,0,1,1,22.0,0,10007541.36,7017403.72,2990137.64,31646016.97,5097834.38,24993288.65,786956.83,42440515.16,31620016.84,31620016.84,79485.14646946565,217.0,524.0,3.0,521.0,True,True,True,True,True,True,True
4808,2024-08-20T00:00:00.000Z,Severe Storm,DR,NE,2024,2024-05-20T00:00:00.000Z,19,0,0,1,1,14.0,0,0.0,0.0,0.0,7281718.75,1109787.3,5694579.07,217886.25,7499605.0,7281718.75,7281718.75,138403.4875362319,28.0,69.0,1.0,68.0,True,True,True,True,True,True,True
4809,2024-08-20T00:00:00.000Z,Flood,DR,NM,2024,2024-06-20T00:00:00.000Z,1,0,0,1,1,1.0,0,0.0,0.0,0.0,3283172.84,52264.78,3230908.06,0.0,3283172.84,3283172.84,3283172.84,875512.756,1.0,5.0,1.0,4.0,True,True,True,True,True,False,False
4810,2024-08-20T00:00:00.000Z,Severe Storm,DR,VT,2024,2024-07-09T00:00:00.000Z,8,1,0,1,1,2.0,0,14386642.93,10775321.35,3611321.58,58387188.76,2185917.28,52390326.88,204406.37,72978238.06,64093576.51,64093576.51,146668.61479094077,96.0,574.0,8.0,566.0,True,True,True,True,True,True,True
4811,2024-08-20T00:00:00.000Z,Severe Storm,DR,KS,2024,2024-05-19T00:00:00.000Z,14,0,0,1,1,0.0,0,0.0,0.0,0.0,3091384.3,885151.26,1787507.89,41508.0,3132892.3,3091384.3,3091384.3,64230.16774193548,24.0,62.0,0.0,62.0,True,True,True,False,True,True,True
4812,2024-08-20T00:00:00.000Z,Severe Storm,DR,NH,2024,2024-07-10T00:00:00.000Z,2,0,0,1,1,3.0,0,0.0,0.0,0.0,6341293.41,45472.74,5638917.25,62343.43,6403636.84,6384032.43,6384032.43,169246.4330612245,15.0,49.0,3.0,46.0,True,True,True,True,True,False,True
4813,2024-08-23T00:00:00.000Z,Straight-Line Winds,DR,MT,2024,2024-07-24T00:00:00.000Z,2,0,0,1,1,0.0,0,0.0,0.0,0.0,2217751.11,441522.62,1533328.97,0.0,2217751.11,2217751.11,2217751.11,143801.74550000002,8.0,20.0,1.0,19.0,True,True,True,True,True,True,True
4814,2024-08-29T00:00:00.000Z,Flood,DR,NY,2024,2024-07-10T00:00:00.000Z,5,0,0,1,1,1.0,0,0.0,0.0,0.0,14521156.51,3181288.01,8682842.85,0.0,14521156.51,14521156.51,14521156.51,167962.4210909091,26.0,110.0,2.0,108.0,True,True,True,True,True,True,True
4815,2024-09-11T00:00:00.000Z,Tropical Storm,DR,PA,2024,2024-08-09T00:00:00.000Z,13,1,0,1,1,1.0,0,7907081.22,5417320.39,2489760.83,39827598.5,4287248.3,33596940.12,0.0,47734679.72,40067578.32,40067578.32,128694.87946341463,111.0,410.0,3.0,407.0,True,True,True,True,True,True,True
4816,2024-09-11T00:00:00.000Z,Flood,DR,VT,2024,2024-08-22T00:00:00.000Z,1,0,0,1,1,2.0,0,0.0,0.0,0.0,1622866.25,45576.57,1492555.86,17621.99,1640488.24,2601858.5,2601858.5,172044.999,4.0,20.0,1.0,19.0,True,False,True,False,False,False,True
4817,2024-09-16T00:00:00.000Z,Hurricane,DR,LA,2024,2024-09-09T00:00:00.000Z,22,1,0,1,1,3.0,0,91507405.41,48837741.23,42669664.18,69761708.64,34631415.19,33487589.21,7813.6,161276927.65,69761708.64,69761708.64,202337.07207877462,156.0,457.0,19.0,438.0,True,True,True,True,True,True,True
4818,2024-09-20T00:00:00.000Z,Tropical Storm,DR,NY,2024,2024-08-08T00:00:00.000Z,1,1,0,1,1,2.0,0,1251037.88,777293.33,473744.55,14231000.38,110190.97,13326707.13,0.0,15482038.260000002,14231000.38,14231000.38,381836.0455102041,1.0,49.0,0.0,49.0,True,True,True,False,True,True,False
4819,2024-09-20T00:00:00.000Z,Flood,DR,IL,2024,2024-07-13T00:00:00.000Z,7,1,0,0,1,3.0,0,211212507.78,128586549.52,82625958.26,0.0,0.0,0.0,225555.7,211438063.48,0.0,0.0,0.0,0.0,0.0,0.0,0.0,0,0,0,0,0,0,0
4820,2024-09-20T00:00:00.000Z,Severe Storm,DR,CT,2024,2024-08-18T00:00:00.000Z,3,1,0,1,1,1.0,0,15652328.77,11309075.36,4343253.41,21277588.3,3883648.71,16812297.55,0.0,36929917.07,20150870.01,20150870.01,165676.67863354037,27.0,161.0,1.0,160.0,True,True,True,True,True,True,True
4821,2024-09-24T00:00:00.000Z,Tropical Storm,DR,GA,2024,2024-08-04T00:00:00.000Z,35,1,0,1,1,16.0,0,10834755.48,5617001.57,5217753.91,38168735.75,7843695.34,27303657.33,82826.0,49086317.230000004,38168735.75,38168735.75,182727.17575091575,58.0,273.0,10.0,263.0,True,True,True,True,True,True,True
4822,2024-09-24T00:00:00.000Z,Severe Storm,DR,NE,2024,2024-06-19T00:00:00.000Z,17,0,0,1,1,19.0,0,0.0,0.0,0.0,9074356.04,1951483.68,6686512.73,93251.06,9167607.1,9074356.04,9074356.04,168361.8018309859,21.0,71.0,2.0,69.0,True,True,True,True,True,True,True
4823,2024-09-24T00:00:00.000Z,Fire,DR,WA,2024,2024-06-22T00:00:00.000Z,1,1,0,1,1,16.0,0,726953.54,435795.88,291157.66,738444.93,202467.01,535977.92,0.0,1465398.4700000002,738444.93,738444.93,246148.3075,1.0,4.0,0.0,4.0,True,True,False,False,False,True,False
4824,2024-09-24T00:00:00.000Z,Severe Storm,DR,KS,2024,2024-06-26T00:00:00.000Z,17,0,0,1,1,11.0,0,0.0,0.0,0.0,2596545.91,276439.91,1933333.34,20778.0,2617323.91,2596545.91,2596545.91,144918.99608695653,17.0,23.0,0.0,23.0,True,True,True,False,False,True,False
4825,2024-09-24T00:00:00.000Z,Tropical Storm,DR,NY,2024,2024-08-08T00:00:00.000Z,11,0,0,1,1,2.0,0,0.0,0.0,0.0,41588530.36,6281748.37,32491967.95,0.0,41588530.36,41588530.36,41588530.36,170353.44112499998,97.0,320.0,5.0,315.0,True,True,True,True,True,True,True
4826,2024-09-26T00:00:00.000Z,Flood,DR,VT,2024,2024-07-29T00:00:00.000Z,3,1,0,1,1,2.0,0,1987566.09,1469956.32,517609.77,7176488.97,1032769.84,5725826.76,129464.0,9293519.06,10809921.799999999,10809921.799999999,223030.1771875,15.0,64.0,1.0,63.0,True,True,True,True,True,True,True
4827,2024-09-28T00:00:00.000Z,Tropical Storm,DR,NC,2024,2024-09-25T00:00:00.000Z,40,1,0,1,1,84.0,0,564912921.06,292025624.99,272887296.07,1882822576.32,1060024988.31,782182412.09,152723388.22,2600458885.6,1884454108.35,1884454108.35,805671.4466224366,345.0,2487.0,373.0,2114.0,True,True,True,True,True,True,True
4828,2024-09-28T00:00:00.000Z,Hurricane,DR,FL,2024,2024-09-23T00:00:00.000Z,47,1,0,1,1,14.0,0,861252628.47,408419111.47,452833517.0,744210526.68,677838888.26,38286022.28,26353421.83,1631816576.98,745169864.3199999,745169864.3199999,656322.3144434933,257.0,1168.0,59.0,1109.0,True,True,True,True,True,True,True
4829,2024-09-29T00:00:00.000Z,Hurricane,DR,SC,2024,2024-09-25T00:00:00.000Z,34,1,0,1,1,12.0,0,333421145.35,90951294.23,242469851.12,356650278.61,315975714.58,34922270.47,1761409.13,691832833.09,356627430.58,356627430.58,384408.2026257546,216.0,994.0,48.0,946.0,True,True,True,True,True,True,True
4830,2024-09-30T00:00:00.000Z,Hurricane,DR,GA,2024,2024-09-24T00:00:00.000Z,94,1,0,1,1,36.0,0,395329646.87,138957897.97,256371748.9,1521750745.44,1386533024.12,87080838.78,4493914.87,1921574307.1799998,1511773752.02,1511773752.02,1038521.0644573644,289.0,1548.0,137.0,1411.0,True,True,True,True,True,True,True
4831,2024-10-01T00:00:00.000Z,Tropical Storm,DR,VA,2025,2024-09-25T00:00:00.000Z,37,1,0,1,1,8.0,0,19147030.45,11727636.6,7419393.85,81771974.78,38648414.39,40128285.33,0.0,100919005.23,83576906.89,83576906.89,244298.95380841123,92.0,428.0,17.0,411.0,True,True,True,True,True,True,True
4832,2024-10-02T00:00:00.000Z,Tropical Storm,DR,TN,2025,2024-09-26T00:00:00.000Z,14,1,0,1,1,4.0,0,37793993.46,22712003.67,15081989.79,368274959.6,173671305.36,186532930.81,0.0,406068953.06,369923298.43,369923298.43,919376.5503773586,79.0,477.0,56.0,421.0,True,True,True,False,True,True,True
4833,2024-10-04T00:00:00.000Z,Fire,DR,AZ,2025,2024-07-10T00:00:00.000Z,1,1,0,1,1,7.0,0,987262.51,607737.67,379524.84,870515.4,762879.69,33323.43,0.0,1857777.9100000001,870515.4,870515.4,162273.7714285714,1.0,7.0,0.0,7.0,True,True,False,False,True,False,True
4834,2024-10-11T00:00:00.000Z,Hurricane,DR,FL,2025,2024-10-05T00:00:00.000Z,52,1,0,1,1,28.0,0,885929368.29,401132243.45,484797124.84,1476137773.27,1274596631.21,127256100.54,42597742.05,2404664883.61,1475679705.05,1475679705.05,693682.7897588718,518.0,2198.0,93.0,2105.0,True,True,True,True,True,True,True
4835,2024-09-29T00:00:00.000Z,Tropical Storm,DR,SC,2024,2024-08-04T00:00:00.000Z,14,0,0,1,1,18.0,0,0.0,0.0,0.0,11000930.52,6149891.98,3987905.28,0.0,11000930.52,10829293.02,10829293.02,113210.76672,53.0,125.0,0.0,125.0,True,True,True,True,True,True,True
4836,2024-10-16T00:00:00.000Z,Flood,DR,AK,2025,2024-08-05T00:00:00.000Z,1,1,0,1,1,1.0,0,3729035.59,2104339.73,1624695.86,885875.97,201463.8,587384.54,0.0,4614911.56,885875.97,885875.97,143603.175,3.0,8.0,0.0,8.0,True,True,True,True,True,False,False
4837,2024-10-19T00:00:00.000Z,Tropical Storm,DR,NC,2025,2024-09-16T00:00:00.000Z,6,0,0,1,1,4.0,0,0.0,0.0,0.0,17301900.59,5737708.41,9702639.56,307875.0,17609775.59,17264969.83,17264969.83,294729.49881578947,17.0,76.0,4.0,72.0,True,True,True,True,True,True,True
4838,2024-10-21T00:00:00.000Z,Severe Storm,DR,NE,2025,2024-07-31T00:00:00.000Z,5,0,0,1,1,0.0,0,0.0,0.0,0.0,6410073.35,3079070.83,2906190.09,0.0,6410073.35,6410073.350000001,6410073.350000001,110594.21078947368,22.0,76.0,1.0,75.0,True,True,True,False,True,True,True
4839,2024-10-21T00:00:00.000Z,Severe Storm,DR,NY,2025,2024-08-18T00:00:00.000Z,3,0,0,1,1,1.0,0,0.0,0.0,0.0,11354832.19,3226028.74,5438530.9,0.0,11354832.19,11354832.19,11354832.19,142430.18349999998,31.0,100.0,1.0,99.0,True,True,True,True,True,True,True
4840,2024-10-25T00:00:00.000Z,Flood,DR,AZ,2025,2024-08-22T00:00:00.000Z,1,1,0,1,1,1.0,0,190107.41,88353.33,101754.08,82628.99,82628.99,0.0,0.0,272736.4,82628.99,82628.99,55085.985,1.0,2.0,0.0,2.0,True,True,False,False,False,False,False
4841,2024-10-25T00:00:00.000Z,Tropical Storm,DR,VI,2025,2024-08-13T00:00:00.000Z,3,0,0,1,1,3.0,0,0.0,0.0,0.0,3344685.78,3191576.14,0.0,0.0,3344685.78,3344685.78,3344685.78,152018.7717241379,13.0,29.0,0.0,29.0,True,True,False,False,False,False,False
4842,2024-11-01T00:00:00.000Z,Severe Storm,DR,SD,2025,2024-07-13T00:00:00.000Z,1,1,0,1,1,1.0,0,776962.4,524213.75,252748.65,1648501.38,6879.39,1641621.99,0.0,2425463.78,1648501.38,1648501.38,439600.36399999994,1.0,5.0,1.0,4.0,True,False,True,False,False,False,False
4843,2024-11-01T00:00:00.000Z,Flood,DR,NM,2025,2024-10-19T00:00:00.000Z,1,1,0,1,1,1.0,0,22903124.92,12949435.29,9953689.63,77370225.52,6469851.83,68344427.22,449980.58,100723331.02,77370225.52,77370225.52,1217956.1692857142,8.0,84.0,18.0,66.0,True,True,True,True,True,True,True
4844,2024-11-05T00:00:00.000Z,Hurricane,DR,FL,2025,2024-10-05T00:00:00.000Z,7,1,0,1,1,28.0,0,0.0,0.0,0.0,4042817.87,2344526.6,1698291.27,0.0,4042817.87,4042817.87,4042817.87,230445.74599999998,1.0,20.0,0.0,20.0,True,True,False,False,True,False,True
4845,2024-11-13T00:00:00.000Z,Fire,DR,WY,2025,2024-08-21T00:00:00.000Z,2,0,0,1,1,10.0,0,0.0,0.0,0.0,8813648.91,7500000.0,1159999.52,0.0,8813648.91,8813648.91,8813648.91,1462539.42625,3.0,8.0,3.0,5.0,False,True,False,False,False,True,False
4846,2024-11-13T00:00:00.000Z,Mud/Landslide,DR,AK,2025,2024-08-25T00:00:00.000Z,1,0,0,1,1,0.0,0,0.0,0.0,0.0,1550446.12,0.0,1453418.49,0.0,1550446.12,1550446.12,1550446.12,339153.155,2.0,6.0,0.0,6.0,False,False,True,False,False,True,False
4847,2024-11-14T00:00:00.000Z,Severe Storm,DR,MT,2025,2024-08-06T00:00:00.000Z,1,1,0,0,1,0.0,0,18832781.77,17106352.43,1726429.34,0.0,0.0,0.0,0.0,18832781.77,0.0,0.0,0.0,0.0,0.0,0.0,0.0,0,0,0,0,0,0,0
4848,2024-11-26T00:00:00.000Z,Tropical Storm,DR,KY,2025,2024-09-27T00:00:00.000Z,34,0,0,1,1,3.0,0,0.0,0.0,0.0,10247512.62,1116207.39,8137667.94,79049.85,10326562.469999999,10265873.46,10265873.46,101960.2486259542,28.0,131.0,0.0,131.0,True,True,True,False,True,True,True
4849,2024-11-26T00:00:00.000Z,Fire,DR,WA,2025,2024-07-17T00:00:00.000Z,1,0,0,1,1,35.0,0,0.0,0.0,0.0,888872.15,153688.21,735183.94,0.0,888872.15,888872.15,888872.15,395054.2866666666,1.0,3.0,0.0,3.0,False,True,False,False,False,False,True
4850,2024-11-27T00:00:00.000Z,Tropical Storm,DR,PR,2025,2024-08-13T00:00:00.000Z,38,0,0,1,1,3.0,0,0.0,0.0,0.0,61247430.57,7851279.45,51397522.49,469500.0,61716930.57,61506124.38,61506124.38,412465.60517766495,54.0,197.0,19.0,178.0,True,True,True,True,True,True,True
4851,2024-12-09T00:00:00.000Z,Tropical Storm,DR,WV,2025,2024-09-25T00:00:00.000Z,1,1,0,0,1,3.0,0,3670321.72,2585594.5,1084727.22,0.0,0.0,0.0,0.0,3670321.72,0.0,0.0,0.0,0.0,0.0,0.0,0.0,0,0,0,0,0,0,0
4852,2024-12-24T00:00:00.000Z,Fire,DR,ND,2025,2024-10-05T00:00:00.000Z,2,0,0,1,1,1.0,0,0.0,0.0,0.0,4566885.74,589887.46,3513030.27,465979.83,5032865.57,4566885.74,4566885.74,370907.8075,9.0,16.0,1.0,15.0,False,True,False,False,False,True,False
4853,2025-01-01T00:00:00.000Z,Severe Storm,DR,AK,2025,2024-08-16T00:00:00.000Z,1,0,0,1,1,2.0,0,0.0,0.0,0.0,230809.98,0.0,230809.98,0.0,230809.98,230809.98,230809.98,76936.6575,1.0,4.0,0.0,4.0,False,False,False,False,True,False,False
4854,2025-01-01T00:00:00.000Z,Fire,DR,OR,2025,2024-07-10T00:00:00.000Z,5,0,0,1,1,44.0,0,0.0,0.0,0.0,11052300.8,8370759.79,2070085.54,164155.46,11216456.260000002,11117817.38,11117817.38,663549.9586363637,12.0,22.0,2.0,20.0,False,True,True,False,False,True,False
4855,2025-01-01T00:00:00.000Z,Severe Storm,DR,MO,2025,2024-11-03T00:00:00.000Z,14,0,0,1,1,6.0,0,0.0,0.0,0.0,17095219.24,519305.27,15572909.9,263745.5,17358964.74,17113514.86,17113514.86,156136.69819444444,39.0,144.0,3.0,141.0,True,True,True,True,True,True,True
4856,2025-01-08T00:00:00.000Z,Fire,DR,CA,2025,2025-01-07T00:00:00.000Z,1,1,0,1,1,24.0,0,175082133.53,74480192.77,100601940.76,36601612.67,7278637.0,23833000.42,0.0,211683746.2,36591862.67,36591862.67,142795.2589556962,100.0,316.0,4.0,312.0,True,True,True,True,True,True,True
4857,2025-01-10T00:00:00.000Z,Severe Storm,DR,AK,2025,2024-08-15T00:00:00.000Z,1,0,0,1,1,3.0,0,0.0,0.0,0.0,995470.92,0.0,995470.92,0.0,995470.92,995470.9199999999,995470.9199999999,442431.51,1.0,3.0,0.0,3.0,False,False,True,False,False,False,True
4858,2025-01-10T00:00:00.000Z,Flood,DR,SC,2025,2024-11-06T00:00:00.000Z,3,0,0,1,1,8.0,0,0.0,0.0,0.0,3350361.96,155294.66,2492765.91,0.0,3350361.96,3350361.96,3350361.96,92022.79652173912,10.0,46.0,0.0,46.0,False,True,True,False,True,True,True
4859,2025-01-15T00:00:00.000Z,Severe Storm,DR,AK,2025,2024-10-20T00:00:00.000Z,2,0,0,1,1,3.0,0,0.0,0.0,0.0,853905.76,167284.38,589593.75,0.0,853905.76,853905.76,853905.76,276549.615,4.0,4.0,0.0,4.0,False,True,False,False,False,True,False
4860,2025-02-24T00:00:00.000Z,Severe Storm,DR,KY,2025,2025-02-14T00:00:00.000Z,69,1,0,1,1,21.0,0,73300396.09,54076507.35,19223888.74,73011639.9,8139594.95,62721625.49,839227.83,147151263.82000002,77801659.71,77801659.71,105966.25344827586,137.0,957.0,7.0,950.0,True,True,True,True,True,True,True
4861,2025-02-26T00:00:00.000Z,Severe Storm,DR,WV,2025,2025-02-15T00:00:00.000Z,12,1,0,1,1,3.0,0,41537539.99,31518226.76,10019313.23,31119786.29,5296435.28,24173026.17,0.0,72657326.28,31159269.87,31159269.87,132433.04196153846,70.0,260.0,4.0,256.0,True,True,True,True,True,True,True
4862,2025-03-18T00:00:00.000Z,Severe Storm,DR,OK,2025,2024-11-02T00:00:00.000Z,8,0,0,1,1,3.0,0,0.0,0.0,0.0,3437232.91,1099467.95,1715934.85,0.0,3437232.91,3437232.9099999997,3437232.9099999997,95123.92086956522,19.0,46.0,0.0,46.0,True,True,True,False,False,True,True
4863,2025-04-04T00:00:00.000Z,Severe Storm,DR,VA,2025,2025-02-10T00:00:00.000Z,36,0,0,1,0,8.0,0,0.0,0.0,0.0,23933008.8,6788915.63,15857919.11,0.0,23933008.8,23938700.85,23938700.85,184125.37713450292,49.0,171.0,6.0,165.0,True,True,True,True,True,True,True
4864,2025-04-24T00:00:00.000Z,Severe Storm,DR,KY,2025,2025-04-02T00:00:00.000Z,91,1,0,1,0,44.0,0,37167810.68,25641366.47,11526444.21,16778662.68,3790599.86,12052748.76,0.0,53946473.36,17543174.2,17543174.2,67627.3396745562,133.0,338.0,1.0,337.0,True,True,True,True,True,True,True
4865,2025-05-08T00:00:00.000Z,Severe Storm,DR,AR,2025,2025-03-14T00:00:00.000Z,9,1,0,0,0,1.0,0,3546171.83,2556861.58,989310.25,0.0,0.0,0.0,0.0,3546171.83,0.0,0.0,0.0,0.0,0.0,0.0,0.0,0,0,0,0,0,0,0
4866,2025-05-21T00:00:00.000Z,Fire,DR,OK,2025,2025-03-14T00:00:00.000Z,7,1,0,0,0,7.0,0,7979500.2,5539921.57,2439578.63,0.0,0.0,0.0,0.0,7979500.2,0.0,0.0,0.0,0.0,0.0,0.0,0.0,0,0,0,0,0,0,0
4867,2025-05-21T00:00:00.000Z,Severe Storm,DR,MO,2025,2025-03-14T00:00:00.000Z,25,1,0,1,0,1.0,0,5838956.04,3397479.69,2441476.35,8593523.74,2922406.1,4764798.83,0.0,14432479.780000001,8597748.540000001,8597748.540000001,141285.54683544303,37.0,79.0,2.0,77.0,True,True,True,False,True,True,True
4868,2025-05-21T00:00:00.000Z,Winter Storm,DR,NE,2025,2025-03-18T00:00:00.000Z,28,0,0,1,0,1.0,0,0.0,0.0,0.0,3833804.4,1198291.65,2284584.76,0.0,3833804.4,3833804.4,3833804.4,89192.19660714285,29.0,56.0,0.0,56.0,True,True,True,False,True,True,True
4869,2025-05-21T00:00:00.000Z,Severe Storm,DR,KS,2025,2025-03-14T00:00:00.000Z,28,0,0,1,0,5.0,0,0.0,0.0,0.0,452569.97,22363.25,41525.19,0.0,452569.97,452569.97000000003,452569.97000000003,94773.22000000002,3.0,5.0,0.0,5.0,True,True,False,False,True,True,False
4870,2025-05-21T00:00:00.000Z,Winter Storm,DR,IA,2025,2025-03-19T00:00:00.000Z,4,0,0,1,0,0.0,0,0.0,0.0,0.0,736680.11,120403.93,201145.57,0.0,736680.11,736680.11,736680.11,46881.28944444445,10.0,18.0,0.0,18.0,False,True,False,False,False,True,False
4871,2025-05-21T00:00:00.000Z,Flood,DR,TX,2025,2025-03-26T00:00:00.000Z,4,1,0,0,0,2.0,0,108669075.89,69389363.12,39279712.77,0.0,0.0,0.0,0.0,108669075.89,0.0,0.0,0.0,0.0,0.0,0.0,0.0,0,0,0,0,0,0,0
4872,2025-05-21T00:00:00.000Z,Severe Storm,DR,MO,2025,2025-03-30T00:00:00.000Z,27,1,0,1,0,9.0,0,2881467.6,2314092.13,567375.47,9904860.84,1263761.93,7702646.04,0.0,12786328.44,9910565.1,9910565.1,102391.03277777779,56.0,126.0,1.0,125.0,True,True,True,True,True,True,True
4873,2025-05-21T00:00:00.000Z,Flood,DR,AR,2025,2025-04-02T00:00:00.000Z,41,1,0,1,0,20.0,0,24427472.64,15586711.9,8840760.74,31809052.18,2110782.31,28829390.95,0.0,56236524.82,31815727.18,31815727.18,128842.0241590214,93.0,327.0,4.0,323.0,True,True,True,True,True,True,True
4874,2025-05-21T00:00:00.000Z,Severe Storm,DR,MS,2025,2025-03-14T00:00:00.000Z,18,1,0,1,0,1.0,0,52382824.48,39546392.65,12836431.83,28737155.16,12778328.68,15125724.05,0.0,81119979.64,28020246.53,28020246.53,416752.2042696629,32.0,89.0,8.0,81.0,True,True,True,True,True,True,True
4875,2025-05-23T00:00:00.000Z,Severe Storm,DR,KY,2025,2025-05-16T00:00:00.000Z,39,1,0,1,0,1.0,0,4104288.87,2403491.17,1700797.7,6093156.0,308058.84,5007418.94,0.0,10197444.870000001,6101363.79,6101363.79,178936.12727272726,27.0,44.0,1.0,43.0,True,True,True,False,True,True,True
4876,2025-06-09T00:00:00.000Z,Severe Storm,DR,MO,2025,2025-04-29T00:00:00.000Z,6,0,0,1,0,0.0,0,0.0,0.0,0.0,5345476.69,2202264.02,2292275.21,0.0,5345476.69,5345476.69,5345476.69,93748.71424657534,25.0,73.0,2.0,71.0,True,True,True,False,True,True,False
4877,2025-06-09T00:00:00.000Z,Severe Storm,DR,MO,2025,2025-05-16T00:00:00.000Z,3,1,0,1,0,0.0,0,56806424.93,35904402.75,20902022.18,90955774.98,83338417.84,6499996.1,0.0,147762199.91,90951589.82,90951589.82,1475238.4449999998,27.0,82.0,10.0,72.0,True,True,True,False,True,True,True
4878,2025-06-19T00:00:00.000Z,Severe Storm,DR,TN,2025,2025-04-02T00:00:00.000Z,30,1,0,1,0,22.0,0,9488546.38,6228716.37,3259830.01,19444773.81,3055241.33,15027570.52,0.0,28933320.189999998,19444773.81,19444773.81,137688.52486486488,63.0,185.0,3.0,182.0,True,True,True,True,True,True,True
4879,2025-07-06T00:00:00.000Z,Flood,DR,TX,2025,2025-07-02T00:00:00.000Z,23,1,0,1,0,16.0,0,41029303.41,28691995.03,12337308.38,95674580.85,76226963.76,15152923.18,0.0,136703884.26,123459533.91,123459533.91,735528.9487387388,55.0,222.0,11.0,211.0,True,True,True,True,True,True,True
4880,2025-07-22T00:00:00.000Z,Severe Ice Storm,DR,MI,2025,2025-03-28T00:00:00.000Z,14,0,0,1,0,2.0,0,0.0,0.0,0.0,11283137.41,9688381.47,187156.35,0.0,11283137.41,11283137.41,11283137.41,85233.8165497076,88.0,171.0,1.0,170.0,True,True,True,False,True,False,True
4881,2025-07-22T00:00:00.000Z,Severe Storm,DR,OR,2025,2025-03-13T00:00:00.000Z,4,0,0,1,0,7.0,0,0.0,0.0,0.0,2338783.79,303779.26,1457631.21,0.0,2338783.79,2338783.79,2338783.79,57370.98803921569,24.0,51.0,0.0,51.0,True,True,True,True,True,True,True
4882,2025-07-22T00:00:00.000Z,Flood,DR,IN,2025,2025-03-30T00:00:00.000Z,25,0,0,1,0,10.0,0,0.0,0.0,0.0,8555256.33,3303347.52,4261272.81,0.0,8555256.33,8576684.95,8576684.95,53649.116521739124,92.0,207.0,0.0,207.0,True,True,True,True,True,True,True
4883,2025-07-22T00:00:00.000Z,Severe Storm,DR,KS,2025,2025-05-18T00:00:00.000Z,11,0,0,1,0,1.0,0,0.0,0.0,0.0,412539.99,23858.46,0.0,0.0,412539.99,412539.99000000005,412539.99000000005,140164.27000000002,3.0,3.0,0.0,3.0,True,True,False,False,False,False,False
4884,2025-07-22T00:00:00.000Z,Flood,DR,WV,2025,2025-06-14T00:00:00.000Z,2,1,0,1,0,1.0,0,11854481.69,8505863.81,3348617.88,6646865.07,3182451.28,2914069.9,0.0,18501346.759999998,6646865.07,6646865.07,89474.62319587628,26.0,97.0,0.0,97.0,True,True,True,True,True,True,True
4885,2025-07-22T00:00:00.000Z,Severe Storm,DR,MO,2025,2025-05-23T00:00:00.000Z,5,0,0,1,0,3.0,0,0.0,0.0,0.0,6538432.93,25137.73,5647324.84,0.0,6538432.93,6538432.93,6538432.93,240835.81799999997,13.0,35.0,3.0,32.0,True,False,True,False,False,False,False
4886,2025-07-22T00:00:00.000Z,Flood,DR,NM,2025,2025-06-23T00:00:00.000Z,4,1,0,1,0,43.0,0,9266283.15,6536882.65,2729400.5,9120196.54,5410845.96,3498990.98,0.0,18386479.689999998,9275115.45,9275115.45,291549.07023809524,8.0,42.0,3.0,39.0,True,True,True,True,True,True,True
4887,2025-09-11T00:00:00.000Z,Flood,DR,MT,2025,2025-05-18T00:00:00.000Z,1,0,0,1,0,4.0,0,0.0,0.0,0.0,185315.92,0.0,185315.92,0.0,185315.92,185315.91999999998,185315.91999999998,82362.62666666666,1.0,3.0,0.0,3.0,False,False,True,False,False,True,False
4888,2025-09-11T00:00:00.000Z,Severe Storm,DR,ND,2025,2025-06-20T00:00:00.000Z,19,0,0,1,0,1.0,0,0.0,0.0,0.0,3263250.6,1380269.65,1842767.19,0.0,3263250.6,3263250.6,3263250.6,51030.54058823529,37.0,85.0,0.0,85.0,True,True,True,False,True,True,True
4889,2025-09-11T00:00:00.000Z,Tropical Depression,DR,NC,2025,2025-07-06T00:00:00.000Z,7,0,0,1,0,1.0,0,0.0,0.0,0.0,4834326.8,651023.46,4177763.97,0.0,4834326.8,4834326.8,4834326.8,70812.33285714286,26.0,91.0,0.0,91.0,True,True,True,True,True,True,True
4890,2025-09-11T00:00:00.000Z,Flood,DR,SD,2025,2025-06-12T00:00:00.000Z,1,1,0,1,0,4.0,0,3142053.62,2291789.79,850263.83,548625.39,13393.39,535232.0,0.0,3690679.0100000002,548625.39,548625.39,146300.1,1.0,5.0,0.0,5.0,True,False,True,False,True,False,False
4891,2025-09-11T00:00:00.000Z,Severe Storm,DR,KS,2025,2025-06-03T00:00:00.000Z,16,0,0,1,0,4.0,0,0.0,0.0,0.0,414605.86,0.0,25924.33,0.0,414605.86,414605.86000000004,414605.86000000004,141082.43333333335,3.0,3.0,0.0,3.0,False,False,True,False,False,False,False
4892,2025-09-11T00:00:00.000Z,Flood,DR,WI,2025,2025-08-09T00:00:00.000Z,3,1,0,0,0,3.0,0,208504825.92,120884208.56,87620617.36,0.0,0.0,0.0,0.0,208504825.92,0.0,0.0,0.0,0.0,0.0,0.0,0.0,0,0,0,0,0,0,0
4893,2025-10-22T00:00:00.000Z,Flood,DR,AK,2026,2025-10-08T00:00:00.000Z,10,1,0,1,0,5.0,0,46617225.54,9171662.68,37445562.86,5042157.76,4942563.26,0.0,0.0,51659383.3,5065688.260000001,5065688.260000001,840131.6025,4.0,8.0,2.0,6.0,True,True,False,False,False,False,False
4894,2025-10-22T00:00:00.000Z,Straight-Line Winds,DR,MN,2026,2025-06-21T00:00:00.000Z,1,1,0,1,0,0.0,0,251261.02,54195.15,197065.87,16563.16,9063.16,7500.0,0.0,267824.18,16563.16,16563.16,11042.105,1.0,2.0,0.0,2.0,False,True,False,False,True,False,False
4895,2025-10-22T00:00:00.000Z,Severe Storm,DR,ND,2026,2025-08-07T00:00:00.000Z,7,0,0,1,0,1.0,0,0.0,0.0,0.0,278311.63,260656.75,5985.2,0.0,278311.63,278311.63,278311.63,33381.11,5.0,11.0,0.0,11.0,True,True,False,False,True,False,False
4896,2025-10-22T00:00:00.000Z,Severe Storm,DR,NE,2026,2025-08-08T00:00:00.000Z,12,0,0,1,0,2.0,0,0.0,0.0,0.0,1211368.96,396142.36,522702.01,0.0,1211368.96,1216101.97,1216101.97,56442.99925925926,13.0,27.0,0.0,27.0,True,True,False,False,False,True,True
4897,2025-12-19T00:00:00.000Z,Severe Storm,DR,KS,2026,2025-07-17T00:00:00.000Z,12,0,0,1,0,5.0,0,0.0,0.0,0.0,398964.11,0.0,0.0,0.0,398964.11,398964.11,398964.11,398964.11,1.0,1.0,0.0,1.0,False,False,False,False,False,False,False
4898,2026-02-06T00:00:00.000Z,Winter Storm,DR,TN,2026,2026-01-22T00:00:00.000Z,95,1,0,1,0,5.0,0,21771151.38,4298762.68,17472388.7,4504953.01,4428278.47,76447.74,0.0,26276104.39,4504953.01,4504953.01,214518.86857142855,23.0,28.0,1.0,27.0,True,True,True,False,False,True,True
4899,2026-02-06T00:00:00.000Z,Winter Storm,DR,MS,2026,2026-01-23T00:00:00.000Z,83,1,0,1,0,4.0,0,35950922.36,16412333.12,19538589.24,26136878.55,25704536.76,27829.36,0.0,62087800.91,26135446.2,26135446.2,525945.8174242425,43.0,66.0,5.0,61.0,True,True,False,False,True,True,False
4900,2026-02-18T00:00:00.000Z,Winter Storm,DR,LA,2026,2026-01-23T00:00:00.000Z,18,0,0,1,0,4.0,0,0.0,0.0,0.0,0.0,0.0,0.0,0.0,0.0,0.0,0.0,0.0,0.0,0.0,0.0,0.0,0,0,0,0,0,0,0
4901,2026-04-07T00:00:00.000Z,Flood,DR,MT,2026,2025-12-09T00:00:00.000Z,1,0,0,1,0,2.0,0,0.0,0.0,0.0,0.0,0.0,0.0,0.0,0.0,0.0,0.0,0.0,0.0,0.0,0.0,0.0,0,0,0,0,0,0,0
4902,2026-04-07T00:00:00.000Z,Straight-Line Winds,DR,MT,2026,2025-12-17T00:00:00.000Z,32,0,0,1,0,1.0,0,0.0,0.0,0.0,0.0,0.0,0.0,0.0,0.0,0.0,0.0,0.0,0.0,0.0,0.0,0.0,0,0,0,0,0,0,0
4903,2026-04-07T00:00:00.000Z,Straight-Line Winds,DR,SD,2026,2025-12-17T00:00:00.000Z,3,0,0,1,0,1.0,0,0.0,0.0,0.0,0.0,0.0,0.0,0.0,0.0,0.0,0.0,0.0,0.0,0.0,0.0,0.0,0,0,0,0,0,0,0
4904,2026-04-07T00:00:00.000Z,Winter Storm,DR,AK,2026,2025-12-06T00:00:00.000Z,1,0,0,1,0,3.0,0,0.0,0.0,0.0,0.0,0.0,0.0,0.0,0.0,0.0,0.0,0.0,0.0,0.0,0.0,0.0,0,0,0,0,0,0,0
4905,2026-04-07T00:00:00.000Z,Straight-Line Winds,DR,ID,2026,2025-12-16T00:00:00.000Z,10,0,0,1,0,2.0,0,0.0,0.0,0.0,0.0,0.0,0.0,0.0,0.0,0.0,0.0,0.0,0.0,0.0,0.0,0.0,0,0,0,0,0,0,0
4906,2026-04-07T00:00:00.000Z,Flood,DR,WA,2026,2025-12-05T00:00:00.000Z,48,1,0,1,0,14.0,0,4593847.38,2141007.14,2452840.24,0.0,0.0,0.0,0.0,4593847.38,0.0,0.0,0.0,0.0,0.0,0.0,0.0,0,0,0,0,0,0,0
4907,2026-04-07T00:00:00.000Z,Severe Storm,DR,OR,2026,2025-12-15T00:00:00.000Z,9,0,0,1,0,6.0,0,0.0,0.0,0.0,0.0,0.0,0.0,0.0,0.0,0.0,0.0,0.0,0.0,0.0,0.0,0.0,0,0,0,0,0,0,0
4908,2026-04-07T00:00:00.000Z,Winter Storm,DR,SC,2026,2026-01-21T00:00:00.000Z,3,0,0,1,0,6.0,0,0.0,0.0,0.0,0.0,0.0,0.0,0.0,0.0,0.0,0.0,0.0,0.0,0.0,0.0,0.0,0,0,0,0,0,0,0
4909,2026-04-07T00:00:00.000Z,Flood,DR,HI,2026,2026-03-10T00:00:00.000Z,3,1,0,1,0,14.0,0,4955615.56,2289517.26,2666098.3,0.0,0.0,0.0,0.0,4955615.56,0.0,0.0,0.0,0.0,0.0,0.0,0.0,0,0,0,0,0,0,0
4910,2026-04-23T00:00:00.000Z,Hurricane,DR,MP,2026,2026-04-11T00:00:00.000Z,5,1,0,1,0,7.0,0,4511661.96,436230.58,4075431.38,0.0,0.0,0.0,0.0,4511661.96,0.0,0.0,0.0,0.0,0.0,0.0,0.0,0,0,0,0,0,0,0
5000,2012-08-03T00:00:00.000Z,Fire,FM,OK,2012,2012-08-03T00:00:00.000Z,1,0,0,1,0,9.0,0,0.0,0.0,0.0,490873.82,140970.26,0.0,0.0,490873.82,0.0,0.0,0.0,0.0,0.0,0.0,0.0,0,0,0,0,0,0,0
5001,2012-08-03T00:00:00.000Z,Fire,FM,OK,2012,2012-08-03T00:00:00.000Z,1,0,0,1,0,7.0,0,0.0,0.0,0.0,131798.94,69974.07,0.0,0.0,131798.94,0.0,0.0,0.0,0.0,0.0,0.0,0.0,0,0,0,0,0,0,0
5002,2012-08-04T00:00:00.000Z,Fire,FM,OK,2012,2012-08-04T00:00:00.000Z,1,0,0,1,0,6.0,0,0.0,0.0,0.0,128885.39,60934.77,0.0,0.0,128885.39,0.0,0.0,0.0,0.0,0.0,0.0,0.0,0,0,0,0,0,0,0
5003,2012-08-04T00:00:00.000Z,Fire,FM,OK,2012,2012-08-04T00:00:00.000Z,2,0,0,1,0,6.0,0,0.0,0.0,0.0,177279.62,70716.2,0.0,0.0,177279.62,0.0,0.0,0.0,0.0,0.0,0.0,0.0,0,0,0,0,0,0,0
5004,2012-08-13T00:00:00.000Z,Fire,FM,CA,2012,2012-08-12T00:00:00.000Z,1,0,0,1,0,6.0,0,0.0,0.0,0.0,5285123.42,41966.23,0.0,0.0,5285123.42,0.0,0.0,0.0,0.0,0.0,0.0,0.0,0,0,0,0,0,0,0
5005,2012-08-14T00:00:00.000Z,Fire,FM,WA,2012,2012-08-13T00:00:00.000Z,1,0,0,1,0,15.0,0,0.0,0.0,0.0,6669639.04,63053.01,0.0,0.0,6669639.04,0.0,0.0,0.0,0.0,0.0,0.0,0.0,0,0,0,0,0,0,0
5006,2012-08-15T00:00:00.000Z,Fire,FM,ID,2012,2012-08-15T00:00:00.000Z,1,0,0,1,0,21.0,0,0.0,0.0,0.0,422788.56,2458.64,0.0,0.0,422788.56,0.0,0.0,0.0,0.0,0.0,0.0,0.0,0,0,0,0,0,0,0
5007,2012-08-19T00:00:00.000Z,Fire,FM,CA,2012,2012-08-18T00:00:00.000Z,2,0,0,1,0,17.0,0,0.0,0.0,0.0,18887542.09,198194.59,0.0,0.0,18887542.09,0.0,0.0,0.0,0.0,0.0,0.0,0.0,0,0,0,0,0,0,0
5008,2012-08-29T00:00:00.000Z,Fire,FM,MT,2012,2012-08-28T00:00:00.000Z,1,0,0,1,0,7.0,0,0.0,0.0,0.0,1690213.97,11322.89,0.0,0.0,1690213.97,0.0,0.0,0.0,0.0,0.0,0.0,0.0,0,0,0,0,0,0,0
5009,2012-08-30T00:00:00.000Z,Fire,FM,NE,2012,2012-08-30T00:00:00.000Z,3,0,0,1,0,11.0,0,0.0,0.0,0.0,5281075.21,0.0,0.0,0.0,5281075.21,0.0,0.0,0.0,0.0,0.0,0.0,0.0,0,0,0,0,0,0,0
5010,2012-09-01T00:00:00.000Z,Fire,FM,SD,2012,2012-08-31T00:00:00.000Z,1,0,0,1,0,2.0,0,0.0,0.0,0.0,6664.22,6664.22,0.0,0.0,6664.22,0.0,0.0,0.0,0.0,0.0,0.0,0.0,0,0,0,0,0,0,0
5011,2012-09-06T00:00:00.000Z,Fire,FM,WA,2012,2012-09-05T00:00:00.000Z,1,0,0,1,0,6.0,0,0.0,0.0,0.0,1803712.29,16745.89,0.0,0.0,1803712.29,0.0,0.0,0.0,0.0,0.0,0.0,0.0,0,0,0,0,0,0,0
5012,2012-09-09T00:00:00.000Z,Fire,FM,WA,2012,2012-09-09T00:00:00.000Z,1,0,0,1,0,9.0,0,0.0,0.0,0.0,528668.37,70321.42,0.0,0.0,528668.37,0.0,0.0,0.0,0.0,0.0,0.0,0.0,0,0,0,0,0,0,0
5013,2012-09-09T00:00:00.000Z,Fire,FM,WA,2012,2012-09-09T00:00:00.000Z,2,0,0,1,0,6.0,0,0.0,0.0,0.0,775643.48,12392.55,0.0,0.0,775643.48,0.0,0.0,0.0,0.0,0.0,0.0,0.0,0,0,0,0,0,0,0
5014,2012-09-09T00:00:00.000Z,Fire,FM,WY,2012,2012-09-09T00:00:00.000Z,1,0,0,1,0,7.0,0,0.0,0.0,0.0,1820322.36,0.0,0.0,0.0,1820322.36,0.0,0.0,0.0,0.0,0.0,0.0,0.0,0,0,0,0,0,0,0
5015,2012-09-10T00:00:00.000Z,Fire,FM,WA,2012,2012-09-10T00:00:00.000Z,1,0,0,1,0,8.0,0,0.0,0.0,0.0,219570.61,31829.63,0.0,0.0,219570.61,0.0,0.0,0.0,0.0,0.0,0.0,0.0,0,0,0,0,0,0,0
5016,2012-09-11T00:00:00.000Z,Fire,FM,MT,2012,2012-09-10T00:00:00.000Z,1,0,0,1,0,6.0,0,0.0,0.0,0.0,3135.26,3135.26,0.0,0.0,3135.26,0.0,0.0,0.0,0.0,0.0,0.0,0.0,0,0,0,0,0,0,0
5017,2012-09-12T00:00:00.000Z,Fire,FM,WA,2012,2012-09-12T00:00:00.000Z,1,0,0,1,0,18.0,0,0.0,0.0,0.0,684418.07,13849.74,0.0,0.0,684418.07,0.0,0.0,0.0,0.0,0.0,0.0,0.0,0,0,0,0,0,0,0
5018,2012-09-13T00:00:00.000Z,Fire,FM,WA,2012,2012-09-12T00:00:00.000Z,1,0,0,1,0,27.0,0,0.0,0.0,0.0,285252.85,35501.83,0.0,0.0,285252.85,0.0,0.0,0.0,0.0,0.0,0.0,0.0,0,0,0,0,0,0,0
5019,2012-09-18T00:00:00.000Z,Fire,FM,ID,2012,2012-09-18T00:00:00.000Z,1,0,0,1,0,9.0,0,0.0,0.0,0.0,1158109.53,9390.03,0.0,0.0,1158109.53,0.0,0.0,0.0,0.0,0.0,0.0,0.0,0,0,0,0,0,0,0
5020,2012-09-20T00:00:00.000Z,Fire,FM,WA,2012,2012-09-19T00:00:00.000Z,2,0,0,1,0,16.0,0,0.0,0.0,0.0,3030510.33,24222.71,0.0,0.0,3030510.33,0.0,0.0,0.0,0.0,0.0,0.0,0.0,0,0,0,0,0,0,0
5021,2012-09-24T00:00:00.000Z,Fire,FM,CA,2012,2012-09-23T00:00:00.000Z,2,0,0,1,0,4.0,0,0.0,0.0,0.0,2950234.62,53248.22,0.0,0.0,2950234.62,0.0,0.0,0.0,0.0,0.0,0.0,0.0,0,0,0,0,0,0,0
5022,2012-10-23T00:00:00.000Z,Fire,FM,CO,2013,2012-10-23T00:00:00.000Z,2,0,0,1,0,3.0,0,0.0,0.0,0.0,637374.01,0.0,0.0,0.0,637374.01,0.0,0.0,0.0,0.0,0.0,0.0,0.0,0,0,0,0,0,0,0
5023,2013-05-01T00:00:00.000Z,Fire,FM,CA,2013,2013-05-01T00:00:00.000Z,1,0,0,1,0,4.0,0,0.0,0.0,0.0,2220729.36,9611.5,0.0,0.0,2220729.36,0.0,0.0,0.0,0.0,0.0,0.0,0.0,0,0,0,0,0,0,0
5024,2013-05-02T00:00:00.000Z,Fire,FM,CA,2013,2013-05-02T00:00:00.000Z,1,0,0,1,0,9.0,0,0.0,0.0,0.0,8331302.41,271414.35,0.0,0.0,8331302.41,0.0,0.0,0.0,0.0,0.0,0.0,0.0,0,0,0,0,0,0,0
5025,2013-06-02T00:00:00.000Z,Fire,FM,CA,2013,2013-05-31T00:00:00.000Z,1,0,0,1,0,8.0,0,0.0,0.0,0.0,2021869.93,639663.63,0.0,0.0,2021869.93,0.0,0.0,0.0,0.0,0.0,0.0,0.0,0,0,0,0,0,0,0
5026,2013-06-05T00:00:00.000Z,Fire,FM,NM,2013,2013-05-30T00:00:00.000Z,1,0,0,1,0,62.0,0,0.0,0.0,0.0,2515374.98,14137.59,0.0,0.0,2515374.98,0.0,0.0,0.0,0.0,0.0,0.0,0.0,0,0,0,0,0,0,0
5027,2013-06-11T00:00:00.000Z,Fire,FM,CO,2013,2013-06-11T00:00:00.000Z,1,0,0,1,0,10.0,0,0.0,0.0,0.0,6120974.5,6593.27,0.0,0.0,6120974.5,0.0,0.0,0.0,0.0,0.0,0.0,0.0,0,0,0,0,0,0,0
5028,2013-06-11T00:00:00.000Z,Fire,FM,CO,2013,2013-06-11T00:00:00.000Z,1,0,0,1,0,4.0,0,0.0,0.0,0.0,1249472.02,0.0,0.0,0.0,1249472.02,0.0,0.0,0.0,0.0,0.0,0.0,0.0,0,0,0,0,0,0,0
5029,2013-06-19T00:00:00.000Z,Fire,FM,AZ,2013,2013-06-18T00:00:00.000Z,1,0,0,1,0,12.0,0,0.0,0.0,0.0,1302251.57,71301.68,0.0,0.0,1302251.57,0.0,0.0,0.0,0.0,0.0,0.0,0.0,0,0,0,0,0,0,0
5030,2013-06-21T00:00:00.000Z,Fire,FM,CO,2013,2013-06-19T00:00:00.000Z,1,0,0,1,0,11.0,0,0.0,0.0,0.0,3725524.98,0.0,0.0,0.0,3725524.98,0.0,0.0,0.0,0.0,0.0,0.0,0.0,0,0,0,0,0,0,0
5031,2013-06-21T00:00:00.000Z,Fire,FM,CO,2013,2013-06-21T00:00:00.000Z,2,0,0,1,0,21.0,0,0.0,0.0,0.0,7881912.63,57390.73,0.0,0.0,7881912.63,0.0,0.0,0.0,0.0,0.0,0.0,0.0,0,0,0,0,0,0,0
5032,2013-06-30T00:00:00.000Z,Fire,FM,AZ,2013,2013-06-30T00:00:00.000Z,1,0,0,1,0,7.0,0,0.0,0.0,0.0,5126349.47,340493.66,0.0,0.0,5126349.47,0.0,0.0,0.0,0.0,0.0,0.0,0.0,0,0,0,0,0,0,0
5033,2013-07-02T00:00:00.000Z,Fire,FM,AZ,2013,2013-07-01T00:00:00.000Z,1,0,0,1,0,7.0,0,0.0,0.0,0.0,371970.78,72742.64,0.0,0.0,371970.78,0.0,0.0,0.0,0.0,0.0,0.0,0.0,0,0,0,0,0,0,0
5034,2013-07-05T00:00:00.000Z,Fire,FM,NV,2013,2013-07-04T00:00:00.000Z,1,0,0,1,0,13.0,0,0.0,0.0,0.0,2493847.84,57954.89,0.0,0.0,2493847.84,0.0,0.0,0.0,0.0,0.0,0.0,0.0,0,0,0,0,0,0,0
5035,2013-07-18T00:00:00.000Z,Fire,FM,MT,2013,2013-07-18T00:00:00.000Z,1,0,0,1,0,6.0,0,0.0,0.0,0.0,10455.91,10455.91,0.0,0.0,10455.91,0.0,0.0,0.0,0.0,0.0,0.0,0.0,0,0,0,0,0,0,0
5036,2013-07-19T00:00:00.000Z,Fire,FM,OR,2013,2013-07-19T00:00:00.000Z,1,0,0,1,0,2.0,0,0.0,0.0,0.0,563414.74,6665.84,0.0,0.0,563414.74,0.0,0.0,0.0,0.0,0.0,0.0,0.0,0,0,0,0,0,0,0
5037,2013-07-28T00:00:00.000Z,Fire,FM,OR,2013,2013-07-27T00:00:00.000Z,2,0,0,1,0,23.0,0,0.0,0.0,0.0,30712289.96,65129.22,0.0,0.0,30712289.96,0.0,0.0,0.0,0.0,0.0,0.0,0.0,0,0,0,0,0,0,0
5038,2013-07-30T00:00:00.000Z,Fire,FM,WA,2013,2013-07-27T00:00:00.000Z,2,0,0,1,0,18.0,0,0.0,0.0,0.0,6824731.93,53280.54,0.0,0.0,6824731.93,0.0,0.0,0.0,0.0,0.0,0.0,0.0,0,0,0,0,0,0,0
5039,2013-08-02T00:00:00.000Z,Fire,FM,OR,2013,2013-07-28T00:00:00.000Z,1,0,0,1,0,7.0,0,0.0,0.0,0.0,3790767.48,0.0,0.0,0.0,3790767.48,0.0,0.0,0.0,0.0,0.0,0.0,0.0,0,0,0,0,0,0,0
5040,2013-08-06T00:00:00.000Z,Fire,FM,CA,2013,2013-08-05T00:00:00.000Z,1,0,0,1,0,5.0,0,0.0,0.0,0.0,1715018.69,51662.53,0.0,0.0,1715018.69,0.0,0.0,0.0,0.0,0.0,0.0,0.0,0,0,0,0,0,0,0
5041,2013-08-08T00:00:00.000Z,Fire,FM,CA,2013,2013-08-07T00:00:00.000Z,1,0,0,1,0,6.0,0,0.0,0.0,0.0,5721365.01,201109.1,0.0,0.0,5721365.01,0.0,0.0,0.0,0.0,0.0,0.0,0.0,0,0,0,0,0,0,0
5042,2013-08-10T00:00:00.000Z,Fire,FM,WA,2013,2013-08-10T00:00:00.000Z,1,0,0,1,0,4.0,0,0.0,0.0,0.0,908893.49,7922.24,0.0,0.0,908893.49,0.0,0.0,0.0,0.0,0.0,0.0,0.0,0,0,0,0,0,0,0
5043,2013-08-13T00:00:00.000Z,Fire,FM,ID,2013,2013-08-12T00:00:00.000Z,1,0,0,1,0,17.0,0,0.0,0.0,0.0,174850.88,23842.91,0.0,0.0,174850.88,0.0,0.0,0.0,0.0,0.0,0.0,0.0,0,0,0,0,0,0,0
5044,2013-08-13T00:00:00.000Z,Fire,FM,UT,2013,2013-08-13T00:00:00.000Z,1,0,0,1,0,6.0,0,0.0,0.0,0.0,1077214.49,36947.91,0.0,0.0,1077214.49,0.0,0.0,0.0,0.0,0.0,0.0,0.0,0,0,0,0,0,0,0
5045,2013-08-15T00:00:00.000Z,Fire,FM,ID,2013,2013-08-15T00:00:00.000Z,2,0,0,1,0,15.0,0,0.0,0.0,0.0,875256.85,157759.78,0.0,0.0,875256.85,0.0,0.0,0.0,0.0,0.0,0.0,0.0,0,0,0,0,0,0,0
5046,2013-08-18T00:00:00.000Z,Fire,FM,OR,2013,2013-08-17T00:00:00.000Z,2,0,0,1,0,9.0,0,0.0,0.0,0.0,7528839.33,3244.84,0.0,0.0,7528839.33,0.0,0.0,0.0,0.0,0.0,0.0,0.0,0,0,0,0,0,0,0
5047,2013-08-19T00:00:00.000Z,Fire,FM,MT,2013,2013-08-18T00:00:00.000Z,1,0,0,1,0,6.0,0,0.0,0.0,0.0,2540783.4,15480.53,0.0,0.0,2540783.4,0.0,0.0,0.0,0.0,0.0,0.0,0.0,0,0,0,0,0,0,0
5048,2013-08-21T00:00:00.000Z,Fire,FM,WA,2013,2013-08-20T00:00:00.000Z,1,0,0,1,0,8.0,0,0.0,0.0,0.0,2273317.23,18443.35,0.0,0.0,2273317.23,0.0,0.0,0.0,0.0,0.0,0.0,0.0,0,0,0,0,0,0,0
5049,2013-08-23T00:00:00.000Z,Fire,FM,CA,2013,2013-08-20T00:00:00.000Z,2,0,0,1,0,19.0,0,0.0,0.0,0.0,457025.18,27733.85,0.0,0.0,457025.18,0.0,0.0,0.0,0.0,0.0,0.0,0.0,0,0,0,0,0,0,0
5050,2013-09-10T00:00:00.000Z,Fire,FM,CA,2013,2013-09-09T00:00:00.000Z,1,0,0,1,0,5.0,0,0.0,0.0,0.0,4558436.47,95579.78,0.0,0.0,4558436.47,0.0,0.0,0.0,0.0,0.0,0.0,0.0,0,0,0,0,0,0,0
5051,2014-01-16T00:00:00.000Z,Fire,FM,CA,2014,2014-01-16T00:00:00.000Z,1,0,0,1,0,6.0,0,0.0,0.0,0.0,0.0,0.0,0.0,0.0,0.0,0.0,0.0,0.0,0.0,0.0,0.0,0.0,0,0,0,0,0,0,0
5052,2014-05-05T00:00:00.000Z,Fire,FM,OK,2014,2014-05-05T00:00:00.000Z,1,0,0,1,0,6.0,1,0.0,0.0,0.0,543827.73,30175.29,0.0,0.0,543827.73,0.0,0.0,0.0,0.0,0.0,0.0,0.0,0,0,0,0,0,0,0
5053,2014-05-12T00:00:00.000Z,Fire,FM,TX,2014,2014-05-11T00:00:00.000Z,1,0,0,1,0,6.0,1,0.0,0.0,0.0,0.0,0.0,0.0,0.0,0.0,0.0,0.0,0.0,0.0,0.0,0.0,0.0,0,0,0,0,0,0,0
5054,2014-05-14T00:00:00.000Z,Fire,FM,CA,2014,2014-05-14T00:00:00.000Z,1,0,0,1,0,3.0,0,0.0,0.0,0.0,1385550.7,351331.12,0.0,0.0,1385550.7,0.0,0.0,0.0,0.0,0.0,0.0,0.0,0,0,0,0,0,0,0
5055,2014-05-14T00:00:00.000Z,Fire,FM,CA,2014,2014-05-14T00:00:00.000Z,1,0,0,1,0,8.0,0,0.0,0.0,0.0,9288969.03,907470.7,0.0,0.0,9288969.03,0.0,0.0,0.0,0.0,0.0,0.0,0.0,0,0,0,0,0,0,0
5056,2014-06-08T00:00:00.000Z,Fire,FM,OR,2014,2014-06-07T00:00:00.000Z,1,0,0,1,0,4.0,0,0.0,0.0,0.0,2758839.89,46901.43,0.0,0.0,2758839.89,0.0,0.0,0.0,0.0,0.0,0.0,0.0,0,0,0,0,0,0,0
5057,2014-07-02T00:00:00.000Z,Fire,FM,CA,2014,2014-07-01T00:00:00.000Z,1,0,0,1,0,5.0,0,0.0,0.0,0.0,5180774.01,25201.56,0.0,0.0,5180774.01,0.0,0.0,0.0,0.0,0.0,0.0,0.0,0,0,0,0,0,0,0
5058,2014-07-10T00:00:00.000Z,Fire,FM,WA,2014,2014-07-09T00:00:00.000Z,1,0,0,1,0,5.0,0,0.0,0.0,0.0,836129.26,5704.24,0.0,0.0,836129.26,0.0,0.0,0.0,0.0,0.0,0.0,0.0,0,0,0,0,0,0,0
5059,2014-07-10T00:00:00.000Z,Fire,FM,WA,2014,2014-07-10T00:00:00.000Z,1,0,0,1,0,12.0,0,0.0,0.0,0.0,1329554.54,88250.84,0.0,0.0,1329554.54,0.0,0.0,0.0,0.0,0.0,0.0,0.0,0,0,0,0,0,0,0
5060,2014-07-14T00:00:00.000Z,Fire,FM,OR,2014,2014-07-13T00:00:00.000Z,1,0,0,1,0,5.0,0,0.0,0.0,0.0,2498698.87,4801.23,0.0,0.0,2498698.87,0.0,0.0,0.0,0.0,0.0,0.0,0.0,0,0,0,0,0,0,0
5061,2014-07-17T00:00:00.000Z,Fire,FM,WA,2014,2014-07-15T00:00:00.000Z,1,0,0,1,0,30.0,0,0.0,0.0,0.0,9760200.98,34444.84,0.0,0.0,9760200.98,0.0,0.0,0.0,0.0,0.0,0.0,0.0,0,0,0,0,0,0,0
5062,2014-07-17T00:00:00.000Z,Fire,FM,WA,2014,2014-07-15T00:00:00.000Z,1,0,0,1,0,30.0,0,0.0,0.0,0.0,17351586.34,54506.81,0.0,0.0,17351586.34,0.0,0.0,0.0,0.0,0.0,0.0,0.0,0,0,0,0,0,0,0
5063,2014-07-19T00:00:00.000Z,Fire,FM,WA,2014,2014-07-19T00:00:00.000Z,2,0,0,1,0,3.0,0,0.0,0.0,0.0,479513.79,11514.7,0.0,0.0,479513.79,0.0,0.0,0.0,0.0,0.0,0.0,0.0,0,0,0,0,0,0,0
5064,2014-07-19T00:00:00.000Z,Fire,FM,WA,2014,2014-07-19T00:00:00.000Z,1,0,0,1,0,1.0,0,0.0,0.0,0.0,40562.99,1689.23,0.0,0.0,40562.99,0.0,0.0,0.0,0.0,0.0,0.0,0.0,0,0,0,0,0,0,0
5065,2014-07-21T00:00:00.000Z,Fire,FM,UT,2014,2014-07-21T00:00:00.000Z,1,0,0,1,0,1.0,0,0.0,0.0,0.0,152495.99,0.0,0.0,0.0,152495.99,0.0,0.0,0.0,0.0,0.0,0.0,0.0,0,0,0,0,0,0,0
5066,2014-08-01T00:00:00.000Z,Fire,FM,OR,2014,2014-07-31T00:00:00.000Z,2,0,0,1,0,13.0,0,0.0,0.0,0.0,9630026.88,8440.78,0.0,0.0,9630026.88,0.0,0.0,0.0,0.0,0.0,0.0,0.0,0,0,0,0,0,0,0
5067,2014-08-02T00:00:00.000Z,Fire,FM,CA,2014,2014-08-01T00:00:00.000Z,1,0,0,1,0,15.0,0,0.0,0.0,0.0,8062198.55,212807.85,0.0,0.0,8062198.55,0.0,0.0,0.0,0.0,0.0,0.0,0.0,0,0,0,0,0,0,0
5068,2014-08-02T00:00:00.000Z,Fire,FM,CA,2014,2014-08-01T00:00:00.000Z,1,0,0,1,0,8.0,0,0.0,0.0,0.0,1134200.15,22006.12,0.0,0.0,1134200.15,0.0,0.0,0.0,0.0,0.0,0.0,0.0,0,0,0,0,0,0,0
5069,2014-08-03T00:00:00.000Z,Fire,FM,CA,2014,2014-08-02T00:00:00.000Z,2,0,0,1,0,7.0,0,0.0,0.0,0.0,2060560.04,18737.16,0.0,0.0,2060560.04,0.0,0.0,0.0,0.0,0.0,0.0,0.0,0,0,0,0,0,0,0
5070,2014-08-03T00:00:00.000Z,Fire,FM,CA,2014,2014-08-01T00:00:00.000Z,1,0,0,1,0,8.0,0,0.0,0.0,0.0,9800754.63,17588.58,0.0,0.0,9800754.63,0.0,0.0,0.0,0.0,0.0,0.0,0.0,0,0,0,0,0,0,0
5071,2014-08-03T00:00:00.000Z,Fire,FM,WA,2014,2014-08-02T00:00:00.000Z,1,0,0,1,0,24.0,0,0.0,0.0,0.0,9986747.15,4455.09,0.0,0.0,9986747.15,0.0,0.0,0.0,0.0,0.0,0.0,0.0,0,0,0,0,0,0,0
5072,2014-08-06T00:00:00.000Z,Fire,FM,WA,2014,2014-08-05T00:00:00.000Z,1,0,0,1,0,9.0,0,0.0,0.0,0.0,605304.22,10219.39,0.0,0.0,605304.22,0.0,0.0,0.0,0.0,0.0,0.0,0.0,0,0,0,0,0,0,0
5073,2014-08-06T00:00:00.000Z,Fire,FM,OR,2014,2014-08-05T00:00:00.000Z,1,0,0,1,0,6.0,0,0.0,0.0,0.0,863545.8,1586.94,0.0,0.0,863545.8,0.0,0.0,0.0,0.0,0.0,0.0,0.0,0,0,0,0,0,0,0
5074,2014-08-19T00:00:00.000Z,Fire,FM,CA,2014,2014-08-18T00:00:00.000Z,1,0,0,1,0,4.0,0,0.0,0.0,0.0,3469119.78,56661.62,0.0,0.0,3469119.78,0.0,0.0,0.0,0.0,0.0,0.0,0.0,0,0,0,0,0,0,0
5075,2014-08-19T00:00:00.000Z,Fire,FM,CA,2014,2014-08-18T00:00:00.000Z,1,0,0,1,0,5.0,0,0.0,0.0,0.0,2566096.58,21351.24,0.0,0.0,2566096.58,0.0,0.0,0.0,0.0,0.0,0.0,0.0,0,0,0,0,0,0,0
5076,2014-08-25T00:00:00.000Z,Fire,FM,CA,2014,2014-08-24T00:00:00.000Z,1,0,0,1,0,4.0,0,0.0,0.0,0.0,1960049.13,5236.13,0.0,0.0,1960049.13,0.0,0.0,0.0,0.0,0.0,0.0,0.0,0,0,0,0,0,0,0
5077,2014-09-05T00:00:00.000Z,Fire,FM,CA,2014,2014-09-05T00:00:00.000Z,1,0,0,1,0,5.0,0,0.0,0.0,0.0,3340243.4,23089.55,0.0,0.0,3340243.4,0.0,0.0,0.0,0.0,0.0,0.0,0.0,0,0,0,0,0,0,0
5078,2014-09-14T00:00:00.000Z,Fire,FM,CA,2014,2014-09-14T00:00:00.000Z,1,0,0,1,0,6.0,0,0.0,0.0,0.0,3440106.91,72265.71,0.0,0.0,3440106.91,0.0,0.0,0.0,0.0,0.0,0.0,0.0,0,0,0,0,0,0,0
5079,2014-09-15T00:00:00.000Z,Fire,FM,CA,2014,2014-09-15T00:00:00.000Z,1,0,0,1,0,12.0,0,0.0,0.0,0.0,5294854.84,165881.8,0.0,0.0,5294854.84,0.0,0.0,0.0,0.0,0.0,0.0,0.0,0,0,0,0,0,0,0
5080,2014-09-16T00:00:00.000Z,Fire,FM,OR,2014,2014-09-15T00:00:00.000Z,1,0,0,1,0,12.0,0,0.0,0.0,0.0,1334447.91,22126.56,0.0,0.0,1334447.91,0.0,0.0,0.0,0.0,0.0,0.0,0.0,0,0,0,0,0,0,0
5081,2014-09-17T00:00:00.000Z,Fire,FM,CA,2014,2014-09-13T00:00:00.000Z,1,0,0,1,0,20.0,0,0.0,0.0,0.0,17367834.02,1019554.95,0.0,0.0,17367834.02,0.0,0.0,0.0,0.0,0.0,0.0,0.0,0,0,0,0,0,0,0
5082,2014-10-08T00:00:00.000Z,Fire,FM,CA,2015,2014-10-08T00:00:00.000Z,1,0,0,1,0,5.0,0,0.0,0.0,0.0,4199626.72,166051.7,0.0,0.0,4199626.72,0.0,0.0,0.0,0.0,0.0,0.0,0.0,0,0,0,0,0,0,0
5083,2014-11-06T00:00:00.000Z,Fire,FM,AZ,2015,2014-05-20T00:00:00.000Z,1,0,0,1,0,15.0,0,0.0,0.0,0.0,1125000.01,0.0,0.0,0.0,1125000.01,0.0,0.0,0.0,0.0,0.0,0.0,0.0,0,0,0,0,0,0,0
5084,2015-06-15T00:00:00.000Z,Fire,FM,AK,2015,2015-06-15T00:00:00.000Z,1,0,0,1,1,6.0,1,0.0,0.0,0.0,6212010.79,42889.71,0.0,0.0,6212010.79,0.0,0.0,0.0,0.0,0.0,0.0,0.0,0,0,0,0,0,0,0
5085,2015-06-16T00:00:00.000Z,Fire,FM,AK,2015,2015-06-15T00:00:00.000Z,1,0,0,1,1,6.0,1,0.0,0.0,0.0,521457.25,7021.23,0.0,0.0,521457.25,0.0,0.0,0.0,0.0,0.0,0.0,0.0,0,0,0,0,0,0,0
5086,2015-06-17T00:00:00.000Z,Fire,FM,AZ,2015,2015-06-17T00:00:00.000Z,1,0,0,1,1,10.0,0,0.0,0.0,0.0,912000.51,20640.11,0.0,144710.56,1056711.07,0.0,0.0,0.0,0.0,0.0,0.0,0.0,0,0,0,0,0,0,0
5087,2015-06-29T00:00:00.000Z,Fire,FM,WA,2015,2015-06-28T00:00:00.000Z,1,0,0,1,1,5.0,0,0.0,0.0,0.0,1765492.94,53041.98,0.0,351548.09,2117041.03,0.0,0.0,0.0,0.0,0.0,0.0,0.0,0,0,0,0,0,0,0
5088,2015-07-06T00:00:00.000Z,Fire,FM,ID,2015,2015-07-05T00:00:00.000Z,2,0,0,1,1,6.0,0,0.0,0.0,0.0,2135746.75,41091.87,0.0,18415.07,2154161.82,0.0,0.0,0.0,0.0,0.0,0.0,0.0,0,0,0,0,0,0,0
5089,2015-07-17T00:00:00.000Z,Fire,FM,CA,2015,2015-07-17T00:00:00.000Z,1,0,0,1,1,4.0,0,0.0,0.0,0.0,855804.91,95620.59,0.0,105977.93,961782.8400000001,0.0,0.0,0.0,0.0,0.0,0.0,0.0,0,0,0,0,0,0,0
5090,2015-07-21T00:00:00.000Z,Fire,FM,WA,2015,2015-07-20T00:00:00.000Z,1,0,0,1,1,8.0,0,0.0,0.0,0.0,5910094.63,24569.58,0.0,35216.25,5945310.88,0.0,0.0,0.0,0.0,0.0,0.0,0.0,0,0,0,0,0,0,0
5091,2015-07-23T00:00:00.000Z,Fire,FM,CA,2015,2015-07-22T00:00:00.000Z,3,0,0,1,1,11.0,0,0.0,0.0,0.0,13868793.44,101172.22,0.0,312579.84,14181373.28,0.0,0.0,0.0,0.0,0.0,0.0,0.0,0,0,0,0,0,0,0
5092,2015-07-31T00:00:00.000Z,Fire,FM,OR,2015,2015-07-30T00:00:00.000Z,1,0,0,1,1,30.0,0,0.0,0.0,0.0,14620253.01,55459.35,0.0,459594.0,15079847.01,0.0,0.0,0.0,0.0,0.0,0.0,0.0,0,0,0,0,0,0,0
5093,2015-08-02T00:00:00.000Z,Fire,FM,CA,2015,2015-07-29T00:00:00.000Z,1,0,0,1,1,17.0,0,0.0,0.0,0.0,30805790.0,294372.82,0.0,393133.31,31198923.31,0.0,0.0,0.0,0.0,0.0,0.0,0.0,0,0,0,0,0,0,0
5094,2015-08-05T00:00:00.000Z,Fire,FM,WA,2015,2015-08-04T00:00:00.000Z,1,0,0,1,1,6.0,0,0.0,0.0,0.0,930657.61,10860.03,0.0,33602.22,964259.83,0.0,0.0,0.0,0.0,0.0,0.0,0.0,0,0,0,0,0,0,0
5095,2015-08-09T00:00:00.000Z,Fire,FM,AZ,2015,2015-08-08T00:00:00.000Z,1,0,0,1,1,4.0,0,0.0,0.0,0.0,484775.83,60497.74,0.0,290927.42,775703.25,0.0,0.0,0.0,0.0,0.0,0.0,0.0,0,0,0,0,0,0,0
5096,2015-08-09T00:00:00.000Z,Fire,FM,OR,2015,2015-08-08T00:00:00.000Z,1,0,0,1,1,3.0,0,0.0,0.0,0.0,89797.56,1545.63,0.0,37539.8,127337.36,0.0,0.0,0.0,0.0,0.0,0.0,0.0,0,0,0,0,0,0,0
5097,2015-08-13T00:00:00.000Z,Fire,FM,OR,2015,2015-08-11T00:00:00.000Z,1,0,0,1,1,14.0,0,0.0,0.0,0.0,3214693.54,26601.47,0.0,39142.24,3253835.7800000003,0.0,0.0,0.0,0.0,0.0,0.0,0.0,0,0,0,0,0,0,0
5098,2015-08-14T00:00:00.000Z,Fire,FM,WA,2015,2015-08-13T00:00:00.000Z,1,0,0,1,1,6.0,0,0.0,0.0,0.0,456164.48,0.0,0.0,43150.66,499315.14,0.0,0.0,0.0,0.0,0.0,0.0,0.0,0,0,0,0,0,0,0
5099,2015-08-14T00:00:00.000Z,Fire,FM,ID,2015,2015-08-10T00:00:00.000Z,2,0,0,1,1,17.0,0,0.0,0.0,0.0,7905132.26,199462.21,0.0,347360.0,8252492.26,0.0,0.0,0.0,0.0,0.0,0.0,0.0,0,0,0,0,0,0,0
5100,2015-08-14T00:00:00.000Z,Fire,FM,WA,2015,2015-08-14T00:00:00.000Z,3,0,0,1,1,19.0,0,0.0,0.0,0.0,5975698.54,61303.81,0.0,238444.48,6214143.0200000005,0.0,0.0,0.0,0.0,0.0,0.0,0.0,0,0,0,0,0,0,0
5101,2015-08-15T00:00:00.000Z,Fire,FM,WA,2015,2015-08-14T00:00:00.000Z,1,0,0,1,1,19.0,0,0.0,0.0,0.0,1527066.5,14733.96,0.0,38681.58,1565748.08,0.0,0.0,0.0,0.0,0.0,0.0,0.0,0,0,0,0,0,0,0
5102,2015-08-15T00:00:00.000Z,Fire,FM,OR,2015,2015-08-14T00:00:00.000Z,1,0,0,1,1,23.0,0,0.0,0.0,0.0,5569206.78,26485.11,0.0,134573.0,5703779.78,0.0,0.0,0.0,0.0,0.0,0.0,0.0,0,0,0,0,0,0,0
5103,2015-08-15T00:00:00.000Z,Fire,FM,WA,2015,2015-08-14T00:00:00.000Z,1,0,0,1,1,25.0,0,0.0,0.0,0.0,10083188.44,26090.33,0.0,37449.95,10120638.389999999,0.0,0.0,0.0,0.0,0.0,0.0,0.0,0,0,0,0,0,0,0
5104,2015-08-15T00:00:00.000Z,Fire,FM,WA,2015,2015-08-14T00:00:00.000Z,2,0,0,1,1,29.0,0,0.0,0.0,0.0,25623646.64,31363.86,0.0,21540.47,25645187.11,0.0,0.0,0.0,0.0,0.0,0.0,0.0,0,0,0,0,0,0,0
5105,2015-08-15T00:00:00.000Z,Fire,FM,ID,2015,2015-08-14T00:00:00.000Z,1,0,0,1,1,11.0,0,0.0,0.0,0.0,1345529.18,37914.57,0.0,31630.0,1377159.18,0.0,0.0,0.0,0.0,0.0,0.0,0.0,0,0,0,0,0,0,0
5106,2015-08-19T00:00:00.000Z,Fire,FM,WA,2015,2015-08-19T00:00:00.000Z,1,0,0,1,1,14.0,0,0.0,0.0,0.0,1070536.08,1020.23,0.0,46716.62,1117252.7000000002,0.0,0.0,0.0,0.0,0.0,0.0,0.0,0,0,0,0,0,0,0
5107,2015-08-21T00:00:00.000Z,Fire,FM,OR,2015,2015-08-20T00:00:00.000Z,1,0,0,1,1,17.0,0,0.0,0.0,0.0,2423995.63,35441.35,0.0,14435.4,2438431.03,0.0,0.0,0.0,0.0,0.0,0.0,0.0,0,0,0,0,0,0,0
5108,2015-08-21T00:00:00.000Z,Fire,FM,WA,2015,2015-08-21T00:00:00.000Z,2,0,0,1,1,12.0,0,0.0,0.0,0.0,1947217.55,2607.76,0.0,30584.95,1977802.5,0.0,0.0,0.0,0.0,0.0,0.0,0.0,0,0,0,0,0,0,0
5109,2015-08-24T00:00:00.000Z,Fire,FM,WA,2015,2015-08-19T00:00:00.000Z,2,0,0,1,1,9.0,0,0.0,0.0,0.0,56523.64,0.0,0.0,438444.88,494968.52,0.0,0.0,0.0,0.0,0.0,0.0,0.0,0,0,0,0,0,0,0
5110,2015-08-29T00:00:00.000Z,Fire,FM,ID,2015,2015-08-29T00:00:00.000Z,1,0,0,1,1,6.0,0,0.0,0.0,0.0,30961.05,3408.03,0.0,347360.0,378321.05,0.0,0.0,0.0,0.0,0.0,0.0,0.0,0,0,0,0,0,0,0
5111,2015-09-10T00:00:00.000Z,Fire,FM,CA,2015,2015-09-09T00:00:00.000Z,2,0,0,1,1,23.0,0,0.0,0.0,0.0,3149241.65,273417.55,0.0,21592.0,3170833.65,0.0,0.0,0.0,0.0,0.0,0.0,0.0,0,0,0,0,0,0,0
5112,2015-09-13T00:00:00.000Z,Fire,FM,CA,2015,2015-09-12T00:00:00.000Z,3,0,0,1,1,23.0,0,0.0,0.0,0.0,2909011.76,512278.84,0.0,335650.35,3244662.11,0.0,0.0,0.0,0.0,0.0,0.0,0.0,0,0,0,0,0,0,0
5113,2015-09-14T00:00:00.000Z,Fire,FM,WA,2015,2015-09-13T00:00:00.000Z,1,0,0,1,1,2.0,0,0.0,0.0,0.0,187070.23,1790.68,0.0,44544.76,231614.99000000002,0.0,0.0,0.0,0.0,0.0,0.0,0.0,0,0,0,0,0,0,0
5114,2015-09-14T00:00:00.000Z,Fire,FM,OR,2015,2015-09-13T00:00:00.000Z,1,0,0,1,1,3.0,0,0.0,0.0,0.0,235333.26,7023.67,0.0,30157.16,265490.42,0.0,0.0,0.0,0.0,0.0,0.0,0.0,0,0,0,0,0,0,0
5115,2015-10-11T00:00:00.000Z,Fire,FM,WY,2016,2015-10-11T00:00:00.000Z,1,0,0,1,1,6.0,1,0.0,0.0,0.0,0.0,0.0,0.0,8689.8,8689.8,0.0,0.0,0.0,0.0,0.0,0.0,0.0,0,0,0,0,0,0,0
5116,2015-10-14T00:00:00.000Z,Fire,FM,TX,2016,2015-10-13T00:00:00.000Z,1,0,0,1,1,15.0,0,0.0,0.0,0.0,3568584.84,166084.75,0.0,205398.41,3773983.25,0.0,0.0,0.0,0.0,0.0,0.0,0.0,0,0,0,0,0,0,0
5117,2015-11-11T00:00:00.000Z,Fire,FM,OK,2016,2015-11-11T00:00:00.000Z,2,0,0,1,1,2.0,0,0.0,0.0,0.0,57419.43,2529.05,0.0,303514.37,360933.8,0.0,0.0,0.0,0.0,0.0,0.0,0.0,0,0,0,0,0,0,0
5118,2016-01-29T00:00:00.000Z,Fire,FM,OK,2016,2016-01-29T00:00:00.000Z,1,0,0,1,0,6.0,1,0.0,0.0,0.0,0.0,0.0,0.0,0.0,0.0,0.0,0.0,0.0,0.0,0.0,0.0,0.0,0,0,0,0,0,0,0
5119,2016-02-18T00:00:00.000Z,Fire,FM,OK,2016,2016-02-18T00:00:00.000Z,1,0,0,1,0,6.0,1,0.0,0.0,0.0,0.0,0.0,0.0,0.0,0.0,0.0,0.0,0.0,0.0,0.0,0.0,0.0,0,0,0,0,0,0,0
5120,2016-03-23T00:00:00.000Z,Fire,FM,KS,2016,2016-03-23T00:00:00.000Z,2,0,0,1,1,15.0,0,0.0,0.0,0.0,1249825.6,497515.3,0.0,0.0,1249825.6,0.0,0.0,0.0,0.0,0.0,0.0,0.0,0,0,0,0,0,0,0
5121,2016-04-05T00:00:00.000Z,Fire,FM,KS,2016,2016-04-05T00:00:00.000Z,1,0,0,1,1,1.0,0,0.0,0.0,0.0,103478.1,85121.51,0.0,0.0,103478.1,0.0,0.0,0.0,0.0,0.0,0.0,0.0,0,0,0,0,0,0,0
5122,2016-04-05T00:00:00.000Z,Fire,FM,OK,2016,2016-04-05T00:00:00.000Z,1,0,0,1,0,0.0,0,0.0,0.0,0.0,1102989.32,54779.68,0.0,0.0,1102989.32,0.0,0.0,0.0,0.0,0.0,0.0,0.0,0,0,0,0,0,0,0
5123,2016-04-21T00:00:00.000Z,Fire,FM,NH,2016,2016-04-21T00:00:00.000Z,1,0,0,1,1,2.0,0,0.0,0.0,0.0,0.0,0.0,0.0,0.0,0.0,0.0,0.0,0.0,0.0,0.0,0.0,0.0,0,0,0,0,0,0,0
5124,2016-06-05T00:00:00.000Z,Fire,FM,CA,2016,2016-06-04T00:00:00.000Z,1,0,0,1,1,6.0,0,0.0,0.0,0.0,1930296.01,109887.55,0.0,0.0,1930296.01,0.0,0.0,0.0,0.0,0.0,0.0,0.0,0,0,0,0,0,0,0
5125,2016-06-08T00:00:00.000Z,Fire,FM,AZ,2016,2016-06-08T00:00:00.000Z,1,0,0,1,0,7.0,0,0.0,0.0,0.0,2004706.26,37349.85,0.0,0.0,2004706.26,0.0,0.0,0.0,0.0,0.0,0.0,0.0,0,0,0,0,0,0,0
5126,2016-06-08T00:00:00.000Z,Fire,FM,OR,2016,2016-06-07T00:00:00.000Z,1,0,0,1,0,4.0,0,0.0,0.0,0.0,2675109.99,303612.8,0.0,0.0,2675109.99,0.0,0.0,0.0,0.0,0.0,0.0,0.0,0,0,0,0,0,0,0
5127,2016-06-16T00:00:00.000Z,Fire,FM,NM,2016,2016-06-14T00:00:00.000Z,2,0,0,1,0,57.0,0,0.0,0.0,0.0,5905956.47,157086.98,0.0,0.0,5905956.47,0.0,0.0,0.0,0.0,0.0,0.0,0.0,0,0,0,0,0,0,0
5128,2016-06-19T00:00:00.000Z,Fire,FM,CA,2016,2016-06-19T00:00:00.000Z,1,0,0,1,0,10.0,0,0.0,0.0,0.0,14318214.62,335447.17,0.0,0.0,14318214.62,0.0,0.0,0.0,0.0,0.0,0.0,0.0,0,0,0,0,0,0,0
5129,2016-06-21T00:00:00.000Z,Fire,FM,CA,2016,2016-06-20T00:00:00.000Z,1,0,0,1,0,10.0,0,0.0,0.0,0.0,1377758.82,338263.71,0.0,0.0,1377758.82,0.0,0.0,0.0,0.0,0.0,0.0,0.0,0,0,0,0,0,0,0
5130,2016-06-21T00:00:00.000Z,Fire,FM,UT,2016,2016-06-21T00:00:00.000Z,1,0,0,1,0,21.0,0,0.0,0.0,0.0,1727016.64,325357.99,0.0,0.0,1727016.64,0.0,0.0,0.0,0.0,0.0,0.0,0.0,0,0,0,0,0,0,0
5131,2016-06-24T00:00:00.000Z,Fire,FM,CA,2016,2016-06-23T00:00:00.000Z,1,0,0,1,0,13.0,0,0.0,0.0,0.0,4247960.9,775835.9,0.0,0.0,4247960.9,0.0,0.0,0.0,0.0,0.0,0.0,0.0,0,0,0,0,0,0,0
5132,2016-07-09T00:00:00.000Z,Fire,FM,CA,2016,2016-07-09T00:00:00.000Z,1,0,0,1,0,5.0,0,0.0,0.0,0.0,2479741.41,45393.01,0.0,0.0,2479741.41,0.0,0.0,0.0,0.0,0.0,0.0,0.0,0,0,0,0,0,0,0
5133,2016-07-10T00:00:00.000Z,Fire,FM,CO,2016,2016-07-09T00:00:00.000Z,1,0,0,1,0,5.0,0,0.0,0.0,0.0,2225192.99,0.0,0.0,0.0,2225192.99,0.0,0.0,0.0,0.0,0.0,0.0,0.0,0,0,0,0,0,0,0
5134,2016-07-14T00:00:00.000Z,Fire,FM,NM,2016,2016-07-13T00:00:00.000Z,1,0,0,1,0,36.0,0,0.0,0.0,0.0,850539.46,2872.43,0.0,0.0,850539.46,0.0,0.0,0.0,0.0,0.0,0.0,0.0,0,0,0,0,0,0,0
5135,2016-07-23T00:00:00.000Z,Fire,FM,CA,2016,2016-07-22T00:00:00.000Z,1,0,0,1,0,10.0,0,0.0,0.0,0.0,5137174.1,806387.54,0.0,0.0,5137174.1,0.0,0.0,0.0,0.0,0.0,0.0,0.0,0,0,0,0,0,0,0
5136,2016-07-25T00:00:00.000Z,Fire,FM,WY,2016,2016-07-25T00:00:00.000Z,1,0,0,1,0,6.0,1,0.0,0.0,0.0,711455.47,0.0,0.0,0.0,711455.47,0.0,0.0,0.0,0.0,0.0,0.0,0.0,0,0,0,0,0,0,0
5137,2016-07-28T00:00:00.000Z,Fire,FM,CA,2016,2016-07-22T00:00:00.000Z,1,0,0,1,0,75.0,0,0.0,0.0,0.0,111716016.91,1863749.94,0.0,0.0,111716016.91,0.0,0.0,0.0,0.0,0.0,0.0,0.0,0,0,0,0,0,0,0
5138,2016-07-29T00:00:00.000Z,Fire,FM,NV,2016,2016-07-29T00:00:00.000Z,1,0,0,1,0,2.0,0,0.0,0.0,0.0,2870.53,0.0,0.0,0.0,2870.53,0.0,0.0,0.0,0.0,0.0,0.0,0.0,0,0,0,0,0,0,0
5139,2016-07-29T00:00:00.000Z,Fire,FM,WY,2016,2016-07-28T00:00:00.000Z,1,0,0,1,0,7.0,0,0.0,0.0,0.0,1815431.3,9710.71,0.0,0.0,1815431.3,0.0,0.0,0.0,0.0,0.0,0.0,0.0,0,0,0,0,0,0,0
5140,2016-07-31T00:00:00.000Z,Fire,FM,CA,2016,2016-07-30T00:00:00.000Z,1,0,0,1,0,9.0,0,0.0,0.0,0.0,8975198.42,128599.06,0.0,0.0,8975198.42,0.0,0.0,0.0,0.0,0.0,0.0,0.0,0,0,0,0,0,0,0
5141,2016-07-31T00:00:00.000Z,Fire,FM,NV,2016,2016-07-29T00:00:00.000Z,1,0,0,1,0,9.0,0,0.0,0.0,0.0,423056.57,0.0,0.0,0.0,423056.57,0.0,0.0,0.0,0.0,0.0,0.0,0.0,0,0,0,0,0,0,0
5142,2016-08-01T00:00:00.000Z,Fire,FM,WA,2016,2016-07-31T00:00:00.000Z,1,0,0,1,0,3.0,0,0.0,0.0,0.0,438042.78,438042.78,0.0,0.0,438042.78,0.0,0.0,0.0,0.0,0.0,0.0,0.0,0,0,0,0,0,0,0
5143,2016-08-01T00:00:00.000Z,Fire,FM,MT,2016,2016-08-01T00:00:00.000Z,1,0,0,1,0,6.0,1,0.0,0.0,0.0,637395.06,29930.03,0.0,0.0,637395.06,0.0,0.0,0.0,0.0,0.0,0.0,0.0,0,0,0,0,0,0,0
5144,2016-08-08T00:00:00.000Z,Fire,FM,CA,2016,2016-08-07T00:00:00.000Z,1,0,0,1,0,9.0,0,0.0,0.0,0.0,3455640.95,304896.1,0.0,0.0,3455640.95,0.0,0.0,0.0,0.0,0.0,0.0,0.0,0,0,0,0,0,0,0
5145,2016-08-14T00:00:00.000Z,Fire,FM,CA,2016,2016-08-13T00:00:00.000Z,1,0,0,1,0,9.0,0,0.0,0.0,0.0,13654350.61,184089.91,0.0,0.0,13654350.61,0.0,0.0,0.0,0.0,0.0,0.0,0.0,0,0,0,0,0,0,0
5146,2016-08-14T00:00:00.000Z,Fire,FM,CA,2016,2016-08-13T00:00:00.000Z,1,0,0,1,0,24.0,0,0.0,0.0,0.0,56849949.26,285427.2,0.0,0.0,56849949.26,0.0,0.0,0.0,0.0,0.0,0.0,0.0,0,0,0,0,0,0,0
5147,2016-08-16T00:00:00.000Z,Fire,FM,CA,2016,2016-08-16T00:00:00.000Z,1,0,0,1,0,6.0,0,0.0,0.0,0.0,4430611.64,1629465.58,0.0,0.0,4430611.64,0.0,0.0,0.0,0.0,0.0,0.0,0.0,0,0,0,0,0,0,0
5148,2016-08-22T00:00:00.000Z,Fire,FM,WA,2016,2016-08-21T00:00:00.000Z,1,0,0,1,0,3.0,0,0.0,0.0,0.0,347893.55,343093.29,0.0,0.0,347893.55,0.0,0.0,0.0,0.0,0.0,0.0,0.0,0,0,0,0,0,0,0
5149,2016-08-22T00:00:00.000Z,Fire,FM,WA,2016,2016-08-21T00:00:00.000Z,1,0,0,1,0,8.0,0,0.0,0.0,0.0,1386170.88,1381732.22,0.0,0.0,1386170.88,0.0,0.0,0.0,0.0,0.0,0.0,0.0,0,0,0,0,0,0,0
5150,2016-08-22T00:00:00.000Z,Fire,FM,CA,2016,2016-08-16T00:00:00.000Z,2,0,0,1,0,23.0,0,0.0,0.0,0.0,1492294.74,359439.62,0.0,0.0,1492294.74,0.0,0.0,0.0,0.0,0.0,0.0,0.0,0,0,0,0,0,0,0
5151,2016-08-25T00:00:00.000Z,Fire,FM,ID,2016,2016-08-21T00:00:00.000Z,1,0,0,1,0,10.0,0,0.0,0.0,0.0,1721832.05,56108.69,0.0,0.0,1721832.05,0.0,0.0,0.0,0.0,0.0,0.0,0.0,0,0,0,0,0,0,0
5152,2016-08-28T00:00:00.000Z,Fire,FM,WA,2016,2016-08-27T00:00:00.000Z,1,0,0,1,0,3.0,0,0.0,0.0,0.0,1063262.16,1060389.69,0.0,0.0,1063262.16,0.0,0.0,0.0,0.0,0.0,0.0,0.0,0,0,0,0,0,0,0
5153,2016-08-31T00:00:00.000Z,Fire,FM,OR,2016,2016-08-30T00:00:00.000Z,1,0,0,1,0,2.0,0,0.0,0.0,0.0,820738.65,1862.8,0.0,0.0,820738.65,0.0,0.0,0.0,0.0,0.0,0.0,0.0,0,0,0,0,0,0,0
5154,2016-10-02T00:00:00.000Z,Fire,FM,NV,2017,2016-10-02T00:00:00.000Z,1,0,0,1,1,2.0,0,0.0,0.0,0.0,3644.11,0.0,0.0,446662.49,450306.6,0.0,0.0,0.0,0.0,0.0,0.0,0.0,0,0,0,0,0,0,0
5155,2016-10-04T00:00:00.000Z,Fire,FM,CO,2017,2016-10-04T00:00:00.000Z,1,0,0,1,1,3.0,0,0.0,0.0,0.0,1143555.26,0.0,0.0,316730.66,1460285.92,0.0,0.0,0.0,0.0,0.0,0.0,0.0,0,0,0,0,0,0,0
5156,2016-10-14T00:00:00.000Z,Fire,FM,NV,2017,2016-10-14T00:00:00.000Z,1,0,0,1,1,17.0,0,0.0,0.0,0.0,5145844.24,0.0,0.0,0.0,5145844.24,0.0,0.0,0.0,0.0,0.0,0.0,0.0,0,0,0,0,0,0,0
5157,2016-10-17T00:00:00.000Z,Fire,FM,CO,2017,2016-10-17T00:00:00.000Z,2,0,0,1,1,9.0,0,0.0,0.0,0.0,3901102.19,0.0,0.0,0.0,3901102.19,0.0,0.0,0.0,0.0,0.0,0.0,0.0,0,0,0,0,0,0,0
5158,2016-11-08T00:00:00.000Z,Fire,FM,KY,2017,2016-11-08T00:00:00.000Z,1,0,0,1,1,13.0,0,0.0,0.0,0.0,415169.62,97469.35,0.0,112088.0,527257.62,0.0,0.0,0.0,0.0,0.0,0.0,0.0,0,0,0,0,0,0,0
5159,2016-11-09T00:00:00.000Z,Fire,FM,TN,2017,2016-11-05T00:00:00.000Z,1,0,0,1,1,28.0,0,0.0,0.0,0.0,1284186.13,0.0,0.0,1042961.46,2327147.59,0.0,0.0,0.0,0.0,0.0,0.0,0.0,0,0,0,0,0,0,0
5160,2016-11-11T00:00:00.000Z,Fire,FM,TN,2017,2016-11-11T00:00:00.000Z,3,0,0,1,1,18.0,0,0.0,0.0,0.0,324252.9,30216.0,0.0,0.0,324252.9,0.0,0.0,0.0,0.0,0.0,0.0,0.0,0,0,0,0,0,0,0
5161,2016-11-11T00:00:00.000Z,Fire,FM,NC,2017,2016-11-11T00:00:00.000Z,3,0,0,1,1,18.0,0,0.0,0.0,0.0,6696182.13,108923.14,0.0,683583.04,7379765.17,0.0,0.0,0.0,0.0,0.0,0.0,0.0,0,0,0,0,0,0,0
5162,2016-11-12T00:00:00.000Z,Fire,FM,SC,2017,2016-11-12T00:00:00.000Z,2,0,0,1,1,38.0,0,0.0,0.0,0.0,3336432.89,0.0,0.0,197565.14,3533998.0300000003,0.0,0.0,0.0,0.0,0.0,0.0,0.0,0,0,0,0,0,0,0
5163,2016-11-13T00:00:00.000Z,Fire,FM,GA,2017,2016-11-13T00:00:00.000Z,1,0,0,1,1,19.0,0,0.0,0.0,0.0,577945.32,7159.67,0.0,806554.35,1384499.67,0.0,0.0,0.0,0.0,0.0,0.0,0.0,0,0,0,0,0,0,0
5164,2016-11-19T00:00:00.000Z,Fire,FM,NC,2017,2016-11-19T00:00:00.000Z,1,0,0,1,1,15.0,0,0.0,0.0,0.0,2388962.04,48236.88,0.0,0.0,2388962.04,0.0,0.0,0.0,0.0,0.0,0.0,0.0,0,0,0,0,0,0,0
5165,2016-11-19T00:00:00.000Z,Fire,FM,TN,2017,2016-11-17T00:00:00.000Z,1,0,0,1,1,16.0,0,0.0,0.0,0.0,119555.16,24819.02,0.0,0.0,119555.16,0.0,0.0,0.0,0.0,0.0,0.0,0.0,0,0,0,0,0,0,0
5166,2016-11-20T00:00:00.000Z,Fire,FM,KY,2017,2016-11-18T00:00:00.000Z,4,0,0,1,1,4.0,0,0.0,0.0,0.0,1801399.51,294307.01,0.0,0.0,1801399.51,0.0,0.0,0.0,0.0,0.0,0.0,0.0,0,0,0,0,0,0,0
5167,2016-11-28T00:00:00.000Z,Fire,FM,TN,2017,2016-11-28T00:00:00.000Z,1,0,0,1,1,11.0,0,0.0,0.0,0.0,0.0,0.0,0.0,0.0,0.0,0.0,0.0,0.0,0.0,0.0,0.0,0.0,0,0,0,0,0,0,0
5168,2017-02-12T00:00:00.000Z,Fire,FM,OK,2017,2017-02-12T00:00:00.000Z,1,0,0,1,1,6.0,1,0.0,0.0,0.0,19907.44,2071.58,0.0,2452237.03,2472144.4699999997,0.0,0.0,0.0,0.0,0.0,0.0,0.0,0,0,0,0,0,0,0
5169,2017-02-23T00:00:00.000Z,Fire,FM,OK,2017,2017-02-23T00:00:00.000Z,1,0,0,1,1,6.0,1,0.0,0.0,0.0,4523.54,0.0,0.0,0.0,4523.54,0.0,0.0,0.0,0.0,0.0,0.0,0.0,0,0,0,0,0,0,0
5170,2017-03-05T00:00:00.000Z,Fire,FM,KS,2017,2017-03-04T00:00:00.000Z,3,0,0,1,1,11.0,0,0.0,0.0,0.0,1727559.21,559070.4,0.0,3054442.91,4782002.12,0.0,0.0,0.0,0.0,0.0,0.0,0.0,0,0,0,0,0,0,0
5171,2017-03-06T00:00:00.000Z,Fire,FM,KS,2017,2017-03-04T00:00:00.000Z,1,0,0,1,1,11.0,0,0.0,0.0,0.0,1082212.23,310991.97,0.0,0.0,1082212.23,0.0,0.0,0.0,0.0,0.0,0.0,0.0,0,0,0,0,0,0,0
5172,2017-03-06T00:00:00.000Z,Fire,FM,KS,2017,2017-03-04T00:00:00.000Z,3,0,0,1,1,11.0,0,0.0,0.0,0.0,142453.23,52194.42,0.0,0.0,142453.23,0.0,0.0,0.0,0.0,0.0,0.0,0.0,0,0,0,0,0,0,0
5173,2017-03-06T00:00:00.000Z,Fire,FM,KS,2017,2017-03-04T00:00:00.000Z,1,0,0,1,1,11.0,0,0.0,0.0,0.0,75847.49,41785.39,0.0,0.0,75847.49,0.0,0.0,0.0,0.0,0.0,0.0,0.0,0,0,0,0,0,0,0
5174,2017-03-06T00:00:00.000Z,Fire,FM,KS,2017,2017-03-04T00:00:00.000Z,1,0,0,1,1,11.0,0,0.0,0.0,0.0,72527.19,27313.7,0.0,0.0,72527.19,0.0,0.0,0.0,0.0,0.0,0.0,0.0,0,0,0,0,0,0,0
5175,2017-03-06T00:00:00.000Z,Fire,FM,KS,2017,2017-03-04T00:00:00.000Z,1,0,0,1,1,11.0,0,0.0,0.0,0.0,159026.03,77019.48,0.0,0.0,159026.03,0.0,0.0,0.0,0.0,0.0,0.0,0.0,0,0,0,0,0,0,0
5176,2017-03-06T00:00:00.000Z,Fire,FM,KS,2017,2017-03-04T00:00:00.000Z,1,0,0,1,1,11.0,0,0.0,0.0,0.0,175234.98,65416.79,0.0,0.0,175234.98,0.0,0.0,0.0,0.0,0.0,0.0,0.0,0,0,0,0,0,0,0
5177,2017-03-07T00:00:00.000Z,Fire,FM,OK,2017,2017-03-06T00:00:00.000Z,5,0,0,1,1,6.0,1,0.0,0.0,0.0,1078505.47,52643.11,0.0,0.0,1078505.47,0.0,0.0,0.0,0.0,0.0,0.0,0.0,0,0,0,0,0,0,0
5178,2017-04-21T00:00:00.000Z,Fire,FM,FL,2017,2017-04-20T00:00:00.000Z,1,0,0,1,1,46.0,0,0.0,0.0,0.0,1587486.27,129742.88,0.0,151310.78,1738797.05,0.0,0.0,0.0,0.0,0.0,0.0,0.0,0,0,0,0,0,0,0
5179,2017-04-22T00:00:00.000Z,Fire,FM,FL,2017,2017-04-21T00:00:00.000Z,1,0,0,1,1,20.0,0,0.0,0.0,0.0,81038.27,8820.76,0.0,0.0,81038.27,0.0,0.0,0.0,0.0,0.0,0.0,0.0,0,0,0,0,0,0,0
5180,2017-04-22T00:00:00.000Z,Fire,FM,FL,2017,2017-04-21T00:00:00.000Z,1,0,0,1,1,49.0,0,0.0,0.0,0.0,73633.42,0.0,0.0,0.0,73633.42,0.0,0.0,0.0,0.0,0.0,0.0,0.0,0,0,0,0,0,0,0
5181,2017-05-08T00:00:00.000Z,Fire,FM,GA,2017,2017-05-06T00:00:00.000Z,3,0,0,1,1,65.0,0,0.0,0.0,0.0,7751554.46,204884.64,0.0,0.0,7751554.46,0.0,0.0,0.0,0.0,0.0,0.0,0.0,0,0,0,0,0,0,0
5182,2017-05-23T00:00:00.000Z,Fire,FM,WA,2017,2017-05-23T00:00:00.000Z,1,0,0,1,1,4.0,0,0.0,0.0,0.0,41124.35,14402.0,0.0,5924762.92,5965887.27,0.0,0.0,0.0,0.0,0.0,0.0,0.0,0,0,0,0,0,0,0
5183,2017-06-11T00:00:00.000Z,Fire,FM,AZ,2017,2017-06-07T00:00:00.000Z,1,0,0,1,1,9.0,0,0.0,0.0,0.0,2393401.79,6603.12,0.0,487954.24,2881356.0300000003,0.0,0.0,0.0,0.0,0.0,0.0,0.0,0,0,0,0,0,0,0
5184,2017-06-15T00:00:00.000Z,Fire,FM,NM,2017,2017-06-15T00:00:00.000Z,1,0,0,1,1,31.0,0,0.0,0.0,0.0,87939.35,0.0,0.0,878947.61,966886.96,0.0,0.0,0.0,0.0,0.0,0.0,0.0,0,0,0,0,0,0,0
5185,2017-06-18T00:00:00.000Z,Fire,FM,UT,2017,2017-06-17T00:00:00.000Z,1,0,0,1,1,24.0,0,0.0,0.0,0.0,11569873.93,281016.45,0.0,2023621.49,13593495.42,0.0,0.0,0.0,0.0,0.0,0.0,0.0,0,0,0,0,0,0,0
5186,2017-06-25T00:00:00.000Z,Fire,FM,AZ,2017,2017-06-24T00:00:00.000Z,1,0,0,1,1,10.0,0,0.0,0.0,0.0,5335398.46,178142.59,0.0,0.0,5335398.46,0.0,0.0,0.0,0.0,0.0,0.0,0.0,0,0,0,0,0,0,0
5187,2017-06-28T00:00:00.000Z,Fire,FM,WA,2017,2017-06-27T00:00:00.000Z,1,0,0,1,1,3.0,0,0.0,0.0,0.0,84466.35,1987.59,0.0,0.0,84466.35,0.0,0.0,0.0,0.0,0.0,0.0,0.0,0,0,0,0,0,0,0
5188,2017-07-08T00:00:00.000Z,Fire,FM,AZ,2017,2017-07-07T00:00:00.000Z,1,0,0,1,1,5.0,0,0.0,0.0,0.0,889917.46,39823.34,0.0,0.0,889917.46,0.0,0.0,0.0,0.0,0.0,0.0,0.0,0,0,0,0,0,0,0
5189,2017-07-09T00:00:00.000Z,Fire,FM,CA,2017,2017-07-07T00:00:00.000Z,1,0,0,1,1,10.0,0,0.0,0.0,0.0,10485728.34,416740.98,0.0,13715937.78,24201666.119999997,0.0,0.0,0.0,0.0,0.0,0.0,0.0,0,0,0,0,0,0,0
5190,2017-07-14T00:00:00.000Z,Fire,FM,NV,2017,2017-07-14T00:00:00.000Z,1,0,0,1,1,1.0,0,0.0,0.0,0.0,76945.83,0.0,0.0,0.0,76945.83,0.0,0.0,0.0,0.0,0.0,0.0,0.0,0,0,0,0,0,0,0
5191,2017-07-17T00:00:00.000Z,Fire,FM,NV,2017,2017-07-17T00:00:00.000Z,1,0,0,1,1,3.0,0,0.0,0.0,0.0,431868.84,0.0,0.0,0.0,431868.84,0.0,0.0,0.0,0.0,0.0,0.0,0.0,0,0,0,0,0,0,0
5192,2017-07-17T00:00:00.000Z,Fire,FM,CA,2017,2017-07-16T00:00:00.000Z,1,0,0,1,1,16.0,0,0.0,0.0,0.0,61870100.96,971741.1,0.0,0.0,61870100.96,0.0,0.0,0.0,0.0,0.0,0.0,0.0,0,0,0,0,0,0,0
5193,2017-07-25T00:00:00.000Z,Fire,FM,NV,2017,2017-07-24T00:00:00.000Z,1,0,0,1,1,5.0,0,0.0,0.0,0.0,202450.63,0.0,0.0,0.0,202450.63,0.0,0.0,0.0,0.0,0.0,0.0,0.0,0,0,0,0,0,0,0
5194,2017-07-27T00:00:00.000Z,Fire,FM,MT,2017,2017-07-20T00:00:00.000Z,2,0,0,1,1,7.0,0,0.0,0.0,0.0,3126981.79,14074.15,0.0,3071122.89,6198104.68,0.0,0.0,0.0,0.0,0.0,0.0,0.0,0,0,0,0,0,0,0
5195,2017-08-04T00:00:00.000Z,Fire,FM,OR,2017,2017-08-03T00:00:00.000Z,1,0,0,1,1,2.0,0,0.0,0.0,0.0,580773.51,0.0,0.0,3230511.22,3811284.7300000004,0.0,0.0,0.0,0.0,0.0,0.0,0.0,0,0,0,0,0,0,0
5196,2017-08-17T00:00:00.000Z,Fire,FM,OR,2017,2017-08-16T00:00:00.000Z,1,0,0,1,1,21.0,0,0.0,0.0,0.0,2020581.4,0.0,0.0,0.0,2020581.4,0.0,0.0,0.0,0.0,0.0,0.0,0.0,0,0,0,0,0,0,0
5197,2017-08-17T00:00:00.000Z,Fire,FM,MT,2017,2017-08-17T00:00:00.000Z,2,0,0,1,1,30.0,0,0.0,0.0,0.0,1495224.55,13989.02,0.0,0.0,1495224.55,0.0,0.0,0.0,0.0,0.0,0.0,0.0,0,0,0,0,0,0,0
5198,2017-08-20T00:00:00.000Z,Fire,FM,OR,2017,2017-08-19T00:00:00.000Z,1,0,0,1,1,32.0,0,0.0,0.0,0.0,7541832.83,3250.64,0.0,0.0,7541832.83,0.0,0.0,0.0,0.0,0.0,0.0,0.0,0,0,0,0,0,0,0
5199,2017-09-01T00:00:00.000Z,Fire,FM,CA,2017,2017-08-30T00:00:00.000Z,1,0,0,1,1,26.0,0,0.0,0.0,0.0,3202093.02,140465.3,0.0,0.0,3202093.02,0.0,0.0,0.0,0.0,0.0,0.0,0.0,0,0,0,0,0,0,0
5200,2017-09-02T00:00:00.000Z,Fire,FM,WA,2017,2017-09-02T00:00:00.000Z,1,0,0,1,1,20.0,0,0.0,0.0,0.0,333087.74,333087.74,0.0,0.0,333087.74,0.0,0.0,0.0,0.0,0.0,0.0,0.0,0,0,0,0,0,0,0
5201,2017-09-02T00:00:00.000Z,Fire,FM,CA,2017,2017-09-01T00:00:00.000Z,1,0,0,1,1,9.0,0,0.0,0.0,0.0,7674180.59,588212.46,0.0,0.0,7674180.59,0.0,0.0,0.0,0.0,0.0,0.0,0.0,0,0,0,0,0,0,0
5202,2017-09-02T00:00:00.000Z,Fire,FM,CA,2017,2017-08-29T00:00:00.000Z,2,0,0,1,1,17.0,0,0.0,0.0,0.0,368318.57,336638.23,0.0,0.0,368318.57,0.0,0.0,0.0,0.0,0.0,0.0,0.0,0,0,0,0,0,0,0
5203,2017-09-03T00:00:00.000Z,Fire,FM,OR,2017,2017-09-02T00:00:00.000Z,2,0,0,1,1,18.0,0,0.0,0.0,0.0,5560247.76,492944.85,0.0,0.0,5560247.76,0.0,0.0,0.0,0.0,0.0,0.0,0.0,0,0,0,0,0,0,0
5204,2017-09-04T00:00:00.000Z,Fire,FM,CA,2017,2017-09-04T00:00:00.000Z,1,0,0,1,1,11.0,0,0.0,0.0,0.0,9219383.36,84313.83,0.0,0.0,9219383.36,0.0,0.0,0.0,0.0,0.0,0.0,0.0,0,0,0,0,0,0,0
5205,2017-09-05T00:00:00.000Z,Fire,FM,CA,2017,2017-08-29T00:00:00.000Z,1,0,0,1,1,21.0,0,0.0,0.0,0.0,6610686.89,207485.34,0.0,445645.75,7056332.64,0.0,0.0,0.0,0.0,0.0,0.0,0.0,0,0,0,0,0,0,0
5206,2017-09-05T00:00:00.000Z,Fire,FM,UT,2017,2017-09-05T00:00:00.000Z,2,0,0,1,1,3.0,0,0.0,0.0,0.0,285288.29,70469.91,0.0,0.0,285288.29,0.0,0.0,0.0,0.0,0.0,0.0,0.0,0,0,0,0,0,0,0
5207,2017-09-09T00:00:00.000Z,Fire,FM,MT,2017,2017-08-28T00:00:00.000Z,2,0,0,1,1,20.0,0,0.0,0.0,0.0,37600.59,37035.31,0.0,0.0,37600.59,0.0,0.0,0.0,0.0,0.0,0.0,0.0,0,0,0,0,0,0,0
5208,2017-09-09T00:00:00.000Z,Fire,FM,MT,2017,2017-09-08T00:00:00.000Z,1,0,0,1,1,8.0,0,0.0,0.0,0.0,1384204.87,0.0,0.0,0.0,1384204.87,0.0,0.0,0.0,0.0,0.0,0.0,0.0,0,0,0,0,0,0,0
5209,2017-09-09T00:00:00.000Z,Fire,FM,MT,2017,2017-09-09T00:00:00.000Z,1,0,0,1,1,12.0,0,0.0,0.0,0.0,12068.12,11611.16,0.0,0.0,12068.12,0.0,0.0,0.0,0.0,0.0,0.0,0.0,0,0,0,0,0,0,0
5210,2017-09-10T00:00:00.000Z,Fire,FM,MT,2017,2017-09-09T00:00:00.000Z,1,0,0,1,1,9.0,0,0.0,0.0,0.0,156543.99,0.0,0.0,0.0,156543.99,0.0,0.0,0.0,0.0,0.0,0.0,0.0,0,0,0,0,0,0,0
5211,2017-09-10T00:00:00.000Z,Fire,FM,MT,2017,2017-09-09T00:00:00.000Z,2,0,0,1,1,11.0,0,0.0,0.0,0.0,1335350.27,9266.23,0.0,0.0,1335350.27,0.0,0.0,0.0,0.0,0.0,0.0,0.0,0,0,0,0,0,0,0
5212,2017-09-12T00:00:00.000Z,Fire,FM,MT,2017,2017-09-11T00:00:00.000Z,3,0,0,1,1,4.0,0,0.0,0.0,0.0,69612.43,0.0,0.0,0.0,69612.43,0.0,0.0,0.0,0.0,0.0,0.0,0.0,0,0,0,0,0,0,0
5213,2017-09-26T00:00:00.000Z,Fire,FM,CA,2017,2017-09-25T00:00:00.000Z,2,0,0,1,1,7.0,0,0.0,0.0,0.0,8128493.97,365949.11,0.0,0.0,8128493.97,0.0,0.0,0.0,0.0,0.0,0.0,0.0,0,0,0,0,0,0,0
5214,2017-10-09T00:00:00.000Z,Fire,FM,CA,2018,2017-10-09T00:00:00.000Z,2,0,0,1,1,6.0,1,0.0,0.0,0.0,0.0,0.0,0.0,0.0,0.0,0.0,0.0,0.0,0.0,0.0,0.0,0.0,0,0,0,0,0,0,0
5215,2017-10-09T00:00:00.000Z,Fire,FM,CA,2018,2017-10-08T00:00:00.000Z,2,0,0,1,1,6.0,1,0.0,0.0,0.0,0.0,0.0,0.0,0.0,0.0,0.0,0.0,0.0,0.0,0.0,0.0,0.0,0,0,0,0,0,0,0
5216,2017-10-09T00:00:00.000Z,Fire,FM,CA,2018,2017-10-08T00:00:00.000Z,2,0,0,1,1,6.0,1,0.0,0.0,0.0,0.0,0.0,0.0,0.0,0.0,0.0,0.0,0.0,0.0,0.0,0.0,0.0,0,0,0,0,0,0,0
5217,2017-10-09T00:00:00.000Z,Fire,FM,CA,2018,2017-10-09T00:00:00.000Z,1,0,0,1,1,6.0,1,0.0,0.0,0.0,0.0,0.0,0.0,0.0,0.0,0.0,0.0,0.0,0.0,0.0,0.0,0.0,0,0,0,0,0,0,0
5218,2017-10-09T00:00:00.000Z,Fire,FM,CA,2018,2017-10-09T00:00:00.000Z,1,0,0,1,1,6.0,1,0.0,0.0,0.0,0.0,0.0,0.0,0.0,0.0,0.0,0.0,0.0,0.0,0.0,0.0,0.0,0,0,0,0,0,0,0
5219,2017-10-09T00:00:00.000Z,Fire,FM,CA,2018,2017-10-09T00:00:00.000Z,1,0,0,1,1,6.0,1,0.0,0.0,0.0,0.0,0.0,0.0,0.0,0.0,0.0,0.0,0.0,0.0,0.0,0.0,0.0,0,0,0,0,0,0,0
5220,2017-10-09T00:00:00.000Z,Fire,FM,CA,2018,2017-10-08T00:00:00.000Z,1,0,0,1,1,6.0,1,0.0,0.0,0.0,0.0,0.0,0.0,0.0,0.0,0.0,0.0,0.0,0.0,0.0,0.0,0.0,0,0,0,0,0,0,0
5221,2017-10-09T00:00:00.000Z,Fire,FM,CA,2018,2017-10-09T00:00:00.000Z,1,0,0,1,1,6.0,1,0.0,0.0,0.0,0.0,0.0,0.0,0.0,0.0,0.0,0.0,0.0,0.0,0.0,0.0,0.0,0,0,0,0,0,0,0
5222,2017-10-09T00:00:00.000Z,Fire,FM,CA,2018,2017-10-09T00:00:00.000Z,2,0,0,1,1,6.0,1,0.0,0.0,0.0,0.0,0.0,0.0,0.0,0.0,0.0,0.0,0.0,0.0,0.0,0.0,0.0,0,0,0,0,0,0,0
5223,2017-10-09T00:00:00.000Z,Fire,FM,CA,2018,2017-10-09T00:00:00.000Z,2,0,0,1,1,11.0,0,0.0,0.0,0.0,31437.89,12147.86,0.0,0.0,31437.89,0.0,0.0,0.0,0.0,0.0,0.0,0.0,0,0,0,0,0,0,0
5224,2017-12-05T00:00:00.000Z,Fire,FM,CA,2018,2017-12-04T00:00:00.000Z,2,0,0,1,1,6.0,1,0.0,0.0,0.0,0.0,0.0,0.0,0.0,0.0,0.0,0.0,0.0,0.0,0.0,0.0,0.0,0,0,0,0,0,0,0
5225,2017-12-05T00:00:00.000Z,Fire,FM,CA,2018,2017-12-05T00:00:00.000Z,1,0,0,1,1,9.0,0,0.0,0.0,0.0,11469545.02,1344262.36,0.0,0.0,11469545.02,0.0,0.0,0.0,0.0,0.0,0.0,0.0,0,0,0,0,0,0,0
5226,2017-12-05T00:00:00.000Z,Fire,FM,CA,2018,2017-12-05T00:00:00.000Z,1,0,0,1,1,9.0,0,0.0,0.0,0.0,5101910.05,151759.21,0.0,0.0,5101910.05,0.0,0.0,0.0,0.0,0.0,0.0,0.0,0,0,0,0,0,0,0
5227,2017-12-06T00:00:00.000Z,Fire,FM,CA,2018,2017-12-06T00:00:00.000Z,1,0,0,1,1,9.0,0,0.0,0.0,0.0,2721442.21,535266.56,0.0,0.0,2721442.21,0.0,0.0,0.0,0.0,0.0,0.0,0.0,0,0,0,0,0,0,0
5228,2017-12-07T00:00:00.000Z,Fire,FM,CA,2018,2017-12-07T00:00:00.000Z,1,0,0,1,1,9.0,0,0.0,0.0,0.0,9188549.35,655635.21,0.0,0.0,9188549.35,0.0,0.0,0.0,0.0,0.0,0.0,0.0,0,0,0,0,0,0,0
5229,2017-12-13T00:00:00.000Z,Fire,FM,SD,2018,2017-12-12T00:00:00.000Z,1,0,0,1,1,2.0,0,0.0,0.0,0.0,635186.07,0.0,0.0,891580.19,1526766.2599999998,0.0,0.0,0.0,0.0,0.0,0.0,0.0,0,0,0,0,0,0,0
5230,2018-03-16T00:00:00.000Z,Fire,FM,OK,2018,2018-03-16T00:00:00.000Z,1,0,0,1,1,0.0,0,0.0,0.0,0.0,3811.3,466.16,0.0,0.0,3811.3,0.0,0.0,0.0,0.0,0.0,0.0,0.0,0,0,0,0,0,0,0
5231,2018-04-13T00:00:00.000Z,Fire,FM,OK,2018,2018-04-11T00:00:00.000Z,1,0,0,1,1,12.0,0,0.0,0.0,0.0,1651544.62,71485.95,0.0,0.0,1651544.62,0.0,0.0,0.0,0.0,0.0,0.0,0.0,0,0,0,0,0,0,0
5232,2018-04-13T00:00:00.000Z,Fire,FM,OK,2018,2018-04-11T00:00:00.000Z,1,0,0,1,1,13.0,0,0.0,0.0,0.0,4390258.61,369118.5,0.0,0.0,4390258.61,0.0,0.0,0.0,0.0,0.0,0.0,0.0,0,0,0,0,0,0,0
5233,2018-04-13T00:00:00.000Z,Fire,FM,TX,2018,2018-04-13T00:00:00.000Z,1,0,0,1,1,7.0,0,0.0,0.0,0.0,155164.75,11129.0,0.0,1313220.1,1468384.85,0.0,0.0,0.0,0.0,0.0,0.0,0.0,0,0,0,0,0,0,0
5234,2018-04-14T00:00:00.000Z,Fire,FM,TX,2018,2018-04-13T00:00:00.000Z,1,0,0,1,1,2.0,0,0.0,0.0,0.0,44977.8,0.0,0.0,0.0,44977.8,0.0,0.0,0.0,0.0,0.0,0.0,0.0,0,0,0,0,0,0,0
5235,2018-04-18T00:00:00.000Z,Fire,FM,TX,2018,2018-04-17T00:00:00.000Z,1,0,0,1,1,5.0,0,0.0,0.0,0.0,617443.25,21649.79,0.0,0.0,617443.25,0.0,0.0,0.0,0.0,0.0,0.0,0.0,0,0,0,0,0,0,0
5236,2018-04-29T00:00:00.000Z,Fire,FM,AZ,2018,2018-04-27T00:00:00.000Z,1,0,0,1,1,6.0,1,0.0,0.0,0.0,2133667.29,71167.29,0.0,0.0,2133667.29,0.0,0.0,0.0,0.0,0.0,0.0,0.0,0,0,0,0,0,0,0
5237,2018-05-02T00:00:00.000Z,Fire,FM,TX,2018,2018-05-02T00:00:00.000Z,1,0,0,1,1,12.0,0,0.0,0.0,0.0,5939756.7,7672.04,0.0,0.0,5939756.7,0.0,0.0,0.0,0.0,0.0,0.0,0.0,0,0,0,0,0,0,0
5238,2018-05-11T00:00:00.000Z,Fire,FM,AZ,2018,2018-05-11T00:00:00.000Z,1,0,0,1,1,2.0,0,0.0,0.0,0.0,459333.08,0.0,0.0,0.0,459333.08,0.0,0.0,0.0,0.0,0.0,0.0,0.0,0,0,0,0,0,0,0
5239,2018-06-01T00:00:00.000Z,Fire,FM,NM,2018,2018-05-31T00:00:00.000Z,1,0,0,1,1,61.0,0,0.0,0.0,0.0,6245239.57,0.0,0.0,0.0,6245239.57,0.0,0.0,0.0,0.0,0.0,0.0,0.0,0,0,0,0,0,0,0
5240,2018-06-08T00:00:00.000Z,Fire,FM,NM,2018,2018-06-07T00:00:00.000Z,1,0,0,1,1,377.0,0,0.0,0.0,0.0,0.0,0.0,0.0,0.0,0.0,0.0,0.0,0.0,0.0,0.0,0.0,0.0,0,0,0,0,0,0,0
5241,2018-06-11T00:00:00.000Z,Fire,FM,WY,2018,2018-06-11T00:00:00.000Z,1,0,0,1,1,6.0,1,0.0,0.0,0.0,589823.85,0.0,0.0,694896.49,1284720.3399999999,0.0,0.0,0.0,0.0,0.0,0.0,0.0,0,0,0,0,0,0,0
5242,2018-06-17T00:00:00.000Z,Fire,FM,NV,2018,2018-06-17T00:00:00.000Z,1,0,0,1,1,6.0,1,0.0,0.0,0.0,79796.27,0.0,0.0,0.0,79796.27,0.0,0.0,0.0,0.0,0.0,0.0,0.0,0,0,0,0,0,0,0
5243,2018-06-22T00:00:00.000Z,Fire,FM,OR,2018,2018-06-21T00:00:00.000Z,1,0,0,1,1,4.0,0,0.0,0.0,0.0,1320318.18,408557.15,0.0,0.0,1320318.18,0.0,0.0,0.0,0.0,0.0,0.0,0.0,0,0,0,0,0,0,0
5244,2018-06-24T00:00:00.000Z,Fire,FM,CA,2018,2018-06-24T00:00:00.000Z,1,0,0,1,1,12.0,0,0.0,0.0,0.0,18219107.47,166069.16,0.0,0.0,18219107.47,0.0,0.0,0.0,0.0,0.0,0.0,0.0,0,0,0,0,0,0,0
5245,2018-06-25T00:00:00.000Z,Fire,FM,CA,2018,2018-06-24T00:00:00.000Z,1,0,0,1,1,5.0,0,0.0,0.0,0.0,2682305.5,70678.26,0.0,0.0,2682305.5,0.0,0.0,0.0,0.0,0.0,0.0,0.0,0,0,0,0,0,0,0
5246,2018-06-28T00:00:00.000Z,Fire,FM,CO,2018,2018-06-28T00:00:00.000Z,2,0,0,1,1,14.0,0,0.0,0.0,0.0,16270482.58,34072.55,0.0,0.0,16270482.58,0.0,0.0,0.0,0.0,0.0,0.0,0.0,0,0,0,0,0,0,0
5247,2018-06-30T00:00:00.000Z,Fire,FM,CO,2018,2018-06-30T00:00:00.000Z,1,0,0,1,1,6.0,0,0.0,0.0,0.0,1897908.28,92248.62,0.0,0.0,1897908.28,0.0,0.0,0.0,0.0,0.0,0.0,0.0,0,0,0,0,0,0,0
5248,2018-07-02T00:00:00.000Z,Fire,FM,UT,2018,2018-07-02T00:00:00.000Z,2,0,0,1,1,20.0,0,0.0,0.0,0.0,15047522.76,232314.0,0.0,0.0,15047522.76,0.0,0.0,0.0,0.0,0.0,0.0,0.0,0,0,0,0,0,0,0
5249,2018-07-04T00:00:00.000Z,Fire,FM,CO,2018,2018-07-04T00:00:00.000Z,1,0,0,1,1,7.0,0,0.0,0.0,0.0,2349031.77,11751.88,0.0,0.0,2349031.77,0.0,0.0,0.0,0.0,0.0,0.0,0.0,0,0,0,0,0,0,0
5250,2018-07-05T00:00:00.000Z,Fire,FM,CA,2018,2018-07-05T00:00:00.000Z,1,0,0,1,1,11.0,0,0.0,0.0,0.0,17993983.31,421330.99,0.0,0.0,17993983.31,0.0,0.0,0.0,0.0,0.0,0.0,0.0,0,0,0,0,0,0,0
5251,2018-07-06T00:00:00.000Z,Fire,FM,CA,2018,2018-07-06T00:00:00.000Z,1,0,0,1,1,3.0,0,0.0,0.0,0.0,665090.01,247536.26,0.0,0.0,665090.01,0.0,0.0,0.0,0.0,0.0,0.0,0.0,0,0,0,0,0,0,0
5252,2018-07-07T00:00:00.000Z,Fire,FM,CA,2018,2018-07-07T00:00:00.000Z,1,0,0,1,1,3.0,0,0.0,0.0,0.0,1361223.86,139516.49,0.0,0.0,1361223.86,0.0,0.0,0.0,0.0,0.0,0.0,0.0,0,0,0,0,0,0,0
5253,2018-07-10T00:00:00.000Z,Fire,FM,WA,2018,2018-07-09T00:00:00.000Z,1,0,0,1,1,2.0,0,0.0,0.0,0.0,6691.95,6691.95,0.0,0.0,6691.95,0.0,0.0,0.0,0.0,0.0,0.0,0.0,0,0,0,0,0,0,0
5254,2018-07-17T00:00:00.000Z,Fire,FM,WA,2018,2018-07-17T00:00:00.000Z,1,0,0,1,1,4.0,0,0.0,0.0,0.0,9258.91,3000.68,0.0,0.0,9258.91,0.0,0.0,0.0,0.0,0.0,0.0,0.0,0,0,0,0,0,0,0
5255,2018-07-18T00:00:00.000Z,Fire,FM,OR,2018,2018-07-17T00:00:00.000Z,2,0,0,1,1,5.0,0,0.0,0.0,0.0,1411540.89,31347.88,0.0,0.0,1411540.89,0.0,0.0,0.0,0.0,0.0,0.0,0.0,0,0,0,0,0,0,0
5256,2018-07-19T00:00:00.000Z,Fire,FM,OR,2018,2018-07-18T00:00:00.000Z,2,0,0,1,1,52.0,0,0.0,0.0,0.0,19615842.13,439485.48,0.0,0.0,19615842.13,0.0,0.0,0.0,0.0,0.0,0.0,0.0,0,0,0,0,0,0,0
5257,2018-07-20T00:00:00.000Z,Fire,FM,WA,2018,2018-07-19T00:00:00.000Z,1,0,0,1,1,2.0,0,0.0,0.0,0.0,0.0,0.0,0.0,0.0,0.0,0.0,0.0,0.0,0.0,0.0,0.0,0.0,0,0,0,0,0,0,0
5258,2018-07-23T00:00:00.000Z,Fire,FM,TX,2018,2018-07-23T00:00:00.000Z,1,0,0,1,1,6.0,1,0.0,0.0,0.0,806419.18,7754.47,0.0,0.0,806419.18,0.0,0.0,0.0,0.0,0.0,0.0,0.0,0,0,0,0,0,0,0
5259,2018-07-23T00:00:00.000Z,Fire,FM,CA,2018,2018-07-23T00:00:00.000Z,2,0,0,1,1,26.0,0,0.0,0.0,0.0,4305827.58,217345.14,0.0,0.0,4305827.58,0.0,0.0,0.0,0.0,0.0,0.0,0.0,0,0,0,0,0,0,0
5260,2018-07-25T00:00:00.000Z,Fire,FM,CA,2018,2018-07-25T00:00:00.000Z,1,0,0,1,1,7.0,0,0.0,0.0,0.0,8137774.81,672205.12,0.0,0.0,8137774.81,0.0,0.0,0.0,0.0,0.0,0.0,0.0,0,0,0,0,0,0,0
5261,2018-07-28T00:00:00.000Z,Fire,FM,WA,2018,2018-07-27T00:00:00.000Z,1,0,0,1,1,5.0,0,0.0,0.0,0.0,15486.64,13720.96,0.0,0.0,15486.64,0.0,0.0,0.0,0.0,0.0,0.0,0.0,0,0,0,0,0,0,0
5262,2018-07-28T00:00:00.000Z,Fire,FM,CA,2018,2018-07-29T00:00:00.000Z,3,0,0,1,1,22.0,0,0.0,0.0,0.0,21531039.35,890408.77,0.0,0.0,21531039.35,0.0,0.0,0.0,0.0,0.0,0.0,0.0,0,0,0,0,0,0,0
5263,2018-07-29T00:00:00.000Z,Fire,FM,ID,2018,2018-07-28T00:00:00.000Z,1,0,0,1,1,2.0,0,0.0,0.0,0.0,19206.68,5131.89,0.0,300576.5,319783.18,0.0,0.0,0.0,0.0,0.0,0.0,0.0,0,0,0,0,0,0,0
5264,2018-07-29T00:00:00.000Z,Fire,FM,TX,2018,2018-07-29T00:00:00.000Z,1,0,0,1,1,6.0,1,0.0,0.0,0.0,954946.5,11087.01,0.0,0.0,954946.5,0.0,0.0,0.0,0.0,0.0,0.0,0.0,0,0,0,0,0,0,0
5265,2018-08-02T00:00:00.000Z,Fire,FM,OR,2018,2018-08-01T00:00:00.000Z,1,0,0,1,1,11.0,0,0.0,0.0,0.0,4551107.33,581023.07,0.0,0.0,4551107.33,0.0,0.0,0.0,0.0,0.0,0.0,0.0,0,0,0,0,0,0,0
5266,2018-08-04T00:00:00.000Z,Fire,FM,WA,2018,2018-08-02T00:00:00.000Z,1,0,0,1,1,8.0,0,0.0,0.0,0.0,36010.87,13317.1,0.0,0.0,36010.87,0.0,0.0,0.0,0.0,0.0,0.0,0.0,0,0,0,0,0,0,0
5267,2018-08-06T00:00:00.000Z,Fire,FM,UT,2018,2018-08-06T00:00:00.000Z,1,0,0,1,1,5.0,0,0.0,0.0,0.0,1156852.28,969.0,0.0,0.0,1156852.28,0.0,0.0,0.0,0.0,0.0,0.0,0.0,0,0,0,0,0,0,0
5268,2018-08-09T00:00:00.000Z,Fire,FM,CA,2018,2018-08-09T00:00:00.000Z,1,0,0,1,1,9.0,0,0.0,0.0,0.0,5515371.89,595724.1,0.0,0.0,5515371.89,0.0,0.0,0.0,0.0,0.0,0.0,0.0,0,0,0,0,0,0,0
5269,2018-08-11T00:00:00.000Z,Fire,FM,WA,2018,2018-08-10T00:00:00.000Z,2,0,0,1,1,7.0,0,0.0,0.0,0.0,66098.71,15244.6,0.0,0.0,66098.71,0.0,0.0,0.0,0.0,0.0,0.0,0.0,0,0,0,0,0,0,0
5270,2018-08-11T00:00:00.000Z,Fire,FM,WA,2018,2018-08-10T00:00:00.000Z,1,0,0,1,1,17.0,0,0.0,0.0,0.0,63576.93,61206.73,0.0,0.0,63576.93,0.0,0.0,0.0,0.0,0.0,0.0,0.0,0,0,0,0,0,0,0
5271,2018-08-12T00:00:00.000Z,Fire,FM,WA,2018,2018-08-11T00:00:00.000Z,2,0,0,1,1,4.0,0,0.0,0.0,0.0,30025.07,10766.47,0.0,0.0,30025.07,0.0,0.0,0.0,0.0,0.0,0.0,0.0,0,0,0,0,0,0,0
5272,2018-08-12T00:00:00.000Z,Fire,FM,SD,2018,2018-08-11T00:00:00.000Z,1,0,0,1,1,3.0,0,0.0,0.0,0.0,665424.5,0.0,0.0,0.0,665424.5,0.0,0.0,0.0,0.0,0.0,0.0,0.0,0,0,0,0,0,0,0
5273,2018-08-13T00:00:00.000Z,Fire,FM,WA,2018,2018-08-11T00:00:00.000Z,1,0,0,1,1,16.0,0,0.0,0.0,0.0,27757.8,27757.8,0.0,0.0,27757.8,0.0,0.0,0.0,0.0,0.0,0.0,0.0,0,0,0,0,0,0,0
5274,2018-08-24T00:00:00.000Z,Fire,FM,OR,2018,2018-08-23T00:00:00.000Z,1,0,0,1,1,7.0,0,0.0,0.0,0.0,1518091.71,0.0,0.0,0.0,1518091.71,0.0,0.0,0.0,0.0,0.0,0.0,0.0,0,0,0,0,0,0,0
5275,2018-09-03T00:00:00.000Z,Fire,FM,OR,2018,2018-09-02T00:00:00.000Z,1,0,0,1,1,3.0,0,0.0,0.0,0.0,722953.45,3415.84,0.0,0.0,722953.45,0.0,0.0,0.0,0.0,0.0,0.0,0.0,0,0,0,0,0,0,0
5276,2018-09-18T00:00:00.000Z,Fire,FM,WY,2018,2018-09-18T00:00:00.000Z,1,0,0,1,1,18.0,0,0.0,0.0,0.0,2879115.57,0.0,0.0,0.0,2879115.57,0.0,0.0,0.0,0.0,0.0,0.0,0.0,0,0,0,0,0,0,0
5277,2018-09-21T00:00:00.000Z,Fire,FM,UT,2018,2018-09-21T00:00:00.000Z,1,0,0,1,1,3.0,0,0.0,0.0,0.0,0.0,0.0,0.0,0.0,0.0,0.0,0.0,0.0,0.0,0.0,0.0,0.0,0,0,0,0,0,0,0
5278,2018-11-08T00:00:00.000Z,Fire,FM,CA,2019,2018-11-08T00:00:00.000Z,1,0,0,1,1,6.0,1,0.0,0.0,0.0,0.0,0.0,0.0,1527297.3,1527297.3,0.0,0.0,0.0,0.0,0.0,0.0,0.0,0,0,0,0,0,0,0
5279,2018-11-08T00:00:00.000Z,Fire,FM,CA,2019,2018-11-08T00:00:00.000Z,1,0,0,1,1,6.0,1,0.0,0.0,0.0,0.0,0.0,0.0,0.0,0.0,0.0,0.0,0.0,0.0,0.0,0.0,0.0,0,0,0,0,0,0,0
5280,2018-11-09T00:00:00.000Z,Fire,FM,CA,2019,2018-11-08T00:00:00.000Z,2,0,0,1,1,6.0,1,0.0,0.0,0.0,0.0,0.0,0.0,0.0,0.0,0.0,0.0,0.0,0.0,0.0,0.0,0.0,0,0,0,0,0,0,0
5281,2019-03-08T00:00:00.000Z,Fire,FM,NM,2019,2019-03-07T00:00:00.000Z,1,0,0,1,1,6.0,0,0.0,0.0,0.0,0.0,0.0,0.0,525662.15,525662.15,0.0,0.0,0.0,0.0,0.0,0.0,0.0,0,0,0,0,0,0,0
5282,2019-06-28T00:00:00.000Z,Fire,FM,AK,2019,2019-06-21T00:00:00.000Z,1,0,0,1,1,33.0,0,0.0,0.0,0.0,17119932.28,120478.47,0.0,378932.3,17498864.580000002,0.0,0.0,0.0,0.0,0.0,0.0,0.0,0,0,0,0,0,0,0
5283,2019-07-13T00:00:00.000Z,Fire,FM,NV,2019,2019-07-13T00:00:00.000Z,1,0,0,1,1,3.0,0,0.0,0.0,0.0,186238.57,0.0,0.0,1868044.54,2054283.11,0.0,0.0,0.0,0.0,0.0,0.0,0.0,0,0,0,0,0,0,0
5284,2019-07-22T00:00:00.000Z,Fire,FM,AZ,2019,2019-07-22T00:00:00.000Z,1,0,0,1,1,6.0,1,0.0,0.0,0.0,264039.14,55841.5,0.0,348002.3,612041.44,0.0,0.0,0.0,0.0,0.0,0.0,0.0,0,0,0,0,0,0,0
5285,2019-07-27T00:00:00.000Z,Fire,FM,OR,2019,2019-07-27T00:00:00.000Z,1,0,0,1,1,9.0,0,0.0,0.0,0.0,8302631.62,1065.62,0.0,87039.89,8389671.51,0.0,0.0,0.0,0.0,0.0,0.0,0.0,0,0,0,0,0,0,0
5286,2019-07-28T00:00:00.000Z,Fire,FM,MT,2019,2019-07-26T00:00:00.000Z,1,0,0,1,1,6.0,0,0.0,0.0,0.0,4320193.28,30622.01,0.0,180208.1,4500401.38,0.0,0.0,0.0,0.0,0.0,0.0,0.0,0,0,0,0,0,0,0
5287,2019-08-20T00:00:00.000Z,Fire,FM,AK,2019,2019-08-17T00:00:00.000Z,1,0,0,1,1,27.0,0,0.0,0.0,0.0,7424005.57,100184.24,0.0,0.0,7424005.57,0.0,0.0,0.0,0.0,0.0,0.0,0.0,0,0,0,0,0,0,0
5288,2019-08-18T00:00:00.000Z,Fire,FM,TX,2019,2019-08-16T00:00:00.000Z,1,0,0,1,1,19.0,0,0.0,0.0,0.0,2658681.22,17115.17,0.0,486443.35,3145124.5700000003,0.0,0.0,0.0,0.0,0.0,0.0,0.0,0,0,0,0,0,0,0
5289,2019-08-21T00:00:00.000Z,Fire,FM,NV,2019,2019-08-21T00:00:00.000Z,1,0,0,1,1,6.0,1,0.0,0.0,0.0,80415.48,0.0,0.0,0.0,80415.48,0.0,0.0,0.0,0.0,0.0,0.0,0.0,0,0,0,0,0,0,0
5290,2019-08-22T00:00:00.000Z,Fire,FM,AK,2019,2019-08-17T00:00:00.000Z,1,0,0,1,1,23.0,0,0.0,0.0,0.0,2380887.68,0.0,0.0,0.0,2380887.68,0.0,0.0,0.0,0.0,0.0,0.0,0.0,0,0,0,0,0,0,0
5291,2019-08-24T00:00:00.000Z,Fire,FM,NV,2019,2019-08-24T00:00:00.000Z,1,0,0,1,1,6.0,1,0.0,0.0,0.0,87622.82,-228729.46,0.0,0.0,87622.82,0.0,0.0,0.0,0.0,0.0,0.0,0.0,0,0,0,0,0,0,0
5292,2019-08-30T00:00:00.000Z,Fire,FM,UT,2019,2019-08-30T00:00:00.000Z,1,0,0,1,1,1.0,0,0.0,0.0,0.0,329786.2,2207.19,0.0,408447.88,738234.0800000001,0.0,0.0,0.0,0.0,0.0,0.0,0.0,0,0,0,0,0,0,0
5293,2019-10-11T00:00:00.000Z,Fire,FM,CA,2020,2019-10-10T00:00:00.000Z,2,0,0,1,1,12.0,0,0.0,0.0,0.0,12044668.31,726918.97,0.0,1547606.18,13592274.49,0.0,0.0,0.0,0.0,0.0,0.0,0.0,0,0,0,0,0,0,0
5294,2019-10-23T00:00:00.000Z,Fire,FM,HI,2020,2019-10-22T00:00:00.000Z,1,0,0,1,1,2.0,0,0.0,0.0,0.0,110836.8,9740.22,0.0,0.0,110836.8,0.0,0.0,0.0,0.0,0.0,0.0,0.0,0,0,0,0,0,0,0
5295,2019-10-24T00:00:00.000Z,Fire,FM,CA,2020,2019-10-24T00:00:00.000Z,1,0,0,1,1,14.0,0,0.0,0.0,0.0,63051706.37,6766023.8,0.0,0.0,63051706.37,0.0,0.0,0.0,0.0,0.0,0.0,0.0,0,0,0,0,0,0,0
5296,2019-10-24T00:00:00.000Z,Fire,FM,CA,2020,2019-10-24T00:00:00.000Z,1,0,0,1,1,5.0,0,0.0,0.0,0.0,5578134.33,340429.73,0.0,0.0,5578134.33,0.0,0.0,0.0,0.0,0.0,0.0,0.0,0,0,0,0,0,0,0
5297,2019-10-28T00:00:00.000Z,Fire,FM,CA,2020,2019-10-28T00:00:00.000Z,1,0,0,1,1,5.0,0,0.0,0.0,0.0,6836545.84,738040.19,0.0,0.0,6836545.84,0.0,0.0,0.0,0.0,0.0,0.0,0.0,0,0,0,0,0,0,0
5298,2019-10-30T00:00:00.000Z,Fire,FM,CA,2020,2019-10-30T00:00:00.000Z,1,0,0,1,1,3.0,0,0.0,0.0,0.0,3332983.74,266576.94,0.0,0.0,3332983.74,0.0,0.0,0.0,0.0,0.0,0.0,0.0,0,0,0,0,0,0,0
5299,2019-10-30T00:00:00.000Z,Fire,FM,CA,2020,2019-10-30T00:00:00.000Z,1,0,0,1,1,2.0,0,0.0,0.0,0.0,392089.1,23703.83,0.0,0.0,392089.1,0.0,0.0,0.0,0.0,0.0,0.0,0.0,0,0,0,0,0,0,0
5300,2019-10-31T00:00:00.000Z,Fire,FM,CA,2020,2019-10-31T00:00:00.000Z,1,0,0,1,1,2.0,0,0.0,0.0,0.0,706854.61,30194.79,0.0,0.0,706854.61,0.0,0.0,0.0,0.0,0.0,0.0,0.0,0,0,0,0,0,0,0
5301,2019-10-31T00:00:00.000Z,Fire,FM,CA,2020,2019-10-31T00:00:00.000Z,1,0,0,1,1,2.0,0,0.0,0.0,0.0,114889.04,29675.32,0.0,0.0,114889.04,0.0,0.0,0.0,0.0,0.0,0.0,0.0,0,0,0,0,0,0,0
5302,2019-11-01T00:00:00.000Z,Fire,FM,CA,2020,2019-11-01T00:00:00.000Z,1,0,0,1,1,4.0,0,0.0,0.0,0.0,6870054.38,254101.83,0.0,0.0,6870054.38,0.0,0.0,0.0,0.0,0.0,0.0,0.0,0,0,0,0,0,0,0
5303,2019-11-26T00:00:00.000Z,Fire,FM,CA,2020,2019-11-25T00:00:00.000Z,1,0,0,1,1,3.0,0,0.0,0.0,0.0,508603.58,154624.67,0.0,0.0,508603.58,0.0,0.0,0.0,0.0,0.0,0.0,0.0,0,0,0,0,0,0,0
5304,2019-11-26T00:00:00.000Z,Fire,FM,OK,2020,2019-11-26T00:00:00.000Z,1,0,0,1,1,2.0,0,0.0,0.0,0.0,0.0,0.0,0.0,1137220.61,1137220.61,0.0,0.0,0.0,0.0,0.0,0.0,0.0,0,0,0,0,0,0,0
5305,2019-11-26T00:00:00.000Z,Fire,FM,OK,2020,2019-11-26T00:00:00.000Z,1,0,0,1,1,2.0,0,0.0,0.0,0.0,0.0,0.0,0.0,0.0,0.0,0.0,0.0,0.0,0.0,0.0,0.0,0.0,0,0,0,0,0,0,0
5306,2020-03-07T00:00:00.000Z,Fire,FM,OK,2020,2020-03-07T00:00:00.000Z,1,0,0,1,1,4.0,0,0.0,0.0,0.0,0.0,0.0,0.0,0.0,0.0,0.0,0.0,0.0,0.0,0.0,0.0,0.0,0,0,0,0,0,0,0
5307,2020-05-06T00:00:00.000Z,Fire,FM,FL,2020,2020-05-06T00:00:00.000Z,1,0,0,1,1,30.0,0,0.0,0.0,0.0,674711.55,189663.8,0.0,0.0,674711.55,0.0,0.0,0.0,0.0,0.0,0.0,0.0,0,0,0,0,0,0,0
5308,2020-05-07T00:00:00.000Z,Fire,FM,FL,2020,2020-05-06T00:00:00.000Z,1,0,0,1,1,27.0,0,0.0,0.0,0.0,417300.63,75127.21,0.0,0.0,417300.63,0.0,0.0,0.0,0.0,0.0,0.0,0.0,0,0,0,0,0,0,0
5309,2020-05-13T00:00:00.000Z,Fire,FM,FL,2020,2020-05-13T00:00:00.000Z,1,0,0,1,1,20.0,0,0.0,0.0,0.0,1314787.49,456852.36,0.0,0.0,1314787.49,0.0,0.0,0.0,0.0,0.0,0.0,0.0,0,0,0,0,0,0,0
5310,2020-05-18T00:00:00.000Z,Fire,FM,AZ,2020,2020-05-17T00:00:00.000Z,1,0,0,1,1,6.0,1,0.0,0.0,0.0,500999.3,0.0,0.0,2547773.28,3048772.5799999996,0.0,0.0,0.0,0.0,0.0,0.0,0.0,0,0,0,0,0,0,0
5311,2020-05-30T00:00:00.000Z,Fire,FM,AZ,2020,2020-05-30T00:00:00.000Z,1,0,0,1,1,6.0,1,0.0,0.0,0.0,898824.68,0.0,0.0,0.0,898824.68,0.0,0.0,0.0,0.0,0.0,0.0,0.0,0,0,0,0,0,0,0
5312,2020-06-11T00:00:00.000Z,Fire,FM,AZ,2020,2020-06-11T00:00:00.000Z,1,0,0,1,1,6.0,1,0.0,0.0,0.0,9126891.9,0.0,0.0,0.0,9126891.9,0.0,0.0,0.0,0.0,0.0,0.0,0.0,0,0,0,0,0,0,0
5313,2020-06-20T00:00:00.000Z,Fire,FM,AZ,2020,2020-06-20T00:00:00.000Z,2,0,0,1,1,6.0,1,0.0,0.0,0.0,666292.63,0.0,0.0,0.0,666292.63,0.0,0.0,0.0,0.0,0.0,0.0,0.0,0,0,0,0,0,0,0
5314,2020-06-23T00:00:00.000Z,Fire,FM,AZ,2020,2020-06-23T00:00:00.000Z,1,0,0,1,1,6.0,1,0.0,0.0,0.0,460929.86,0.0,0.0,0.0,460929.86,0.0,0.0,0.0,0.0,0.0,0.0,0.0,0,0,0,0,0,0,0
5315,2020-06-27T00:00:00.000Z,Fire,FM,AZ,2020,2020-06-27T00:00:00.000Z,1,0,0,1,1,6.0,1,0.0,0.0,0.0,65178.81,0.0,0.0,0.0,65178.81,0.0,0.0,0.0,0.0,0.0,0.0,0.0,0,0,0,0,0,0,0
5316,2020-06-27T00:00:00.000Z,Fire,FM,NV,2020,2020-06-27T00:00:00.000Z,1,0,0,1,1,7.0,0,0.0,0.0,0.0,156297.96,0.0,0.0,860715.38,1017013.34,0.0,0.0,0.0,0.0,0.0,0.0,0.0,0,0,0,0,0,0,0
5317,2020-06-28T00:00:00.000Z,Fire,FM,UT,2020,2020-06-28T00:00:00.000Z,1,0,0,1,1,7.0,0,0.0,0.0,0.0,4453336.64,0.0,0.0,2037437.37,6490774.01,0.0,0.0,0.0,0.0,0.0,0.0,0.0,0,0,0,0,0,0,0
5318,2020-06-28T00:00:00.000Z,Fire,FM,UT,2020,2020-06-28T00:00:00.000Z,1,0,0,1,1,2.0,0,0.0,0.0,0.0,510435.38,0.0,0.0,0.0,510435.38,0.0,0.0,0.0,0.0,0.0,0.0,0.0,0,0,0,0,0,0,0
5319,2020-07-07T00:00:00.000Z,Fire,FM,NV,2020,2020-07-06T00:00:00.000Z,1,0,0,1,1,5.0,0,0.0,0.0,0.0,0.0,0.0,0.0,0.0,0.0,0.0,0.0,0.0,0.0,0.0,0.0,0.0,0,0,0,0,0,0,0
5320,2020-07-12T00:00:00.000Z,Fire,FM,WA,2020,2020-07-11T00:00:00.000Z,1,0,0,1,1,4.0,0,0.0,0.0,0.0,11409.03,2045.37,0.0,5457566.47,5468975.5,0.0,0.0,0.0,0.0,0.0,0.0,0.0,0,0,0,0,0,0,0
5321,2020-07-13T00:00:00.000Z,Fire,FM,UT,2020,2020-07-13T00:00:00.000Z,1,0,0,1,1,2.0,0,0.0,0.0,0.0,670174.52,0.0,0.0,0.0,670174.52,0.0,0.0,0.0,0.0,0.0,0.0,0.0,0,0,0,0,0,0,0
5322,2020-07-21T00:00:00.000Z,Fire,FM,NV,2020,2020-07-21T00:00:00.000Z,1,0,0,1,1,2.0,0,0.0,0.0,0.0,0.0,0.0,0.0,0.0,0.0,0.0,0.0,0.0,0.0,0.0,0.0,0.0,0,0,0,0,0,0,0
5323,2020-07-28T00:00:00.000Z,Fire,FM,WA,2020,2020-07-27T00:00:00.000Z,1,0,0,1,1,5.0,0,0.0,0.0,0.0,12080.71,8429.38,0.0,0.0,12080.71,0.0,0.0,0.0,0.0,0.0,0.0,0.0,0,0,0,0,0,0,0
5324,2020-08-02T00:00:00.000Z,Fire,FM,MT,2020,2020-08-02T00:00:00.000Z,2,0,0,1,1,2.0,0,0.0,0.0,0.0,365586.28,0.0,0.0,2513023.6,2878609.88,0.0,0.0,0.0,0.0,0.0,0.0,0.0,0,0,0,0,0,0,0
5325,2020-08-02T00:00:00.000Z,Fire,FM,CA,2020,2020-08-02T00:00:00.000Z,3,0,0,1,1,9.0,0,0.0,0.0,0.0,24139420.75,248996.43,0.0,0.0,24139420.75,0.0,0.0,0.0,0.0,0.0,0.0,0.0,0,0,0,0,0,0,0
5326,2020-08-03T00:00:00.000Z,Fire,FM,NV,2020,2020-08-02T00:00:00.000Z,1,0,0,1,1,4.0,0,0.0,0.0,0.0,0.0,0.0,0.0,0.0,0.0,0.0,0.0,0.0,0.0,0.0,0.0,0.0,0,0,0,0,0,0,0
5327,2020-08-13T00:00:00.000Z,Fire,FM,OR,2020,2020-08-12T00:00:00.000Z,1,0,0,1,1,7.0,0,0.0,0.0,0.0,3896583.31,38683.14,0.0,7721570.92,11618154.23,0.0,0.0,0.0,0.0,0.0,0.0,0.0,0,0,0,0,0,0,0
5328,2020-08-15T00:00:00.000Z,Fire,FM,NV,2020,2020-08-15T00:00:00.000Z,1,0,0,1,1,11.0,0,0.0,0.0,0.0,0.0,0.0,0.0,0.0,0.0,0.0,0.0,0.0,0.0,0.0,0.0,0.0,0,0,0,0,0,0,0
5329,2020-08-17T00:00:00.000Z,Fire,FM,CA,2020,2020-08-16T00:00:00.000Z,1,0,0,1,1,13.0,0,0.0,0.0,0.0,0.0,0.0,0.0,0.0,0.0,0.0,0.0,0.0,0.0,0.0,0.0,0.0,0,0,0,0,0,0,0
5330,2020-08-17T00:00:00.000Z,Fire,FM,WA,2020,2020-08-16T00:00:00.000Z,2,0,0,1,1,1.0,0,0.0,0.0,0.0,26195.27,0.0,0.0,0.0,26195.27,0.0,0.0,0.0,0.0,0.0,0.0,0.0,0,0,0,0,0,0,0
5331,2020-08-18T00:00:00.000Z,Fire,FM,CA,2020,2020-08-17T00:00:00.000Z,5,0,0,1,1,6.0,1,0.0,0.0,0.0,0.0,0.0,0.0,0.0,0.0,0.0,0.0,0.0,0.0,0.0,0.0,0.0,0,0,0,0,0,0,0
5332,2020-08-18T00:00:00.000Z,Fire,FM,CA,2020,2020-08-18T00:00:00.000Z,1,0,0,1,1,9.0,0,0.0,0.0,0.0,0.0,0.0,0.0,0.0,0.0,0.0,0.0,0.0,0.0,0.0,0.0,0.0,0,0,0,0,0,0,0
5333,2020-08-19T00:00:00.000Z,Fire,FM,CA,2020,2020-08-18T00:00:00.000Z,1,0,0,1,1,11.0,0,0.0,0.0,0.0,0.0,0.0,0.0,0.0,0.0,0.0,0.0,0.0,0.0,0.0,0.0,0.0,0,0,0,0,0,0,0
5334,2020-08-19T00:00:00.000Z,Fire,FM,CO,2020,2020-08-13T00:00:00.000Z,2,0,0,1,1,13.0,0,0.0,0.0,0.0,164921.38,17666.69,0.0,700108.22,865029.6,0.0,0.0,0.0,0.0,0.0,0.0,0.0,0,0,0,0,0,0,0
5335,2020-08-19T00:00:00.000Z,Fire,FM,CO,2020,2020-08-19T00:00:00.000Z,2,0,0,1,1,14.0,0,0.0,0.0,0.0,1240045.95,0.0,0.0,0.0,1240045.95,0.0,0.0,0.0,0.0,0.0,0.0,0.0,0,0,0,0,0,0,0
5336,2020-08-20T00:00:00.000Z,Fire,FM,CA,2020,2020-08-20T00:00:00.000Z,2,0,0,1,1,6.0,1,0.0,0.0,0.0,0.0,0.0,0.0,0.0,0.0,0.0,0.0,0.0,0.0,0.0,0.0,0.0,0,0,0,0,0,0,0
5337,2020-08-20T00:00:00.000Z,Fire,FM,WA,2020,2020-08-18T00:00:00.000Z,1,0,0,1,1,16.0,0,0.0,0.0,0.0,28166.64,28166.64,0.0,0.0,28166.64,0.0,0.0,0.0,0.0,0.0,0.0,0.0,0,0,0,0,0,0,0
5338,2020-08-21T00:00:00.000Z,Fire,FM,CA,2020,2020-08-20T00:00:00.000Z,2,0,0,1,1,6.0,1,0.0,0.0,0.0,0.0,0.0,0.0,0.0,0.0,0.0,0.0,0.0,0.0,0.0,0.0,0.0,0,0,0,0,0,0,0
5339,2020-08-22T00:00:00.000Z,Fire,FM,CA,2020,2020-08-17T00:00:00.000Z,1,0,0,1,1,6.0,1,0.0,0.0,0.0,0.0,0.0,0.0,0.0,0.0,0.0,0.0,0.0,0.0,0.0,0.0,0.0,0,0,0,0,0,0,0
5340,2020-08-26T00:00:00.000Z,Fire,FM,AZ,2020,2020-08-17T00:00:00.000Z,2,0,0,1,1,6.0,1,0.0,0.0,0.0,0.0,0.0,0.0,0.0,0.0,0.0,0.0,0.0,0.0,0.0,0.0,0.0,0,0,0,0,0,0,0
5341,2020-08-28T00:00:00.000Z,Fire,FM,OR,2020,2020-08-17T00:00:00.000Z,1,0,0,1,1,24.0,0,0.0,0.0,0.0,4917541.16,23710.12,0.0,0.0,4917541.16,0.0,0.0,0.0,0.0,0.0,0.0,0.0,0,0,0,0,0,0,0
5342,2020-09-01T00:00:00.000Z,Fire,FM,WA,2020,2020-09-01T00:00:00.000Z,1,0,0,1,1,13.0,0,0.0,0.0,0.0,15019.15,15019.15,0.0,0.0,15019.15,0.0,0.0,0.0,0.0,0.0,0.0,0.0,0,0,0,0,0,0,0
5343,2020-09-02T00:00:00.000Z,Fire,FM,MT,2020,2020-09-02T00:00:00.000Z,1,0,0,1,1,4.0,0,0.0,0.0,0.0,220000.39,6673.21,0.0,0.0,220000.39,0.0,0.0,0.0,0.0,0.0,0.0,0.0,0,0,0,0,0,0,0
5344,2020-09-02T00:00:00.000Z,Fire,FM,MT,2020,2020-09-02T00:00:00.000Z,2,0,0,1,1,4.0,0,0.0,0.0,0.0,2880445.9,0.0,0.0,0.0,2880445.9,0.0,0.0,0.0,0.0,0.0,0.0,0.0,0,0,0,0,0,0,0
5345,2020-09-03T00:00:00.000Z,Fire,FM,MT,2020,2020-09-03T00:00:00.000Z,3,0,0,1,1,3.0,0,0.0,0.0,0.0,1016846.58,0.0,0.0,0.0,1016846.58,0.0,0.0,0.0,0.0,0.0,0.0,0.0,0,0,0,0,0,0,0
5346,2020-09-05T00:00:00.000Z,Fire,FM,MT,2020,2020-09-05T00:00:00.000Z,1,0,0,1,1,9.0,0,0.0,0.0,0.0,0.0,0.0,0.0,0.0,0.0,0.0,0.0,0.0,0.0,0.0,0.0,0.0,0,0,0,0,0,0,0
5347,2020-09-05T00:00:00.000Z,Fire,FM,WY,2020,2020-09-05T00:00:00.000Z,1,0,0,1,1,1.0,0,0.0,0.0,0.0,175242.14,0.0,0.0,1022563.61,1197805.75,0.0,0.0,0.0,0.0,0.0,0.0,0.0,0,0,0,0,0,0,0
5348,2020-09-06T00:00:00.000Z,Fire,FM,CA,2020,2020-09-06T00:00:00.000Z,2,0,0,1,1,6.0,1,0.0,0.0,0.0,0.0,0.0,0.0,0.0,0.0,0.0,0.0,0.0,0.0,0.0,0.0,0.0,0,0,0,0,0,0,0
5349,2020-09-06T00:00:00.000Z,Fire,FM,CO,2020,2020-09-06T00:00:00.000Z,1,0,0,1,1,57.0,0,0.0,0.0,0.0,0.0,0.0,0.0,0.0,0.0,0.0,0.0,0.0,0.0,0.0,0.0,0.0,0,0,0,0,0,0,0
5350,2020-09-06T00:00:00.000Z,Fire,FM,CA,2020,2020-09-05T00:00:00.000Z,1,0,0,1,1,19.0,0,0.0,0.0,0.0,0.0,0.0,0.0,0.0,0.0,0.0,0.0,0.0,0.0,0.0,0.0,0.0,0,0,0,0,0,0,0
5351,2020-09-07T00:00:00.000Z,Fire,FM,WA,2020,2020-09-07T00:00:00.000Z,3,0,0,1,1,12.0,0,0.0,0.0,0.0,42994.78,29124.01,0.0,0.0,42994.78,0.0,0.0,0.0,0.0,0.0,0.0,0.0,0,0,0,0,0,0,0
5352,2020-09-07T00:00:00.000Z,Fire,FM,WA,2020,2020-09-07T00:00:00.000Z,1,0,0,1,1,8.0,0,0.0,0.0,0.0,12172.82,12172.82,0.0,0.0,12172.82,0.0,0.0,0.0,0.0,0.0,0.0,0.0,0,0,0,0,0,0,0
5353,2020-09-07T00:00:00.000Z,Fire,FM,UT,2020,2020-09-07T00:00:00.000Z,1,0,0,1,1,5.0,0,0.0,0.0,0.0,434109.83,0.0,0.0,0.0,434109.83,0.0,0.0,0.0,0.0,0.0,0.0,0.0,0,0,0,0,0,0,0
5354,2020-09-08T00:00:00.000Z,Fire,FM,OR,2020,2020-09-07T00:00:00.000Z,1,0,0,1,1,16.0,0,0.0,0.0,0.0,68404.73,0.0,0.0,0.0,68404.73,0.0,0.0,0.0,0.0,0.0,0.0,0.0,0,0,0,0,0,0,0
5355,2020-09-08T00:00:00.000Z,Fire,FM,WA,2020,2020-09-07T00:00:00.000Z,2,0,0,1,1,8.0,0,0.0,0.0,0.0,0.0,0.0,0.0,0.0,0.0,0.0,0.0,0.0,0.0,0.0,0.0,0.0,0,0,0,0,0,0,0
5356,2020-09-08T00:00:00.000Z,Fire,FM,OR,2020,2020-09-07T00:00:00.000Z,5,0,0,1,1,38.0,0,0.0,0.0,0.0,0.0,0.0,0.0,0.0,0.0,0.0,0.0,0.0,0.0,0.0,0.0,0.0,0,0,0,0,0,0,0
5357,2020-09-08T00:00:00.000Z,Fire,FM,OR,2020,2020-09-08T00:00:00.000Z,1,0,0,1,1,25.0,0,0.0,0.0,0.0,0.0,0.0,0.0,0.0,0.0,0.0,0.0,0.0,0.0,0.0,0.0,0.0,0,0,0,0,0,0,0
5358,2020-09-08T00:00:00.000Z,Fire,FM,OR,2020,2020-09-08T00:00:00.000Z,1,0,0,1,1,6.0,0,0.0,0.0,0.0,69247.64,0.0,0.0,0.0,69247.64,0.0,0.0,0.0,0.0,0.0,0.0,0.0,0,0,0,0,0,0,0
5359,2020-09-09T00:00:00.000Z,Fire,FM,WA,2020,2020-09-08T00:00:00.000Z,1,0,0,1,1,3.0,0,0.0,0.0,0.0,18485.01,11006.98,0.0,0.0,18485.01,0.0,0.0,0.0,0.0,0.0,0.0,0.0,0,0,0,0,0,0,0
5360,2020-09-09T00:00:00.000Z,Fire,FM,WA,2020,2020-09-08T00:00:00.000Z,1,0,0,1,1,7.0,0,0.0,0.0,0.0,108329.96,100624.57,0.0,0.0,108329.96,0.0,0.0,0.0,0.0,0.0,0.0,0.0,0,0,0,0,0,0,0
5361,2020-09-09T00:00:00.000Z,Fire,FM,CA,2020,2020-09-08T00:00:00.000Z,1,0,0,1,1,6.0,1,0.0,0.0,0.0,0.0,0.0,0.0,0.0,0.0,0.0,0.0,0.0,0.0,0.0,0.0,0.0,0,0,0,0,0,0,0
5362,2020-09-09T00:00:00.000Z,Fire,FM,OR,2020,2020-09-08T00:00:00.000Z,1,0,0,1,1,14.0,0,0.0,0.0,0.0,0.0,0.0,0.0,0.0,0.0,0.0,0.0,0.0,0.0,0.0,0.0,0.0,0,0,0,0,0,0,0
5363,2020-09-09T00:00:00.000Z,Fire,FM,CA,2020,2020-08-17T00:00:00.000Z,3,0,0,1,1,6.0,1,0.0,0.0,0.0,0.0,0.0,0.0,0.0,0.0,0.0,0.0,0.0,0.0,0.0,0.0,0.0,0,0,0,0,0,0,0
5364,2020-09-09T00:00:00.000Z,Fire,FM,OR,2020,2020-09-08T00:00:00.000Z,1,0,0,1,1,7.0,0,0.0,0.0,0.0,62426.25,0.0,0.0,0.0,62426.25,0.0,0.0,0.0,0.0,0.0,0.0,0.0,0,0,0,0,0,0,0
5365,2020-09-09T00:00:00.000Z,Fire,FM,OR,2020,2020-09-08T00:00:00.000Z,1,0,0,1,1,37.0,0,0.0,0.0,0.0,227319.53,0.0,0.0,0.0,227319.53,0.0,0.0,0.0,0.0,0.0,0.0,0.0,0,0,0,0,0,0,0
5366,2020-09-09T00:00:00.000Z,Fire,FM,OR,2020,2020-09-08T00:00:00.000Z,1,0,0,1,1,37.0,0,0.0,0.0,0.0,0.0,0.0,0.0,0.0,0.0,0.0,0.0,0.0,0.0,0.0,0.0,0.0,0,0,0,0,0,0,0
5367,2020-09-09T00:00:00.000Z,Fire,FM,OR,2020,2020-09-08T00:00:00.000Z,1,0,0,1,1,36.0,0,0.0,0.0,0.0,140176.05,0.0,0.0,0.0,140176.05,0.0,0.0,0.0,0.0,0.0,0.0,0.0,0,0,0,0,0,0,0
5368,2020-09-10T00:00:00.000Z,Fire,FM,OR,2020,2020-09-08T00:00:00.000Z,1,0,0,1,1,6.0,0,0.0,0.0,0.0,0.0,0.0,0.0,0.0,0.0,0.0,0.0,0.0,0.0,0.0,0.0,0.0,0,0,0,0,0,0,0
5369,2020-09-10T00:00:00.000Z,Fire,FM,OR,2020,2020-09-09T00:00:00.000Z,1,0,0,1,1,55.0,0,0.0,0.0,0.0,54110.05,0.0,0.0,0.0,54110.05,0.0,0.0,0.0,0.0,0.0,0.0,0.0,0,0,0,0,0,0,0
5370,2020-09-10T00:00:00.000Z,Fire,FM,OR,2020,2020-09-08T00:00:00.000Z,1,0,0,1,1,28.0,0,0.0,0.0,0.0,51399.0,0.0,0.0,0.0,51399.0,0.0,0.0,0.0,0.0,0.0,0.0,0.0,0,0,0,0,0,0,0
5371,2020-09-10T00:00:00.000Z,Fire,FM,OR,2020,2020-09-08T00:00:00.000Z,2,0,0,1,1,7.0,0,0.0,0.0,0.0,0.0,0.0,0.0,0.0,0.0,0.0,0.0,0.0,0.0,0.0,0.0,0.0,0,0,0,0,0,0,0
5372,2020-09-12T00:00:00.000Z,Fire,FM,OR,2020,2020-09-12T00:00:00.000Z,1,0,0,1,1,17.0,0,0.0,0.0,0.0,0.0,0.0,0.0,0.0,0.0,0.0,0.0,0.0,0.0,0.0,0.0,0.0,0,0,0,0,0,0,0
5373,2020-09-13T00:00:00.000Z,Fire,FM,CA,2020,2020-09-13T00:00:00.000Z,1,0,0,1,1,6.0,1,0.0,0.0,0.0,0.0,0.0,0.0,0.0,0.0,0.0,0.0,0.0,0.0,0.0,0.0,0.0,0,0,0,0,0,0,0
5374,2020-09-13T00:00:00.000Z,Fire,FM,CA,2020,2020-09-13T00:00:00.000Z,1,0,0,1,1,6.0,1,0.0,0.0,0.0,0.0,0.0,0.0,0.0,0.0,0.0,0.0,0.0,0.0,0.0,0.0,0.0,0,0,0,0,0,0,0
5375,2020-09-26T00:00:00.000Z,Fire,FM,WY,2020,2020-09-25T00:00:00.000Z,2,0,0,1,1,24.0,0,0.0,0.0,0.0,1683429.35,0.0,0.0,0.0,1683429.35,0.0,0.0,0.0,0.0,0.0,0.0,0.0,0,0,0,0,0,0,0
5376,2020-09-27T00:00:00.000Z,Fire,FM,CA,2020,2020-09-27T00:00:00.000Z,2,0,0,1,1,6.0,1,0.0,0.0,0.0,0.0,0.0,0.0,0.0,0.0,0.0,0.0,0.0,0.0,0.0,0.0,0.0,0,0,0,0,0,0,0
5377,2020-09-28T00:00:00.000Z,Fire,FM,CA,2020,2020-09-28T00:00:00.000Z,1,0,0,1,1,6.0,1,0.0,0.0,0.0,0.0,0.0,0.0,0.0,0.0,0.0,0.0,0.0,0.0,0.0,0.0,0.0,0,0,0,0,0,0,0
5378,2020-10-17T00:00:00.000Z,Fire,FM,CO,2021,2020-10-17T00:00:00.000Z,1,0,0,1,1,19.0,0,0.0,0.0,0.0,0.0,0.0,0.0,1735300.96,1735300.96,0.0,0.0,0.0,0.0,0.0,0.0,0.0,0,0,0,0,0,0,0
5379,2020-10-17T00:00:00.000Z,Fire,FM,CO,2021,2020-10-17T00:00:00.000Z,1,0,0,1,1,7.0,0,0.0,0.0,0.0,1479520.55,456967.14,0.0,0.0,1479520.55,0.0,0.0,0.0,0.0,0.0,0.0,0.0,0,0,0,0,0,0,0
5380,2020-10-26T00:00:00.000Z,Fire,FM,CA,2021,2020-10-26T00:00:00.000Z,1,0,0,1,1,6.0,1,0.0,0.0,0.0,13195694.92,755181.46,0.0,3908293.99,17103988.91,0.0,0.0,0.0,0.0,0.0,0.0,0.0,0,0,0,0,0,0,0
5381,2020-10-26T00:00:00.000Z,Fire,FM,CA,2021,2020-10-26T00:00:00.000Z,3,0,0,1,1,6.0,1,0.0,0.0,0.0,6392155.66,353884.08,0.0,0.0,6392155.66,0.0,0.0,0.0,0.0,0.0,0.0,0.0,0,0,0,0,0,0,0
5382,2020-11-17T00:00:00.000Z,Fire,FM,NV,2021,2020-11-17T00:00:00.000Z,1,0,0,1,1,1.0,0,0.0,0.0,0.0,0.0,0.0,0.0,2067208.75,2067208.75,0.0,0.0,0.0,0.0,0.0,0.0,0.0,0,0,0,0,0,0,0
5383,2020-12-03T00:00:00.000Z,Fire,FM,CA,2021,2020-12-03T00:00:00.000Z,1,0,0,1,1,6.0,1,0.0,0.0,0.0,10091851.44,439787.97,0.0,0.0,10091851.44,0.0,0.0,0.0,0.0,0.0,0.0,0.0,0,0,0,0,0,0,0
5384,2021-03-29T00:00:00.000Z,Fire,FM,SD,2021,2021-03-29T00:00:00.000Z,1,0,0,1,1,6.0,0,0.0,0.0,0.0,0.0,0.0,0.0,885821.04,885821.04,0.0,0.0,0.0,0.0,0.0,0.0,0.0,0,0,0,0,0,0,0
5385,2021-04-08T00:00:00.000Z,Fire,FM,AZ,2021,2021-04-08T00:00:00.000Z,1,0,0,1,1,2.0,0,0.0,0.0,0.0,572925.79,31256.69,0.0,1922217.15,2495142.94,0.0,0.0,0.0,0.0,0.0,0.0,0.0,0,0,0,0,0,0,0
5386,2021-04-27T00:00:00.000Z,Fire,FM,NM,2021,2021-04-26T00:00:00.000Z,1,0,0,1,1,6.0,1,0.0,0.0,0.0,0.0,0.0,0.0,101145.63,101145.63,0.0,0.0,0.0,0.0,0.0,0.0,0.0,0,0,0,0,0,0,0
5387,2021-05-27T00:00:00.000Z,Fire,FM,AZ,2021,2021-05-27T00:00:00.000Z,1,0,0,1,1,2.0,0,0.0,0.0,0.0,0.0,0.0,0.0,0.0,0.0,0.0,0.0,0.0,0.0,0.0,0.0,0.0,0,0,0,0,0,0,0
5388,2021-06-05T00:00:00.000Z,Fire,FM,UT,2021,2021-06-05T00:00:00.000Z,1,0,0,1,1,8.0,0,0.0,0.0,0.0,2746912.41,0.0,0.0,1462807.64,4209720.05,0.0,0.0,0.0,0.0,0.0,0.0,0.0,0,0,0,0,0,0,0
5389,2021-06-06T00:00:00.000Z,Fire,FM,AZ,2021,2021-06-06T00:00:00.000Z,2,0,0,1,1,18.0,0,0.0,0.0,0.0,6511218.25,59668.68,0.0,0.0,6511218.25,0.0,0.0,0.0,0.0,0.0,0.0,0.0,0,0,0,0,0,0,0
5390,2021-06-09T00:00:00.000Z,Fire,FM,NV,2021,2021-06-09T00:00:00.000Z,1,0,0,1,1,1.0,0,0.0,0.0,0.0,0.0,0.0,0.0,0.0,0.0,0.0,0.0,0.0,0.0,0.0,0.0,0.0,0,0,0,0,0,0,0
5391,2021-06-10T00:00:00.000Z,Fire,FM,UT,2021,2021-06-10T00:00:00.000Z,1,0,0,1,1,16.0,0,0.0,0.0,0.0,6902643.83,0.0,0.0,0.0,6902643.83,0.0,0.0,0.0,0.0,0.0,0.0,0.0,0,0,0,0,0,0,0
5392,2021-06-16T00:00:00.000Z,Fire,FM,MT,2021,2021-06-15T00:00:00.000Z,1,0,0,1,1,5.0,0,0.0,0.0,0.0,0.0,0.0,0.0,1925765.04,1925765.04,0.0,0.0,0.0,0.0,0.0,0.0,0.0,0,0,0,0,0,0,0
5393,2021-06-29T00:00:00.000Z,Fire,FM,CA,2021,2021-06-24T00:00:00.000Z,1,0,0,1,1,12.0,0,0.0,0.0,0.0,3697414.51,503030.0,0.0,0.0,3697414.51,0.0,0.0,0.0,0.0,0.0,0.0,0.0,0,0,0,0,0,0,0
5394,2021-06-30T00:00:00.000Z,Fire,FM,OR,2021,2021-06-29T00:00:00.000Z,1,0,0,1,1,1.0,0,0.0,0.0,0.0,6566.19,0.0,0.0,644934.4,651500.59,0.0,0.0,0.0,0.0,0.0,0.0,0.0,0,0,0,0,0,0,0
5395,2021-07-06T00:00:00.000Z,Fire,FM,WA,2021,2021-07-05T00:00:00.000Z,1,0,0,1,1,6.0,0,0.0,0.0,0.0,0.0,0.0,0.0,3094875.24,3094875.24,0.0,0.0,0.0,0.0,0.0,0.0,0.0,0,0,0,0,0,0,0
5396,2021-07-10T00:00:00.000Z,Fire,FM,OR,2021,2021-07-10T00:00:00.000Z,2,0,0,1,1,36.0,0,0.0,0.0,0.0,29773672.15,8783973.49,0.0,0.0,29773672.15,0.0,0.0,0.0,0.0,0.0,0.0,0.0,0,0,0,0,0,0,0
5397,2021-07-13T00:00:00.000Z,Fire,FM,WA,2021,2021-07-12T00:00:00.000Z,1,0,0,1,1,14.0,0,0.0,0.0,0.0,7307.41,7307.41,0.0,0.0,7307.41,0.0,0.0,0.0,0.0,0.0,0.0,0.0,0,0,0,0,0,0,0
5398,2021-07-14T00:00:00.000Z,Fire,FM,WA,2021,2021-07-13T00:00:00.000Z,1,0,0,1,1,7.0,0,0.0,0.0,0.0,3783.95,3783.95,0.0,0.0,3783.95,0.0,0.0,0.0,0.0,0.0,0.0,0.0,0,0,0,0,0,0,0
5399,2021-07-17T00:00:00.000Z,Fire,FM,MT,2021,2021-07-16T00:00:00.000Z,1,0,0,1,1,0.0,0,0.0,0.0,0.0,96781.06,0.0,0.0,0.0,96781.06,0.0,0.0,0.0,0.0,0.0,0.0,0.0,0,0,0,0,0,0,0
5400,2021-07-20T00:00:00.000Z,Fire,FM,CA,2021,2021-07-20T00:00:00.000Z,2,0,0,1,1,6.0,1,0.0,0.0,0.0,0.0,0.0,0.0,0.0,0.0,0.0,0.0,0.0,0.0,0.0,0.0,0.0,0,0,0,0,0,0,0
5401,2021-07-20T00:00:00.000Z,Fire,FM,WA,2021,2021-07-19T00:00:00.000Z,1,0,0,1,1,34.0,0,0.0,0.0,0.0,51971.89,51971.89,0.0,0.0,51971.89,0.0,0.0,0.0,0.0,0.0,0.0,0.0,0,0,0,0,0,0,0
5402,2021-07-22T00:00:00.000Z,Fire,FM,NV,2021,2021-07-22T00:00:00.000Z,1,0,0,1,1,7.0,0,0.0,0.0,0.0,0.0,0.0,0.0,0.0,0.0,0.0,0.0,0.0,0.0,0.0,0.0,0.0,0,0,0,0,0,0,0
5403,2021-07-28T00:00:00.000Z,Fire,FM,MT,2021,2021-07-28T00:00:00.000Z,2,0,0,1,1,3.0,0,0.0,0.0,0.0,0.0,0.0,0.0,0.0,0.0,0.0,0.0,0.0,0.0,0.0,0.0,0.0,0,0,0,0,0,0,0
5404,2021-08-01T00:00:00.000Z,Fire,FM,HI,2021,2021-08-01T00:00:00.000Z,1,0,0,1,1,2.0,0,0.0,0.0,0.0,1097960.02,104759.43,0.0,33200.0,1131160.02,0.0,0.0,0.0,0.0,0.0,0.0,0.0,0,0,0,0,0,0,0
5405,2021-08-05T00:00:00.000Z,Fire,FM,CA,2021,2021-08-04T00:00:00.000Z,1,0,0,1,1,6.0,1,0.0,0.0,0.0,0.0,0.0,0.0,0.0,0.0,0.0,0.0,0.0,0.0,0.0,0.0,0.0,0,0,0,0,0,0,0
5406,2021-08-10T00:00:00.000Z,Fire,FM,MT,2021,2021-08-10T00:00:00.000Z,1,0,0,1,1,3.0,0,0.0,0.0,0.0,0.0,0.0,0.0,0.0,0.0,0.0,0.0,0.0,0.0,0.0,0.0,0.0,0,0,0,0,0,0,0
5407,2021-08-13T00:00:00.000Z,Fire,FM,ID,2021,2021-08-12T00:00:00.000Z,2,0,0,1,1,5.0,0,0.0,0.0,0.0,32291.96,0.0,0.0,279292.25,311584.21,0.0,0.0,0.0,0.0,0.0,0.0,0.0,0,0,0,0,0,0,0
5408,2021-08-14T00:00:00.000Z,Fire,FM,UT,2021,2021-08-14T00:00:00.000Z,2,0,0,1,1,4.0,0,0.0,0.0,0.0,2259027.05,0.0,0.0,0.0,2259027.05,0.0,0.0,0.0,0.0,0.0,0.0,0.0,0,0,0,0,0,0,0
5409,2021-08-16T00:00:00.000Z,Fire,FM,OR,2021,2021-08-15T00:00:00.000Z,1,0,0,1,1,16.0,0,0.0,0.0,0.0,2806287.14,1347585.44,0.0,0.0,2806287.14,0.0,0.0,0.0,0.0,0.0,0.0,0.0,0,0,0,0,0,0,0
5410,2021-08-16T00:00:00.000Z,Fire,FM,WA,2021,2021-08-15T00:00:00.000Z,1,0,0,1,1,17.0,0,0.0,0.0,0.0,5834.27,5834.27,0.0,0.0,5834.27,0.0,0.0,0.0,0.0,0.0,0.0,0.0,0,0,0,0,0,0,0
5411,2021-08-16T00:00:00.000Z,Fire,FM,WA,2021,2021-08-16T00:00:00.000Z,1,0,0,1,1,13.0,0,0.0,0.0,0.0,0.0,0.0,0.0,0.0,0.0,0.0,0.0,0.0,0.0,0.0,0.0,0.0,0,0,0,0,0,0,0
5412,2021-08-17T00:00:00.000Z,Fire,FM,CA,2021,2021-08-17T00:00:00.000Z,1,0,0,1,1,6.0,1,0.0,0.0,0.0,0.0,0.0,0.0,0.0,0.0,0.0,0.0,0.0,0.0,0.0,0.0,0.0,0,0,0,0,0,0,0
5413,2021-08-17T00:00:00.000Z,Fire,FM,CA,2021,2021-08-14T00:00:00.000Z,1,0,0,1,1,6.0,1,0.0,0.0,0.0,0.0,0.0,0.0,0.0,0.0,0.0,0.0,0.0,0.0,0.0,0.0,0.0,0,0,0,0,0,0,0
5414,2021-08-18T00:00:00.000Z,Fire,FM,WA,2021,2021-08-17T00:00:00.000Z,1,0,0,1,1,27.0,0,0.0,0.0,0.0,0.0,0.0,0.0,0.0,0.0,0.0,0.0,0.0,0.0,0.0,0.0,0.0,0,0,0,0,0,0,0
5415,2021-08-19T00:00:00.000Z,Fire,FM,WA,2021,2021-08-19T00:00:00.000Z,1,0,0,1,1,39.0,0,0.0,0.0,0.0,0.0,0.0,0.0,0.0,0.0,0.0,0.0,0.0,0.0,0.0,0.0,0.0,0,0,0,0,0,0,0
5416,2021-08-25T00:00:00.000Z,Fire,FM,CA,2021,2021-08-24T00:00:00.000Z,1,0,0,1,1,13.0,0,0.0,0.0,0.0,3379328.86,384219.4,0.0,0.0,3379328.86,0.0,0.0,0.0,0.0,0.0,0.0,0.0,0,0,0,0,0,0,0
5417,2021-09-23T00:00:00.000Z,Fire,FM,CA,2021,2021-09-23T00:00:00.000Z,1,0,0,1,1,5.0,0,0.0,0.0,0.0,10983886.2,338408.76,0.0,0.0,10983886.2,0.0,0.0,0.0,0.0,0.0,0.0,0.0,0,0,0,0,0,0,0
5418,2021-10-04T00:00:00.000Z,Fire,FM,SD,2022,2021-10-04T00:00:00.000Z,1,0,0,1,1,6.0,0,0.0,0.0,0.0,0.0,0.0,0.0,1024091.26,1024091.26,0.0,0.0,0.0,0.0,0.0,0.0,0.0,0,0,0,0,0,0,0
5419,2021-10-13T00:00:00.000Z,Fire,FM,CA,2022,2021-10-12T00:00:00.000Z,1,0,0,1,1,36.0,0,0.0,0.0,0.0,4634597.1,119955.16,0.0,743457.99,5378055.09,0.0,0.0,0.0,0.0,0.0,0.0,0.0,0,0,0,0,0,0,0
5420,2021-12-10T00:00:00.000Z,Fire,FM,TX,2022,2021-12-10T00:00:00.000Z,1,0,0,1,1,2.0,0,0.0,0.0,0.0,195103.58,5770.31,0.0,2241932.45,2437036.0300000003,0.0,0.0,0.0,0.0,0.0,0.0,0.0,0,0,0,0,0,0,0
5421,2021-12-15T00:00:00.000Z,Fire,FM,OK,2022,2021-12-15T00:00:00.000Z,1,0,0,1,1,7.0,0,0.0,0.0,0.0,195815.29,12002.85,0.0,777501.0,973316.29,0.0,0.0,0.0,0.0,0.0,0.0,0.0,0,0,0,0,0,0,0
5422,2021-12-15T00:00:00.000Z,Fire,FM,TX,2022,2021-12-15T00:00:00.000Z,1,0,0,1,1,4.0,0,0.0,0.0,0.0,551624.05,5822.79,0.0,0.0,551624.05,0.0,0.0,0.0,0.0,0.0,0.0,0.0,0,0,0,0,0,0,0
5423,2021-12-30T00:00:00.000Z,Fire,FM,CO,2022,2021-12-30T00:00:00.000Z,1,0,0,1,1,8.0,0,0.0,0.0,0.0,0.0,0.0,0.0,187359.83,187359.83,0.0,0.0,0.0,0.0,0.0,0.0,0.0,0,0,0,0,0,0,0
5424,2022-03-04T00:00:00.000Z,Fire,FM,FL,2022,2022-03-04T00:00:00.000Z,1,0,0,1,1,28.0,0,0.0,0.0,0.0,0.0,0.0,0.0,0.0,0.0,0.0,0.0,0.0,0.0,0.0,0.0,0.0,0,0,0,0,0,0,0
5425,2022-03-05T00:00:00.000Z,Fire,FM,KS,2022,2022-03-05T00:00:00.000Z,2,0,0,1,1,11.0,0,0.0,0.0,0.0,464403.62,59032.61,0.0,518657.96,983061.5800000001,0.0,0.0,0.0,0.0,0.0,0.0,0.0,0,0,0,0,0,0,0
5426,2022-03-06T00:00:00.000Z,Fire,FM,FL,2022,2022-03-04T00:00:00.000Z,2,0,0,1,1,28.0,0,0.0,0.0,0.0,2579736.07,0.0,0.0,237634.4,2817370.4699999997,0.0,0.0,0.0,0.0,0.0,0.0,0.0,0,0,0,0,0,0,0
5427,2022-03-17T00:00:00.000Z,Fire,FM,TX,2022,2022-03-17T00:00:00.000Z,1,0,0,1,1,13.0,0,0.0,0.0,0.0,2213460.6,82753.98,0.0,0.0,2213460.6,0.0,0.0,0.0,0.0,0.0,0.0,0.0,0,0,0,0,0,0,0
5428,2022-03-18T00:00:00.000Z,Fire,FM,TX,2022,2022-03-17T00:00:00.000Z,1,0,0,1,1,13.0,0,0.0,0.0,0.0,978919.78,0.0,0.0,0.0,978919.78,0.0,0.0,0.0,0.0,0.0,0.0,0.0,0,0,0,0,0,0,0
5429,2022-03-20T00:00:00.000Z,Fire,FM,TX,2022,2022-03-20T00:00:00.000Z,1,0,0,1,1,10.0,0,0.0,0.0,0.0,445008.28,0.0,0.0,0.0,445008.28,0.0,0.0,0.0,0.0,0.0,0.0,0.0,0,0,0,0,0,0,0
5430,2022-04-11T00:00:00.000Z,Fire,FM,NM,2022,2022-04-11T00:00:00.000Z,1,0,0,1,1,103.0,0,0.0,0.0,0.0,0.0,0.0,0.0,2218997.98,2218997.98,0.0,0.0,0.0,0.0,0.0,0.0,0.0,0,0,0,0,0,0,0
5431,2022-04-12T00:00:00.000Z,Fire,FM,NM,2022,2022-04-12T00:00:00.000Z,1,0,0,1,1,102.0,0,0.0,0.0,0.0,0.0,0.0,0.0,0.0,0.0,0.0,0.0,0.0,0.0,0.0,0.0,0.0,0,0,0,0,0,0,0
5432,2022-04-12T00:00:00.000Z,Fire,FM,NM,2022,2022-04-12T00:00:00.000Z,1,0,0,1,1,102.0,0,0.0,0.0,0.0,0.0,0.0,0.0,0.0,0.0,0.0,0.0,0.0,0.0,0.0,0.0,0.0,0,0,0,0,0,0,0
5433,2022-04-12T00:00:00.000Z,Fire,FM,NM,2022,2022-04-12T00:00:00.000Z,1,0,0,1,1,102.0,0,0.0,0.0,0.0,0.0,0.0,0.0,0.0,0.0,0.0,0.0,0.0,0.0,0.0,0.0,0.0,0,0,0,0,0,0,0
5434,2022-04-19T00:00:00.000Z,Fire,FM,AZ,2022,2022-04-19T00:00:00.000Z,1,0,0,1,1,9.0,0,0.0,0.0,0.0,1027110.45,57906.64,0.0,1428146.3,2455256.75,0.0,0.0,0.0,0.0,0.0,0.0,0.0,0,0,0,0,0,0,0
5435,2022-04-19T00:00:00.000Z,Fire,FM,AZ,2022,2022-04-18T00:00:00.000Z,1,0,0,1,1,14.0,0,0.0,0.0,0.0,4072541.39,0.0,0.0,0.0,4072541.39,0.0,0.0,0.0,0.0,0.0,0.0,0.0,0,0,0,0,0,0,0
5436,2022-04-23T00:00:00.000Z,Fire,FM,NE,2022,2022-04-22T00:00:00.000Z,3,0,0,1,1,8.0,0,0.0,0.0,0.0,1472313.08,0.0,0.0,26525.22,1498838.3,0.0,0.0,0.0,0.0,0.0,0.0,0.0,0,0,0,0,0,0,0
5437,2022-04-28T00:00:00.000Z,Fire,FM,NM,2022,2022-04-28T00:00:00.000Z,1,0,0,1,1,86.0,0,0.0,0.0,0.0,0.0,0.0,0.0,0.0,0.0,0.0,0.0,0.0,0.0,0.0,0.0,0.0,0,0,0,0,0,0,0
5438,2022-04-30T00:00:00.000Z,Fire,FM,NM,2022,2022-04-20T00:00:00.000Z,1,0,0,1,1,94.0,0,0.0,0.0,0.0,0.0,0.0,0.0,0.0,0.0,0.0,0.0,0.0,0.0,0.0,0.0,0.0,0,0,0,0,0,0,0
5439,2022-05-12T00:00:00.000Z,Fire,FM,CA,2022,2022-05-11T00:00:00.000Z,1,0,0,1,1,5.0,0,0.0,0.0,0.0,3628684.84,224190.39,0.0,0.0,3628684.84,0.0,0.0,0.0,0.0,0.0,0.0,0.0,0,0,0,0,0,0,0
5440,2022-05-18T00:00:00.000Z,Fire,FM,TX,2022,2022-05-18T00:00:00.000Z,1,0,0,1,1,11.0,0,0.0,0.0,0.0,1656804.72,103674.58,0.0,0.0,1656804.72,0.0,0.0,0.0,0.0,0.0,0.0,0.0,0,0,0,0,0,0,0
5441,2022-06-12T00:00:00.000Z,Fire,FM,AZ,2022,2022-06-12T00:00:00.000Z,1,0,0,1,1,12.0,0,0.0,0.0,0.0,390871.07,20851.81,0.0,0.0,390871.07,0.0,0.0,0.0,0.0,0.0,0.0,0.0,0,0,0,0,0,0,0
5442,2022-06-26T00:00:00.000Z,Fire,FM,AK,2022,2022-06-21T00:00:00.000Z,2,0,0,1,1,52.0,0,0.0,0.0,0.0,0.0,0.0,0.0,191326.79,191326.79,0.0,0.0,0.0,0.0,0.0,0.0,0.0,0,0,0,0,0,0,0
5443,2022-07-07T00:00:00.000Z,Fire,FM,TX,2022,2022-07-07T00:00:00.000Z,1,0,0,1,1,9.0,0,0.0,0.0,0.0,3557670.84,0.0,0.0,0.0,3557670.84,0.0,0.0,0.0,0.0,0.0,0.0,0.0,0,0,0,0,0,0,0
5444,2022-07-19T00:00:00.000Z,Fire,FM,TX,2022,2022-07-18T00:00:00.000Z,2,0,0,1,1,19.0,0,0.0,0.0,0.0,5211696.92,67609.15,0.0,0.0,5211696.92,0.0,0.0,0.0,0.0,0.0,0.0,0.0,0,0,0,0,0,0,0
5445,2022-07-23T00:00:00.000Z,Fire,FM,CA,2022,2022-07-22T00:00:00.000Z,1,0,0,1,1,12.0,0,0.0,0.0,0.0,47115506.46,831390.19,0.0,0.0,47115506.46,0.0,0.0,0.0,0.0,0.0,0.0,0.0,0,0,0,0,0,0,0
5446,2022-08-03T00:00:00.000Z,Fire,FM,OR,2022,2022-08-02T00:00:00.000Z,1,0,0,1,1,5.0,0,0.0,0.0,0.0,2774175.81,1801205.99,0.0,519947.92,3294123.73,0.0,0.0,0.0,0.0,0.0,0.0,0.0,0,0,0,0,0,0,0
5447,2022-08-04T00:00:00.000Z,Fire,FM,WA,2022,2022-08-04T00:00:00.000Z,1,0,0,1,1,1.0,0,0.0,0.0,0.0,0.0,0.0,0.0,1155477.99,1155477.99,0.0,0.0,0.0,0.0,0.0,0.0,0.0,0,0,0,0,0,0,0
5448,2022-08-14T00:00:00.000Z,Fire,FM,NV,2022,2022-08-14T00:00:00.000Z,1,0,0,1,1,1.0,0,0.0,0.0,0.0,0.0,0.0,0.0,114009.6,114009.6,0.0,0.0,0.0,0.0,0.0,0.0,0.0,0,0,0,0,0,0,0
5449,2022-08-19T00:00:00.000Z,Fire,FM,ID,2022,2022-08-18T00:00:00.000Z,3,0,0,1,1,0.0,0,0.0,0.0,0.0,0.0,0.0,0.0,430647.23,430647.23,0.0,0.0,0.0,0.0,0.0,0.0,0.0,0,0,0,0,0,0,0
5450,2022-09-02T00:00:00.000Z,Fire,FM,CA,2022,2022-09-02T00:00:00.000Z,1,0,0,1,1,7.0,0,0.0,0.0,0.0,8512204.78,402287.55,0.0,0.0,8512204.78,0.0,0.0,0.0,0.0,0.0,0.0,0.0,0,0,0,0,0,0,0
5451,2022-09-06T00:00:00.000Z,Fire,FM,CA,2022,2022-09-05T00:00:00.000Z,1,0,0,1,1,9.0,0,0.0,0.0,0.0,23815278.46,3216272.49,0.0,0.0,23815278.46,0.0,0.0,0.0,0.0,0.0,0.0,0.0,0,0,0,0,0,0,0
5452,2022-09-05T00:00:00.000Z,Fire,FM,ID,2022,2022-09-05T00:00:00.000Z,1,0,0,1,1,11.0,0,0.0,0.0,0.0,287382.69,0.0,0.0,0.0,287382.69,0.0,0.0,0.0,0.0,0.0,0.0,0.0,0,0,0,0,0,0,0
5453,2022-09-09T00:00:00.000Z,Fire,FM,CA,2022,2022-09-09T00:00:00.000Z,2,0,0,1,1,17.0,0,0.0,0.0,0.0,31780017.55,2293607.9,0.0,0.0,31780017.55,0.0,0.0,0.0,0.0,0.0,0.0,0.0,0,0,0,0,0,0,0
5454,2022-09-10T00:00:00.000Z,Fire,FM,OR,2022,2022-09-10T00:00:00.000Z,1,0,0,1,1,2.0,0,0.0,0.0,0.0,173823.56,59241.61,0.0,0.0,173823.56,0.0,0.0,0.0,0.0,0.0,0.0,0.0,0,0,0,0,0,0,0
5455,2022-09-10T00:00:00.000Z,Fire,FM,WA,2022,2022-09-10T00:00:00.000Z,2,0,0,1,1,44.0,0,0.0,0.0,0.0,3024.47,3024.47,0.0,0.0,3024.47,0.0,0.0,0.0,0.0,0.0,0.0,0.0,0,0,0,0,0,0,0
5456,2022-10-17T00:00:00.000Z,Fire,FM,WA,2023,2022-10-16T00:00:00.000Z,2,0,0,1,1,6.0,0,0.0,0.0,0.0,0.0,0.0,0.0,4792739.84,4792739.84,0.0,0.0,0.0,0.0,0.0,0.0,0.0,0,0,0,0,0,0,0
5457,2023-01-27T00:00:00.000Z,Fire,FM,OR,2023,2022-09-09T00:00:00.000Z,1,0,0,1,1,7.0,0,0.0,0.0,0.0,1027118.33,1027118.33,0.0,818434.43,1845552.76,0.0,0.0,0.0,0.0,0.0,0.0,0.0,0,0,0,0,0,0,0
5458,2023-03-31T00:00:00.000Z,Fire,FM,OK,2023,2023-03-31T00:00:00.000Z,1,0,0,1,1,6.0,0,0.0,0.0,0.0,508829.64,85282.26,0.0,617147.31,1125976.9500000002,0.0,0.0,0.0,0.0,0.0,0.0,0.0,0,0,0,0,0,0,0
5459,2023-03-31T00:00:00.000Z,Fire,FM,OK,2023,2023-03-31T00:00:00.000Z,1,0,0,1,1,3.0,0,0.0,0.0,0.0,0.0,0.0,0.0,0.0,0.0,0.0,0.0,0.0,0.0,0.0,0.0,0.0,0,0,0,0,0,0,0
5460,2023-03-31T00:00:00.000Z,Fire,FM,OK,2023,2023-03-31T00:00:00.000Z,1,0,0,1,1,6.0,0,0.0,0.0,0.0,208241.86,28863.34,0.0,0.0,208241.86,0.0,0.0,0.0,0.0,0.0,0.0,0.0,0,0,0,0,0,0,0
5461,2023-04-02T00:00:00.000Z,Fire,FM,NM,2023,2023-04-02T00:00:00.000Z,1,0,0,1,1,5.0,0,0.0,0.0,0.0,0.0,0.0,0.0,1918664.58,1918664.58,0.0,0.0,0.0,0.0,0.0,0.0,0.0,0,0,0,0,0,0,0
5462,2023-04-09T00:00:00.000Z,Fire,FM,NE,2023,2023-04-08T00:00:00.000Z,1,0,0,1,1,3.0,0,0.0,0.0,0.0,0.0,0.0,0.0,0.0,0.0,0.0,0.0,0.0,0.0,0.0,0.0,0.0,0,0,0,0,0,0,0
5463,2023-04-13T00:00:00.000Z,Fire,FM,KS,2023,2023-04-13T00:00:00.000Z,1,0,0,1,1,3.0,0,0.0,0.0,0.0,247922.91,31636.88,0.0,530971.87,778894.78,0.0,0.0,0.0,0.0,0.0,0.0,0.0,0,0,0,0,0,0,0
5464,2023-04-14T00:00:00.000Z,Fire,FM,RI,2023,2023-04-14T00:00:00.000Z,1,0,0,1,1,2.0,0,0.0,0.0,0.0,300735.0,62079.46,0.0,0.0,300735.0,0.0,0.0,0.0,0.0,0.0,0.0,0.0,0,0,0,0,0,0,0
5465,2023-05-10T00:00:00.000Z,Fire,FM,NM,2023,2023-05-10T00:00:00.000Z,2,0,0,1,1,12.0,0,0.0,0.0,0.0,0.0,0.0,0.0,0.0,0.0,0.0,0.0,0.0,0.0,0.0,0.0,0.0,0,0,0,0,0,0,0
5466,2023-06-28T00:00:00.000Z,Fire,FM,AZ,2023,2023-06-27T00:00:00.000Z,1,0,0,1,1,3.0,0,0.0,0.0,0.0,626441.06,0.0,0.0,326891.1,953332.16,0.0,0.0,0.0,0.0,0.0,0.0,0.0,0,0,0,0,0,0,0
5467,2023-07-03T00:00:00.000Z,Fire,FM,WA,2023,2023-07-02T00:00:00.000Z,1,0,0,1,1,6.0,1,0.0,0.0,0.0,0.0,0.0,0.0,0.0,0.0,0.0,0.0,0.0,0.0,0.0,0.0,0.0,0,0,0,0,0,0,0
5468,2023-07-05T00:00:00.000Z,Fire,FM,WA,2023,2023-07-04T00:00:00.000Z,1,0,0,1,1,6.0,1,0.0,0.0,0.0,0.0,0.0,0.0,0.0,0.0,0.0,0.0,0.0,0.0,0.0,0.0,0.0,0,0,0,0,0,0,0
5469,2023-07-11T00:00:00.000Z,Fire,FM,WA,2023,2023-07-10T00:00:00.000Z,1,0,0,1,1,6.0,1,0.0,0.0,0.0,0.0,0.0,0.0,0.0,0.0,0.0,0.0,0.0,0.0,0.0,0.0,0.0,0,0,0,0,0,0,0
5470,2023-07-23T00:00:00.000Z,Fire,FM,WA,2023,2023-07-21T00:00:00.000Z,1,0,0,1,1,6.0,1,0.0,0.0,0.0,0.0,0.0,0.0,0.0,0.0,0.0,0.0,0.0,0.0,0.0,0.0,0.0,0,0,0,0,0,0,0
5471,2023-07-23T00:00:00.000Z,Fire,FM,OR,2023,2023-07-22T00:00:00.000Z,1,0,0,1,1,10.0,0,0.0,0.0,0.0,3093379.24,0.0,0.0,0.0,3093379.24,0.0,0.0,0.0,0.0,0.0,0.0,0.0,0,0,0,0,0,0,0
5472,2023-07-30T00:00:00.000Z,Fire,FM,WA,2023,2023-07-29T00:00:00.000Z,1,0,0,1,1,6.0,1,0.0,0.0,0.0,0.0,0.0,0.0,0.0,0.0,0.0,0.0,0.0,0.0,0.0,0.0,0.0,0,0,0,0,0,0,0
5473,2023-08-03T00:00:00.000Z,Fire,FM,AK,2023,2023-08-02T00:00:00.000Z,1,0,0,1,1,33.0,0,0.0,0.0,0.0,0.0,0.0,0.0,114957.17,114957.17,0.0,0.0,0.0,0.0,0.0,0.0,0.0,0,0,0,0,0,0,0
5474,2023-08-08T00:00:00.000Z,Fire,FM,HI,2023,2023-08-08T00:00:00.000Z,1,0,0,1,1,6.0,1,0.0,0.0,0.0,0.0,0.0,0.0,122494.46,122494.46,0.0,0.0,0.0,0.0,0.0,0.0,0.0,0,0,0,0,0,0,0
5475,2023-08-09T00:00:00.000Z,Fire,FM,HI,2023,2023-08-09T00:00:00.000Z,1,0,0,1,1,6.0,1,0.0,0.0,0.0,0.0,0.0,0.0,0.0,0.0,0.0,0.0,0.0,0.0,0.0,0.0,0.0,0,0,0,0,0,0,0
5476,2023-08-09T00:00:00.000Z,Fire,FM,HI,2023,2023-08-09T00:00:00.000Z,1,0,0,1,1,6.0,1,0.0,0.0,0.0,0.0,0.0,0.0,0.0,0.0,0.0,0.0,0.0,0.0,0.0,0.0,0.0,0,0,0,0,0,0,0
5477,2023-08-09T00:00:00.000Z,Fire,FM,HI,2023,2023-08-09T00:00:00.000Z,1,0,0,1,1,6.0,1,0.0,0.0,0.0,0.0,0.0,0.0,0.0,0.0,0.0,0.0,0.0,0.0,0.0,0.0,0.0,0,0,0,0,0,0,0
5478,2023-08-09T00:00:00.000Z,Fire,FM,HI,2023,2023-08-08T00:00:00.000Z,1,0,0,1,1,6.0,1,0.0,0.0,0.0,0.0,0.0,0.0,0.0,0.0,0.0,0.0,0.0,0.0,0.0,0.0,0.0,0,0,0,0,0,0,0
5479,2023-08-18T00:00:00.000Z,Fire,FM,WA,2023,2023-08-18T00:00:00.000Z,1,0,0,1,1,6.0,1,0.0,0.0,0.0,0.0,0.0,0.0,0.0,0.0,0.0,0.0,0.0,0.0,0.0,0.0,0.0,0,0,0,0,0,0,0
5480,2023-08-19T00:00:00.000Z,Fire,FM,MT,2023,2023-08-18T00:00:00.000Z,1,0,0,1,1,18.0,0,0.0,0.0,0.0,0.0,0.0,0.0,0.0,0.0,0.0,0.0,0.0,0.0,0.0,0.0,0.0,0,0,0,0,0,0,0
5481,2023-08-19T00:00:00.000Z,Fire,FM,WA,2023,2023-08-19T00:00:00.000Z,1,0,0,1,1,6.0,1,0.0,0.0,0.0,0.0,0.0,0.0,0.0,0.0,0.0,0.0,0.0,0.0,0.0,0.0,0.0,0,0,0,0,0,0,0
5482,2023-08-23T00:00:00.000Z,Fire,FM,LA,2023,2023-08-23T00:00:00.000Z,1,0,0,1,1,63.0,0,0.0,0.0,0.0,23449690.72,5110795.6,0.0,475309.7,23925000.419999998,0.0,0.0,0.0,0.0,0.0,0.0,0.0,0,0,0,0,0,0,0
5483,2023-08-24T00:00:00.000Z,Fire,FM,OR,2023,2023-08-23T00:00:00.000Z,1,0,0,1,1,2.0,0,0.0,0.0,0.0,81990.62,0.0,0.0,0.0,81990.62,0.0,0.0,0.0,0.0,0.0,0.0,0.0,0,0,0,0,0,0,0
5484,2023-08-25T00:00:00.000Z,Fire,FM,LA,2023,2023-08-25T00:00:00.000Z,1,0,0,1,1,48.0,0,0.0,0.0,0.0,814214.45,44817.8,0.0,0.0,814214.45,0.0,0.0,0.0,0.0,0.0,0.0,0.0,0,0,0,0,0,0,0
5485,2023-08-27T00:00:00.000Z,Fire,FM,LA,2023,2023-08-26T00:00:00.000Z,1,0,0,1,1,39.0,0,0.0,0.0,0.0,1186914.3,67188.52,0.0,0.0,1186914.3,0.0,0.0,0.0,0.0,0.0,0.0,0.0,0,0,0,0,0,0,0
5486,2023-08-30T00:00:00.000Z,Fire,FM,LA,2023,2023-08-30T00:00:00.000Z,2,0,0,1,1,55.0,0,0.0,0.0,0.0,3557101.83,129033.44,0.0,0.0,3557101.83,0.0,0.0,0.0,0.0,0.0,0.0,0.0,0,0,0,0,0,0,0
5487,2024-02-27T00:00:00.000Z,Fire,FM,TX,2024,2024-02-27T00:00:00.000Z,1,0,0,1,1,18.0,0,0.0,0.0,0.0,201333.88,194348.66,0.0,493124.96,694458.8400000001,0.0,0.0,0.0,0.0,0.0,0.0,0.0,0,0,0,0,0,0,0
5488,2024-02-27T00:00:00.000Z,Fire,FM,TX,2024,2024-02-27T00:00:00.000Z,3,0,0,1,1,18.0,0,0.0,0.0,0.0,696827.93,679810.05,0.0,0.0,696827.93,0.0,0.0,0.0,0.0,0.0,0.0,0.0,0,0,0,0,0,0,0
5489,2024-02-27T00:00:00.000Z,Fire,FM,OK,2024,2024-02-27T00:00:00.000Z,1,0,0,1,1,22.0,0,0.0,0.0,0.0,812034.31,518528.71,0.0,0.0,812034.31,0.0,0.0,0.0,0.0,0.0,0.0,0.0,0,0,0,0,0,0,0
5490,2024-03-01T00:00:00.000Z,Fire,FM,WY,2024,2024-03-01T00:00:00.000Z,1,0,0,1,1,3.0,0,0.0,0.0,0.0,0.0,0.0,0.0,35851.87,35851.87,0.0,0.0,0.0,0.0,0.0,0.0,0.0,0,0,0,0,0,0,0
5491,2024-04-06T00:00:00.000Z,Fire,FM,OK,2024,2024-04-06T00:00:00.000Z,1,0,0,1,1,6.0,0,0.0,0.0,0.0,190650.96,41878.72,0.0,0.0,190650.96,0.0,0.0,0.0,0.0,0.0,0.0,0.0,0,0,0,0,0,0,0
5492,2024-05-26T00:00:00.000Z,Fire,FM,NM,2024,2024-05-16T00:00:00.000Z,1,0,0,1,1,6.0,1,0.0,0.0,0.0,0.0,0.0,0.0,43908.05,43908.05,0.0,0.0,0.0,0.0,0.0,0.0,0.0,0,0,0,0,0,0,0
5493,2024-05-29T00:00:00.000Z,Fire,FM,AZ,2024,2024-05-28T00:00:00.000Z,1,0,0,1,1,3.0,0,0.0,0.0,0.0,515494.79,514557.84,0.0,0.0,515494.79,0.0,0.0,0.0,0.0,0.0,0.0,0.0,0,0,0,0,0,0,0
5494,2024-06-11T00:00:00.000Z,Fire,FM,NV,2024,2024-06-11T00:00:00.000Z,1,0,0,1,1,2.0,0,0.0,0.0,0.0,0.0,0.0,0.0,645732.1,645732.1,0.0,0.0,0.0,0.0,0.0,0.0,0.0,0,0,0,0,0,0,0
5495,2024-06-12T00:00:00.000Z,Fire,FM,NV,2024,2024-06-11T00:00:00.000Z,1,0,0,1,1,1.0,0,0.0,0.0,0.0,0.0,0.0,0.0,0.0,0.0,0.0,0.0,0.0,0.0,0.0,0.0,0.0,0,0,0,0,0,0,0
5496,2024-06-12T00:00:00.000Z,Fire,FM,AZ,2024,2024-06-12T00:00:00.000Z,1,0,0,1,1,2.0,0,0.0,0.0,0.0,0.0,0.0,0.0,0.0,0.0,0.0,0.0,0.0,0.0,0.0,0.0,0.0,0,0,0,0,0,0,0
5497,2024-06-17T00:00:00.000Z,Fire,FM,NM,2024,2024-06-17T00:00:00.000Z,3,0,0,1,1,6.0,1,0.0,0.0,0.0,0.0,0.0,0.0,0.0,0.0,0.0,0.0,0.0,0.0,0.0,0.0,0.0,0,0,0,0,0,0,0
5498,2024-06-18T00:00:00.000Z,Fire,FM,NM,2024,2024-06-17T00:00:00.000Z,3,0,0,1,1,6.0,1,0.0,0.0,0.0,0.0,0.0,0.0,0.0,0.0,0.0,0.0,0.0,0.0,0.0,0.0,0.0,0,0,0,0,0,0,0
5499,2024-06-23T00:00:00.000Z,Fire,FM,WA,2024,2024-06-22T00:00:00.000Z,2,0,0,1,1,19.0,0,0.0,0.0,0.0,0.0,0.0,0.0,2773537.72,2773537.72,0.0,0.0,0.0,0.0,0.0,0.0,0.0,0,0,0,0,0,0,0
5500,2024-06-25T00:00:00.000Z,Fire,FM,OR,2024,2024-06-25T00:00:00.000Z,1,0,0,1,1,6.0,1,0.0,0.0,0.0,0.0,0.0,0.0,529510.99,529510.99,0.0,0.0,0.0,0.0,0.0,0.0,0.0,0,0,0,0,0,0,0
5501,2024-06-28T00:00:00.000Z,Fire,FM,AZ,2024,2024-06-28T00:00:00.000Z,1,0,0,1,1,2.0,0,0.0,0.0,0.0,0.0,0.0,0.0,0.0,0.0,0.0,0.0,0.0,0.0,0.0,0.0,0.0,0,0,0,0,0,0,0
5502,2024-07-02T00:00:00.000Z,Fire,FM,CA,2024,2024-07-02T00:00:00.000Z,1,0,0,1,1,4.0,0,0.0,0.0,0.0,764855.53,163523.07,0.0,73994.27,838849.8,0.0,0.0,0.0,0.0,0.0,0.0,0.0,0,0,0,0,0,0,0
5503,2024-07-05T00:00:00.000Z,Fire,FM,CA,2024,2024-07-04T00:00:00.000Z,1,0,0,1,1,3.0,0,0.0,0.0,0.0,199241.34,104622.95,0.0,0.0,199241.34,0.0,0.0,0.0,0.0,0.0,0.0,0.0,0,0,0,0,0,0,0
5504,2024-07-07T00:00:00.000Z,Fire,FM,UT,2024,2024-07-07T00:00:00.000Z,1,0,0,1,1,26.0,0,0.0,0.0,0.0,0.0,0.0,0.0,0.0,0.0,0.0,0.0,0.0,0.0,0.0,0.0,0.0,0,0,0,0,0,0,0
5505,2024-07-09T00:00:00.000Z,Fire,FM,AZ,2024,2024-07-09T00:00:00.000Z,1,0,0,1,1,1.0,0,0.0,0.0,0.0,0.0,0.0,0.0,0.0,0.0,0.0,0.0,0.0,0.0,0.0,0.0,0.0,0,0,0,0,0,0,0
5506,2024-07-11T00:00:00.000Z,Fire,FM,OR,2024,2024-07-10T00:00:00.000Z,1,0,0,1,1,6.0,1,0.0,0.0,0.0,0.0,0.0,0.0,0.0,0.0,0.0,0.0,0.0,0.0,0.0,0.0,0.0,0,0,0,0,0,0,0
5507,2024-07-12T00:00:00.000Z,Fire,FM,MT,2024,2024-07-09T00:00:00.000Z,2,0,0,1,1,6.0,1,0.0,0.0,0.0,0.0,0.0,0.0,0.0,0.0,0.0,0.0,0.0,0.0,0.0,0.0,0.0,0,0,0,0,0,0,0
5508,2024-07-13T00:00:00.000Z,Fire,FM,AZ,2024,2024-07-10T00:00:00.000Z,1,0,0,1,1,5.0,0,0.0,0.0,0.0,0.0,0.0,0.0,0.0,0.0,0.0,0.0,0.0,0.0,0.0,0.0,0.0,0,0,0,0,0,0,0
5509,2024-07-16T00:00:00.000Z,Fire,FM,NV,2024,2024-07-16T00:00:00.000Z,1,0,0,1,1,1.0,0,0.0,0.0,0.0,0.0,0.0,0.0,0.0,0.0,0.0,0.0,0.0,0.0,0.0,0.0,0.0,0,0,0,0,0,0,0
5510,2024-07-16T00:00:00.000Z,Fire,FM,ID,2024,2024-07-15T00:00:00.000Z,2,0,0,1,1,6.0,0,0.0,0.0,0.0,0.0,0.0,0.0,154710.25,154710.25,0.0,0.0,0.0,0.0,0.0,0.0,0.0,0,0,0,0,0,0,0
5511,2024-07-18T00:00:00.000Z,Fire,FM,OR,2024,2024-07-17T00:00:00.000Z,3,0,0,1,1,6.0,1,0.0,0.0,0.0,0.0,0.0,0.0,0.0,0.0,0.0,0.0,0.0,0.0,0.0,0.0,0.0,0,0,0,0,0,0,0
5512,2024-07-18T00:00:00.000Z,Fire,FM,OR,2024,2024-07-18T00:00:00.000Z,2,0,0,1,1,6.0,1,0.0,0.0,0.0,0.0,0.0,0.0,0.0,0.0,0.0,0.0,0.0,0.0,0.0,0.0,0.0,0,0,0,0,0,0,0
5513,2024-07-21T00:00:00.000Z,Fire,FM,OR,2024,2024-07-20T00:00:00.000Z,1,0,0,1,1,6.0,1,0.0,0.0,0.0,0.0,0.0,0.0,0.0,0.0,0.0,0.0,0.0,0.0,0.0,0.0,0.0,0,0,0,0,0,0,0
5514,2024-07-21T00:00:00.000Z,Fire,FM,OR,2024,2024-07-21T00:00:00.000Z,3,0,0,1,1,6.0,1,0.0,0.0,0.0,0.0,0.0,0.0,0.0,0.0,0.0,0.0,0.0,0.0,0.0,0.0,0.0,0,0,0,0,0,0,0
5515,2024-07-21T00:00:00.000Z,Fire,FM,CA,2024,2024-07-21T00:00:00.000Z,1,0,0,1,1,1.0,0,0.0,0.0,0.0,53048.77,3487.26,0.0,0.0,53048.77,0.0,0.0,0.0,0.0,0.0,0.0,0.0,0,0,0,0,0,0,0
5516,2024-07-22T00:00:00.000Z,Fire,FM,OR,2024,2024-07-21T00:00:00.000Z,2,0,0,1,1,6.0,1,0.0,0.0,0.0,0.0,0.0,0.0,0.0,0.0,0.0,0.0,0.0,0.0,0.0,0.0,0.0,0,0,0,0,0,0,0
5517,2024-07-23T00:00:00.000Z,Fire,FM,WA,2024,2024-07-22T00:00:00.000Z,2,0,0,1,1,6.0,0,0.0,0.0,0.0,0.0,0.0,0.0,0.0,0.0,0.0,0.0,0.0,0.0,0.0,0.0,0.0,0,0,0,0,0,0,0
5518,2024-07-24T00:00:00.000Z,Fire,FM,WA,2024,2024-07-17T00:00:00.000Z,3,0,0,1,1,4.0,0,0.0,0.0,0.0,0.0,0.0,0.0,0.0,0.0,0.0,0.0,0.0,0.0,0.0,0.0,0.0,0,0,0,0,0,0,0
5519,2024-07-25T00:00:00.000Z,Fire,FM,CA,2024,2024-07-24T00:00:00.000Z,2,0,0,1,1,27.0,0,0.0,0.0,0.0,109417.84,109417.84,0.0,0.0,109417.84,0.0,0.0,0.0,0.0,0.0,0.0,0.0,0,0,0,0,0,0,0
5520,2024-07-26T00:00:00.000Z,Fire,FM,ID,2024,2024-07-25T00:00:00.000Z,3,0,0,1,1,15.0,0,0.0,0.0,0.0,27449.44,27449.44,0.0,0.0,27449.44,0.0,0.0,0.0,0.0,0.0,0.0,0.0,0,0,0,0,0,0,0
5521,2024-07-26T00:00:00.000Z,Fire,FM,WA,2024,2024-07-25T00:00:00.000Z,1,0,0,1,1,29.0,0,0.0,0.0,0.0,0.0,0.0,0.0,0.0,0.0,0.0,0.0,0.0,0.0,0.0,0.0,0.0,0,0,0,0,0,0,0
5522,2024-07-27T00:00:00.000Z,Fire,FM,CA,2024,2024-07-25T00:00:00.000Z,1,0,0,1,1,16.0,0,0.0,0.0,0.0,1778.4,1778.4,0.0,0.0,1778.4,0.0,0.0,0.0,0.0,0.0,0.0,0.0,0,0,0,0,0,0,0
5523,2024-07-30T00:00:00.000Z,Fire,FM,WY,2024,2024-07-30T00:00:00.000Z,1,0,0,1,1,5.0,0,0.0,0.0,0.0,0.0,0.0,0.0,0.0,0.0,0.0,0.0,0.0,0.0,0.0,0.0,0.0,0,0,0,0,0,0,0
5524,2024-07-31T00:00:00.000Z,Fire,FM,CO,2024,2024-07-31T00:00:00.000Z,1,0,0,1,1,9.0,0,0.0,0.0,0.0,0.0,0.0,0.0,582457.59,582457.59,0.0,0.0,0.0,0.0,0.0,0.0,0.0,0,0,0,0,0,0,0
5525,2024-07-31T00:00:00.000Z,Fire,FM,CO,2024,2024-07-30T00:00:00.000Z,2,0,0,1,1,31.0,0,0.0,0.0,0.0,0.0,0.0,0.0,0.0,0.0,0.0,0.0,0.0,0.0,0.0,0.0,0.0,0,0,0,0,0,0,0
5526,2024-08-01T00:00:00.000Z,Fire,FM,CO,2024,2024-08-01T00:00:00.000Z,1,0,0,1,1,6.0,0,0.0,0.0,0.0,0.0,0.0,0.0,0.0,0.0,0.0,0.0,0.0,0.0,0.0,0.0,0.0,0,0,0,0,0,0,0
5527,2024-08-02T00:00:00.000Z,Fire,FM,OR,2024,2024-08-02T00:00:00.000Z,1,0,0,1,1,6.0,1,0.0,0.0,0.0,0.0,0.0,0.0,0.0,0.0,0.0,0.0,0.0,0.0,0.0,0.0,0.0,0,0,0,0,0,0,0
5528,2024-08-06T00:00:00.000Z,Fire,FM,OR,2024,2024-08-04T00:00:00.000Z,1,0,0,1,1,6.0,1,0.0,0.0,0.0,0.0,0.0,0.0,0.0,0.0,0.0,0.0,0.0,0.0,0.0,0.0,0.0,0,0,0,0,0,0,0
5529,2024-08-09T00:00:00.000Z,Fire,FM,OR,2024,2024-08-08T00:00:00.000Z,1,0,0,1,1,6.0,1,0.0,0.0,0.0,0.0,0.0,0.0,0.0,0.0,0.0,0.0,0.0,0.0,0.0,0.0,0.0,0,0,0,0,0,0,0
5530,2024-08-12T00:00:00.000Z,Fire,FM,NV,2024,2024-08-11T00:00:00.000Z,1,0,0,1,1,2.0,0,0.0,0.0,0.0,0.0,0.0,0.0,0.0,0.0,0.0,0.0,0.0,0.0,0.0,0.0,0.0,0,0,0,0,0,0,0
5531,2024-08-22T00:00:00.000Z,Fire,FM,WY,2024,2024-08-22T00:00:00.000Z,1,0,0,1,1,9.0,0,0.0,0.0,0.0,0.0,0.0,0.0,0.0,0.0,0.0,0.0,0.0,0.0,0.0,0.0,0.0,0,0,0,0,0,0,0
5532,2024-09-02T00:00:00.000Z,Fire,FM,OR,2024,2024-09-01T00:00:00.000Z,1,0,0,1,1,6.0,1,0.0,0.0,0.0,0.0,0.0,0.0,0.0,0.0,0.0,0.0,0.0,0.0,0.0,0.0,0.0,0,0,0,0,0,0,0
5533,2024-09-07T00:00:00.000Z,Fire,FM,NV,2024,2024-09-07T00:00:00.000Z,1,0,0,1,1,8.0,0,0.0,0.0,0.0,0.0,0.0,0.0,0.0,0.0,0.0,0.0,0.0,0.0,0.0,0.0,0.0,0,0,0,0,0,0,0
5534,2024-09-07T00:00:00.000Z,Fire,FM,OR,2024,2024-09-02T00:00:00.000Z,3,0,0,1,1,6.0,1,0.0,0.0,0.0,0.0,0.0,0.0,0.0,0.0,0.0,0.0,0.0,0.0,0.0,0.0,0.0,0,0,0,0,0,0,0
5535,2024-09-07T00:00:00.000Z,Fire,FM,CA,2024,2024-09-07T00:00:00.000Z,1,0,0,1,1,35.0,0,0.0,0.0,0.0,74828.22,74828.22,0.0,0.0,74828.22,0.0,0.0,0.0,0.0,0.0,0.0,0.0,0,0,0,0,0,0,0
5536,2024-09-08T00:00:00.000Z,Fire,FM,CA,2024,2024-09-08T00:00:00.000Z,1,0,0,1,1,3.0,0,0.0,0.0,0.0,12920.87,6534.72,0.0,0.0,12920.87,0.0,0.0,0.0,0.0,0.0,0.0,0.0,0,0,0,0,0,0,0
5537,2024-09-11T00:00:00.000Z,Fire,FM,CA,2024,2024-09-10T00:00:00.000Z,2,0,0,1,1,14.0,0,0.0,0.0,0.0,30441.02,20680.36,0.0,0.0,30441.02,0.0,0.0,0.0,0.0,0.0,0.0,0.0,0,0,0,0,0,0,0
5538,2024-09-11T00:00:00.000Z,Fire,FM,CA,2024,2024-09-11T00:00:00.000Z,1,0,0,1,1,10.0,0,0.0,0.0,0.0,55712.33,50262.91,0.0,0.0,55712.33,0.0,0.0,0.0,0.0,0.0,0.0,0.0,0,0,0,0,0,0,0
5539,2024-09-30T00:00:00.000Z,Fire,FM,WY,2024,2024-09-28T00:00:00.000Z,1,0,0,1,1,24.0,0,0.0,0.0,0.0,0.0,0.0,0.0,0.0,0.0,0.0,0.0,0.0,0.0,0.0,0.0,0.0,0,0,0,0,0,0,0
5540,2024-10-06T00:00:00.000Z,Fire,FM,ND,2025,2024-10-05T00:00:00.000Z,1,0,0,1,1,16.0,0,0.0,0.0,0.0,0.0,0.0,0.0,40110.0,40110.0,0.0,0.0,0.0,0.0,0.0,0.0,0.0,0,0,0,0,0,0,0
5541,2024-10-06T00:00:00.000Z,Fire,FM,ND,2025,2024-10-05T00:00:00.000Z,1,0,0,1,1,12.0,0,0.0,0.0,0.0,0.0,0.0,0.0,0.0,0.0,0.0,0.0,0.0,0.0,0.0,0.0,0.0,0,0,0,0,0,0,0
5542,2024-10-24T00:00:00.000Z,Fire,FM,CT,2025,2024-10-21T00:00:00.000Z,2,0,0,1,1,6.0,1,0.0,0.0,0.0,0.0,0.0,0.0,0.0,0.0,0.0,0.0,0.0,0.0,0.0,0.0,0.0,0,0,0,0,0,0,0
5543,2024-10-30T00:00:00.000Z,Fire,FM,OK,2025,2024-10-29T00:00:00.000Z,2,0,0,1,1,6.0,1,0.0,0.0,0.0,0.0,0.0,0.0,249334.75,249334.75,0.0,0.0,0.0,0.0,0.0,0.0,0.0,0,0,0,0,0,0,0
5544,2024-10-30T00:00:00.000Z,Fire,FM,OK,2025,2024-10-29T00:00:00.000Z,1,0,0,1,1,6.0,1,0.0,0.0,0.0,0.0,0.0,0.0,0.0,0.0,0.0,0.0,0.0,0.0,0.0,0.0,0.0,0,0,0,0,0,0,0
5545,2024-11-06T00:00:00.000Z,Fire,FM,CA,2025,2024-11-06T00:00:00.000Z,1,0,0,1,1,9.0,0,0.0,0.0,0.0,0.0,0.0,0.0,0.0,0.0,0.0,0.0,0.0,0.0,0.0,0.0,0.0,0,0,0,0,0,0,0
5546,2024-11-11T00:00:00.000Z,Fire,FM,NV,2025,2024-11-11T00:00:00.000Z,1,0,0,1,1,2.0,0,0.0,0.0,0.0,0.0,0.0,0.0,0.0,0.0,0.0,0.0,0.0,0.0,0.0,0.0,0.0,0,0,0,0,0,0,0
5547,2024-11-15T00:00:00.000Z,Fire,FM,NY,2025,2024-11-08T00:00:00.000Z,1,0,0,1,1,14.0,0,0.0,0.0,0.0,0.0,0.0,0.0,0.0,0.0,0.0,0.0,0.0,0.0,0.0,0.0,0.0,0,0,0,0,0,0,0
5548,2024-12-10T00:00:00.000Z,Fire,FM,CA,2025,2024-12-10T00:00:00.000Z,1,0,0,1,1,8.0,0,0.0,0.0,0.0,0.0,0.0,0.0,0.0,0.0,0.0,0.0,0.0,0.0,0.0,0.0,0.0,0,0,0,0,0,0,0
5549,2025-01-07T00:00:00.000Z,Fire,FM,CA,2025,2025-01-07T00:00:00.000Z,1,0,0,1,1,6.0,1,0.0,0.0,0.0,0.0,0.0,0.0,0.0,0.0,0.0,0.0,0.0,0.0,0.0,0.0,0.0,0,0,0,0,0,0,0
5550,2025-01-08T00:00:00.000Z,Fire,FM,CA,2025,2025-01-07T00:00:00.000Z,1,0,0,1,1,6.0,1,0.0,0.0,0.0,0.0,0.0,0.0,0.0,0.0,0.0,0.0,0.0,0.0,0.0,0.0,0.0,0,0,0,0,0,0,0
5551,2025-01-08T00:00:00.000Z,Fire,FM,CA,2025,2025-01-07T00:00:00.000Z,1,0,0,1,1,6.0,1,0.0,0.0,0.0,0.0,0.0,0.0,0.0,0.0,0.0,0.0,0.0,0.0,0.0,0.0,0.0,0,0,0,0,0,0,0
5552,2025-03-04T00:00:00.000Z,Fire,FM,TX,2025,2025-03-04T00:00:00.000Z,1,0,0,1,1,5.0,0,0.0,0.0,0.0,0.0,0.0,0.0,0.0,0.0,0.0,0.0,0.0,0.0,0.0,0.0,0.0,0,0,0,0,0,0,0
5553,2025-03-05T00:00:00.000Z,Fire,FM,TX,2025,2025-03-04T00:00:00.000Z,2,0,0,1,1,1.0,0,0.0,0.0,0.0,0.0,0.0,0.0,0.0,0.0,0.0,0.0,0.0,0.0,0.0,0.0,0.0,0,0,0,0,0,0,0
5554,2025-03-07T00:00:00.000Z,Fire,FM,SC,2025,2025-03-01T00:00:00.000Z,1,0,0,1,1,6.0,1,0.0,0.0,0.0,0.0,0.0,0.0,0.0,0.0,0.0,0.0,0.0,0.0,0.0,0.0,0.0,0,0,0,0,0,0,0
5555,2025-03-14T00:00:00.000Z,Fire,FM,TX,2025,2025-03-14T00:00:00.000Z,2,0,0,1,1,2.0,0,0.0,0.0,0.0,0.0,0.0,0.0,0.0,0.0,0.0,0.0,0.0,0.0,0.0,0.0,0.0,0,0,0,0,0,0,0
5556,2025-03-14T00:00:00.000Z,Fire,FM,KS,2025,2025-03-14T00:00:00.000Z,1,0,0,1,1,2.0,0,0.0,0.0,0.0,0.0,0.0,0.0,0.0,0.0,0.0,0.0,0.0,0.0,0.0,0.0,0.0,0,0,0,0,0,0,0
5557,2025-03-14T00:00:00.000Z,Fire,FM,OK,2025,2025-03-14T00:00:00.000Z,3,0,0,1,1,11.0,0,0.0,0.0,0.0,0.0,0.0,0.0,0.0,0.0,0.0,0.0,0.0,0.0,0.0,0.0,0.0,0,0,0,0,0,0,0
5558,2025-03-14T00:00:00.000Z,Fire,FM,OK,2025,2025-03-14T00:00:00.000Z,1,0,0,1,1,12.0,0,0.0,0.0,0.0,0.0,0.0,0.0,0.0,0.0,0.0,0.0,0.0,0.0,0.0,0.0,0.0,0,0,0,0,0,0,0
5559,2025-03-14T00:00:00.000Z,Fire,FM,OK,2025,2025-03-14T00:00:00.000Z,1,0,0,1,1,5.0,0,0.0,0.0,0.0,0.0,0.0,0.0,0.0,0.0,0.0,0.0,0.0,0.0,0.0,0.0,0.0,0,0,0,0,0,0,0
5560,2025-03-14T00:00:00.000Z,Fire,FM,OK,2025,2025-03-14T00:00:00.000Z,1,0,0,1,1,12.0,0,0.0,0.0,0.0,0.0,0.0,0.0,0.0,0.0,0.0,0.0,0.0,0.0,0.0,0.0,0.0,0,0,0,0,0,0,0
5561,2025-03-14T00:00:00.000Z,Fire,FM,OK,2025,2025-03-14T00:00:00.000Z,2,0,0,1,1,16.0,0,0.0,0.0,0.0,0.0,0.0,0.0,0.0,0.0,0.0,0.0,0.0,0.0,0.0,0.0,0.0,0,0,0,0,0,0,0
5562,2025-03-14T00:00:00.000Z,Fire,FM,OK,2025,2025-03-14T00:00:00.000Z,2,0,0,1,1,10.0,0,0.0,0.0,0.0,0.0,0.0,0.0,0.0,0.0,0.0,0.0,0.0,0.0,0.0,0.0,0.0,0,0,0,0,0,0,0
5563,2025-03-15T00:00:00.000Z,Fire,FM,OK,2025,2025-03-14T00:00:00.000Z,2,0,0,1,1,13.0,0,0.0,0.0,0.0,0.0,0.0,0.0,0.0,0.0,0.0,0.0,0.0,0.0,0.0,0.0,0.0,0,0,0,0,0,0,0
5564,2025-03-15T00:00:00.000Z,Fire,FM,OK,2025,2025-03-14T00:00:00.000Z,1,0,0,1,1,5.0,0,0.0,0.0,0.0,0.0,0.0,0.0,0.0,0.0,0.0,0.0,0.0,0.0,0.0,0.0,0.0,0,0,0,0,0,0,0
5565,2025-03-15T00:00:00.000Z,Fire,FM,OK,2025,2025-03-14T00:00:00.000Z,1,0,0,1,1,1.0,0,0.0,0.0,0.0,0.0,0.0,0.0,0.0,0.0,0.0,0.0,0.0,0.0,0.0,0.0,0.0,0,0,0,0,0,0,0
5566,2025-03-15T00:00:00.000Z,Fire,FM,OK,2025,2025-03-14T00:00:00.000Z,2,0,0,1,1,12.0,0,0.0,0.0,0.0,0.0,0.0,0.0,0.0,0.0,0.0,0.0,0.0,0.0,0.0,0.0,0.0,0,0,0,0,0,0,0
5567,2025-03-15T00:00:00.000Z,Fire,FM,OK,2025,2025-03-14T00:00:00.000Z,1,0,0,1,1,14.0,0,0.0,0.0,0.0,0.0,0.0,0.0,0.0,0.0,0.0,0.0,0.0,0.0,0.0,0.0,0.0,0,0,0,0,0,0,0
5568,2025-03-15T00:00:00.000Z,Fire,FM,OK,2025,2025-03-14T00:00:00.000Z,1,0,0,1,1,3.0,0,0.0,0.0,0.0,0.0,0.0,0.0,0.0,0.0,0.0,0.0,0.0,0.0,0.0,0.0,0.0,0,0,0,0,0,0,0
5569,2025-03-15T00:00:00.000Z,Fire,FM,OK,2025,2025-03-14T00:00:00.000Z,1,0,0,1,1,3.0,0,0.0,0.0,0.0,0.0,0.0,0.0,0.0,0.0,0.0,0.0,0.0,0.0,0.0,0.0,0.0,0,0,0,0,0,0,0
5570,2025-03-15T00:00:00.000Z,Fire,FM,TX,2025,2025-03-15T00:00:00.000Z,1,0,0,1,1,6.0,0,0.0,0.0,0.0,0.0,0.0,0.0,0.0,0.0,0.0,0.0,0.0,0.0,0.0,0.0,0.0,0,0,0,0,0,0,0
5571,2025-03-18T00:00:00.000Z,Fire,FM,TX,2025,2025-03-18T00:00:00.000Z,1,0,0,1,1,3.0,0,0.0,0.0,0.0,0.0,0.0,0.0,0.0,0.0,0.0,0.0,0.0,0.0,0.0,0.0,0.0,0,0,0,0,0,0,0
5572,2025-03-19T00:00:00.000Z,Fire,FM,OK,2025,2025-03-19T00:00:00.000Z,1,0,0,1,1,9.0,0,0.0,0.0,0.0,0.0,0.0,0.0,0.0,0.0,0.0,0.0,0.0,0.0,0.0,0.0,0.0,0,0,0,0,0,0,0
5573,2025-03-20T00:00:00.000Z,Fire,FM,TX,2025,2025-03-19T00:00:00.000Z,2,0,0,1,1,7.0,0,0.0,0.0,0.0,0.0,0.0,0.0,0.0,0.0,0.0,0.0,0.0,0.0,0.0,0.0,0.0,0,0,0,0,0,0,0
5574,2025-03-22T00:00:00.000Z,Fire,FM,NC,2025,2025-03-19T00:00:00.000Z,1,0,0,1,1,6.0,1,0.0,0.0,0.0,0.0,0.0,0.0,0.0,0.0,0.0,0.0,0.0,0.0,0.0,0.0,0.0,0,0,0,0,0,0,0
5575,2025-03-23T00:00:00.000Z,Fire,FM,SC,2025,2025-03-21T00:00:00.000Z,1,0,0,1,1,6.0,1,0.0,0.0,0.0,0.0,0.0,0.0,0.0,0.0,0.0,0.0,0.0,0.0,0.0,0.0,0.0,0,0,0,0,0,0,0
5576,2025-03-23T00:00:00.000Z,Fire,FM,SC,2025,2025-03-23T00:00:00.000Z,2,0,0,1,1,6.0,1,0.0,0.0,0.0,0.0,0.0,0.0,0.0,0.0,0.0,0.0,0.0,0.0,0.0,0.0,0.0,0,0,0,0,0,0,0
5577,2025-03-26T00:00:00.000Z,Fire,FM,NC,2025,2025-03-25T00:00:00.000Z,1,0,0,1,1,6.0,1,0.0,0.0,0.0,0.0,0.0,0.0,0.0,0.0,0.0,0.0,0.0,0.0,0.0,0.0,0.0,0,0,0,0,0,0,0
5578,2025-03-27T00:00:00.000Z,Fire,FM,NC,2025,2025-03-26T00:00:00.000Z,1,0,0,1,1,6.0,1,0.0,0.0,0.0,0.0,0.0,0.0,0.0,0.0,0.0,0.0,0.0,0.0,0.0,0.0,0.0,0,0,0,0,0,0,0
5579,2025-04-18T00:00:00.000Z,Fire,FM,NM,2025,2025-04-17T00:00:00.000Z,1,0,0,1,1,6.0,1,0.0,0.0,0.0,0.0,0.0,0.0,0.0,0.0,0.0,0.0,0.0,0.0,0.0,0.0,0.0,0,0,0,0,0,0,0
5580,2025-04-20T00:00:00.000Z,Fire,FM,NC,2025,2025-04-18T00:00:00.000Z,1,0,0,1,1,6.0,1,0.0,0.0,0.0,0.0,0.0,0.0,0.0,0.0,0.0,0.0,0.0,0.0,0.0,0.0,0.0,0,0,0,0,0,0,0
5581,2025-04-24T00:00:00.000Z,Fire,FM,NJ,2025,2025-04-22T00:00:00.000Z,1,0,0,1,1,6.0,1,0.0,0.0,0.0,0.0,0.0,0.0,0.0,0.0,0.0,0.0,0.0,0.0,0.0,0.0,0.0,0,0,0,0,0,0,0
5582,2025-05-03T00:00:00.000Z,Fire,FM,NC,2025,2025-05-02T00:00:00.000Z,1,0,0,1,1,6.0,1,0.0,0.0,0.0,0.0,0.0,0.0,0.0,0.0,0.0,0.0,0.0,0.0,0.0,0.0,0.0,0,0,0,0,0,0,0
5583,2025-05-14T00:00:00.000Z,Fire,FM,MN,2025,2025-05-12T00:00:00.000Z,1,0,0,1,1,8.0,0,0.0,0.0,0.0,0.0,0.0,0.0,0.0,0.0,0.0,0.0,0.0,0.0,0.0,0.0,0.0,0,0,0,0,0,0,0
5584,2025-05-14T00:00:00.000Z,Fire,FM,AZ,2025,2025-05-14T00:00:00.000Z,1,0,0,1,1,6.0,0,0.0,0.0,0.0,0.0,0.0,0.0,0.0,0.0,0.0,0.0,0.0,0.0,0.0,0.0,0.0,0,0,0,0,0,0,0
5585,2025-05-22T00:00:00.000Z,Fire,FM,AZ,2025,2025-05-21T00:00:00.000Z,1,0,0,1,1,6.0,0,0.0,0.0,0.0,0.0,0.0,0.0,0.0,0.0,0.0,0.0,0.0,0.0,0.0,0.0,0.0,0,0,0,0,0,0,0
5586,2025-06-10T00:00:00.000Z,Fire,FM,NV,2025,2025-06-10T00:00:00.000Z,1,0,0,1,1,2.0,0,0.0,0.0,0.0,0.0,0.0,0.0,0.0,0.0,0.0,0.0,0.0,0.0,0.0,0.0,0.0,0,0,0,0,0,0,0
5587,2025-06-11T00:00:00.000Z,Fire,FM,OR,2025,2025-06-11T00:00:00.000Z,1,0,0,1,1,8.0,0,0.0,0.0,0.0,0.0,0.0,0.0,0.0,0.0,0.0,0.0,0.0,0.0,0.0,0.0,0.0,0,0,0,0,0,0,0
5588,2025-06-16T00:00:00.000Z,Fire,FM,NM,2025,2025-06-16T00:00:00.000Z,1,0,0,1,1,27.0,0,0.0,0.0,0.0,0.0,0.0,0.0,0.0,0.0,0.0,0.0,0.0,0.0,0.0,0.0,0.0,0,0,0,0,0,0,0
5589,2025-06-17T00:00:00.000Z,Fire,FM,OR,2025,2025-06-16T00:00:00.000Z,1,0,0,1,1,6.0,0,0.0,0.0,0.0,0.0,0.0,0.0,0.0,0.0,0.0,0.0,0.0,0.0,0.0,0.0,0.0,0,0,0,0,0,0,0
5590,2025-06-18T00:00:00.000Z,Fire,FM,OR,2025,2025-06-18T00:00:00.000Z,1,0,0,1,1,3.0,0,0.0,0.0,0.0,0.0,0.0,0.0,0.0,0.0,0.0,0.0,0.0,0.0,0.0,0.0,0.0,0,0,0,0,0,0,0
5591,2025-06-20T00:00:00.000Z,Fire,FM,UT,2025,2025-06-19T00:00:00.000Z,1,0,0,1,1,29.0,0,0.0,0.0,0.0,0.0,0.0,0.0,0.0,0.0,0.0,0.0,0.0,0.0,0.0,0.0,0.0,0,0,0,0,0,0,0
5592,2025-06-20T00:00:00.000Z,Fire,FM,NV,2025,2025-06-20T00:00:00.000Z,1,0,0,1,1,4.0,0,0.0,0.0,0.0,0.0,0.0,0.0,0.0,0.0,0.0,0.0,0.0,0.0,0.0,0.0,0.0,0,0,0,0,0,0,0
5593,2025-06-21T00:00:00.000Z,Fire,FM,NM,2025,2025-06-21T00:00:00.000Z,1,0,0,1,1,37.0,0,0.0,0.0,0.0,0.0,0.0,0.0,0.0,0.0,0.0,0.0,0.0,0.0,0.0,0.0,0.0,0,0,0,0,0,0,0
5594,2025-06-22T00:00:00.000Z,Fire,FM,NM,2025,2025-06-22T00:00:00.000Z,1,0,0,1,1,36.0,0,0.0,0.0,0.0,0.0,0.0,0.0,0.0,0.0,0.0,0.0,0.0,0.0,0.0,0.0,0.0,0,0,0,0,0,0,0
5595,2025-06-23T00:00:00.000Z,Fire,FM,AK,2025,2025-06-22T00:00:00.000Z,1,0,0,1,1,22.0,0,0.0,0.0,0.0,0.0,0.0,0.0,0.0,0.0,0.0,0.0,0.0,0.0,0.0,0.0,0.0,0,0,0,0,0,0,0
5596,2025-06-23T00:00:00.000Z,Fire,FM,AK,2025,2025-06-21T00:00:00.000Z,1,0,0,1,1,5.0,0,0.0,0.0,0.0,0.0,0.0,0.0,0.0,0.0,0.0,0.0,0.0,0.0,0.0,0.0,0.0,0,0,0,0,0,0,0
5597,2025-07-06T00:00:00.000Z,Fire,FM,AK,2025,2025-07-04T00:00:00.000Z,2,0,0,1,1,19.0,0,0.0,0.0,0.0,0.0,0.0,0.0,0.0,0.0,0.0,0.0,0.0,0.0,0.0,0.0,0.0,0,0,0,0,0,0,0
5598,2025-07-12T00:00:00.000Z,Fire,FM,UT,2025,2025-07-10T00:00:00.000Z,1,0,0,1,0,32.0,0,0.0,0.0,0.0,0.0,0.0,0.0,0.0,0.0,0.0,0.0,0.0,0.0,0.0,0.0,0.0,0,0,0,0,0,0,0
5599,2025-07-13T00:00:00.000Z,Fire,FM,OR,2025,2025-07-12T00:00:00.000Z,1,0,0,1,1,8.0,0,0.0,0.0,0.0,0.0,0.0,0.0,0.0,0.0,0.0,0.0,0.0,0.0,0.0,0.0,0.0,0,0,0,0,0,0,0
5600,2025-07-16T00:00:00.000Z,Fire,FM,UT,2025,2025-07-13T00:00:00.000Z,2,0,0,1,0,41.0,0,0.0,0.0,0.0,0.0,0.0,0.0,0.0,0.0,0.0,0.0,0.0,0.0,0.0,0.0,0.0,0,0,0,0,0,0,0
5601,2025-07-19T00:00:00.000Z,Fire,FM,WA,2025,2025-07-18T00:00:00.000Z,1,0,0,1,0,16.0,0,0.0,0.0,0.0,0.0,0.0,0.0,0.0,0.0,0.0,0.0,0.0,0.0,0.0,0.0,0.0,0,0,0,0,0,0,0
5602,2025-08-02T00:00:00.000Z,Fire,FM,NV,2025,2025-08-02T00:00:00.000Z,1,0,0,1,0,2.0,0,0.0,0.0,0.0,0.0,0.0,0.0,0.0,0.0,0.0,0.0,0.0,0.0,0.0,0.0,0.0,0,0,0,0,0,0,0
5603,2025-08-06T00:00:00.000Z,Fire,FM,CO,2025,2025-08-02T00:00:00.000Z,1,0,0,1,0,6.0,1,0.0,0.0,0.0,0.0,0.0,0.0,0.0,0.0,0.0,0.0,0.0,0.0,0.0,0.0,0.0,0,0,0,0,0,0,0
5604,2025-08-06T00:00:00.000Z,Fire,FM,CO,2025,2025-08-02T00:00:00.000Z,1,0,0,1,0,6.0,1,0.0,0.0,0.0,0.0,0.0,0.0,0.0,0.0,0.0,0.0,0.0,0.0,0.0,0.0,0.0,0,0,0,0,0,0,0
5605,2025-08-08T00:00:00.000Z,Fire,FM,CA,2025,2025-08-07T00:00:00.000Z,1,0,0,1,0,6.0,1,0.0,0.0,0.0,0.0,0.0,0.0,0.0,0.0,0.0,0.0,0.0,0.0,0.0,0.0,0.0,0,0,0,0,0,0,0
5606,2025-08-11T00:00:00.000Z,Fire,FM,CO,2025,2025-08-10T00:00:00.000Z,1,0,0,1,0,6.0,1,0.0,0.0,0.0,0.0,0.0,0.0,0.0,0.0,0.0,0.0,0.0,0.0,0.0,0.0,0.0,0,0,0,0,0,0,0
5607,2025-08-15T00:00:00.000Z,Fire,FM,ID,2025,2025-08-14T00:00:00.000Z,1,0,0,1,0,18.0,0,0.0,0.0,0.0,0.0,0.0,0.0,0.0,0.0,0.0,0.0,0.0,0.0,0.0,0.0,0.0,0,0,0,0,0,0,0
5608,2025-08-15T00:00:00.000Z,Fire,FM,WY,2025,2025-08-15T00:00:00.000Z,1,0,0,1,0,6.0,1,0.0,0.0,0.0,0.0,0.0,0.0,0.0,0.0,0.0,0.0,0.0,0.0,0.0,0.0,0.0,0,0,0,0,0,0,0
5609,2025-08-19T00:00:00.000Z,Fire,FM,HI,2025,2025-08-19T00:00:00.000Z,1,0,0,1,0,4.0,0,0.0,0.0,0.0,0.0,0.0,0.0,0.0,0.0,0.0,0.0,0.0,0.0,0.0,0.0,0.0,0,0,0,0,0,0,0
5610,2025-08-23T00:00:00.000Z,Fire,FM,OR,2025,2025-08-22T00:00:00.000Z,2,0,0,1,0,14.0,0,0.0,0.0,0.0,0.0,0.0,0.0,0.0,0.0,0.0,0.0,0.0,0.0,0.0,0.0,0.0,0,0,0,0,0,0,0
5611,2025-08-26T00:00:00.000Z,Fire,FM,MT,2025,2025-08-26T00:00:00.000Z,1,0,0,1,0,24.0,0,0.0,0.0,0.0,0.0,0.0,0.0,0.0,0.0,0.0,0.0,0.0,0.0,0.0,0.0,0.0,0,0,0,0,0,0,0
5612,2025-09-03T00:00:00.000Z,Fire,FM,CA,2025,2025-09-02T00:00:00.000Z,1,0,0,1,0,6.0,1,0.0,0.0,0.0,0.0,0.0,0.0,0.0,0.0,0.0,0.0,0.0,0.0,0.0,0.0,0.0,0,0,0,0,0,0,0
5613,2025-09-23T00:00:00.000Z,Fire,FM,HI,2025,2025-09-23T00:00:00.000Z,1,0,0,1,0,0.0,0,0.0,0.0,0.0,0.0,0.0,0.0,0.0,0.0,0.0,0.0,0.0,0.0,0.0,0.0,0.0,0,0,0,0,0,0,0
5614,2025-09-26T00:00:00.000Z,Fire,FM,WA,2025,2025-09-25T00:00:00.000Z,1,0,0,1,0,15.0,0,0.0,0.0,0.0,0.0,0.0,0.0,0.0,0.0,0.0,0.0,0.0,0.0,0.0,0.0,0.0,0,0,0,0,0,0,0
5615,2025-12-19T00:00:00.000Z,Fire,FM,OK,2026,2025-12-19T00:00:00.000Z,1,0,0,1,0,11.0,0,0.0,0.0,0.0,0.0,0.0,0.0,0.0,0.0,0.0,0.0,0.0,0.0,0.0,0.0,0.0,0,0,0,0,0,0,0
5616,2026-02-17T00:00:00.000Z,Fire,FM,OK,2026,2026-02-17T00:00:00.000Z,2,0,0,1,0,6.0,0,0.0,0.0,0.0,0.0,0.0,0.0,0.0,0.0,0.0,0.0,0.0,0.0,0.0,0.0,0.0,0,0,0,0,0,0,0
5617,2026-02-17T00:00:00.000Z,Fire,FM,OK,2026,2026-02-17T00:00:00.000Z,1,0,0,1,0,7.0,0,0.0,0.0,0.0,0.0,0.0,0.0,0.0,0.0,0.0,0.0,0.0,0.0,0.0,0.0,0.0,0,0,0,0,0,0,0
5618,2026-02-17T00:00:00.000Z,Fire,FM,OK,2026,2026-02-17T00:00:00.000Z,1,0,0,1,0,5.0,0,0.0,0.0,0.0,0.0,0.0,0.0,0.0,0.0,0.0,0.0,0.0,0.0,0.0,0.0,0.0,0,0,0,0,0,0,0
5619,2026-02-18T00:00:00.000Z,Fire,FM,TX,2026,2026-02-17T00:00:00.000Z,2,0,0,1,0,6.0,1,0.0,0.0,0.0,0.0,0.0,0.0,0.0,0.0,0.0,0.0,0.0,0.0,0.0,0.0,0.0,0,0,0,0,0,0,0
5620,2026-02-19T00:00:00.000Z,Fire,FM,OK,2026,2026-02-19T00:00:00.000Z,1,0,0,1,0,3.0,0,0.0,0.0,0.0,0.0,0.0,0.0,0.0,0.0,0.0,0.0,0.0,0.0,0.0,0.0,0.0,0,0,0,0,0,0,0
5621,2026-02-19T00:00:00.000Z,Fire,FM,OK,2026,2026-02-19T00:00:00.000Z,2,0,0,1,0,7.0,0,0.0,0.0,0.0,0.0,0.0,0.0,0.0,0.0,0.0,0.0,0.0,0.0,0.0,0.0,0.0,0,0,0,0,0,0,0
5622,2026-03-13T00:00:00.000Z,Fire,FM,SD,2026,2026-03-12T00:00:00.000Z,1,0,0,1,0,6.0,1,0.0,0.0,0.0,0.0,0.0,0.0,0.0,0.0,0.0,0.0,0.0,0.0,0.0,0.0,0.0,0,0,0,0,0,0,0
5623,2026-03-13T00:00:00.000Z,Fire,FM,NE,2026,2026-03-12T00:00:00.000Z,7,0,0,1,0,15.0,0,0.0,0.0,0.0,0.0,0.0,0.0,0.0,0.0,0.0,0.0,0.0,0.0,0.0,0.0,0.0,0,0,0,0,0,0,0
5624,2026-03-15T00:00:00.000Z,Fire,FM,OK,2026,2026-03-15T00:00:00.000Z,1,0,0,1,0,1.0,0,0.0,0.0,0.0,0.0,0.0,0.0,0.0,0.0,0.0,0.0,0.0,0.0,0.0,0.0,0.0,0,0,0,0,0,0,0
5625,2026-03-15T00:00:00.000Z,Fire,FM,TX,2026,2026-03-15T00:00:00.000Z,1,0,0,1,0,6.0,1,0.0,0.0,0.0,0.0,0.0,0.0,0.0,0.0,0.0,0.0,0.0,0.0,0.0,0.0,0.0,0,0,0,0,0,0,0
5626,2026-03-19T00:00:00.000Z,Fire,FM,OK,2026,2026-03-19T00:00:00.000Z,1,0,0,1,0,6.0,1,0.0,0.0,0.0,0.0,0.0,0.0,0.0,0.0,0.0,0.0,0.0,0.0,0.0,0.0,0.0,0,0,0,0,0,0,0
5627,2026-03-22T00:00:00.000Z,Fire,FM,OK,2026,2026-03-22T00:00:00.000Z,1,0,0,1,0,6.0,1,0.0,0.0,0.0,0.0,0.0,0.0,0.0,0.0,0.0,0.0,0.0,0.0,0.0,0.0,0.0,0,0,0,0,0,0,0
5628,2026-03-22T00:00:00.000Z,Fire,FM,OK,2026,2026-03-22T00:00:00.000Z,1,0,0,1,0,6.0,1,0.0,0.0,0.0,0.0,0.0,0.0,0.0,0.0,0.0,0.0,0.0,0.0,0.0,0.0,0.0,0,0,0,0,0,0,0
5629,2026-04-21T00:00:00.000Z,Fire,FM,GA,2026,2026-04-18T00:00:00.000Z,2,0,0,1,0,6.0,1,0.0,0.0,0.0,0.0,0.0,0.0,0.0,0.0,0.0,0.0,0.0,0.0,0.0,0.0,0.0,0,0,0,0,0,0,0
5630,2026-04-22T00:00:00.000Z,Fire,FM,GA,2026,2026-04-20T00:00:00.000Z,1,0,0,1,0,6.0,1,0.0,0.0,0.0,0.0,0.0,0.0,0.0,0.0,0.0,0.0,0.0,0.0,0.0,0.0,0.0,0,0,0,0,0,0,0
5631,2026-04-22T00:00:00.000Z,Fire,FM,FL,2026,2026-04-19T00:00:00.000Z,2,0,0,1,0,6.0,1,0.0,0.0,0.0,0.0,0.0,0.0,0.0,0.0,0.0,0.0,0.0,0.0,0.0,0.0,0.0,0,0,0,0,0,0,0
5632,2026-04-23T00:00:00.000Z,Fire,FM,FL,2026,2026-04-21T00:00:00.000Z,1,0,0,1,0,6.0,1,0.0,0.0,0.0,0.0,0.0,0.0,0.0,0.0,0.0,0.0,0.0,0.0,0.0,0.0,0.0,0,0,0,0,0,0,0
