disasterNumber,totalAmountIhpApproved,totalAmountHaApproved,totalAmountOnaApproved,totalObligatedAmountPa,totalObligatedAmountCatAb,totalObligatedAmountCatC2g,totalObligatedAmountHmgp,paLoadDate,iaLoadDate
3601,,,,,,,,,
3602,,,,,,,,,
1550,8514432.84,6200742.72,2313690.12,14444569.46,10517748.67,4216944.26,1565093.0,2026-02-06T00:00:00.000Z,2026-05-08T00:00:00.000Z
1802,,,,18812748.86,13423088.38,4869890.36,2710679.0,2026-02-06T00:00:00.000Z,
4317,12527583.31,10311780.12,2215803.19,77319838.79,11526563.99,64379774.1,17801245.73,2026-05-08T00:00:00.000Z,2026-05-08T00:00:00.000Z
1292,,,,298105794.06,143602692.89,150485207.39,67665966.0,2026-02-06T00:00:00.000Z,
1255,,,,4507774.54,1401615.75,3106158.79,844215.0,2026-02-06T00:00:00.000Z,
3163,,,,5380816.01,5369403.69,,,2026-02-06T00:00:00.000Z,
4723,,,,58777956.06,3280519.41,51614259.11,10673789.25,2026-05-08T00:00:00.000Z,
3187,,,,1597088.45,1616903.05,,,2026-02-06T00:00:00.000Z,
4015,,,,5553128.41,3549146.66,1760212.52,1762074.09,2026-02-06T00:00:00.000Z,
4261,,,,69267697.55,63921034.22,5197038.9,11150426.87,2026-02-06T00:00:00.000Z,
1752,,,,3020576.08,82107.37,2836362.71,1247.0,2026-02-06T00:00:00.000Z,
2248,,,,18718.34,18718.34,,,2026-02-06T00:00:00.000Z,
2177,,,,964468.0,964468.0,,,2026-02-06T00:00:00.000Z,
5463,,,,247922.91,31636.88,,530971.87,2026-02-06T00:00:00.000Z,
1349,,,,2838615.94,94167.46,2564548.23,538400.0,2026-02-06T00:00:00.000Z,
1384,,,,6425209.53,2629470.0,3613225.53,1051510.0,2026-02-06T00:00:00.000Z,
1615,,,,8128420.53,553279.69,7427977.19,0.0,2026-02-06T00:00:00.000Z,
4402,8902520.27,8003898.67,898621.6,37653211.88,5437591.72,29020724.35,9367766.51,2026-05-08T00:00:00.000Z,2026-05-08T00:00:00.000Z
4030,103504091.89,93779140.15,9724951.74,148024629.35,23010375.05,122573815.22,32923328.7,2026-02-06T00:00:00.000Z,2026-05-08T00:00:00.000Z
4045,,,,5135398.21,561055.89,4428207.36,720204.0,2026-02-06T00:00:00.000Z,
5492,,,,,,,43908.05,,
2108,,,,8815.1,8815.1,,,2026-02-06T00:00:00.000Z,
4212,,,,8736490.43,8429263.2,156446.83,269876.97,2026-02-06T00:00:00.000Z,
1981,95754618.67,93631947.01,2122671.66,224355761.7,94967791.86,119773860.39,71549737.0,2026-02-06T00:00:00.000Z,2026-05-08T00:00:00.000Z
4415,,,,6453697.9,423536.43,5347443.35,1109703.29,2026-02-06T00:00:00.000Z,
5630,,,,,,,0.0,,
1267,,,,,,,2167204.0,,
4056,,,,30413928.56,15972757.36,13054413.58,5794419.14,2026-02-06T00:00:00.000Z,
5384,,,,,,,885821.04,,
1270,,,,,,,319783.0,,
5629,,,,,,,0.0,,
5631,,,,,,,0.0,,
5278,,,,,,,1527297.3,,
5494,,,,,,,645732.1,,
4507,151267601.7,,151267601.7,627225160.66,614034481.08,,37738702.18,2026-05-08T00:00:00.000Z,2026-05-08T00:00:00.000Z
5614,,,,,,,0.0,,
2956,,,,586405.18,539825.8,,0.0,2026-02-06T00:00:00.000Z,
4855,,,,17095219.24,519305.27,15572909.9,263745.5,2026-05-08T00:00:00.000Z,
1836,,,,6100444.28,3010700.1,2801845.18,666076.0,2026-02-06T00:00:00.000Z,
4185,,,,3837595.3,200422.1,3582189.99,213400.0,2026-02-06T00:00:00.000Z,
5284,,,,264039.14,55841.5,,348002.3,2026-02-06T00:00:00.000Z,
1781,,,,1655156.5,250629.68,1309133.42,192093.0,2026-02-06T00:00:00.000Z,
1274,,,,1525086.7,1060865.15,587622.94,778869.0,2026-02-06T00:00:00.000Z,
4839,,,,11354832.19,3226028.74,5438530.9,0.0,2026-05-08T00:00:00.000Z,
5456,,,,,,,4792739.84,,
3340,,,,495306.49,495306.49,,,2026-02-06T00:00:00.000Z,
5380,,,,13195694.92,755181.46,,3908293.99,2026-02-06T00:00:00.000Z,
2363,,,,5060820.9,5060820.9,,,2026-02-06T00:00:00.000Z,
2115,,,,6199578.0,6199578.0,,,2026-02-06T00:00:00.000Z,
1290,,,,,,,200782.0,,
4547,30598662.86,29115555.13,1483107.73,33308156.91,9384852.28,21585239.24,8067423.63,2026-05-08T00:00:00.000Z,2026-05-08T00:00:00.000Z
3626,,,,,,,,,
4484,57084521.73,,57084521.73,2207352740.3,2178073466.68,,5007441.68,2026-05-08T00:00:00.000Z,2026-05-08T00:00:00.000Z
1291,,,,,,,381636.0,,
4483,32254679.38,,32254679.38,518417216.56,500461908.11,,17341399.57,2026-05-08T00:00:00.000Z,2026-05-08T00:00:00.000Z
1945,,,,2138551.99,65844.71,2064752.98,14946.0,2026-02-06T00:00:00.000Z,
5470,,,,,,,0.0,,
4274,,,,4693118.02,304934.78,4213341.88,680649.32,2026-02-06T00:00:00.000Z,
1986,,,,5934923.13,94913.51,5815317.82,487940.0,2026-02-06T00:00:00.000Z,
1743,,,,2629570.0,1000841.59,1526800.41,339127.0,2026-02-06T00:00:00.000Z,
1298,,,,,,,195648.0,,
2951,,,,419338.96,44966.47,,0.0,2026-02-06T00:00:00.000Z,
4156,,,,2670513.58,913403.65,1721740.89,370314.0,2026-02-06T00:00:00.000Z,
2673,,,,440667.37,7838.48,,0.0,2026-02-06T00:00:00.000Z,
4602,,,,64183588.49,30773027.34,27391358.36,4601029.7,2026-05-08T00:00:00.000Z,
4067,,,,4046793.01,4024549.15,,475368.08,2026-02-06T00:00:00.000Z,
1304,,,,,,,10446.0,,
2681,,,,1153198.47,79387.8,,0.0,2026-02-06T00:00:00.000Z,
4593,,,,20234575.24,1958692.77,17426988.15,4435098.03,2026-05-08T00:00:00.000Z,
1817,9506708.04,8474203.73,1032504.31,52767460.88,10098859.54,39841615.74,10634383.44,2026-02-06T00:00:00.000Z,2026-05-08T00:00:00.000Z
2162,,,,19501.3,19501.3,,,2026-02-06T00:00:00.000Z,
3249,,,,1236260.12,1150726.56,,,2026-02-06T00:00:00.000Z,
2484,,,,428141.66,73282.51,,0.0,2026-02-06T00:00:00.000Z,
5460,,,,208241.86,28863.34,,0.0,2026-02-06T00:00:00.000Z,
4472,,,,86424856.21,7813306.11,69420712.49,4678978.82,2026-05-08T00:00:00.000Z,
2425,,,,697351.18,44959.17,,,2026-02-06T00:00:00.000Z,
5246,,,,16270482.58,34072.55,,0.0,2026-02-06T00:00:00.000Z,
2979,,,,3726826.58,87491.44,,0.0,2026-02-06T00:00:00.000Z,
5249,,,,2349031.77,11751.88,,0.0,2026-02-06T00:00:00.000Z,
4437,,,,971158.24,17520.99,873961.52,139036.79,2026-02-06T00:00:00.000Z,
5335,,,,1240045.95,,,0.0,2026-02-06T00:00:00.000Z,
2305,,,,374315.41,374315.41,,,2026-02-06T00:00:00.000Z,
5499,,,,,,,2773537.72,,
1321,,,,,,,316618.0,,
1322,,,,,,,305250.0,,
2716,,,,387966.83,,,0.0,2026-02-06T00:00:00.000Z,
2255,,,,193692.1,193692.1,,,2026-02-06T00:00:00.000Z,
4316,,,,1676798.53,386527.2,1287325.25,176414.25,2026-02-06T00:00:00.000Z,
5314,,,,460929.86,,,0.0,2026-02-06T00:00:00.000Z,
2997,,,,51448.94,4344.83,,0.0,2026-02-06T00:00:00.000Z,
5198,,,,7541832.83,3250.64,,0.0,2026-02-06T00:00:00.000Z,
5017,,,,684418.07,13849.74,,0.0,2026-02-06T00:00:00.000Z,
4369,,,,3908163.56,10548.34,3797955.83,12202.57,2026-02-06T00:00:00.000Z,
2657,,,,988301.75,25690.98,,0.0,2026-02-06T00:00:00.000Z,
2299,,,,4262388.45,4262388.45,,,2026-02-06T00:00:00.000Z,
2541,,,,2602493.7,5248.58,,0.0,2026-02-06T00:00:00.000Z,
5421,,,,195815.29,12002.85,,777501.0,2026-02-06T00:00:00.000Z,
2880,,,,124694.11,,,0.0,2026-02-06T00:00:00.000Z,
2573,,,,187071.69,5242.89,,0.0,2026-02-06T00:00:00.000Z,
5391,,,,6902643.83,,,0.0,2026-02-06T00:00:00.000Z,
2973,,,,785047.27,162385.01,,0.0,2026-02-06T00:00:00.000Z,
1339,,,,,,,896815.0,,
1340,,,,,,,311009.0,,
1341,,,,,,,13056.0,,
1342,,,,,,,1000930.0,,
1483,,,,868596.02,,886885.52,78581.0,2026-02-06T00:00:00.000Z,
3518,,,,39353.18,39353.18,,,2026-02-06T00:00:00.000Z,
5190,,,,76945.83,,,0.0,2026-02-06T00:00:00.000Z,
5230,,,,3811.3,466.16,,0.0,2026-02-06T00:00:00.000Z,
2272,,,,56133.0,56133.0,,,2026-02-06T00:00:00.000Z,
2221,,,,14446.0,14092.0,354.0,,2026-02-06T00:00:00.000Z,
5327,,,,3896583.31,38683.14,,7721570.92,2026-02-06T00:00:00.000Z,
5195,,,,580773.51,,,3230511.22,2026-02-06T00:00:00.000Z,
5467,,,,,,,0.0,,
1346,,,,,,,25581719.0,,
5468,,,,,,,0.0,,
1360,,,,18209539.53,9579191.49,8903962.17,2730274.0,2026-02-06T00:00:00.000Z,
1509,,,,16188809.94,9068111.07,6869111.28,980174.0,2026-02-06T00:00:00.000Z,
1297,,,,3374929.57,413506.66,2970485.64,831368.0,2026-02-06T00:00:00.000Z,
1682,,,,30374675.17,8487345.37,21269934.67,4507985.0,2026-02-06T00:00:00.000Z,
4895,,,,278311.63,260656.75,5985.2,0.0,2026-05-08T00:00:00.000Z,
1381,,,,14683135.02,2171960.59,11970103.49,4038077.0,2026-02-06T00:00:00.000Z,
4838,,,,6410073.35,3079070.83,2906190.09,0.0,2026-05-08T00:00:00.000Z,
1391,,,,4732560097.4,2090168740.98,240887893.45,264635280.0,2026-02-06T00:00:00.000Z,
5382,,,,,,,2067208.75,,
2686,,,,1333559.35,165469.13,,0.0,2026-02-06T00:00:00.000Z,
1359,,,,,,,273677.0,,
1875,,,,24581512.14,24433079.68,,3397069.0,2026-02-06T00:00:00.000Z,
4854,,,,11052300.8,8370759.79,2070085.54,164155.46,2026-05-08T00:00:00.000Z,
1919,,,,4712458.08,198341.92,4360395.62,434136.0,2026-02-06T00:00:00.000Z,
4130,,,,9033804.83,5039801.36,3691879.47,1827581.0,2026-02-06T00:00:00.000Z,
1364,,,,,,,1615134.0,,
1922,,,,12373472.43,3014643.17,9358799.27,3963820.89,2026-02-06T00:00:00.000Z,
4768,,,,35580836.42,17187257.76,16068369.68,990786.04,2026-05-08T00:00:00.000Z,
2181,,,,738080.77,738080.77,,,2026-02-06T00:00:00.000Z,
2247,,,,4595.5,4595.5,,,2026-02-06T00:00:00.000Z,
1842,6501748.46,5943688.23,558060.23,3945262.25,540831.07,3165927.18,881798.0,2026-02-06T00:00:00.000Z,2026-05-08T00:00:00.000Z
4449,,,,63292606.55,6999726.41,54490629.04,3305696.35,2026-05-08T00:00:00.000Z,
4888,,,,3263250.6,1380269.65,1842767.19,0.0,2026-05-08T00:00:00.000Z,
4236,,,,7743787.17,469694.75,7261277.06,723711.22,2026-02-06T00:00:00.000Z,
4138,,,,40512583.94,687197.24,38348180.0,7536022.06,2026-02-06T00:00:00.000Z,
4387,,,,2577582.63,183982.03,2319673.96,36485.29,2026-02-06T00:00:00.000Z,
1773,5367078.69,4930561.66,436517.03,28697245.28,13489800.61,15062995.91,5317199.0,2026-02-06T00:00:00.000Z,2026-05-08T00:00:00.000Z
4140,,,,6182973.09,141750.15,5917137.6,54218.73,2026-02-06T00:00:00.000Z,
1822,,,,135879596.08,25984585.11,109071876.09,27004063.0,2026-02-06T00:00:00.000Z,
4889,,,,4834326.8,651023.46,4177763.97,0.0,2026-05-08T00:00:00.000Z,
4275,,,,3045115.45,45898.98,2991554.51,71192.17,2026-02-06T00:00:00.000Z,
4252,,,,18305095.51,172539.64,18113814.3,1707464.47,2026-02-06T00:00:00.000Z,
1474,10877948.83,8093288.65,2784660.18,4833478.25,992958.11,3853581.36,842726.0,2026-02-06T00:00:00.000Z,2026-05-08T00:00:00.000Z
3269,,,,6247181.91,6274637.67,,,2026-02-06T00:00:00.000Z,
1629,,,,7817752.5,2747131.51,5063363.18,640210.0,2026-02-06T00:00:00.000Z,
1958,,,,13744126.49,13511916.01,132523.84,2168421.0,2026-02-06T00:00:00.000Z,
4612,,,,14925206.05,893426.6,13045110.16,0.0,2026-05-08T00:00:00.000Z,
5610,,,,,,,0.0,,
2140,,,,10342.5,10342.5,,,2026-02-06T00:00:00.000Z,
5388,,,,2746912.41,,,1462807.64,2026-02-06T00:00:00.000Z,
2130,,,,154.0,154.0,,,2026-02-06T00:00:00.000Z,
3133,,,,1991289.57,1991289.57,0.0,,2026-02-06T00:00:00.000Z,
2157,,,,58709.0,58709.0,,,2026-02-06T00:00:00.000Z,
2232,,,,13292.0,12731.0,561.0,,2026-02-06T00:00:00.000Z,
3132,,,,5429040.87,5408040.41,21000.46,,2026-02-06T00:00:00.000Z,
2114,,,,1332890.0,1332890.0,,,2026-02-06T00:00:00.000Z,
2179,,,,46133.5,46133.5,,,2026-02-06T00:00:00.000Z,
1711,18925702.89,15020214.63,3905488.26,31811618.94,3468315.72,27390490.69,1038831.0,2026-02-06T00:00:00.000Z,2026-05-08T00:00:00.000Z
1494,1459279.09,1015627.62,443651.47,2216218.88,1798695.81,362348.24,287623.0,2026-02-06T00:00:00.000Z,2026-05-08T00:00:00.000Z
1788,,,,2660766.77,115109.71,2544618.23,0.0,2026-02-06T00:00:00.000Z,
3292,,,,611711.02,589645.02,,,2026-02-06T00:00:00.000Z,
1351,,,,682634.87,4604.47,686029.24,98588.0,2026-02-06T00:00:00.000Z,
1848,,,,12436207.3,1616896.05,10567032.73,2065029.0,2026-02-06T00:00:00.000Z,
1638,,,,4911052.76,390469.01,4427814.47,238076.0,2026-02-06T00:00:00.000Z,
4863,,,,23933008.8,6788915.63,15857919.11,0.0,2026-05-08T00:00:00.000Z,
1447,3682703.79,1438319.22,2244384.57,5149451.95,1032707.62,3847738.96,1027046.0,2026-02-06T00:00:00.000Z,2026-05-08T00:00:00.000Z
4383,,,,8599351.2,499059.52,7180762.74,1866733.71,2026-05-08T00:00:00.000Z,
4825,,,,41588530.36,6281748.37,32491967.95,0.0,2026-05-08T00:00:00.000Z,
5451,,,,23815278.46,3216272.49,,0.0,2026-02-06T00:00:00.000Z,
4115,,,,8231034.73,6376285.84,1795795.73,1175629.0,2026-02-06T00:00:00.000Z,
1856,,,,2203358.38,383569.5,1776744.36,185505.0,2026-02-06T00:00:00.000Z,
2240,,,,10223.0,9959.0,264.0,,2026-02-06T00:00:00.000Z,
2124,,,,254.1,254.1,,,2026-02-06T00:00:00.000Z,
5286,,,,4320193.28,30622.01,,180208.1,2026-02-06T00:00:00.000Z,
4650,,,,25474846.79,3299801.49,20957223.5,3756931.93,2026-05-08T00:00:00.000Z,
2242,,,,361.0,361.0,,,2026-02-06T00:00:00.000Z,
5283,,,,186238.57,,,1868044.54,2026-02-06T00:00:00.000Z,
5266,,,,36010.87,13317.1,,0.0,2026-02-06T00:00:00.000Z,
2676,,,,236644.0,2875.55,,0.0,2026-02-06T00:00:00.000Z,
1415,,,,,,,573827.0,,
5038,,,,6824731.93,53280.54,,0.0,2026-02-06T00:00:00.000Z,
2848,,,,675577.69,4720.42,,0.0,2026-02-06T00:00:00.000Z,
5578,,,,,,,0.0,,
4172,,,,1925935.2,152336.86,1761500.51,192278.26,2026-02-06T00:00:00.000Z,
1721,,,,1315541.44,47053.28,1265438.28,0.0,2026-02-06T00:00:00.000Z,
1421,,,,,,,55096.0,,
4446,,,,1088251.32,110329.54,977921.78,0.0,2026-02-06T00:00:00.000Z,
5541,,,,,,,0.0,,
2843,,,,55983.46,,,0.0,2026-02-06T00:00:00.000Z,
2867,,,,703954.92,3835.42,,0.0,2026-02-06T00:00:00.000Z,
3616,,,,,,,,,
3617,,,,,,,,,
1929,,,,666648.61,50947.14,609797.68,112780.0,2026-02-06T00:00:00.000Z,
5408,,,,2259027.05,,,0.0,2026-02-06T00:00:00.000Z,
2929,,,,431159.39,36863.35,,0.0,2026-02-06T00:00:00.000Z,
3131,,,,36153124.08,35640986.14,512137.94,,2026-02-06T00:00:00.000Z,
2905,,,,5806.02,862.0,,0.0,2026-02-06T00:00:00.000Z,
2715,,,,1374650.98,,,0.0,2026-02-06T00:00:00.000Z,
1434,,,,,,,1396381.0,,
4662,,,,15343849.32,52228.46,14975478.06,373450.07,2026-05-08T00:00:00.000Z,
2724,,,,1978366.88,194950.43,,0.0,2026-02-06T00:00:00.000Z,
2812,,,,213487.93,203739.39,,0.0,2026-02-06T00:00:00.000Z,
2379,,,,1008947.13,1008947.13,,,2026-02-06T00:00:00.000Z,
2852,,,,1238001.83,24038.82,,0.0,2026-02-06T00:00:00.000Z,
2161,,,,1610.0,1610.0,,,2026-02-06T00:00:00.000Z,
2075,,,,917118.14,1140896.94,-223778.8,,2026-02-06T00:00:00.000Z,
4808,,,,7281718.75,1109787.3,5694579.07,217886.25,2026-05-08T00:00:00.000Z,
5490,,,,,,,35851.87,,
3622,,,,,,,,,
5545,,,,,,,0.0,,
2524,,,,770661.56,,,0.0,2026-02-06T00:00:00.000Z,
2480,,,,151657.52,,,0.0,2026-02-06T00:00:00.000Z,
1248,,,,5270912.91,1897231.26,3373681.65,996958.0,2026-02-06T00:00:00.000Z,
5574,,,,,,,0.0,,
2223,,,,13535.0,13203.0,332.0,,2026-02-06T00:00:00.000Z,
5418,,,,,,,1024091.26,,
3611,,,,,,,,,
3613,,,,,,,,,
5546,,,,,,,0.0,,
2536,,,,232624.73,,,0.0,2026-02-06T00:00:00.000Z,
2982,,,,24924.14,,,0.0,2026-02-06T00:00:00.000Z,
5236,,,,2133667.29,71167.29,,0.0,2026-02-06T00:00:00.000Z,
5572,,,,,,,0.0,,
2152,,,,10467.1,10467.1,,,2026-02-06T00:00:00.000Z,
1369,,,,19743137.17,11692409.39,8072012.75,3344251.0,2026-02-06T00:00:00.000Z,
1805,,,,38841921.56,32124189.94,6349045.86,4713715.0,2026-02-06T00:00:00.000Z,
1769,2619379.95,2404215.89,215164.06,3985862.62,417833.3,3523766.57,812801.0,2026-02-06T00:00:00.000Z,2026-05-08T00:00:00.000Z
1907,,,,19679317.4,2022028.66,15871712.34,58901.0,2026-02-06T00:00:00.000Z,
4374,,,,8911251.06,402728.87,7699650.09,367069.75,2026-05-08T00:00:00.000Z,
3135,,,,9848417.16,9838265.65,,,2026-02-06T00:00:00.000Z,
1370,,,,36227572.27,8928827.59,27261029.27,5117141.0,2026-02-06T00:00:00.000Z,
4551,,,,8718623.77,5955240.23,2238316.72,640345.1,2026-02-06T00:00:00.000Z,
4258,,,,33987135.14,4672214.67,28423188.47,3263119.96,2026-05-08T00:00:00.000Z,
4141,,,,5934364.43,1135581.22,4607808.21,936757.0,2026-02-06T00:00:00.000Z,
5182,,,,41124.35,14402.0,,5924762.92,2026-05-08T00:00:00.000Z,
4005,,,,6940346.02,1273604.4,5598332.45,812698.37,2026-02-06T00:00:00.000Z,
1640,627043.17,527647.9,99395.27,8107171.18,3669293.29,4061872.18,400486.0,2026-02-06T00:00:00.000Z,2026-05-08T00:00:00.000Z
4432,,,,29948251.15,6375480.17,21739530.83,5238361.27,2026-05-08T00:00:00.000Z,
4411,,,,39579504.76,4872569.89,29743301.7,4858855.49,2026-05-08T00:00:00.000Z,
1819,,,,220817573.8,72959754.24,146956946.34,29958447.0,2026-02-06T00:00:00.000Z,
1530,9640959.42,7850466.61,1790492.81,7337467.8,2462711.75,4594348.95,1233644.0,2026-02-06T00:00:00.000Z,2026-05-08T00:00:00.000Z
4585,,,,35332469.84,1763930.25,29639483.4,856096.04,2026-05-08T00:00:00.000Z,
4715,71264777.21,40216867.55,31047909.66,61446457.8,19305627.19,39441094.02,1132661.61,2026-05-08T00:00:00.000Z,2026-05-08T00:00:00.000Z
4048,,,,26411715.75,23953406.66,1953951.87,3508702.24,2026-02-06T00:00:00.000Z,
4033,,,,7037295.1,1186451.06,5694403.04,617221.0,2026-02-06T00:00:00.000Z,
1576,,,,6686129.28,1579311.48,5152382.17,527138.0,2026-02-06T00:00:00.000Z,
3195,,,,2696280.98,2262870.87,,,2026-02-06T00:00:00.000Z,
4181,,,,5532167.98,504100.06,4745102.1,861379.0,2026-02-06T00:00:00.000Z,
4868,,,,3833804.4,1198291.65,2284584.76,0.0,2026-05-08T00:00:00.000Z,
1764,549480.66,447761.87,101718.79,4330036.43,4163010.38,85852.56,295657.0,2026-02-06T00:00:00.000Z,2026-05-08T00:00:00.000Z
3225,,,,2078364.65,2014986.05,,,2026-02-06T00:00:00.000Z,
4803,3850925.98,2411927.05,1438998.93,19334940.91,1975173.97,16222827.25,3259280.82,2026-05-08T00:00:00.000Z,2026-05-08T00:00:00.000Z
1326,,,,2191132.01,26462.73,2159308.27,333150.0,2026-02-06T00:00:00.000Z,
4598,,,,22125074.38,9897436.92,11630922.34,1712822.63,2026-05-08T00:00:00.000Z,
4599,,,,24858971.0,18603576.4,3964657.03,2291358.56,2026-05-08T00:00:00.000Z,
1803,,,,6149283.51,62016.6,5923527.91,725370.39,2026-02-06T00:00:00.000Z,
5002,,,,128885.39,60934.77,,0.0,2026-02-06T00:00:00.000Z,
1329,,,,5652343.85,1460174.48,4205941.58,1557307.0,2026-02-06T00:00:00.000Z,
2125,,,,8712.9,8712.9,,,2026-02-06T00:00:00.000Z,
4160,,,,5501202.69,2318517.62,3091736.05,795042.57,2026-02-06T00:00:00.000Z,
4388,,,,1859316.92,91774.39,1664254.84,53783.5,2026-02-06T00:00:00.000Z,
4831,19147030.45,11727636.6,7419393.85,81771974.78,38648414.39,40128285.33,0.0,2026-05-08T00:00:00.000Z,2026-05-08T00:00:00.000Z
4781,313790496.68,148880084.78,164910411.9,232401657.4,72186680.84,144120098.68,1577828.49,2026-05-08T00:00:00.000Z,2026-05-08T00:00:00.000Z
1362,,,,4786803.73,4111602.56,675201.17,106606.0,2026-02-06T00:00:00.000Z,
2725,,,,5539.53,2076.53,,0.0,2026-02-06T00:00:00.000Z,
1913,,,,2489369.98,405170.18,2081702.18,402888.0,2026-02-06T00:00:00.000Z,
3490,,,,7152.97,7152.97,,,2026-02-06T00:00:00.000Z,
2129,,,,10304.7,10304.7,,,2026-02-06T00:00:00.000Z,
4253,,,,11266542.12,1402678.81,9354915.53,424136.68,2026-05-08T00:00:00.000Z,
5573,,,,,,,0.0,,
3610,,,,,,,,,
4232,,,,1326573.48,26008.29,1250043.19,141656.7,2026-02-06T00:00:00.000Z,
1666,,,,3058863.94,3025216.69,0.0,339901.0,2026-02-06T00:00:00.000Z,
2494,,,,671846.61,38303.29,,0.0,2026-02-06T00:00:00.000Z,
2145,,,,341529.3,341529.3,,,2026-02-06T00:00:00.000Z,
2216,,,,48676.6,47998.3,678.3,,2026-02-06T00:00:00.000Z,
2678,,,,8312749.56,364617.67,,0.0,2026-02-06T00:00:00.000Z,
4545,,,,1809645.12,1809645.12,,0.0,2026-02-06T00:00:00.000Z,
2076,,,,715276.08,406214.9,309061.18,,2026-02-06T00:00:00.000Z,
3328,,,,1313887.82,1313887.82,,,2026-02-06T00:00:00.000Z,
4687,,,,819070.62,773196.37,45874.25,8600.0,2026-02-06T00:00:00.000Z,
2450,,,,694577.0,6962.88,,,2026-02-06T00:00:00.000Z,
5308,,,,417300.63,75127.21,,0.0,2026-02-06T00:00:00.000Z,
5130,,,,1727016.64,325357.99,,0.0,2026-02-06T00:00:00.000Z,
2227,,,,44916.0,43814.0,1102.0,,2026-02-06T00:00:00.000Z,
2668,,,,6979271.97,151938.67,,0.0,2026-02-06T00:00:00.000Z,
2084,,,,639513.43,639513.43,,,2026-02-06T00:00:00.000Z,
2653,,,,9259793.99,225314.53,,0.0,2026-02-06T00:00:00.000Z,
2171,,,,17969.0,17969.0,,,2026-02-06T00:00:00.000Z,
4321,,,,2727443.3,3249.79,2697493.42,104243.3,2026-02-06T00:00:00.000Z,
2933,,,,1651694.38,433314.93,,0.0,2026-02-06T00:00:00.000Z,
2894,,,,46051.71,12449.89,,0.0,2026-02-06T00:00:00.000Z,
3103,,,,1314587.71,1314359.71,163.0,,2026-02-06T00:00:00.000Z,
5143,,,,637395.06,29930.03,,0.0,2026-02-06T00:00:00.000Z,
2552,,,,840197.0,14063.79,,0.0,2026-02-06T00:00:00.000Z,
3112,,,,5664851.19,5641754.36,23096.83,,2026-02-06T00:00:00.000Z,
5058,,,,836129.26,5704.24,,0.0,2026-02-06T00:00:00.000Z,
2493,,,,1430860.74,142342.17,,0.0,2026-02-06T00:00:00.000Z,
4644,,,,113127194.1,83799456.95,18528289.99,7749195.01,2026-05-08T00:00:00.000Z,
5255,,,,1411540.89,31347.88,,0.0,2026-02-06T00:00:00.000Z,
5179,,,,81038.27,8820.76,,0.0,2026-02-06T00:00:00.000Z,
5203,,,,5560247.76,492944.85,,0.0,2026-02-06T00:00:00.000Z,
5004,,,,5285123.42,41966.23,,0.0,2026-02-06T00:00:00.000Z,
2454,,,,9320013.02,2494.17,,,2026-02-06T00:00:00.000Z,
5028,,,,1249472.02,,,0.0,2026-02-06T00:00:00.000Z,
5288,,,,2658681.22,17115.17,,486443.35,2026-02-06T00:00:00.000Z,
5092,,,,14620253.01,55459.35,,459594.0,2026-02-06T00:00:00.000Z,
5254,,,,9258.91,3000.68,,0.0,2026-02-06T00:00:00.000Z,
2376,,,,536017.54,536017.54,,,2026-02-06T00:00:00.000Z,
5030,,,,3725524.98,,,0.0,2026-02-06T00:00:00.000Z,
5097,,,,3214693.54,26601.47,,39142.24,2026-02-06T00:00:00.000Z,
2810,,,,16361.8,,,0.0,2026-02-06T00:00:00.000Z,
3097,,,,20174330.8,20180369.86,-6039.06,,2026-02-06T00:00:00.000Z,
5523,,,,,,,0.0,,
2119,,,,90917.25,90917.25,,,2026-02-06T00:00:00.000Z,
2802,,,,329201.83,26943.75,,0.0,2026-02-06T00:00:00.000Z,
2096,,,,78682.0,78682.0,,,2026-02-06T00:00:00.000Z,
2370,,,,334733.96,334733.96,,,2026-02-06T00:00:00.000Z,
2107,,,,145739.3,145739.3,,,2026-02-06T00:00:00.000Z,
5571,,,,,,,0.0,,
2748,,,,1046537.88,,,0.0,2026-02-06T00:00:00.000Z,
5369,,,,54110.05,,,0.0,2026-02-06T00:00:00.000Z,
2984,,,,5679187.27,,,0.0,2026-02-06T00:00:00.000Z,
2394,,,,133002.75,133002.75,,,2026-02-06T00:00:00.000Z,
2633,,,,750.0,,,0.0,2026-02-06T00:00:00.000Z,
4783,7483136.9,5292235.8,2190901.1,19372607.44,309244.55,18531997.97,0.0,2026-05-08T00:00:00.000Z,2026-05-08T00:00:00.000Z
2233,,,,367.0,367.0,,,2026-02-06T00:00:00.000Z,
2173,,,,28434.0,28434.0,,,2026-02-06T00:00:00.000Z,
3101,,,,644399.12,644399.12,,,2026-02-06T00:00:00.000Z,
2080,,,,151581.41,,151581.41,,2026-02-06T00:00:00.000Z,
5521,,,,,,,0.0,,
1471,4108811.57,2808922.31,1299889.26,4993708.33,387792.63,4561494.65,279127.0,2026-02-06T00:00:00.000Z,2026-05-08T00:00:00.000Z
1388,,,,11677354.07,457515.74,11164447.48,2023999.0,2026-02-06T00:00:00.000Z,
1390,,,,5935229.86,708833.51,5149869.54,914172.0,2026-02-06T00:00:00.000Z,
5603,,,,,,,0.0,,
5604,,,,,,,0.0,,
5605,,,,,,,0.0,,
4486,181500775.42,,181500775.42,4142365993.88,4035699341.2,,75227611.79,2026-05-08T00:00:00.000Z,2026-05-08T00:00:00.000Z
1406,,,,6233212.7,785167.68,5406707.43,1149793.0,2026-02-06T00:00:00.000Z,
1707,,,,5918785.05,444131.72,5351905.66,231527.0,2026-02-06T00:00:00.000Z,
3209,,,,3261706.85,3261706.85,,,2026-02-06T00:00:00.000Z,
4481,20064696.61,,20064696.61,2431294005.83,2416848466.33,,28839521.5,2026-05-08T00:00:00.000Z,2026-05-08T00:00:00.000Z
5300,,,,706854.61,30194.79,,0.0,2026-05-08T00:00:00.000Z,
1892,,,,6841093.22,3508574.92,3330433.2,894520.0,2026-02-06T00:00:00.000Z,
1678,,,,75910130.6,35316542.58,40198398.8,9858211.0,2026-02-06T00:00:00.000Z,
4473,76827201.61,74615046.24,2212155.37,1073837805.87,441292499.11,571135943.79,46368898.14,2026-05-08T00:00:00.000Z,2026-05-08T00:00:00.000Z
4218,,,,18753959.84,3458764.83,14807299.94,3771651.2,2026-05-08T00:00:00.000Z,
4623,,,,4560435.67,313839.17,4002718.79,128856.5,2026-05-08T00:00:00.000Z,
4517,29398405.35,,29398405.35,206717180.85,203921239.25,,5495805.25,2026-05-08T00:00:00.000Z,2026-05-08T00:00:00.000Z
1419,,,,26435703.2,3849174.16,22397523.78,5840208.0,2026-02-06T00:00:00.000Z,
2243,,,,1483.3,1483.3,,,2026-02-06T00:00:00.000Z,
4238,,,,50780811.67,5144389.44,44242582.16,10203784.95,2026-02-06T00:00:00.000Z,
4626,10843005.5,9267807.25,1575198.25,30052436.23,7027607.02,22032716.3,5427089.62,2026-05-08T00:00:00.000Z,2026-05-08T00:00:00.000Z
1379,,,,433651817.0,101320637.9,329884828.43,201035427.0,2026-02-06T00:00:00.000Z,
4761,,,,4034629.94,304413.0,3340969.97,486352.44,2026-05-08T00:00:00.000Z,
1633,1067253.81,632984.92,434268.89,10198573.49,2500610.61,8553586.84,751110.0,2026-02-06T00:00:00.000Z,2026-05-08T00:00:00.000Z
5510,,,,,,,154710.25,,
4092,,,,10459122.12,3804525.36,6114211.8,1555721.32,2026-02-06T00:00:00.000Z,
1518,6190448.7,5034199.56,1156249.14,14795285.63,2976622.78,11464342.66,1500076.0,2026-02-06T00:00:00.000Z,2026-05-08T00:00:00.000Z
3161,,,,16539984.85,17640374.45,,,2026-02-06T00:00:00.000Z,
3198,,,,8636637.81,8695049.44,,,2026-02-06T00:00:00.000Z,
1696,,,,6708634.83,615680.44,6086077.94,877049.0,2026-02-06T00:00:00.000Z,
5632,,,,,,,0.0,,
1367,,,,8618000.36,3601067.84,4689231.55,1876460.0,2026-02-06T00:00:00.000Z,
1335,,,,31020492.12,4053927.92,26379603.98,2766765.0,2026-02-06T00:00:00.000Z,
1560,,,,15368109.08,4014469.39,11113158.18,1135905.0,2026-02-06T00:00:00.000Z,
4382,8109589.03,5904595.93,2204993.1,333546817.28,296166347.05,11778522.49,25671358.84,2026-05-08T00:00:00.000Z,2026-05-08T00:00:00.000Z
1669,,,,9244257.84,1454023.1,7450873.21,1055799.0,2026-02-06T00:00:00.000Z,
1932,,,,7384786.3,681066.07,6227277.36,990370.0,2026-02-06T00:00:00.000Z,
4063,,,,4883032.82,686941.58,3980518.82,726334.0,2026-02-06T00:00:00.000Z,
5493,,,,515494.79,514557.84,,0.0,2026-05-08T00:00:00.000Z,
1366,,,,2697313.17,912342.82,1767548.6,442317.0,2026-02-06T00:00:00.000Z,
1748,,,,10068998.77,4645909.03,5391099.99,0.0,2026-02-06T00:00:00.000Z,
5582,,,,,,,0.0,,
3615,,,,,,,,,
5580,,,,,,,0.0,,
5607,,,,,,,0.0,,
3609,,,,,,,,,
5518,,,,,,,0.0,,
1333,,,,11738303.73,3906085.02,7676010.71,4661056.0,2026-02-06T00:00:00.000Z,
4819,211212507.78,128586549.52,82625958.26,,,,225555.7,,2026-05-08T00:00:00.000Z
5386,,,,,,,101145.63,,
4643,,,,16191350.9,31220.51,14659874.87,583652.68,2026-05-08T00:00:00.000Z,
3624,,,,,,,,,
4002,,,,32964612.36,1252767.5,31075830.98,4510495.0,2026-02-06T00:00:00.000Z,
2462,,,,1807994.0,30572.34,,,2026-02-06T00:00:00.000Z,
4126,,,,20524115.81,5890006.85,13629086.77,2747619.0,2026-02-06T00:00:00.000Z,
1726,432005.4,306633.18,125372.22,7797703.29,1964642.09,5559105.07,1248152.0,2026-02-06T00:00:00.000Z,2026-05-08T00:00:00.000Z
4784,3720998.89,2459793.19,1261205.7,23264059.64,6109387.9,15669869.06,1238925.7,2026-05-08T00:00:00.000Z,2026-05-08T00:00:00.000Z
4281,,,,5398418.52,563785.5,4622573.56,1123574.5,2026-02-06T00:00:00.000Z,
2917,,,,515274.49,,,0.0,2026-02-06T00:00:00.000Z,
1821,,,,6143015.93,2952414.14,3093298.11,532472.0,2026-02-06T00:00:00.000Z,
4256,,,,49143878.08,1310476.7,46883894.21,8619410.99,2026-02-06T00:00:00.000Z,
1620,,,,24647039.99,1951932.35,22639395.87,1607048.0,2026-02-06T00:00:00.000Z,
5423,,,,,,,187359.83,,
1314,,,,2605294.29,1170005.58,1430613.75,405517.0,2026-02-06T00:00:00.000Z,
4663,110565668.96,96737968.95,13827700.01,465926059.58,233881332.87,200149317.1,72877850.22,2026-05-08T00:00:00.000Z,2026-05-08T00:00:00.000Z
1510,,,,10289394.05,6877869.17,3473033.53,795890.0,2026-02-06T00:00:00.000Z,
1422,,,,1238463.33,736982.53,240606.03,831698.0,2026-02-06T00:00:00.000Z,
1649,20691866.81,17761717.66,2930149.15,83099595.01,10974939.6,71652052.96,5503215.0,2026-02-06T00:00:00.000Z,2026-05-08T00:00:00.000Z
2960,,,,237059.79,52948.55,,0.0,2026-02-06T00:00:00.000Z,
4442,,,,79539888.67,5597781.54,66641346.77,8521061.89,2026-05-08T00:00:00.000Z,
5070,,,,9800754.63,17588.58,,0.0,2026-02-06T00:00:00.000Z,
4424,,,,63368757.29,805487.8,59504420.49,9871204.29,2026-05-08T00:00:00.000Z,
1937,,,,3950567.97,69335.05,3833296.08,537972.0,2026-02-06T00:00:00.000Z,
4471,,,,13792018.83,4567715.97,7950096.85,277185.14,2026-02-06T00:00:00.000Z,
4554,,,,9203289.24,3197874.58,5138299.15,826561.38,2026-05-08T00:00:00.000Z,
4361,,,,19969175.58,2540457.35,15167249.26,4498325.08,2026-05-08T00:00:00.000Z,
4076,,,,8488330.16,1319989.03,7028318.1,1577249.0,2026-02-06T00:00:00.000Z,
2146,,,,90075.3,90075.3,,,2026-02-06T00:00:00.000Z,
1263,,,,1579219.78,113278.63,1465941.15,235411.0,2026-02-06T00:00:00.000Z,
2086,,,,206437.7,206437.7,,,2026-02-06T00:00:00.000Z,
2773,,,,4759982.52,,,0.0,2026-02-06T00:00:00.000Z,
1839,,,,4546528.04,3299949.64,1185838.63,703135.0,2026-02-06T00:00:00.000Z,
2694,,,,1625345.68,163897.61,,0.0,2026-02-06T00:00:00.000Z,
3234,,,,219505.79,219505.79,,,2026-02-06T00:00:00.000Z,
2189,,,,285171.51,285171.51,,,2026-02-06T00:00:00.000Z,
3366,,,,1639099.39,1616759.14,,,2026-02-06T00:00:00.000Z,
2460,,,,1677331.23,13604.96,,,2026-02-06T00:00:00.000Z,
2321,,,,18783.0,18783.0,,,2026-02-06T00:00:00.000Z,
1245,,,,9108430.34,1752274.45,7356155.89,2204299.0,2026-02-06T00:00:00.000Z,
2112,,,,3563854.01,3563854.01,,,2026-02-06T00:00:00.000Z,
2131,,,,12667.2,12667.2,,,2026-02-06T00:00:00.000Z,
4522,6285163.51,,6285163.51,454689835.96,437148860.15,,1412379.61,2026-05-08T00:00:00.000Z,2026-05-08T00:00:00.000Z
1374,,,,4621871.5,30085.44,4645199.75,492411.0,2026-02-06T00:00:00.000Z,
3564,,,,216592.19,215922.25,,,2026-02-06T00:00:00.000Z,
2121,,,,13685.7,13685.7,,,2026-02-06T00:00:00.000Z,
4745,,,,2898254.18,139534.41,2452112.37,0.0,2026-05-08T00:00:00.000Z,
2235,,,,38992.0,37996.0,996.0,,2026-02-06T00:00:00.000Z,
3236,,,,163068.54,147995.8,,,2026-02-06T00:00:00.000Z,
5575,,,,,,,0.0,,
5583,,,,,,,0.0,,
4271,,,,1690433.9,36274.72,1647655.52,167546.81,2026-02-06T00:00:00.000Z,
5085,,,,521457.25,7021.23,,0.0,2026-02-06T00:00:00.000Z,
5013,,,,775643.48,12392.55,,0.0,2026-02-06T00:00:00.000Z,
3104,,,,1808308.18,1808308.18,,,2026-02-06T00:00:00.000Z,
2168,,,,23340.8,23340.8,,,2026-02-06T00:00:00.000Z,
1251,,,,25167912.31,12366565.42,12801346.89,13298291.0,2026-02-06T00:00:00.000Z,
5213,,,,8128493.97,365949.11,,0.0,2026-02-06T00:00:00.000Z,
2702,,,,133037.28,,,0.0,2026-02-06T00:00:00.000Z,
2183,,,,932280.44,932280.44,,,2026-02-06T00:00:00.000Z,
5050,,,,4558436.47,95579.78,,0.0,2026-02-06T00:00:00.000Z,
3247,,,,24233.27,24233.27,,,2026-02-06T00:00:00.000Z,
5117,,,,57419.43,2529.05,,303514.37,2026-02-06T00:00:00.000Z,
2771,,,,13458920.53,424729.34,,0.0,2026-02-06T00:00:00.000Z,
2726,,,,119765.79,1525.43,,0.0,2026-02-06T00:00:00.000Z,
5462,,,,,,,0.0,,
2377,,,,2761493.04,2761493.04,,,2026-02-06T00:00:00.000Z,
4546,,,,11676238.13,431104.04,10247690.99,2146354.91,2026-05-08T00:00:00.000Z,
2476,,,,7674.38,,,0.0,2026-02-06T00:00:00.000Z,
2226,,,,1132660.9,1132660.9,,,2026-02-06T00:00:00.000Z,
3276,,,,79259.86,79259.86,,,2026-02-06T00:00:00.000Z,
4257,,,,11464133.02,,11051697.02,106603.41,2026-02-06T00:00:00.000Z,
2871,,,,41791.72,8286.3,,0.0,2026-02-06T00:00:00.000Z,
5095,,,,484775.83,60497.74,,290927.42,2026-02-06T00:00:00.000Z,
2949,,,,400385.93,22216.58,,0.0,2026-02-06T00:00:00.000Z,
2758,,,,138933.54,,,0.0,2026-02-06T00:00:00.000Z,
4235,25097245.58,17379956.6,7717288.98,35021324.53,5959836.82,28123957.71,8971143.59,2026-05-08T00:00:00.000Z,2026-05-08T00:00:00.000Z
5026,,,,2515374.98,14137.59,,0.0,2026-02-06T00:00:00.000Z,
5416,,,,3379328.86,384219.4,,0.0,2026-02-06T00:00:00.000Z,
2333,,,,27676.97,27676.97,,,2026-02-06T00:00:00.000Z,
5443,,,,3557670.84,,,0.0,2026-02-06T00:00:00.000Z,
5172,,,,142453.23,52194.42,,0.0,2026-02-06T00:00:00.000Z,
2819,,,,410439.53,410439.53,,0.0,2026-02-06T00:00:00.000Z,
5455,,,,3024.47,3024.47,,0.0,2026-02-06T00:00:00.000Z,
1534,,,,18467868.44,692710.15,16073397.04,711134.0,2026-02-06T00:00:00.000Z,
1413,,,,4906653.82,415565.69,4321699.99,771719.0,2026-02-06T00:00:00.000Z,
4664,,,,1644634.91,133009.01,1378169.36,325625.67,2026-05-08T00:00:00.000Z,
1691,,,,1241633.57,62621.91,1202083.38,186168.0,2026-02-06T00:00:00.000Z,
1448,,,,86565179.7,73888055.9,12258236.08,6401348.0,2026-02-06T00:00:00.000Z,
2579,,,,3906217.67,68670.58,,0.0,2026-02-06T00:00:00.000Z,
3504,,,,3361356.07,3179153.66,,,2026-05-08T00:00:00.000Z,
1355,,,,160002351.14,59324006.19,99573522.52,23968328.0,2026-02-06T00:00:00.000Z,
4582,,,,16682.27,16682.27,,0.0,2026-05-08T00:00:00.000Z,
2768,,,,292521.18,,,0.0,2026-02-06T00:00:00.000Z,
3116,,,,4403306.05,4403306.05,,,2026-02-06T00:00:00.000Z,
4597,,,,15236311.79,12864798.39,1467828.41,1541757.02,2026-02-06T00:00:00.000Z,
4023,9496114.46,8829702.19,666412.27,43805958.98,24539129.57,17617505.41,7392909.62,2026-02-06T00:00:00.000Z,2026-05-08T00:00:00.000Z
3614,,,,10236.38,10236.38,,,2026-05-08T00:00:00.000Z,
4567,,,,784624401.56,89959211.51,649584382.6,10746531.97,2026-05-08T00:00:00.000Z,
2071,,,,3314655.92,3314655.92,,,2026-02-06T00:00:00.000Z,
4883,,,,412539.99,23858.46,,0.0,2026-05-08T00:00:00.000Z,
3625,,,,,,,,,
5557,,,,,,,0.0,,
5554,,,,,,,0.0,,
1841,15106854.42,13370790.11,1736064.31,32588079.77,3694476.84,27933778.17,6212268.35,2026-02-06T00:00:00.000Z,2026-05-08T00:00:00.000Z
5555,,,,,,,0.0,,
4009,,,,11095538.36,2675135.67,8027588.94,381333.0,2026-02-06T00:00:00.000Z,
4786,,,,15700715.23,,14565863.42,453415.5,2026-05-08T00:00:00.000Z,
1272,,,,40588743.22,29892462.64,10342694.45,12665798.0,2026-02-06T00:00:00.000Z,
1860,,,,3143581.09,169848.37,2832828.06,463613.0,2026-02-06T00:00:00.000Z,
2074,,,,1726889.5,1726889.5,,,2026-02-06T00:00:00.000Z,
4754,6781306.32,6104619.01,676687.31,36895724.74,3569581.79,32210599.2,1244239.51,2026-05-08T00:00:00.000Z,2026-05-08T00:00:00.000Z
5392,,,,,,,1925765.04,,
1250,,,,32353288.21,6249908.14,26103380.07,6689836.0,2026-02-06T00:00:00.000Z,
1793,,,,3895660.58,662127.06,3216753.75,608954.0,2026-02-06T00:00:00.000Z,
1948,,,,100179.04,25067.66,70889.03,242102.0,2026-02-06T00:00:00.000Z,
1767,,,,3346388.88,15741.08,3267072.98,493091.0,2026-02-06T00:00:00.000Z,
2510,,,,59932.91,13518.56,,0.0,2026-02-06T00:00:00.000Z,
4548,1089134.7,1082812.86,6321.84,26543387.22,568345.64,23508751.04,2337011.18,2026-05-08T00:00:00.000Z,2026-05-08T00:00:00.000Z
2158,,,,52328.5,52328.5,,,2026-02-06T00:00:00.000Z,
4444,,,,8208143.56,2262133.44,5110984.41,1414708.16,2026-02-06T00:00:00.000Z,
4642,,,,6571789.27,252342.6,5656435.86,1173187.21,2026-05-08T00:00:00.000Z,
4406,,,,18267267.33,10539014.12,6013950.84,851038.18,2026-05-08T00:00:00.000Z,
5509,,,,,,,0.0,,
1689,,,,,,,1141292.0,,
1994,4904077.68,3001943.65,1902134.03,75239301.83,27367275.85,46982840.39,7260627.0,2026-02-06T00:00:00.000Z,2026-05-08T00:00:00.000Z
2136,,,,43485.4,43485.4,,,2026-02-06T00:00:00.000Z,
2587,,,,55425.8,,,0.0,2026-02-06T00:00:00.000Z,
3204,,,,2448149.31,2496679.31,,,2026-02-06T00:00:00.000Z,
3202,,,,1690912.41,1706333.77,,,2026-02-06T00:00:00.000Z,
1249,,,,109791243.08,43903595.67,65887647.41,15005046.0,2026-02-06T00:00:00.000Z,
2184,,,,1190.0,1190.0,,,2026-02-06T00:00:00.000Z,
2144,,,,50911.7,50911.7,,,2026-02-06T00:00:00.000Z,
4658,,,,13663713.64,1434315.56,11346727.49,1112853.4,2026-05-08T00:00:00.000Z,
1357,,,,4294159.44,2918003.52,1386461.64,351225.0,2026-02-06T00:00:00.000Z,
1665,9121209.04,6373884.58,2747324.46,112329438.73,107788894.78,2005515.19,7291700.0,2026-02-06T00:00:00.000Z,2026-05-08T00:00:00.000Z
3109,,,,5541924.38,5534868.12,7056.26,,2026-02-06T00:00:00.000Z,
1428,,,,1788583.65,44429.26,1744454.58,237017.0,2026-02-06T00:00:00.000Z,
1671,5388213.23,4388471.79,999741.44,29307531.18,6411805.81,21462981.8,4299208.0,2026-02-06T00:00:00.000Z,2026-05-08T00:00:00.000Z
2155,,,,7036.4,7036.4,,,2026-02-06T00:00:00.000Z,
2952,,,,3996374.6,63161.54,,0.0,2026-02-06T00:00:00.000Z,
2220,,,,12209.0,11909.0,300.0,,2026-02-06T00:00:00.000Z,
2126,,,,15425.2,15425.2,,,2026-02-06T00:00:00.000Z,
2722,,,,83628.49,1436.58,,0.0,2026-02-06T00:00:00.000Z,
2259,,,,405179.6,405179.6,,,2026-02-06T00:00:00.000Z,
4739,,,,874057.91,97910.18,659309.87,0.0,2026-05-08T00:00:00.000Z,
1888,,,,6758605.82,2873721.74,3526341.04,1046453.3,2026-05-08T00:00:00.000Z,
1799,,,,823848.76,67615.9,756068.62,319962.0,2026-02-06T00:00:00.000Z,
1365,,,,2855252.63,22820.59,2871984.6,417677.0,2026-02-06T00:00:00.000Z,
2961,,,,6590703.9,22575.1,,0.0,2026-02-06T00:00:00.000Z,
4555,,,,5769863.53,1741710.44,3477774.78,448572.54,2026-05-08T00:00:00.000Z,
4170,,,,8678576.02,8643524.63,,1076385.25,2026-02-06T00:00:00.000Z,
2663,,,,619658.59,7371.46,,0.0,2026-02-06T00:00:00.000Z,
2955,,,,960443.78,75032.98,,0.0,2026-02-06T00:00:00.000Z,
3211,,,,2080378.21,2112182.01,,,2026-02-06T00:00:00.000Z,
5055,,,,9288969.03,907470.7,,0.0,2026-02-06T00:00:00.000Z,
2402,,,,2505601.52,13605.67,,,2026-02-06T00:00:00.000Z,
5066,,,,9630026.88,8440.78,,0.0,2026-02-06T00:00:00.000Z,
2815,,,,416.58,,,0.0,2026-02-06T00:00:00.000Z,
5563,,,,,,,0.0,,
5556,,,,,,,0.0,,
5576,,,,,,,0.0,,
2170,,,,1067.5,1067.5,,,2026-02-06T00:00:00.000Z,
2428,,,,974428.11,14909.97,705139.5,,2026-02-06T00:00:00.000Z,
3605,,,,,,,,,
2727,,,,825529.81,18011.08,,0.0,2026-02-06T00:00:00.000Z,
2677,,,,1537959.0,144237.36,,0.0,2026-02-06T00:00:00.000Z,
2213,,,,1337956.9,1337956.9,,,2026-02-06T00:00:00.000Z,
2230,,,,20704.0,20196.0,508.0,,2026-02-06T00:00:00.000Z,
5539,,,,,,,0.0,,
3621,,,,,,,,,
5609,,,,,,,0.0,,
4742,,,,10089089.39,2489825.37,6674149.8,0.0,2026-05-08T00:00:00.000Z,
2224,,,,36992.0,36084.0,908.0,,2026-02-06T00:00:00.000Z,
4453,,,,3641807.66,436668.56,2749879.68,375778.13,2026-05-08T00:00:00.000Z,
2868,,,,37611.46,34210.03,,0.0,2026-02-06T00:00:00.000Z,
5475,,,,,,,0.0,,
3496,,,,280018.32,280018.32,,,2026-02-06T00:00:00.000Z,
5476,,,,,,,0.0,,
4622,,,,2416849.0,104349.77,2131853.03,0.0,2026-05-08T00:00:00.000Z,
5477,,,,,,,0.0,,
2367,,,,2670288.12,2670288.12,,,2026-02-06T00:00:00.000Z,
5091,,,,13868793.44,101172.22,,312579.84,2026-02-06T00:00:00.000Z,
5478,,,,,,,0.0,,
2117,,,,228928.7,228928.7,,,2026-02-06T00:00:00.000Z,
2318,,,,138208.0,138208.0,,,2026-02-06T00:00:00.000Z,
3126,,,,299025.95,299025.95,,,2026-02-06T00:00:00.000Z,
5281,,,,,,,525662.15,,
3529,,,,421455.95,390647.26,,,2026-02-06T00:00:00.000Z,
2153,,,,1717.1,1717.1,,,2026-02-06T00:00:00.000Z,
3577,,,,252457.03,237542.16,,,2026-02-06T00:00:00.000Z,
2523,,,,251890.75,65575.7,,0.0,2026-02-06T00:00:00.000Z,
2938,,,,41579.62,13570.27,,0.0,2026-02-06T00:00:00.000Z,
2972,,,,427980.25,,,0.0,2026-02-06T00:00:00.000Z,
2992,,,,2393137.14,,,0.0,2026-02-06T00:00:00.000Z,
5177,,,,1078505.47,52643.11,,0.0,2026-02-06T00:00:00.000Z,
5503,,,,199241.34,104622.95,,0.0,2026-05-08T00:00:00.000Z,
4799,,,,1216890.4,874656.5,148301.03,62760.33,2026-05-08T00:00:00.000Z,
1467,25872687.19,6302770.87,19569916.32,18090813.62,16703264.74,1156582.59,2421439.0,2026-02-06T00:00:00.000Z,2026-05-08T00:00:00.000Z
2375,,,,363262.4,363262.4,,,2026-02-06T00:00:00.000Z,
2404,,,,298474.23,233499.75,,,2026-02-06T00:00:00.000Z,
2570,,,,8644.57,4008.82,,0.0,2026-02-06T00:00:00.000Z,
3489,,,,38364.77,38364.77,,,2026-02-06T00:00:00.000Z,
2561,,,,506548.12,94048.12,,0.0,2026-02-06T00:00:00.000Z,
2383,,,,0.0,,,,2026-02-06T00:00:00.000Z,
5180,,,,73633.42,,,0.0,2026-02-06T00:00:00.000Z,
1733,6402583.39,5427021.71,975561.68,55917310.24,8074400.58,45855402.11,15310499.0,2026-02-06T00:00:00.000Z,2026-05-08T00:00:00.000Z
4542,5569334.41,4951128.84,618205.57,20485065.03,13517454.58,5818592.25,3112196.99,2026-05-08T00:00:00.000Z,2026-05-08T00:00:00.000Z
4229,,,,24723138.43,1925755.69,22283942.23,2102440.94,2026-05-08T00:00:00.000Z,
3582,,,,7182572.15,7154230.03,,,2026-05-08T00:00:00.000Z,
2799,,,,315637.26,48428.31,,0.0,2026-02-06T00:00:00.000Z,
1378,,,,27714640.97,9528257.44,18283828.51,11061441.0,2026-02-06T00:00:00.000Z,
1900,,,,12721044.7,3924565.83,8451254.62,1807555.0,2026-02-06T00:00:00.000Z,
1796,,,,12186818.01,1089112.9,10421346.21,1787687.0,2026-02-06T00:00:00.000Z,
4435,,,,19162471.19,5259590.07,12487742.32,7132699.78,2026-05-08T00:00:00.000Z,
5378,,,,,,,1735300.96,,
4243,,,,39406435.11,26985835.33,11631167.01,3481862.27,2026-05-08T00:00:00.000Z,
4686,,,,1740753.86,151747.03,1506471.47,374835.47,2026-05-08T00:00:00.000Z,
1276,,,,5242416.68,546984.2,4587872.59,1158596.0,2026-02-06T00:00:00.000Z,
1715,,,,4905985.03,201407.7,4743733.31,620770.0,2026-02-06T00:00:00.000Z,
5577,,,,,,,0.0,,
5564,,,,,,,0.0,,
3484,,,,2352015.46,2231797.83,,,2026-05-08T00:00:00.000Z,
1262,,,,15377362.84,4437805.23,10793815.08,1494499.0,2026-02-06T00:00:00.000Z,
1410,,,,15255670.18,8294263.24,6945591.61,3846550.0,2026-02-06T00:00:00.000Z,
4704,2635373.99,2347870.42,287503.57,13788214.24,2819687.24,9390986.07,484798.7,2026-05-08T00:00:00.000Z,2026-05-08T00:00:00.000Z
2104,,,,12218145.6,12218145.6,,,2026-02-06T00:00:00.000Z,
2712,,,,246723.76,10108.1,,0.0,2026-02-06T00:00:00.000Z,
5472,,,,,,,0.0,,
4634,2134406.55,1497956.28,636450.27,45189660.22,31612000.14,9108262.28,5461785.33,2026-05-08T00:00:00.000Z,2026-05-08T00:00:00.000Z
1884,,,,28014674.09,7457446.19,19002709.49,7574086.0,2026-02-06T00:00:00.000Z,
4434,,,,36635773.15,7868375.4,26921819.2,5388299.64,2026-05-08T00:00:00.000Z,
4815,7907081.22,5417320.39,2489760.83,39827598.5,4287248.3,33596940.12,0.0,2026-05-08T00:00:00.000Z,2026-05-08T00:00:00.000Z
1920,,,,1258988.51,138347.12,1120246.78,155861.0,2026-02-06T00:00:00.000Z,
4184,,,,17806184.12,3599221.84,13346333.72,2990730.0,2026-02-06T00:00:00.000Z,
4752,,,,14499307.36,8340583.26,4323579.39,564297.87,2026-05-08T00:00:00.000Z,
4680,7016325.08,6152015.96,864309.12,112723822.92,38469787.36,69594256.59,14310556.37,2026-05-08T00:00:00.000Z,2026-05-08T00:00:00.000Z
4146,,,,10450593.04,361185.99,9879780.83,748915.25,2026-02-06T00:00:00.000Z,
4467,,,,9479527.74,78895.76,8799788.85,195090.53,2026-05-08T00:00:00.000Z,
1870,,,,19986986.22,337196.7,18978293.77,1672344.0,2026-02-06T00:00:00.000Z,
2186,,,,272044.68,268617.3,3427.38,,2026-02-06T00:00:00.000Z,
2116,,,,79664.9,,79664.9,,2026-02-06T00:00:00.000Z,
2094,,,,115026.8,115026.8,,,2026-02-06T00:00:00.000Z,
1641,,,,6585337.32,1020157.17,5058677.43,657887.0,2026-02-06T00:00:00.000Z,
1727,,,,6273629.81,555114.76,5542234.48,1200284.0,2026-02-06T00:00:00.000Z,
1285,,,,518798.92,331705.11,182722.6,86350.0,2026-02-06T00:00:00.000Z,
2149,,,,1709.4,1709.4,,,2026-02-06T00:00:00.000Z,
4693,,,,3390402.02,843511.82,2232974.53,0.0,2026-05-08T00:00:00.000Z,
4682,,,,16625420.56,1454404.37,14133965.66,2725695.56,2026-05-08T00:00:00.000Z,
2134,,,,9263.1,9263.1,,,2026-02-06T00:00:00.000Z,
4549,,,,1074305.39,458138.1,535291.54,89625.7,2026-05-08T00:00:00.000Z,
4221,,,,5885189.5,,5880199.66,1058840.4,2026-02-06T00:00:00.000Z,
3110,,,,14521628.76,14521628.76,,,2026-02-06T00:00:00.000Z,
4278,,,,4746862.15,445918.15,4176045.38,916590.87,2026-02-06T00:00:00.000Z,
4725,,,,16158525.57,1674323.49,12514558.5,1831879.91,2026-05-08T00:00:00.000Z,
2156,,,,3756.2,3756.2,,,2026-02-06T00:00:00.000Z,
1947,,,,1079972.79,78585.54,981395.83,173937.0,2026-02-06T00:00:00.000Z,
2511,,,,68452.66,1569.84,,0.0,2026-02-06T00:00:00.000Z,
5465,,,,,,,0.0,,
4417,,,,3501859.85,384082.78,2759117.06,132475.14,2026-02-06T00:00:00.000Z,
5142,,,,438042.78,438042.78,,0.0,2026-05-08T00:00:00.000Z,
1828,,,,11300288.42,8661935.17,2405710.44,929579.0,2026-02-06T00:00:00.000Z,
2087,,,,158330.0,158330.0,,,2026-02-06T00:00:00.000Z,
2662,,,,2376105.76,12166.85,,0.0,2026-02-06T00:00:00.000Z,
4384,,,,464404.17,342593.57,104310.6,0.0,2026-02-06T00:00:00.000Z,
2887,,,,47155.5,10811.09,,0.0,2026-02-06T00:00:00.000Z,
1808,,,,3364325.1,189696.35,2935586.8,319768.0,2026-02-06T00:00:00.000Z,
2219,,,,10918.0,10650.0,268.0,,2026-02-06T00:00:00.000Z,
3094,,,,1970893.81,1970893.81,,,2026-02-06T00:00:00.000Z,
1258,,,,6654597.56,946839.14,5707758.42,2546649.0,2026-02-06T00:00:00.000Z,
2164,,,,44075.5,44075.5,,,2026-02-06T00:00:00.000Z,
5611,,,,,,,0.0,,
2132,,,,3908.1,3908.1,,,2026-02-06T00:00:00.000Z,
2148,,,,55195.7,55195.7,,,2026-02-06T00:00:00.000Z,
2073,,,,172823.13,,172823.13,,2026-02-06T00:00:00.000Z,
3106,,,,1863094.36,1863094.36,,,2026-02-06T00:00:00.000Z,
2137,,,,10665.2,10665.2,,,2026-02-06T00:00:00.000Z,
2245,,,,16169.0,15754.0,415.0,,2026-02-06T00:00:00.000Z,
2165,,,,5310.9,5310.9,,,2026-02-06T00:00:00.000Z,
2139,,,,10684.8,10684.8,,,2026-02-06T00:00:00.000Z,
1246,,,,25674004.53,14600100.8,11073903.73,7197142.0,2026-02-06T00:00:00.000Z,
4840,190107.41,88353.33,101754.08,82628.99,82628.99,,0.0,2026-05-08T00:00:00.000Z,2026-05-08T00:00:00.000Z
2102,,,,5283.6,5283.6,,,2026-02-06T00:00:00.000Z,
3612,,,,,,,,,
5343,,,,220000.39,6673.21,,0.0,2026-02-06T00:00:00.000Z,
2881,,,,245180.05,,,0.0,2026-02-06T00:00:00.000Z,
1247,,,,496217930.75,178784755.92,317433174.83,220712228.0,2026-02-06T00:00:00.000Z,
2098,,,,4417.78,4417.78,,,2026-02-06T00:00:00.000Z,
4273,42352923.65,35711175.9,6641747.75,456284861.61,75955931.15,370229587.46,38473502.54,2026-05-08T00:00:00.000Z,2026-05-08T00:00:00.000Z
3080,,,,131270.0,131270.0,,,2026-02-06T00:00:00.000Z,
1976,9203306.37,8283359.63,919946.74,29874525.72,5872891.36,23293964.87,5682652.95,2026-02-06T00:00:00.000Z,2026-05-08T00:00:00.000Z
2150,,,,3832.5,3832.5,,,2026-02-06T00:00:00.000Z,
2217,,,,10378.9,10240.3,138.6,,2026-02-06T00:00:00.000Z,
2128,,,,985.6,985.6,,,2026-02-06T00:00:00.000Z,
5440,,,,1656804.72,103674.58,,0.0,2026-02-06T00:00:00.000Z,
2238,,,,809.0,809.0,,,2026-02-06T00:00:00.000Z,
3107,,,,11978567.7,11938317.8,40249.9,,2026-02-06T00:00:00.000Z,
5613,,,,,,,0.0,,
2545,,,,617178.15,11455.27,,0.0,2026-02-06T00:00:00.000Z,
2210,,,,2978.5,2978.5,,,2026-02-06T00:00:00.000Z,
1280,,,,801099.77,621063.41,162372.31,1152684.0,2026-02-06T00:00:00.000Z,
5112,,,,2909011.76,512278.84,,335650.35,2026-02-06T00:00:00.000Z,
5008,,,,1690213.97,11322.89,,0.0,2026-02-06T00:00:00.000Z,
5227,,,,2721442.21,535266.56,,0.0,2026-02-06T00:00:00.000Z,
2652,,,,594272.15,3425.43,,0.0,2026-02-06T00:00:00.000Z,
2710,,,,1953897.04,24985.4,,0.0,2026-02-06T00:00:00.000Z,
5312,,,,9126891.9,,,0.0,2026-02-06T00:00:00.000Z,
5202,,,,368318.57,336638.23,,0.0,2026-02-06T00:00:00.000Z,
5341,,,,4917541.16,23710.12,,0.0,2026-02-06T00:00:00.000Z,
4416,,,,47924916.48,7655187.55,35403115.45,6926192.59,2026-05-08T00:00:00.000Z,
5429,,,,445008.28,0.0,,0.0,2026-02-06T00:00:00.000Z,
3120,,,,9910572.12,9659300.12,251272.0,,2026-02-06T00:00:00.000Z,
3115,,,,4293680.63,4261945.83,31734.8,,2026-02-06T00:00:00.000Z,
4575,,,,168770902.66,72789202.81,89913130.08,20071948.65,2026-05-08T00:00:00.000Z,
2740,,,,237638.12,2302.94,,0.0,2026-02-06T00:00:00.000Z,
2891,,,,101953.04,31810.84,,0.0,2026-02-06T00:00:00.000Z,
5347,,,,175242.14,,,1022563.61,2026-02-06T00:00:00.000Z,
5584,,,,,,,0.0,,
3099,,,,549567.42,549567.42,,,2026-02-06T00:00:00.000Z,
1894,37132716.72,33983726.63,3148990.09,25963715.03,6402863.88,19313520.76,2197433.0,2026-02-06T00:00:00.000Z,2026-05-08T00:00:00.000Z
5023,,,,2220729.36,9611.5,,0.0,2026-02-06T00:00:00.000Z,
2103,,,,17711728.14,17711728.14,,,2026-02-06T00:00:00.000Z,
4104,,,,1602599.04,548330.85,1039928.95,198165.3,2026-02-06T00:00:00.000Z,
2655,,,,345269.68,,,0.0,2026-02-06T00:00:00.000Z,
2486,,,,62353.76,,,0.0,2026-02-06T00:00:00.000Z,
5237,,,,5939756.7,7672.04,,0.0,2026-02-06T00:00:00.000Z,
5039,,,,3790767.48,,,0.0,2026-02-06T00:00:00.000Z,
5452,,,,287382.69,,,0.0,2026-02-06T00:00:00.000Z,
5579,,,,,,,0.0,,
5547,,,,,,,0.0,,
3595,,,,,,,,,
5474,,,,,,,122494.46,,
2564,,,,307796.38,,,0.0,2026-02-06T00:00:00.000Z,
2347,,,,385486.13,385486.13,,,2026-02-06T00:00:00.000Z,
1244,,,,31014660.65,29562899.0,1451761.65,2801027.0,2026-02-06T00:00:00.000Z,
2083,,,,3923373.29,3923373.29,,,2026-02-06T00:00:00.000Z,
2239,,,,89.0,89.0,,,2026-02-06T00:00:00.000Z,
2151,,,,26617.5,26617.5,,,2026-02-06T00:00:00.000Z,
1412,,,,35299777.93,1386209.24,33708365.51,4988421.0,2026-02-06T00:00:00.000Z,
1375,,,,5097818.74,480755.51,4573840.99,710833.0,2026-02-06T00:00:00.000Z,
1661,,,,37319126.81,13118437.56,21598221.43,1713943.0,2026-02-06T00:00:00.000Z,
4080,141493695.57,118543111.68,22950583.89,299091068.29,208939865.6,80109027.69,55260437.44,2026-05-08T00:00:00.000Z,2026-05-08T00:00:00.000Z
1652,,,,8321148.68,1153887.8,7059572.88,760524.0,2026-02-06T00:00:00.000Z,
3170,,,,16619808.6,16617849.01,,,2026-02-06T00:00:00.000Z,
1436,,,,6719649.01,999661.03,5784955.93,1685487.0,2026-02-06T00:00:00.000Z,
2147,,,,242500.3,242500.3,,,2026-02-06T00:00:00.000Z,
1284,,,,4064691.72,950005.26,3086906.66,641581.0,2026-02-06T00:00:00.000Z,
4520,57619383.25,,57619383.25,824809114.53,821313566.27,,24277135.57,2026-05-08T00:00:00.000Z,2026-05-08T00:00:00.000Z
1426,,,,12698713.54,5084794.82,6625816.2,7923456.0,2026-02-06T00:00:00.000Z,
4376,,,,18001125.04,4711299.43,12213255.41,569600.0,2026-05-08T00:00:00.000Z,
4708,,,,10816787.11,3017481.7,6978277.06,501389.56,2026-05-08T00:00:00.000Z,
2163,,,,16529.1,16529.1,,,2026-02-06T00:00:00.000Z,
5591,,,,,,,0.0,,
5592,,,,,,,0.0,,
5593,,,,,,,0.0,,
2814,,,,55527.93,5002.5,,0.0,2026-02-06T00:00:00.000Z,
2135,,,,3612.0,3612.0,,,2026-02-06T00:00:00.000Z,
1809,6869983.55,5100986.2,1768997.35,8529243.13,1331527.78,7090658.85,139569.0,2026-02-06T00:00:00.000Z,2026-05-08T00:00:00.000Z
1692,12307474.22,11097850.83,1209623.39,85457156.97,11882512.61,62731744.96,1680577.0,2026-02-06T00:00:00.000Z,2026-05-08T00:00:00.000Z
5482,,,,23449690.72,5110795.6,,475309.7,2026-05-08T00:00:00.000Z,
4166,,,,216209703.21,197272529.12,16988771.63,32791178.97,2026-02-06T00:00:00.000Z,
4648,,,,1900323.25,35027.85,1642267.82,91219.57,2026-05-08T00:00:00.000Z,
4775,,,,10265968.02,1082335.75,8081320.28,341318.02,2026-05-08T00:00:00.000Z,
3619,,,,,,,,,
4769,,,,34200967.13,17368890.25,11318339.03,221734.52,2026-05-08T00:00:00.000Z,
3194,,,,1209952.91,1209952.91,,,2026-02-06T00:00:00.000Z,
1556,23662227.18,13809310.51,9852916.67,25804256.17,4029934.14,21814740.52,2541082.0,2026-02-06T00:00:00.000Z,2026-05-08T00:00:00.000Z
4809,,,,3283172.84,52264.78,3230908.06,0.0,2026-05-08T00:00:00.000Z,
4738,5040799.4,4452358.59,588440.81,58944738.76,30135933.0,25624336.5,2516080.88,2026-05-08T00:00:00.000Z,2026-05-08T00:00:00.000Z
3275,,,,2865308.55,2802803.93,,,2026-02-06T00:00:00.000Z,
1506,25921601.38,11710373.75,14211227.63,12192558.84,1295562.79,10619079.89,1791043.0,2026-02-06T00:00:00.000Z,2026-05-08T00:00:00.000Z
3144,,,,3640300.38,3605459.48,42297.69,,2026-02-06T00:00:00.000Z,
4699,49178908.97,45780663.46,3398245.51,236386074.35,149956643.88,77786960.11,9247399.7,2026-05-08T00:00:00.000Z,2026-05-08T00:00:00.000Z
3183,,,,3570334.69,3580882.64,,,2026-02-06T00:00:00.000Z,
1754,,,,20695468.8,458980.05,19798316.75,75650.0,2026-02-06T00:00:00.000Z,
2138,,,,19322.8,19322.8,,,2026-02-06T00:00:00.000Z,
1243,,,,3482782.86,2126923.11,1355859.75,580602.0,2026-02-06T00:00:00.000Z,
2081,,,,145795.3,145795.3,,,2026-02-06T00:00:00.000Z,
3095,,,,14177728.92,14180823.92,-3095.0,,2026-02-06T00:00:00.000Z,
2123,,,,6106.1,6106.1,,,2026-02-06T00:00:00.000Z,
2175,,,,67507.3,67507.3,,,2026-02-06T00:00:00.000Z,
2193,,,,537898.9,537898.9,,,2026-02-06T00:00:00.000Z,
2089,,,,22420.0,22420.0,,,2026-02-06T00:00:00.000Z,
2182,,,,78416.73,78416.73,,,2026-02-06T00:00:00.000Z,
1240,,,,25149994.52,15755766.0,9394228.52,3479614.0,2026-02-06T00:00:00.000Z,
5594,,,,,,,0.0,,
5595,,,,,,,0.0,,
3627,,,,,,,,,
5558,,,,,,,0.0,,
3123,,,,1498099.85,1495609.16,2490.69,,2026-02-06T00:00:00.000Z,
2159,,,,5010.6,5010.6,,,2026-02-06T00:00:00.000Z,
3628,,,,,,,,,
4727,3288317.84,2837593.52,450724.32,9393758.66,2488608.3,6357098.77,1168645.74,2026-05-08T00:00:00.000Z,2026-05-08T00:00:00.000Z
2109,,,,49833.0,49833.0,,,2026-02-06T00:00:00.000Z,
4308,,,,812362869.31,201483749.29,594834752.13,135123682.0,2026-05-08T00:00:00.000Z,
5479,,,,,,,0.0,,
3560,1195363.31,701179.76,494183.55,81325662.97,77381975.24,,,2026-05-08T00:00:00.000Z,2026-05-08T00:00:00.000Z
4294,631364.39,458957.44,172406.95,14573962.86,8206788.69,6034366.33,1934113.21,2026-02-06T00:00:00.000Z,2026-05-08T00:00:00.000Z
4572,,,,67973840.7,45510150.72,18088265.68,7078279.84,2026-05-08T00:00:00.000Z,
5480,,,,,,,0.0,,
5481,,,,,,,0.0,,
3111,,,,622261.07,622261.07,,,2026-02-06T00:00:00.000Z,
2142,,,,287844.9,279057.1,8787.8,,2026-02-06T00:00:00.000Z,
1885,,,,15069225.02,609559.78,13830000.89,2350354.0,2026-02-06T00:00:00.000Z,
4183,,,,12097027.25,1513117.68,10471591.05,1444086.0,2026-02-06T00:00:00.000Z,
1259,,,,3099238.12,2656536.59,442701.53,1129100.0,2026-02-06T00:00:00.000Z,
4584,,,,49412664.56,12322695.83,36026285.24,7422262.24,2026-05-08T00:00:00.000Z,
4093,,,,14890071.93,12954412.72,1860004.86,2253069.0,2026-02-06T00:00:00.000Z,
4668,718086.55,627295.82,90790.73,815764.95,594090.7,174023.19,49490.37,2026-02-06T00:00:00.000Z,2026-05-08T00:00:00.000Z
4385,,,,17803249.55,15779103.99,1739730.7,0.0,2026-05-08T00:00:00.000Z,
4395,,,,18307405.33,1427710.29,14935217.17,3596784.5,2026-05-08T00:00:00.000Z,
4741,,,,15847026.18,1383871.29,13140083.29,2967737.67,2026-05-08T00:00:00.000Z,
3096,,,,14603949.57,14603949.57,,,2026-02-06T00:00:00.000Z,
5458,,,,508829.64,85282.26,,617147.31,2026-05-08T00:00:00.000Z,
4150,,,,10135201.52,877052.35,8633117.54,1518773.0,2026-02-06T00:00:00.000Z,
4828,861252628.47,408419111.47,452833517.0,744210526.68,677838888.26,38286022.28,26353421.83,2026-05-08T00:00:00.000Z,2026-05-08T00:00:00.000Z
4884,11854481.69,8505863.81,3348617.88,6646865.07,3182451.28,2914069.9,0.0,2026-05-08T00:00:00.000Z,2026-05-08T00:00:00.000Z
1254,,,,6556199.43,565162.84,5991036.59,750065.0,2026-02-06T00:00:00.000Z,
3127,,,,41304168.5,41304168.5,,,2026-02-06T00:00:00.000Z,
1824,,,,10887118.75,6505428.33,4118092.57,1655323.0,2026-02-06T00:00:00.000Z,
4119,,,,7594458.33,943878.32,6197532.28,1002978.0,2026-02-06T00:00:00.000Z,
2091,,,,100369.9,100369.9,,,2026-02-06T00:00:00.000Z,
4894,251261.02,54195.15,197065.87,16563.16,9063.16,7500.0,0.0,2026-05-08T00:00:00.000Z,2026-05-08T00:00:00.000Z
1706,,,,6109252.52,362549.23,5718317.04,831281.0,2026-02-06T00:00:00.000Z,
2222,,,,31229.0,30463.0,766.0,,2026-02-06T00:00:00.000Z,
2127,,,,3388.0,3388.0,,,2026-02-06T00:00:00.000Z,
2090,,,,210625.4,210625.4,,,2026-02-06T00:00:00.000Z,
1961,,,,9807841.2,7036419.52,2451128.68,1769996.0,2026-02-06T00:00:00.000Z,
4085,1012576801.02,866598517.46,145978283.56,14773747583.81,2682850144.75,11914446233.5,1385587779.1,2026-05-08T00:00:00.000Z,2026-05-08T00:00:00.000Z
2122,,,,22213.1,22213.1,,,2026-02-06T00:00:00.000Z,
1337,,,,4697327.57,2066492.47,2599444.42,782081.0,2026-02-06T00:00:00.000Z,
1728,,,,5571824.46,107254.64,5450630.59,313396.0,2026-02-06T00:00:00.000Z,
4016,,,,5743591.77,1591500.78,3912611.78,1518573.0,2026-02-06T00:00:00.000Z,
3177,,,,2288670.82,2288670.82,,,2026-02-06T00:00:00.000Z,
1905,,,,27888157.43,22477506.98,4595584.54,3401021.0,2026-02-06T00:00:00.000Z,
5504,,,,,,,0.0,,
4012,3145110.51,3079543.32,65567.19,21739243.52,13858567.53,7297543.86,6470493.0,2026-02-06T00:00:00.000Z,2026-05-08T00:00:00.000Z
4098,,,,17603230.69,3896844.97,13360903.14,3763546.86,2026-02-06T00:00:00.000Z,
4075,,,,12040508.41,10232783.99,1748072.96,1646935.54,2026-02-06T00:00:00.000Z,
1673,,,,6654375.1,5436752.43,1193597.49,1213406.0,2026-02-06T00:00:00.000Z,
2169,,,,304833.9,304833.9,,,2026-02-06T00:00:00.000Z,
2095,,,,179704.0,179704.0,,,2026-02-06T00:00:00.000Z,
5597,,,,,,,0.0,,
2113,,,,171329.2,171329.2,,,2026-02-06T00:00:00.000Z,
5448,,,,,,,114009.6,,
4694,,,,29755138.76,16684623.65,10786009.89,5548407.5,2026-05-08T00:00:00.000Z,
4359,,,,34019803.08,1189389.22,28744865.81,3078571.45,2026-05-08T00:00:00.000Z,
1418,,,,4620806.54,556297.96,4110565.71,888018.0,2026-02-06T00:00:00.000Z,
4311,,,,3126349.9,427582.36,2589356.54,513765.94,2026-02-06T00:00:00.000Z,
1517,829908.94,485999.91,343909.03,13351657.77,2023872.79,11322151.73,1054873.0,2026-02-06T00:00:00.000Z,2026-05-08T00:00:00.000Z
4543,,,,13644804.5,978863.96,11985112.08,2564870.59,2026-05-08T00:00:00.000Z,
1546,21289503.58,12088046.88,9201456.7,18285916.76,2704333.28,15053049.44,1839971.0,2026-02-06T00:00:00.000Z,2026-05-08T00:00:00.000Z
1583,,,,3950493.46,797674.23,3149041.55,410149.0,2026-02-06T00:00:00.000Z,
4114,,,,12480065.52,1276034.26,10948163.76,2789576.0,2026-02-06T00:00:00.000Z,
1264,,,,3033110.28,882780.99,2135164.26,915473.0,2026-02-06T00:00:00.000Z,
1719,8012383.98,7512653.08,499730.9,10250604.99,1741864.87,8492034.94,3247237.0,2026-02-06T00:00:00.000Z,2026-05-08T00:00:00.000Z
4083,,,,2757341.45,1811567.95,760734.99,755105.98,2026-02-06T00:00:00.000Z,
4445,,,,8969123.63,168922.74,7697357.63,952580.2,2026-05-08T00:00:00.000Z,
4102,,,,5926569.26,822112.42,4919885.84,929.91,2026-02-06T00:00:00.000Z,
2421,,,,5635120.91,830803.58,3930544.5,,2026-02-06T00:00:00.000Z,
3263,,,,95418.65,100286.15,,,2026-02-06T00:00:00.000Z,
5185,,,,11569873.93,281016.45,,2023621.49,2026-02-06T00:00:00.000Z,
4617,5051308.74,4485334.31,565974.43,36424021.29,7609196.05,26182354.38,7391047.52,2026-05-08T00:00:00.000Z,2026-05-08T00:00:00.000Z
2478,,,,286116.51,286116.51,,0.0,2026-02-06T00:00:00.000Z,
2519,,,,4517835.85,54242.09,,0.0,2026-02-06T00:00:00.000Z,
1612,885607.65,305110.65,580497.0,2507109.03,2255135.7,253661.66,233931.0,2026-02-06T00:00:00.000Z,2026-05-08T00:00:00.000Z
3527,,,,322190.94,288532.25,,,2026-02-06T00:00:00.000Z,
2253,,,,579368.3,579368.3,,,2026-02-06T00:00:00.000Z,
2838,,,,1809604.1,61573.72,,0.0,2026-02-06T00:00:00.000Z,
1725,,,,719520.31,15794.82,707202.55,3954.0,2026-02-06T00:00:00.000Z,
2713,,,,787557.07,17698.2,,0.0,2026-02-06T00:00:00.000Z,
5181,,,,7751554.46,204884.64,,0.0,2026-02-06T00:00:00.000Z,
3118,,,,728068.5,715047.0,13021.5,,2026-02-06T00:00:00.000Z,
2244,,,,451.0,451.0,,,2026-02-06T00:00:00.000Z,
1253,,,,12512996.09,494514.78,12018481.31,2116175.0,2026-02-06T00:00:00.000Z,
2447,,,,373067.37,0.0,443531.25,,2026-02-06T00:00:00.000Z,
3238,,,,2130479.17,2102653.47,,,2026-02-06T00:00:00.000Z,
2731,,,,390948.83,5060.09,,0.0,2026-02-06T00:00:00.000Z,
2963,,,,100774.9,30662.98,,0.0,2026-02-06T00:00:00.000Z,
2698,,,,472378.63,5725.4,,0.0,2026-02-06T00:00:00.000Z,
4579,,,,15898362.56,3180643.95,11572245.16,2025001.71,2026-05-08T00:00:00.000Z,
5559,,,,,,,0.0,,
2001,,,,,,,,,
2002,,,,,,,,,
2003,,,,,,,,,
2004,,,,,,,,,
2005,,,,,,,,,
2006,,,,,,,,,
2007,,,,,,,,,
2008,,,,,,,,,
2009,,,,,,,,,
2010,,,,,,,,,
2011,,,,,,,,,
2012,,,,,,,,,
2013,,,,,,,,,
2014,,,,,,,,,
2015,,,,,,,,,
2016,,,,,,,,,
2085,,,,1488663.62,1488663.62,,,2026-02-06T00:00:00.000Z,
2309,,,,3209125.2,3209125.2,,,2026-02-06T00:00:00.000Z,
5145,,,,13654350.61,184089.91,,0.0,2026-02-06T00:00:00.000Z,
5548,,,,,,,0.0,,
2194,,,,134398.6,134398.6,,,2026-02-06T00:00:00.000Z,
2174,,,,7865.2,7865.2,,,2026-02-06T00:00:00.000Z,
5588,,,,,,,0.0,,
2143,,,,10542.0,10542.0,,,2026-02-06T00:00:00.000Z,
2017,,,,,,,,,
2018,,,,,,,,,
2019,,,,,,,,,
2020,,,,,,,,,
2021,,,,,,,,,
2022,,,,,,,,,
2023,,,,,,,,,
2024,,,,,,,,,
2025,,,,,,,,,
2026,,,,,,,,,
2027,,,,,,,,,
2028,,,,,,,,,
2029,,,,,,,,,
2030,,,,,,,,,
2031,,,,,,,,,
2032,,,,,,,,,
2033,,,,,,,,,
2034,,,,,,,,,
2035,,,,,,,,,
2036,,,,,,,,,
2037,,,,,,,,,
2038,,,,,,,,,
2039,,,,,,,,,
2040,,,,,,,,,
2041,,,,,,,,,
2391,,,,292087.28,292087.28,,,2026-02-06T00:00:00.000Z,
2043,,,,,,,,,
2274,,,,27252.68,27252.68,,,2026-02-06T00:00:00.000Z,
2045,,,,,,,,,
2046,,,,,,,,,
2047,,,,,,,,,
2048,,,,,,,,,
2049,,,,,,,,,
2050,,,,,,,,,
2051,,,,,,,,,
2052,,,,,,,,,
2053,,,,,,,,,
2054,,,,,,,,,
2055,,,,,,,,,
2056,,,,,,,,,
2057,,,,,,,,,
2058,,,,,,,,,
2059,,,,,,,,,
2060,,,,,,,,,
2061,,,,,,,,,
2062,,,,,,,,,
2063,,,,,,,,,
2064,,,,,,,,,
2065,,,,,,,,,
2066,,,,,,,,,
2067,,,,,,,,,
2068,,,,,,,,,
2069,,,,,,,,,
2070,,,,,,,,,
2141,,,,10298.4,10298.4,,,2026-02-06T00:00:00.000Z,
2072,,,,,,,,,
4703,,,,,,,0.0,,
2430,,,,0.0,0.0,,,2026-02-06T00:00:00.000Z,
2574,,,,152571.46,2403.19,,0.0,2026-02-06T00:00:00.000Z,
2319,,,,1050617.89,1050617.89,,,2026-02-06T00:00:00.000Z,
2077,,,,,,,,,
2078,,,,,,,,,
2079,,,,,,,,,
3105,,,,24877863.19,24776249.46,101613.73,,2026-02-06T00:00:00.000Z,
5586,,,,,,,0.0,,
5292,,,,329786.2,2207.19,,408447.88,2026-02-06T00:00:00.000Z,
2111,,,,2887129.0,2887129.0,,,2026-02-06T00:00:00.000Z,
2270,,,,109772.6,109772.6,,,2026-02-06T00:00:00.000Z,
2356,,,,11549.67,11549.67,,,2026-02-06T00:00:00.000Z,
2110,,,,16959.0,16959.0,,,2026-02-06T00:00:00.000Z,
3193,,,,2631914.91,2662225.4,,,2026-02-06T00:00:00.000Z,
3201,,,,49945087.29,49907838.54,,,2026-02-06T00:00:00.000Z,
2231,,,,9565.0,9565.0,,,2026-02-06T00:00:00.000Z,
1354,,,,185489007.3,152443939.55,33092101.88,28495935.0,2026-02-06T00:00:00.000Z,
1547,,,,12821500.42,4499165.39,8274409.55,630116.0,2026-02-06T00:00:00.000Z,
3190,,,,2308324.53,2308324.53,,,2026-02-06T00:00:00.000Z,
5581,,,,,,,0.0,,
2093,,,,,,,,,
1396,,,,4853317.12,681327.02,3553040.63,93818.0,2026-02-06T00:00:00.000Z,
1407,,,,10952618.23,614423.27,10272253.0,2133460.0,2026-02-06T00:00:00.000Z,
4282,,,,4786876.55,3514800.26,1134479.29,580615.77,2026-05-08T00:00:00.000Z,
1386,,,,7390259.93,837090.99,6533634.13,1663497.0,2026-02-06T00:00:00.000Z,
1882,,,,3536705.06,3536705.01,,0.0,2026-02-06T00:00:00.000Z,
4051,,,,71006602.75,66665786.34,4123295.55,4882327.14,2026-02-06T00:00:00.000Z,
2100,,,,,,,,,
2101,,,,,,,,,
4729,,,,20898992.89,6905259.35,13025180.64,0.0,2026-05-08T00:00:00.000Z,
5589,,,,,,,0.0,,
4674,,,,11279745.37,2230236.9,7576071.82,809061.48,2026-05-08T00:00:00.000Z,
2105,,,,,,,,,
2106,,,,,,,,,
3498,,,,1633697.62,1538180.25,,,2026-05-08T00:00:00.000Z,
3102,,,,167848.74,167848.74,,,2026-02-06T00:00:00.000Z,
3108,,,,498136.8,498136.8,,,2026-02-06T00:00:00.000Z,
2088,,,,138096.0,138096.0,,,2026-02-06T00:00:00.000Z,
2120,,,,106274.0,106274.0,,,2026-02-06T00:00:00.000Z,
1978,,,,7041838.42,2135392.16,4865260.83,1186863.0,2026-02-06T00:00:00.000Z,
4448,,,,971209.44,251829.49,632652.34,0.0,2026-05-08T00:00:00.000Z,
5302,,,,6870054.38,254101.83,,0.0,2026-05-08T00:00:00.000Z,
1997,,,,13570671.84,3268242.01,9830601.68,1807320.0,2026-02-06T00:00:00.000Z,
4262,,,,46994294.43,45407153.42,625146.24,5301884.96,2026-02-06T00:00:00.000Z,
4289,,,,16783200.6,9301159.0,6873685.55,3738576.45,2026-02-06T00:00:00.000Z,
5149,,,,1386170.88,1381732.22,,0.0,2026-05-08T00:00:00.000Z,
4743,,,,1293663.48,47305.09,1136860.74,0.0,2026-05-08T00:00:00.000Z,
3192,,,,9529091.7,9566291.2,,,2026-02-06T00:00:00.000Z,
4038,,,,11018960.86,2675511.27,8286071.87,1441802.0,2026-02-06T00:00:00.000Z,
1363,,,,3019659.14,103814.9,2934328.57,431125.0,2026-02-06T00:00:00.000Z,
2228,,,,84854.0,82772.0,2082.0,,2026-02-06T00:00:00.000Z,
1619,,,,3698478.5,840787.72,2905365.21,127399.0,2026-02-06T00:00:00.000Z,
4824,,,,2596545.91,276439.91,1933333.34,20778.0,2026-05-08T00:00:00.000Z,
4772,,,,1734151.75,594547.1,1139604.65,0.0,2026-05-08T00:00:00.000Z,
1318,,,,13588960.08,13193223.02,451699.92,1454376.0,2026-02-06T00:00:00.000Z,
1626,,,,38376189.28,212317.97,38102662.32,571436.0,2026-02-06T00:00:00.000Z,
1260,,,,9863594.0,3896685.75,5833055.72,1875688.0,2026-02-06T00:00:00.000Z,
4853,,,,230809.98,,230809.98,0.0,2026-05-08T00:00:00.000Z,
4897,,,,398964.11,,,0.0,2026-05-08T00:00:00.000Z,
2133,,,,19758.2,19758.2,,,2026-02-06T00:00:00.000Z,
3618,,,,54376.7,54376.7,,,2026-05-08T00:00:00.000Z,
5608,,,,,,,0.0,,
3254,,,,5201233.4,4996424.95,,,2026-02-06T00:00:00.000Z,
4493,11336909.66,,11336909.66,141681533.61,129364088.84,,3172313.77,2026-05-08T00:00:00.000Z,2026-05-08T00:00:00.000Z
2234,,,,393.0,393.0,,,2026-02-06T00:00:00.000Z,
1252,,,,2020087.91,174832.0,1845255.91,286725.0,2026-02-06T00:00:00.000Z,
4672,6807601.19,2153057.51,4654543.68,90763237.3,1257960.7,79207140.49,1631308.48,2026-05-08T00:00:00.000Z,2026-05-08T00:00:00.000Z
1820,1251943.17,1000815.99,251127.18,729454.15,561493.99,144384.16,300107.0,2026-02-06T00:00:00.000Z,2026-05-08T00:00:00.000Z
4659,,,,21274106.56,5320988.65,14952645.37,2789516.61,2026-05-08T00:00:00.000Z,
4287,,,,5798145.11,448438.27,5022776.92,275024.93,2026-02-06T00:00:00.000Z,
3553,,,,6215069.13,6215069.13,,,2026-02-06T00:00:00.000Z,
2225,,,,1184534.16,1184534.16,,,2026-02-06T00:00:00.000Z,
4607,196961378.26,161471627.63,35489750.63,36925123.9,12522119.13,21983428.83,6700792.44,2026-05-08T00:00:00.000Z,2026-05-08T00:00:00.000Z
3114,,,,2682126.7,2682126.7,,,2026-02-06T00:00:00.000Z,
1943,,,,22213776.98,11536454.74,10267899.58,974818.0,2026-02-06T00:00:00.000Z,
2229,,,,18799.0,18338.0,461.0,,2026-02-06T00:00:00.000Z,
4036,,,,2466820.86,2387707.68,79113.18,98442.04,2026-02-06T00:00:00.000Z,
5487,,,,201333.88,194348.66,,493124.96,2026-05-08T00:00:00.000Z,
3117,,,,4478262.25,4478262.25,,,2026-02-06T00:00:00.000Z,
2551,,,,5321631.31,,,0.0,2026-02-06T00:00:00.000Z,
2985,,,,505445.76,26580.05,,0.0,2026-02-06T00:00:00.000Z,
4842,776962.4,524213.75,252748.65,1648501.38,6879.39,1641621.99,0.0,2026-05-08T00:00:00.000Z,2026-05-08T00:00:00.000Z
5505,,,,,,,0.0,,
1572,,,,834072.23,247469.71,574363.07,8602.0,2026-02-06T00:00:00.000Z,
1242,,,,12713027.57,10429603.75,2283423.82,1514019.0,2026-02-06T00:00:00.000Z,
2776,,,,952269.39,4203.7,,0.0,2026-02-06T00:00:00.000Z,
4279,,,,7132460.77,4427205.2,2601497.74,323833.13,2026-05-08T00:00:00.000Z,
3526,,,,0.0,0.0,,,2026-02-06T00:00:00.000Z,
3100,,,,8445699.69,8406205.94,39493.75,,2026-02-06T00:00:00.000Z,
2201,,,,99009898.86,98815713.86,194185.0,,2026-02-06T00:00:00.000Z,
1940,,,,6363902.22,3177980.28,3084920.67,1141916.0,2026-02-06T00:00:00.000Z,
2706,,,,564692.63,62825.97,,0.0,2026-02-06T00:00:00.000Z,
5078,,,,3440106.91,72265.71,,0.0,2026-02-06T00:00:00.000Z,
5093,,,,30805790.0,294372.82,,393133.31,2026-02-06T00:00:00.000Z,
2671,,,,6243071.54,34976.38,,0.0,2026-02-06T00:00:00.000Z,
4246,,,,2486685.09,328168.44,2126548.61,374875.74,2026-02-06T00:00:00.000Z,
3257,,,,360856.81,334565.71,,,2026-02-06T00:00:00.000Z,
2332,,,,199185.63,199185.63,,,2026-02-06T00:00:00.000Z,
2711,,,,1104733.0,1560.54,,0.0,2026-02-06T00:00:00.000Z,
2176,,,,,,,,,
4711,,,,21452191.58,476197.93,18943990.56,235826.42,2026-05-08T00:00:00.000Z,
2178,,,,,,,,,
5037,,,,30712289.96,65129.22,,0.0,2026-02-06T00:00:00.000Z,
2936,,,,2474182.45,12262.01,,0.0,2026-02-06T00:00:00.000Z,
5103,,,,10083188.44,26090.33,,37449.95,2026-02-06T00:00:00.000Z,
2742,,,,728769.26,,,0.0,2026-02-06T00:00:00.000Z,
2438,,,,244734.82,,,,2026-02-06T00:00:00.000Z,
2855,,,,4089121.18,448670.0,,0.0,2026-02-06T00:00:00.000Z,
5530,,,,,,,0.0,,
2680,,,,6432.11,,,0.0,2026-02-06T00:00:00.000Z,
2172,,,,9716.0,9716.0,,,2026-02-06T00:00:00.000Z,
2968,,,,139425.9,10656.22,,0.0,2026-02-06T00:00:00.000Z,
2190,,,,,,,,,
2191,,,,,,,,,
2192,,,,,,,,,
2639,,,,3338.02,,,0.0,2026-02-06T00:00:00.000Z,
2218,,,,10792.0,10527.0,265.0,,2026-02-06T00:00:00.000Z,
2195,,,,,,,,,
2196,,,,,,,,,
2197,,,,,,,,,
2198,,,,,,,,,
2166,,,,37398.2,37398.2,,,2026-02-06T00:00:00.000Z,
2200,,,,,,,,,
2203,,,,,,,,,
2204,,,,,,,,,
2205,,,,,,,,,
2206,,,,,,,,,
2207,,,,,,,,,
2208,,,,,,,,,
2209,,,,,,,,,
5239,,,,6245239.57,,,0.0,2026-02-06T00:00:00.000Z,
2211,,,,,,,,,
2212,,,,,,,,,
2097,,,,250772.0,250772.0,,,2026-02-06T00:00:00.000Z,
2214,,,,,,,,,
2215,,,,,,,,,
2099,,,,86755.2,86755.2,,,2026-02-06T00:00:00.000Z,
2747,,,,65863.96,,,0.0,2026-02-06T00:00:00.000Z,
5158,,,,415169.62,97469.35,,112088.0,2026-02-06T00:00:00.000Z,
5194,,,,3126981.79,14074.15,,3071122.89,2026-02-06T00:00:00.000Z,
5122,,,,1102989.32,54779.68,,0.0,2026-02-06T00:00:00.000Z,
2082,,,,265690.51,265690.51,,,2026-02-06T00:00:00.000Z,
2451,,,,449514.35,2572.57,,,2026-02-06T00:00:00.000Z,
2167,,,,21858.2,21858.2,,,2026-02-06T00:00:00.000Z,
2246,,,,321.0,321.0,,,2026-02-06T00:00:00.000Z,
5531,,,,,,,0.0,,
5044,,,,1077214.49,36947.91,,0.0,2026-02-06T00:00:00.000Z,
2794,,,,181364.45,3680.63,,0.0,2026-02-06T00:00:00.000Z,
2754,,,,65865.8,,,0.0,2026-02-06T00:00:00.000Z,
5235,,,,617443.25,21649.79,,0.0,2026-02-06T00:00:00.000Z,
2381,,,,53686.5,53686.5,,,2026-02-06T00:00:00.000Z,
5207,,,,37600.59,37035.31,,0.0,2026-02-06T00:00:00.000Z,
5059,,,,1329554.54,88250.84,,0.0,2026-02-06T00:00:00.000Z,
3256,,,,51276.45,51276.45,,,2026-02-06T00:00:00.000Z,
2185,,,,558515.77,558515.77,,,2026-02-06T00:00:00.000Z,
2160,,,,10498.6,10498.6,,,2026-02-06T00:00:00.000Z,
2236,,,,,,,,,
2180,,,,8006377.4,8006377.4,,,2026-02-06T00:00:00.000Z,
2199,,,,196740.6,194185.6,2555.0,,2026-02-06T00:00:00.000Z,
5242,,,,79796.27,,,0.0,2026-02-06T00:00:00.000Z,
2767,,,,28163.31,,,0.0,2026-02-06T00:00:00.000Z,
2241,,,,,,,,,
4787,3586953.2,2713497.88,873455.32,15083253.29,54662.17,14394188.45,0.0,2026-05-08T00:00:00.000Z,2026-05-08T00:00:00.000Z
2154,,,,14725.9,14725.9,,,2026-02-06T00:00:00.000Z,
4502,6604151.88,,6604151.88,1066652299.14,1051107610.08,,10628580.73,2026-05-08T00:00:00.000Z,2026-05-08T00:00:00.000Z
1775,,,,9638507.73,711874.01,8615701.72,93369.0,2026-02-06T00:00:00.000Z,
4439,,,,18657609.07,1582315.5,14102298.9,2102402.37,2026-05-08T00:00:00.000Z,
1714,,,,2306258.82,75893.92,2223734.18,27051.0,2026-02-06T00:00:00.000Z,
4726,,,,1253511.75,18534.27,1043679.11,0.0,2026-05-08T00:00:00.000Z,
2249,,,,,,,,,
2250,,,,,,,,,
4636,,,,12272634.56,133274.56,11532201.42,3227015.97,2026-05-08T00:00:00.000Z,
2202,,,,121107.7,119620.9,1486.8,,2026-02-06T00:00:00.000Z,
2187,,,,357301.86,357301.86,,,2026-02-06T00:00:00.000Z,
2237,,,,230928.14,230928.14,,,2026-02-06T00:00:00.000Z,
2188,,,,28676.64,28676.64,,,2026-02-06T00:00:00.000Z,
4646,,,,6297791.52,909551.93,4681366.38,163909.39,2026-05-08T00:00:00.000Z,
4202,,,,316269.06,261761.16,4137.71,570570.04,2026-05-08T00:00:00.000Z,
1300,,,,34309695.49,16704381.41,17070710.07,3599288.0,2026-02-06T00:00:00.000Z,
3497,,,,524164.12,489316.15,,,2026-05-08T00:00:00.000Z,
5359,,,,18485.01,11006.98,,0.0,2026-05-08T00:00:00.000Z,
4511,123627.88,,123627.88,126934582.16,120080343.87,,217242.66,2026-05-08T00:00:00.000Z,2026-05-08T00:00:00.000Z
1606,618379758.99,523188508.49,95191250.5,369044717.3,228259770.65,137759808.06,90546358.0,2026-02-06T00:00:00.000Z,2026-05-08T00:00:00.000Z
2263,,,,,,,,,
2264,,,,,,,,,
2267,,,,,,,,,
2268,,,,,,,,,
4822,,,,9074356.04,1951483.68,6686512.73,93251.06,2026-05-08T00:00:00.000Z,
4673,1150178292.67,782193893.08,367984399.59,2836722760.23,2483930863.05,280956127.92,218420891.34,2026-05-08T00:00:00.000Z,2026-05-08T00:00:00.000Z
2271,,,,,,,,,
4297,2962689.95,1955548.44,1007141.51,23859706.67,12204735.75,11145356.82,3706312.65,2026-05-08T00:00:00.000Z,2026-05-08T00:00:00.000Z
2273,,,,,,,,,
4182,,,,39488157.03,7423823.29,30676532.74,6052490.1,2026-05-08T00:00:00.000Z,
1559,,,,2348737.81,12556.72,2344966.96,154535.0,2026-02-06T00:00:00.000Z,
2276,,,,,,,,,
2277,,,,,,,,,
2278,,,,,,,,,
2279,,,,,,,,,
2280,,,,,,,,,
2281,,,,,,,,,
4241,89803712.87,77971796.97,11831915.9,125933749.14,47487390.51,73754589.63,42121164.24,2026-05-08T00:00:00.000Z,2026-05-08T00:00:00.000Z
2283,,,,,,,,,
2284,,,,,,,,,
2285,,,,,,,,,
4475,,,,10891706.06,1668346.47,8476765.93,2506624.27,2026-05-08T00:00:00.000Z,
1408,,,,7698001.21,386876.08,7231737.88,1252681.0,2026-02-06T00:00:00.000Z,
4501,131747869.39,,131747869.39,1122242646.82,1113107941.97,,16135478.52,2026-05-08T00:00:00.000Z,2026-05-08T00:00:00.000Z
2289,,,,,,,,,
2290,,,,,,,,,
2291,,,,,,,,,
1699,9846774.22,8178988.91,1667785.31,88439351.38,11507911.04,75731892.09,11181858.0,2026-02-06T00:00:00.000Z,2026-05-08T00:00:00.000Z
4702,,,,31268163.26,7006771.43,20960644.33,1249184.58,2026-05-08T00:00:00.000Z,
1586,,,,9963311.57,556544.92,9255175.35,91326.0,2026-02-06T00:00:00.000Z,
1475,6621705.06,4682638.07,1939066.99,8904595.58,484092.83,8367825.54,781278.0,2026-02-06T00:00:00.000Z,2026-05-08T00:00:00.000Z
1584,,,,2459682.68,309943.27,2011425.97,435749.0,2026-02-06T00:00:00.000Z,
4578,,,,10013896.74,7653954.23,1651665.68,1251288.96,2026-05-08T00:00:00.000Z,
1476,13386838.38,9783608.01,3603230.37,6936604.6,2782537.86,4200530.19,1493653.0,2026-02-06T00:00:00.000Z,2026-05-08T00:00:00.000Z
4309,,,,35730741.61,4552078.28,29771314.86,6153450.0,2026-05-08T00:00:00.000Z,
4314,,,,17084624.24,14218573.81,2360311.56,400357.83,2026-05-08T00:00:00.000Z,
1720,18462462.78,15067072.08,3395390.7,10749431.03,3361846.43,7358453.32,4523515.0,2026-02-06T00:00:00.000Z,2026-05-08T00:00:00.000Z
4695,,,,5020816.9,584657.46,3821146.09,520291.1,2026-05-08T00:00:00.000Z,
4135,,,,4551830.57,505303.32,3784495.01,568704.0,2026-02-06T00:00:00.000Z,
4371,,,,2472947.46,2432307.48,,30018.87,2026-05-08T00:00:00.000Z,
3589,,,,1193034.07,1096744.5,,,2026-05-08T00:00:00.000Z,
4627,,,,6006551.4,756069.8,4903342.03,600566.52,2026-05-08T00:00:00.000Z,
4409,,,,4851345.9,98165.18,4162008.86,0.0,2026-05-08T00:00:00.000Z,
4436,,,,551698.83,545907.72,,0.0,2026-05-08T00:00:00.000Z,
4869,,,,452569.97,22363.25,41525.19,0.0,2026-05-08T00:00:00.000Z,
5253,,,,6691.95,6691.95,,0.0,2026-05-08T00:00:00.000Z,
2311,,,,,,,,,
2312,,,,,,,,,
1598,,,,1993482.38,1025949.18,950776.43,0.0,2026-02-06T00:00:00.000Z,
1648,,,,7012366.06,943817.7,5957663.65,375402.0,2026-02-06T00:00:00.000Z,
4882,,,,8555256.33,3303347.52,4261272.81,0.0,2026-05-08T00:00:00.000Z,
1544,9262094.78,6458352.78,2803742.0,20783468.17,1704240.02,18952507.19,1593757.0,2026-02-06T00:00:00.000Z,2026-05-08T00:00:00.000Z
4195,155631144.18,123667225.35,31963918.83,15216615.38,8365546.79,6818021.94,24485683.41,2026-02-06T00:00:00.000Z,2026-05-08T00:00:00.000Z
1703,,,,3337603.76,435292.86,2894410.76,423213.0,2026-02-06T00:00:00.000Z,
1405,,,,4796806.64,1194355.67,3609871.51,752279.0,2026-02-06T00:00:00.000Z,
4380,,,,2996541.03,97652.86,2697689.82,30845.37,2026-02-06T00:00:00.000Z,
4814,,,,14521156.51,3181288.01,8682842.85,0.0,2026-05-08T00:00:00.000Z,
4877,56806424.93,35904402.75,20902022.18,90955774.98,83338417.84,6499996.1,0.0,2026-05-08T00:00:00.000Z,2026-05-08T00:00:00.000Z
4844,,,,4042817.87,2344526.6,1698291.27,0.0,2026-05-08T00:00:00.000Z,
4544,,,,3248271.66,1064980.76,1740860.83,727715.55,2026-05-08T00:00:00.000Z,
5459,,,,,,,0.0,,
1912,20784629.22,17774255.03,3010374.19,22537694.93,2124005.07,19878091.74,7554240.74,2026-02-06T00:00:00.000Z,2026-05-08T00:00:00.000Z
4568,,,,30614773.58,14715075.3,14094702.9,3460492.34,2026-05-08T00:00:00.000Z,
4097,,,,10799381.1,3801476.88,6531562.22,1766463.25,2026-05-08T00:00:00.000Z,
1603,5247169458.98,3745182194.99,1501987263.99,13614901063.01,3069975588.15,10056604805.68,1684463631.38,2026-05-08T00:00:00.000Z,2026-05-08T00:00:00.000Z
1973,5526673.58,4096508.97,1430164.61,20288231.29,12477864.03,7231149.02,4331361.0,2026-02-06T00:00:00.000Z,2026-05-08T00:00:00.000Z
4338,13643351.67,10119352.55,3523999.12,115765758.36,58467381.66,45325904.56,15410809.96,2026-05-08T00:00:00.000Z,2026-05-08T00:00:00.000Z
2339,,,,,,,,,
4220,,,,6320816.79,11537.97,6304613.58,720273.38,2026-02-06T00:00:00.000Z,
2688,,,,1228860.77,274544.17,,0.0,2026-02-06T00:00:00.000Z,
1985,,,,3490382.1,2796925.42,581688.68,405892.16,2026-02-06T00:00:00.000Z,
4230,,,,10965009.42,800893.75,9476630.46,1568836.6,2026-02-06T00:00:00.000Z,
1956,,,,3990138.12,211695.1,3634367.37,728851.0,2026-02-06T00:00:00.000Z,
4073,,,,2914288.63,2893300.11,20988.52,102842.93,2026-02-06T00:00:00.000Z,
4032,,,,1995886.96,441160.24,1541625.37,300596.0,2026-02-06T00:00:00.000Z,
4712,,,,29021882.57,2806916.93,25139687.7,306026.4,2026-05-08T00:00:00.000Z,
4301,,,,142498482.01,28255767.64,109100868.59,17234910.28,2026-05-08T00:00:00.000Z,
4198,,,,1609009.61,47468.58,1550629.74,110714.19,2026-02-06T00:00:00.000Z,
4081,18066465.05,15342803.23,2723661.82,37399646.71,18269641.15,18039199.03,6780294.0,2026-02-06T00:00:00.000Z,2026-05-08T00:00:00.000Z
2351,,,,,,,,,
2352,,,,,,,,,
1740,7674152.07,6753112.89,921039.18,4976848.47,1106726.53,3700701.27,1300611.0,2026-02-06T00:00:00.000Z,2026-05-08T00:00:00.000Z
4538,,,,10675758.34,1149046.63,8762906.4,2297149.51,2026-05-08T00:00:00.000Z,
1992,,,,1756346.8,900587.41,658196.23,306106.24,2026-02-06T00:00:00.000Z,
1495,1756.2,1756.2,,8683492.28,534547.26,8175107.84,443191.0,2026-02-06T00:00:00.000Z,2026-05-08T00:00:00.000Z
1879,,,,12773947.54,112691.04,12518072.96,992229.0,2026-02-06T00:00:00.000Z,
4718,,,,5825018.99,162575.38,5234357.98,879044.32,2026-05-08T00:00:00.000Z,
4455,,,,4322761.87,451755.61,3555543.65,303876.88,2026-05-08T00:00:00.000Z,
1275,,,,5322523.58,2426827.39,2821849.55,853245.0,2026-02-06T00:00:00.000Z,
1838,13905805.19,13048600.38,857204.81,21409371.72,7864079.89,14067288.92,4283824.0,2026-02-06T00:00:00.000Z,2026-05-08T00:00:00.000Z
4325,,,,15098468.62,2605736.36,12292687.83,1766204.25,2026-02-06T00:00:00.000Z,
5293,,,,12044668.31,726918.97,,1547606.18,2026-05-08T00:00:00.000Z,
2364,,,,,,,,,
2365,,,,,,,,,
2366,,,,,,,,,
5430,,,,,,,2218997.98,,
4105,,,,6153471.49,5824040.89,298796.6,955286.72,2026-02-06T00:00:00.000Z,
2857,,,,1890446.08,16713.59,,0.0,2026-02-06T00:00:00.000Z,
5048,,,,2273317.23,18443.35,,0.0,2026-02-06T00:00:00.000Z,
2371,,,,,,,,,
4628,,,,1691199.79,876282.16,653088.94,25304.39,2026-05-08T00:00:00.000Z,
3530,,,,2208510.74,2085708.08,,,2026-02-06T00:00:00.000Z,
2913,,,,140212.14,20608.17,,0.0,2026-02-06T00:00:00.000Z,
4638,,,,4590871.66,152707.69,3900250.01,105735.38,2026-05-08T00:00:00.000Z,
1595,21564056.01,6644116.97,14919939.04,197902127.28,118790208.11,74215141.0,11497847.0,2026-02-06T00:00:00.000Z,2026-05-08T00:00:00.000Z
3574,,,,80381.85,80381.85,,,2026-02-06T00:00:00.000Z,
5507,,,,,,,0.0,,
5508,,,,,,,0.0,,
5024,,,,8331302.41,271414.35,,0.0,2026-02-06T00:00:00.000Z,
1708,2428002.26,2213415.22,214587.04,7642999.09,1142606.34,6457306.31,456511.0,2026-02-06T00:00:00.000Z,2026-05-08T00:00:00.000Z
1806,,,,1107827.99,415990.06,407110.11,3947586.15,2026-02-06T00:00:00.000Z,
2751,,,,5099.94,,,0.0,2026-02-06T00:00:00.000Z,
3139,,,,1064337.65,1064337.65,,,2026-02-06T00:00:00.000Z,
2392,,,,,,,,,
2328,,,,1457745.93,1457745.93,,,2026-02-06T00:00:00.000Z,
1392,,,,4938627.13,4905529.68,,1792038.0,2026-02-06T00:00:00.000Z,
2395,,,,,,,,,
5041,,,,5721365.01,201109.1,,0.0,2026-02-06T00:00:00.000Z,
2397,,,,,,,,,
2326,,,,70842.0,70842.0,,,2026-02-06T00:00:00.000Z,
2683,,,,2018598.83,103132.29,,0.0,2026-02-06T00:00:00.000Z,
2664,,,,498799.41,,,0.0,2026-02-06T00:00:00.000Z,
4801,,,,3360559.19,50893.33,2972164.44,0.0,2026-05-08T00:00:00.000Z,
2498,,,,458796.73,5841.16,,0.0,2026-02-06T00:00:00.000Z,
2343,,,,102666.28,102666.28,,,2026-02-06T00:00:00.000Z,
4608,,,,3696491.57,49808.37,3564559.33,131516.13,2026-05-08T00:00:00.000Z,
4071,2784278.58,2497021.85,287256.73,11718720.76,10555032.44,1123798.87,1736368.0,2026-02-06T00:00:00.000Z,2026-05-08T00:00:00.000Z
4774,,,,11221338.56,5220.99,10677200.82,46051.22,2026-05-08T00:00:00.000Z,
1984,4799393.02,4685835.84,113557.18,52125303.31,30268210.99,21054306.61,7676674.0,2026-02-06T00:00:00.000Z,2026-05-08T00:00:00.000Z
2580,,,,3012422.79,38947.0,,0.0,2026-02-06T00:00:00.000Z,
1554,4243819.01,2991644.47,1252174.54,11948606.45,3334803.34,8317605.56,892147.0,2026-02-06T00:00:00.000Z,2026-05-08T00:00:00.000Z
2896,,,,89674.22,17134.5,,0.0,2026-02-06T00:00:00.000Z,
5086,,,,912000.51,20640.11,,144710.56,2026-02-06T00:00:00.000Z,
5446,,,,2774175.81,1801205.99,,519947.92,2026-02-06T00:00:00.000Z,
2413,,,,,,,,,
5165,,,,119555.16,24819.02,,0.0,2026-02-06T00:00:00.000Z,
2631,,,,262646.56,,,0.0,2026-02-06T00:00:00.000Z,
1745,4069837.78,2771174.97,1298662.81,15633642.31,5888668.93,9517511.69,2847013.0,2026-02-06T00:00:00.000Z,2026-05-08T00:00:00.000Z
5088,,,,2135746.75,41091.87,,18415.07,2026-02-06T00:00:00.000Z,
5407,,,,32291.96,,,279292.25,2026-02-06T00:00:00.000Z,
2286,,,,25820.76,25820.76,,,2026-02-06T00:00:00.000Z,
1738,1928655.92,1789105.28,139550.64,1112379.14,389759.18,682088.96,100726.0,2026-02-06T00:00:00.000Z,2026-05-08T00:00:00.000Z
1674,,,,124357843.32,4764531.32,119436182.08,17408694.0,2026-02-06T00:00:00.000Z,
4280,8693303.61,6904983.45,1788320.16,60151552.46,31746524.93,26594140.53,11108302.72,2026-05-08T00:00:00.000Z,2026-05-08T00:00:00.000Z
4556,,,,9720458.23,1913344.41,7134382.0,1553394.26,2026-05-08T00:00:00.000Z,
3162,,,,3663238.24,3663238.24,,,2026-02-06T00:00:00.000Z,
4168,2091456.75,375239.09,1716217.66,28624712.03,25863745.73,1979841.04,4277895.96,2026-02-06T00:00:00.000Z,2026-05-08T00:00:00.000Z
2426,,,,,,,0.0,,
4651,,,,24385610.14,23843883.58,23745.48,3564132.46,2026-05-08T00:00:00.000Z,
4666,,,,7230916.39,854443.47,5605868.35,745231.91,2026-05-08T00:00:00.000Z,
4398,,,,7313308.48,1942897.23,4484676.23,1320517.73,2026-05-08T00:00:00.000Z,
1989,3441115.24,2745020.87,696094.37,7221515.88,1651224.58,5405303.52,1653744.81,2026-02-06T00:00:00.000Z,2026-05-08T00:00:00.000Z
1295,,,,38703382.74,17818465.28,20285139.28,9436261.0,2026-02-06T00:00:00.000Z,
1736,,,,24948123.75,17434937.19,7315053.96,2137722.0,2026-02-06T00:00:00.000Z,
2778,,,,595258.71,4941.2,,0.0,2026-02-06T00:00:00.000Z,
1496,,,,1492914.01,575889.64,918931.86,0.0,2026-02-06T00:00:00.000Z,
2435,,,,,,,,,
4333,,,,3186612.99,105558.21,2857673.66,382722.84,2026-05-08T00:00:00.000Z,
1684,,,,10083964.13,1480899.87,8556389.45,1223627.0,2026-02-06T00:00:00.000Z,
1851,,,,8931032.41,3599419.33,5299623.68,1308247.0,2026-02-06T00:00:00.000Z,
1279,,,,48334834.63,3905669.96,43752362.0,11742244.0,2026-02-06T00:00:00.000Z,
2441,,,,,,,,,
4561,,,,789578.8,621289.76,168289.04,0.0,2026-05-08T00:00:00.000Z,
5296,,,,5578134.33,340429.73,,0.0,2026-05-08T00:00:00.000Z,
5268,,,,5515371.89,595724.1,,0.0,2026-05-08T00:00:00.000Z,
4679,,,,4453941.78,553369.52,3538187.39,645334.93,2026-05-08T00:00:00.000Z,
2446,,,,,,,,,
5226,,,,5101910.05,151759.21,,0.0,2026-05-08T00:00:00.000Z,
4876,,,,5345476.69,2202264.02,2292275.21,0.0,2026-05-08T00:00:00.000Z,
4857,,,,995470.92,0.0,995470.92,0.0,2026-05-08T00:00:00.000Z,
4217,4083323.11,2933602.92,1149720.19,11037837.55,746328.98,9881241.35,2548681.35,2026-05-08T00:00:00.000Z,2026-05-08T00:00:00.000Z
4465,,,,63243575.11,21275675.92,37647552.66,13175244.12,2026-05-08T00:00:00.000Z,
4552,,,,8847245.34,650161.68,7458978.27,1814434.85,2026-02-06T00:00:00.000Z,
1750,1345162.7,1061095.33,284067.37,3505637.41,779414.42,2553779.99,932979.0,2026-02-06T00:00:00.000Z,2026-05-08T00:00:00.000Z
3384,,,,24096375.72,22209801.8,,,2026-05-08T00:00:00.000Z,
4540,,,,72928892.24,634037.97,63852836.31,13056143.5,2026-05-08T00:00:00.000Z,
5256,,,,19615842.13,439485.48,,0.0,2026-02-06T00:00:00.000Z,
1644,1013205.06,934193.09,79011.97,3764478.02,499112.39,3298125.88,85895.0,2026-02-06T00:00:00.000Z,2026-05-08T00:00:00.000Z
1403,,,,43824367.31,34013640.27,9715546.9,6709061.0,2026-02-06T00:00:00.000Z,
1513,749315.3,493902.39,255412.91,1913550.92,800920.84,1123487.03,161341.0,2026-02-06T00:00:00.000Z,2026-05-08T00:00:00.000Z
4366,13188507.8,11682124.77,1506383.03,128887472.02,14334938.94,104425188.69,17530245.04,2026-05-08T00:00:00.000Z,2026-05-08T00:00:00.000Z
4199,,,,63953486.55,2189437.49,58892503.06,6692168.5,2026-05-08T00:00:00.000Z,
4348,,,,28454856.85,5105137.23,20383225.62,2572348.73,2026-05-08T00:00:00.000Z,
2468,,,,,,,0.0,,
2469,,,,,,,0.0,,
4689,,,,2303950.83,577470.7,1501342.37,73531.95,2026-05-08T00:00:00.000Z,
1804,,,,2543014.21,852550.36,1683452.85,311362.0,2026-02-06T00:00:00.000Z,
3540,,,,57257519.12,55924413.14,,,2026-05-08T00:00:00.000Z,
4759,3605489.02,3005584.09,599904.93,6250668.9,1493820.21,3734879.57,543742.47,2026-05-08T00:00:00.000Z,2026-05-08T00:00:00.000Z
4864,37167810.68,25641366.47,11526444.21,16778662.68,3790599.86,12052748.76,0.0,2026-05-08T00:00:00.000Z,2026-05-08T00:00:00.000Z
1545,411815685.98,192014228.39,219801457.59,685254867.41,381357267.6,296162641.89,102446410.0,2026-02-06T00:00:00.000Z,2026-05-08T00:00:00.000Z
4631,,,,3322451.54,100749.97,3011701.57,0.0,2026-05-08T00:00:00.000Z,
3603,,,,1216773.76,1216773.76,,,2026-05-08T00:00:00.000Z,
1464,22160601.08,9065299.34,13095301.74,38797058.53,16607328.23,21975368.26,4630711.0,2026-02-06T00:00:00.000Z,2026-05-08T00:00:00.000Z
4771,,,,2572022.33,456463.88,1840793.19,99644.05,2026-05-08T00:00:00.000Z,
1553,13371728.21,10026877.07,3344851.14,32660678.88,7583634.5,24320631.83,924963.0,2026-02-06T00:00:00.000Z,2026-05-08T00:00:00.000Z
4681,,,,1060499.18,666795.1,393704.08,0.0,2026-05-08T00:00:00.000Z,
4307,,,,9895668.47,7703647.58,1722196.26,1716229.84,2026-05-08T00:00:00.000Z,
1782,,,,1269313.62,538789.82,729640.38,206865.0,2026-02-06T00:00:00.000Z,
4514,102635519.9,,102635519.9,384894406.97,373345761.85,,23149498.87,2026-05-08T00:00:00.000Z,2026-05-08T00:00:00.000Z
1286,,,,2083481.55,147935.45,1935546.1,621569.0,2026-02-06T00:00:00.000Z,
1837,,,,2643437.02,369934.49,2240380.53,195097.0,2026-02-06T00:00:00.000Z,
4132,,,,3283729.69,165004.16,3109219.01,384030.0,2026-02-06T00:00:00.000Z,
3551,,,,554277.01,509994.29,,,2026-05-08T00:00:00.000Z,
1772,,,,6361368.91,442756.09,5774481.57,779118.0,2026-02-06T00:00:00.000Z,
4600,,,,30859394.53,12148126.17,16686175.44,2812853.2,2026-05-08T00:00:00.000Z,
1568,,,,6016293.51,536676.41,5449185.45,226946.0,2026-02-06T00:00:00.000Z,
4748,,,,4228835.57,1134975.92,2573896.68,0.0,2026-05-08T00:00:00.000Z,
1532,,,,1907631.53,469793.62,1272345.58,122040.0,2026-02-06T00:00:00.000Z,
4490,69661084.71,,69661084.71,1205312078.04,1181806038.21,,21805146.24,2026-05-08T00:00:00.000Z,2026-05-08T00:00:00.000Z
4008,2868196.73,2465840.29,402356.44,2569085.9,570339.25,1875981.61,1262124.23,2026-02-06T00:00:00.000Z,2026-05-08T00:00:00.000Z
4526,9820874.54,,9820874.54,283619773.34,270619361.09,,3893254.53,2026-05-08T00:00:00.000Z,2026-05-08T00:00:00.000Z
2500,,,,,,,0.0,,
2501,,,,,,,0.0,,
2502,,,,,,,0.0,,
2503,,,,,,,0.0,,
2504,,,,,,,0.0,,
2505,,,,,,,0.0,,
2506,,,,,,,0.0,,
2507,,,,,,,0.0,,
2512,,,,,,,0.0,,
3223,,,,2209668.18,2171724.4,,,2026-02-06T00:00:00.000Z,
3148,,,,2032513.93,1820266.98,211883.35,,2026-02-06T00:00:00.000Z,
1952,,,,80864515.33,19696907.87,58651166.89,10122435.51,2026-02-06T00:00:00.000Z,
1797,,,,5940451.74,1118829.25,4396630.01,1905215.0,2026-02-06T00:00:00.000Z,
4720,26216352.56,24457348.27,1759004.29,246437852.56,49502880.19,179711340.1,42391463.66,2026-05-08T00:00:00.000Z,2026-05-08T00:00:00.000Z
4165,,,,46645842.62,34057364.16,12169488.31,8261053.08,2026-02-06T00:00:00.000Z,
4463,,,,6898511.0,1110881.38,5342252.26,1601612.14,2026-05-08T00:00:00.000Z,
1847,5417824.37,5010124.02,407700.35,27072334.75,5608318.67,20995181.77,7114907.0,2026-02-06T00:00:00.000Z,2026-05-08T00:00:00.000Z
2521,,,,,,,0.0,,
4464,,,,42348403.2,27299724.49,10997803.24,4367458.23,2026-05-08T00:00:00.000Z,
1581,,,,6186990.8,1331484.49,4610216.96,112353.0,2026-02-06T00:00:00.000Z,
1347,,,,5616578.93,1514282.42,3706650.48,1343739.0,2026-02-06T00:00:00.000Z,
3167,,,,1301755.4,1296992.34,,,2026-02-06T00:00:00.000Z,
2470,,,,2312991.73,236754.74,,0.0,2026-02-06T00:00:00.000Z,
2458,,,,1313879.16,32886.63,,,2026-02-06T00:00:00.000Z,
2353,,,,3950133.61,3781834.76,,,2026-02-06T00:00:00.000Z,
4370,,,,18799903.03,335446.56,18310298.3,0.0,2026-05-08T00:00:00.000Z,
4041,,,,5570929.04,4545571.58,825402.46,849612.04,2026-02-06T00:00:00.000Z,
4678,,,,3082243.7,103058.03,2690635.79,610005.09,2026-05-08T00:00:00.000Z,
4640,,,,22394692.68,712529.56,20817784.41,2886769.74,2026-05-08T00:00:00.000Z,
1433,,,,3579584.09,2860877.17,752887.3,624820.0,2026-02-06T00:00:00.000Z,
3252,,,,5854973.22,5855580.73,,,2026-02-06T00:00:00.000Z,
4244,,,,4079526.97,452068.61,3463120.7,130130.29,2026-02-06T00:00:00.000Z,
1302,,,,1875868.51,590763.4,1224126.36,107462.0,2026-02-06T00:00:00.000Z,
2560,,,,213773.41,,,0.0,2026-02-06T00:00:00.000Z,
2472,,,,1749609.61,,,0.0,2026-02-06T00:00:00.000Z,
5436,,,,1472313.08,,,26525.22,2026-02-06T00:00:00.000Z,
4044,,,,3995523.23,710888.98,3284634.25,877302.0,2026-02-06T00:00:00.000Z,
4094,,,,24774756.74,1768739.65,21634237.93,3418580.6,2026-05-08T00:00:00.000Z,
4330,,,,13211305.85,168883.52,11956171.33,1490600.22,2026-05-08T00:00:00.000Z,
1463,8779157.72,4444964.35,4334193.37,19562866.28,7127084.88,12269180.76,1697118.0,2026-02-06T00:00:00.000Z,2026-05-08T00:00:00.000Z
4719,,,,13282278.42,190575.49,12403137.88,585382.67,2026-05-08T00:00:00.000Z,
4477,,,,4677987.1,270345.25,4045782.22,911047.25,2026-05-08T00:00:00.000Z,
1656,9412548.07,8152005.28,1260542.79,7435852.31,1409408.52,6040207.37,2797299.0,2026-02-06T00:00:00.000Z,2026-05-08T00:00:00.000Z
2808,,,,189336.74,178270.09,,0.0,2026-02-06T00:00:00.000Z,
2455,,,,1123597.01,26872.45,,,2026-02-06T00:00:00.000Z,
1746,1466605.44,1198433.35,268172.09,4765349.85,1545213.95,2883445.24,2271823.0,2026-02-06T00:00:00.000Z,2026-05-08T00:00:00.000Z
4537,53542.35,,53542.35,19770412.83,17676756.9,,659587.0,2026-05-08T00:00:00.000Z,2026-05-08T00:00:00.000Z
5079,,,,5294854.84,165881.8,,0.0,2026-02-06T00:00:00.000Z,
5087,,,,1765492.94,53041.98,,351548.09,2026-02-06T00:00:00.000Z,
4845,,,,8813648.91,7500000.0,1159999.52,0.0,2026-05-08T00:00:00.000Z,
2491,,,,962614.44,,,0.0,2026-02-06T00:00:00.000Z,
4850,,,,61247430.57,7851279.45,51397522.49,469500.0,2026-05-08T00:00:00.000Z,
2556,,,,,,,0.0,,
2557,,,,,,,0.0,,
4061,2522604.92,2267734.49,254870.43,3974478.97,1522105.19,2420589.78,569670.0,2026-02-06T00:00:00.000Z,2026-05-08T00:00:00.000Z
2714,,,,1115187.66,1656.73,,0.0,2026-02-06T00:00:00.000Z,
2613,,,,86787.54,7695.64,,0.0,2026-02-06T00:00:00.000Z,
1906,4273071.42,3672435.69,600635.73,5648118.08,1734213.42,3693711.26,1874578.0,2026-02-06T00:00:00.000Z,2026-05-08T00:00:00.000Z
5124,,,,1930296.01,109887.55,,0.0,2026-02-06T00:00:00.000Z,
4580,,,,40665767.18,35013107.98,2226587.62,2773607.51,2026-05-08T00:00:00.000Z,
4677,3383846.2,2942502.97,441343.23,22277351.81,8672426.05,11234805.21,3753642.99,2026-05-08T00:00:00.000Z,2026-05-08T00:00:00.000Z
1461,789831.28,599410.0,190421.28,1910455.43,546004.4,1205199.83,203999.0,2026-02-06T00:00:00.000Z,2026-05-08T00:00:00.000Z
2924,,,,27127.61,1891.37,,0.0,2026-02-06T00:00:00.000Z,
2954,,,,45660.78,33928.49,,0.0,2026-02-06T00:00:00.000Z,
1445,509173.67,461070.95,48102.72,8721045.16,441657.36,8028649.4,1695298.0,2026-02-06T00:00:00.000Z,2026-05-08T00:00:00.000Z
3232,,,,1816226.9,1767855.18,,,2026-02-06T00:00:00.000Z,
2518,,,,283185.83,,,0.0,2026-02-06T00:00:00.000Z,
4214,,,,86849488.0,74972437.95,8949654.05,9497556.35,2026-05-08T00:00:00.000Z,
4867,5838956.04,3397479.69,2441476.35,8593523.74,2922406.1,4764798.83,0.0,2026-05-08T00:00:00.000Z,2026-05-08T00:00:00.000Z
2577,,,,,,,0.0,,
4836,3729035.59,2104339.73,1624695.86,885875.97,201463.8,587384.54,0.0,2026-05-08T00:00:00.000Z,2026-05-08T00:00:00.000Z
4705,,,,85424548.59,50702593.76,25943248.17,7722480.31,2026-05-08T00:00:00.000Z,
2721,,,,4683929.84,148215.6,,0.0,2026-02-06T00:00:00.000Z,
5342,,,,15019.15,15019.15,,0.0,2026-02-06T00:00:00.000Z,
2910,,,,55445.93,,,0.0,2026-02-06T00:00:00.000Z,
3600,,,,33234197.06,32083690.44,,,2026-05-08T00:00:00.000Z,
2675,,,,3584.55,,,0.0,2026-02-06T00:00:00.000Z,
2690,,,,1079834.92,1079834.92,,0.0,2026-02-06T00:00:00.000Z,
5104,,,,25623646.64,31363.86,,21540.47,2026-02-06T00:00:00.000Z,
2313,,,,1829514.81,1829514.81,,,2026-02-06T00:00:00.000Z,
2331,,,,35147.55,35147.55,,,2026-02-06T00:00:00.000Z,
2418,,,,68955.63,2936.71,22500.0,,2026-02-06T00:00:00.000Z,
5344,,,,2880445.9,,,0.0,2026-02-06T00:00:00.000Z,
2591,,,,,,,0.0,,
4735,,,,14606351.99,1842873.41,11857679.89,0.0,2026-05-08T00:00:00.000Z,
2593,,,,,,,0.0,,
5244,,,,18219107.47,166069.16,,0.0,2026-05-08T00:00:00.000Z,
5317,,,,4453336.64,,,2037437.37,2026-02-06T00:00:00.000Z,
2596,,,,,,,0.0,,
2597,,,,,,,0.0,,
2598,,,,,,,0.0,,
2599,,,,,,,0.0,,
2935,,,,3173061.92,,,0.0,2026-02-06T00:00:00.000Z,
2601,,,,,,,0.0,,
2602,,,,,,,0.0,,
2603,,,,,,,0.0,,
2604,,,,,,,0.0,,
2605,,,,,,,0.0,,
2606,,,,,,,0.0,,
2607,,,,,,,0.0,,
2608,,,,,,,0.0,,
2609,,,,,,,0.0,,
2610,,,,,,,0.0,,
2611,,,,,,,0.0,,
2612,,,,,,,0.0,,
2638,,,,1882678.75,,,0.0,2026-02-06T00:00:00.000Z,
2614,,,,,,,0.0,,
2615,,,,,,,0.0,,
2616,,,,,,,0.0,,
2617,,,,,,,0.0,,
2618,,,,,,,0.0,,
2619,,,,,,,0.0,,
2620,,,,,,,0.0,,
2621,,,,,,,0.0,,
2622,,,,,,,0.0,,
2623,,,,,,,0.0,,
2624,,,,,,,0.0,,
2625,,,,,,,0.0,,
2626,,,,,,,0.0,,
2627,,,,,,,0.0,,
2628,,,,,,,0.0,,
2629,,,,,,,0.0,,
2630,,,,,,,0.0,,
2705,,,,83718.03,,,0.0,2026-02-06T00:00:00.000Z,
2632,,,,,,,0.0,,
5352,,,,12172.82,12172.82,,0.0,2026-05-08T00:00:00.000Z,
2741,,,,58525.77,,,0.0,2026-02-06T00:00:00.000Z,
4766,13000478.57,12613412.25,387066.32,4855781.74,660794.86,3757753.94,0.0,2026-05-08T00:00:00.000Z,2026-05-08T00:00:00.000Z
5291,,,,87622.82,-228729.46,,0.0,2026-05-08T00:00:00.000Z,
2637,,,,,,,0.0,,
4021,176786317.62,162548238.97,14238078.65,122651525.59,61673820.17,57156658.82,34929457.75,2026-02-06T00:00:00.000Z,2026-05-08T00:00:00.000Z
5375,,,,1683429.35,,,0.0,2026-02-06T00:00:00.000Z,
4862,,,,3437232.91,1099467.95,1715934.85,0.0,2026-05-08T00:00:00.000Z,
5272,,,,665424.5,,,0.0,2026-02-06T00:00:00.000Z,
4891,,,,414605.86,,25924.33,0.0,2026-05-08T00:00:00.000Z,
5299,,,,392089.1,23703.83,,0.0,2026-05-08T00:00:00.000Z,
4482,249447753.65,,249447753.65,14750987726.38,14439982750.83,,77111055.05,2026-05-08T00:00:00.000Z,2026-05-08T00:00:00.000Z
4848,,,,10247512.62,1116207.39,8137667.94,79049.85,2026-05-08T00:00:00.000Z,
4550,,,,15800392.4,2563454.73,12261732.57,877287.93,2026-05-08T00:00:00.000Z,
4509,10917236.02,,10917236.02,206675343.03,195814026.06,,11022339.67,2026-05-08T00:00:00.000Z,2026-05-08T00:00:00.000Z
1616,,,,1990803.15,732682.59,1200401.24,111586.0,2026-02-06T00:00:00.000Z,
4084,,,,17828372.01,5179503.38,10786875.5,3444360.76,2026-05-08T00:00:00.000Z,
1480,,,,3891329.31,432930.23,3452546.54,245527.0,2026-02-06T00:00:00.000Z,
1737,,,,28052065.58,6899645.98,20569367.2,4620556.0,2026-02-06T00:00:00.000Z,
4728,326750876.63,285319706.77,41431169.86,24706004.41,9897210.24,12637069.41,737529.16,2026-05-08T00:00:00.000Z,2026-05-08T00:00:00.000Z
4683,61173467.31,57391667.46,3781799.85,403653940.09,233047720.07,159922791.61,28645271.3,2026-05-08T00:00:00.000Z,2026-05-08T00:00:00.000Z
1910,,,,59386940.85,55541372.77,3798837.29,5042587.0,2026-02-06T00:00:00.000Z,
3191,,,,35683865.83,35662121.08,,,2026-02-06T00:00:00.000Z,
4017,33464676.55,15360258.73,18104417.82,55113218.14,12579155.93,41210213.97,9668782.0,2026-02-06T00:00:00.000Z,2026-05-08T00:00:00.000Z
4101,3399662.3,2464696.46,934965.84,4461112.39,2817723.86,1493370.53,812102.0,2026-02-06T00:00:00.000Z,2026-05-08T00:00:00.000Z
4099,,,,12666844.02,9670931.96,2713256.33,1641227.0,2026-02-06T00:00:00.000Z,
1441,1880461.2,741924.97,1138536.23,3202892.95,1353453.47,1716011.76,599700.0,2026-02-06T00:00:00.000Z,2026-05-08T00:00:00.000Z
4336,12950283.16,11123995.93,1826287.23,9232560.71,8635229.41,,4321113.98,2026-02-06T00:00:00.000Z,2026-05-08T00:00:00.000Z
4458,,,,49630000.22,35084016.52,9980619.2,1639577.8,2026-05-08T00:00:00.000Z,
4722,,,,10752610.0,961134.72,8824505.35,1343280.97,2026-05-08T00:00:00.000Z,
4620,,,,5109251.27,131108.35,4786933.89,2007011.46,2026-05-08T00:00:00.000Z,
4433,,,,701119.22,475501.16,169328.22,146376.8,2026-05-08T00:00:00.000Z,
4296,,,,14370133.29,3712375.64,10221663.65,293370.04,2026-05-08T00:00:00.000Z,
5187,,,,84466.35,1987.59,,0.0,2026-05-08T00:00:00.000Z,
4736,,,,3786643.42,139931.71,3248162.74,165439.3,2026-05-08T00:00:00.000Z,
1482,20592021.41,5813443.59,14778577.82,35430275.15,13078927.79,22317471.37,2920980.0,2026-02-06T00:00:00.000Z,2026-05-08T00:00:00.000Z
4802,,,,195750.0,,195750.0,0.0,2026-05-08T00:00:00.000Z,
4794,9748189.06,4389625.74,5358563.32,31377246.23,20867073.23,7566640.75,1139655.58,2026-05-08T00:00:00.000Z,2026-05-08T00:00:00.000Z
4356,,,,5126898.02,1035633.62,3671058.7,76252.74,2026-02-06T00:00:00.000Z,
4858,,,,3350361.96,155294.66,2492765.91,0.0,2026-05-08T00:00:00.000Z,
4211,,,,34509703.44,17059885.26,17394652.78,3599442.14,2026-02-06T00:00:00.000Z,
4806,63349714.7,31102190.43,32247524.27,165534567.67,129838429.27,25515335.77,3472264.28,2026-05-08T00:00:00.000Z,2026-05-08T00:00:00.000Z
4656,,,,11389609.34,3052539.45,7812985.56,4093280.97,2026-05-08T00:00:00.000Z,
1953,,,,1600455.83,158889.17,1438208.97,193119.0,2026-02-06T00:00:00.000Z,
1812,,,,14898663.36,13271189.98,1620701.65,2232817.0,2026-02-06T00:00:00.000Z,
4625,,,,119577882.3,8125306.13,99002650.4,15193437.54,2026-05-08T00:00:00.000Z,
4203,,,,5206761.6,1806461.46,3400300.14,42501.12,2026-05-08T00:00:00.000Z,
4747,,,,10451155.06,3031623.86,6926736.45,487166.56,2026-05-08T00:00:00.000Z,
1489,,,,973986.52,58721.15,933375.05,59829.0,2026-02-06T00:00:00.000Z,
4381,,,,33838679.97,2961232.28,27707051.05,4124236.71,2026-05-08T00:00:00.000Z,
4378,,,,1941675.62,233032.34,1636968.93,138255.89,2026-05-08T00:00:00.000Z,
3543,,,,5900544.46,5625371.01,,,2026-05-08T00:00:00.000Z,
4452,,,,11037052.59,451105.81,9115695.38,451859.58,2026-05-08T00:00:00.000Z,
3507,,,,1001211.19,998989.19,,,2026-05-08T00:00:00.000Z,
5515,,,,53048.77,3487.26,,0.0,2026-05-08T00:00:00.000Z,
2695,,,,,,,0.0,,
5301,,,,114889.04,29675.32,,0.0,2026-05-08T00:00:00.000Z,
3179,,,,19129047.38,19109788.41,,,2026-02-06T00:00:00.000Z,
1531,,,,1058536.53,61083.53,988894.23,78492.0,2026-02-06T00:00:00.000Z,
1438,,,,2745985.95,1232950.3,1488362.08,716877.0,2026-02-06T00:00:00.000Z,
1613,,,,11822936.68,3246580.74,8117140.1,622180.0,2026-02-06T00:00:00.000Z,
1562,,,,1681016.32,44273.78,1609629.69,101251.0,2026-02-06T00:00:00.000Z,
2555,,,,2018946.0,16947.59,,0.0,2026-02-06T00:00:00.000Z,
2396,,,,2272904.0,117286.77,,,2026-02-06T00:00:00.000Z,
4082,,,,6640827.34,1449274.89,4980535.45,960197.0,2026-02-06T00:00:00.000Z,
4800,,,,5770860.77,415807.16,4958068.38,140078.7,2026-05-08T00:00:00.000Z,
4843,22903124.92,12949435.29,9953689.63,77370225.52,6469851.83,68344427.22,449980.58,2026-05-08T00:00:00.000Z,2026-05-08T00:00:00.000Z
1557,86766316.64,58004959.82,28761356.82,85266594.98,11140881.68,74104765.3,9768599.0,2026-02-06T00:00:00.000Z,2026-05-08T00:00:00.000Z
1693,1996983.07,1834542.4,162440.67,25954650.36,3758315.1,22212449.16,2554032.0,2026-02-06T00:00:00.000Z,2026-05-08T00:00:00.000Z
2709,,,,,,,0.0,,
5147,,,,4430611.64,1629465.58,,0.0,2026-02-06T00:00:00.000Z,
1492,33051507.87,23148436.23,9903071.64,40676530.89,24147326.33,16345973.0,5339719.0,2026-02-06T00:00:00.000Z,2026-05-08T00:00:00.000Z
4653,,,,8762169.86,8305311.85,37494.7,0.0,2026-05-08T00:00:00.000Z,
4129,,,,68726140.27,12383680.54,51965001.17,1345157.76,2026-05-08T00:00:00.000Z,
4360,,,,63519160.74,2509492.93,58776309.98,12070562.36,2026-05-08T00:00:00.000Z,
2307,,,,263418.75,263418.75,,,2026-02-06T00:00:00.000Z,
1971,77097372.06,57302364.2,19795007.86,201042382.97,127136287.57,67088089.24,63346282.14,2026-02-06T00:00:00.000Z,2026-05-08T00:00:00.000Z
2465,,,,6525247.5,34199.43,,,2026-02-06T00:00:00.000Z,
4574,,,,41458205.72,26780001.93,10729195.62,5220859.17,2026-05-08T00:00:00.000Z,
4420,27279186.25,24356998.74,2922187.51,529591106.56,50273393.4,444081855.24,38905824.97,2026-05-08T00:00:00.000Z,2026-05-08T00:00:00.000Z
4534,10616929.18,,10616929.18,211485435.58,211214180.89,,1483398.22,2026-05-08T00:00:00.000Z,2026-05-08T00:00:00.000Z
4531,37357961.48,,37357961.48,564792156.14,560579794.31,,15288527.33,2026-05-08T00:00:00.000Z,2026-05-08T00:00:00.000Z
1783,,,,49601279.98,3613882.43,45513338.55,91806.0,2026-05-08T00:00:00.000Z,
5199,,,,3202093.02,140465.3,,0.0,2026-02-06T00:00:00.000Z,
4352,,,,14430450.53,29670.68,13929186.82,0.0,2026-02-06T00:00:00.000Z,
4750,,,,33108361.61,9578935.26,18180950.13,1398548.06,2026-05-08T00:00:00.000Z,
2798,,,,111281.33,,,0.0,2026-02-06T00:00:00.000Z,
1925,10602928.54,9705873.5,897055.04,5930565.92,1577960.8,4144901.42,2821027.04,2026-02-06T00:00:00.000Z,2026-05-08T00:00:00.000Z
2691,,,,1216511.92,185593.25,,0.0,2026-02-06T00:00:00.000Z,
4405,,,,1648424.91,421455.69,1169974.72,6957.72,2026-02-06T00:00:00.000Z,
2730,,,,,,,0.0,,
3231,,,,2008550.19,1959623.64,,,2026-02-06T00:00:00.000Z,
2732,,,,,,,0.0,,
2733,,,,,,,0.0,,
2734,,,,,,,0.0,,
2735,,,,,,,0.0,,
2736,,,,,,,0.0,,
2737,,,,,,,0.0,,
2738,,,,,,,0.0,,
2739,,,,,,,0.0,,
4594,,,,16390665.67,2829590.01,12741493.27,1473841.78,2026-05-08T00:00:00.000Z,
5345,,,,1016846.58,,,0.0,2026-02-06T00:00:00.000Z,
3389,,,,585571.92,538731.49,,,2026-02-06T00:00:00.000Z,
5107,,,,2423995.63,35441.35,,14435.4,2026-02-06T00:00:00.000Z,
2942,,,,24833.31,306.9,,0.0,2026-02-06T00:00:00.000Z,
4710,,,,12189470.9,1900495.72,9485634.34,0.0,2026-05-08T00:00:00.000Z,
5064,,,,40562.99,1689.23,,0.0,2026-02-06T00:00:00.000Z,
2487,,,,2760052.0,8771.79,,0.0,2026-02-06T00:00:00.000Z,
2970,,,,2987859.48,13531.76,,0.0,2026-02-06T00:00:00.000Z,
2516,,,,4692754.0,51489.86,,0.0,2026-02-06T00:00:00.000Z,
5102,,,,5569206.78,26485.11,,134573.0,2026-02-06T00:00:00.000Z,
1455,5431111.2,4371300.36,1059810.84,9335774.41,4245056.75,5200730.17,813465.0,2026-02-06T00:00:00.000Z,2026-05-08T00:00:00.000Z
3226,,,,1929990.02,1929990.02,,,2026-02-06T00:00:00.000Z,
5189,,,,10485728.34,416740.98,,13715937.78,2026-02-06T00:00:00.000Z,
5034,,,,2493847.84,57954.89,,0.0,2026-02-06T00:00:00.000Z,
4755,,,,11506172.01,4240496.76,6789415.36,2673103.09,2026-05-08T00:00:00.000Z,
2760,,,,,,,0.0,,
4770,,,,4466206.14,314483.02,4065538.97,39295.67,2026-05-08T00:00:00.000Z,
4812,,,,6341293.41,45472.74,5638917.25,62343.43,2026-05-08T00:00:00.000Z,
1454,9369739.03,6856715.41,2513023.62,36424884.27,17183377.43,19144277.15,2388516.0,2026-02-06T00:00:00.000Z,2026-05-08T00:00:00.000Z
2875,,,,904314.17,896788.89,,0.0,2026-02-06T00:00:00.000Z,
1687,1669966.27,1176166.5,493799.77,10437817.83,3032359.16,7388636.85,1560380.0,2026-02-06T00:00:00.000Z,2026-05-08T00:00:00.000Z
4660,,,,73420589.6,3988523.59,60786443.63,7585922.74,2026-05-08T00:00:00.000Z,
4637,1308764.73,1093254.76,215509.97,19055469.18,7365912.3,10702169.12,849982.67,2026-05-08T00:00:00.000Z,2026-05-08T00:00:00.000Z
4696,,,,4969297.09,689955.11,3762228.18,774024.86,2026-05-08T00:00:00.000Z,
4350,,,,10259651.28,4784673.27,4810083.83,237929.11,2026-05-08T00:00:00.000Z,
4327,,,,4294224.8,202610.74,3894616.8,750369.99,2026-05-08T00:00:00.000Z,
4410,,,,3246588.24,37890.71,3154747.12,506131.0,2026-05-08T00:00:00.000Z,
2873,,,,1274396.82,20994.41,,0.0,2026-02-06T00:00:00.000Z,
5537,,,,30441.02,20680.36,,0.0,2026-02-06T00:00:00.000Z,
4000,1754570.75,1421006.46,333564.29,2663059.78,938126.84,1700712.97,68035.0,2026-02-06T00:00:00.000Z,2026-05-08T00:00:00.000Z
2775,,,,,,,0.0,,
2330,,,,717000.55,717000.55,,,2026-02-06T00:00:00.000Z,
1704,,,,592556.62,57543.51,547536.61,31532.0,2026-02-06T00:00:00.000Z,
2762,,,,2175243.15,,,0.0,2026-02-06T00:00:00.000Z,
2582,,,,176293.0,,,0.0,2026-02-06T00:00:00.000Z,
2780,,,,,,,0.0,,
2781,,,,,,,0.0,,
2782,,,,,,,0.0,,
5100,,,,5975698.54,61303.81,,238444.48,2026-02-06T00:00:00.000Z,
5061,,,,9760200.98,34444.84,,0.0,2026-02-06T00:00:00.000Z,
2357,,,,880498.85,880498.85,,,2026-02-06T00:00:00.000Z,
2927,,,,1129647.45,97300.8,,0.0,2026-02-06T00:00:00.000Z,
2398,,,,739292.95,739292.95,,,2026-02-06T00:00:00.000Z,
2325,,,,185207.38,185207.38,,,2026-02-06T00:00:00.000Z,
4654,,,,19424716.84,,19062246.71,665331.02,2026-05-08T00:00:00.000Z,
2790,,,,,,,0.0,,
2791,,,,,,,0.0,,
5120,,,,1249825.6,497515.3,,0.0,2026-02-06T00:00:00.000Z,
2793,,,,,,,0.0,,
5330,,,,26195.27,,,0.0,2026-02-06T00:00:00.000Z,
2374,,,,1186851.58,1186851.58,,,2026-02-06T00:00:00.000Z,
5410,,,,5834.27,5834.27,,0.0,2026-02-06T00:00:00.000Z,
4713,,,,233155.45,21330.68,191921.26,0.0,2026-05-08T00:00:00.000Z,
4887,,,,185315.92,,185315.92,0.0,2026-05-08T00:00:00.000Z,
4003,,,,9389606.38,235847.98,8865844.4,1231142.0,2026-02-06T00:00:00.000Z,
4652,7656347.59,6398858.5,1257489.09,306739994.83,157929877.35,122316230.21,28445637.57,2026-05-08T00:00:00.000Z,2026-05-08T00:00:00.000Z
3638,,,,3787500.0,3787500.0,,,2026-05-08T00:00:00.000Z,
3608,,,,5039190.89,3612973.18,,,2026-05-08T00:00:00.000Z,
1417,,,,1509686.69,125487.68,1336211.76,218629.0,2026-02-06T00:00:00.000Z,
4837,,,,17301900.59,5737708.41,9702639.56,307875.0,2026-05-08T00:00:00.000Z,
4834,885929368.29,401132243.45,484797124.84,1476137773.27,1274596631.21,127256100.54,42597742.05,2026-05-08T00:00:00.000Z,2026-05-08T00:00:00.000Z
3141,,,,3479570.5,3479570.51,-0.01,,2026-02-06T00:00:00.000Z,
4268,8141242.5,6596252.97,1544989.53,10328758.13,1182105.48,8830814.65,1414423.33,2026-02-06T00:00:00.000Z,2026-05-08T00:00:00.000Z
4438,15558122.79,13329465.45,2228657.34,69191182.3,8137095.94,53341187.04,9820374.67,2026-05-08T00:00:00.000Z,2026-05-08T00:00:00.000Z
1871,,,,18885702.86,13126074.12,5293596.93,1746827.0,2026-02-06T00:00:00.000Z,
4521,16740406.16,,16740406.16,295486126.2,288994487.97,,5553102.99,2026-05-08T00:00:00.000Z,2026-05-08T00:00:00.000Z
4264,,,,81093524.93,69282647.28,10210959.78,8431940.69,2026-02-06T00:00:00.000Z,
4117,15130900.23,10414680.88,4716219.35,55032768.45,29463353.3,23904275.15,9193060.93,2026-02-06T00:00:00.000Z,2026-05-08T00:00:00.000Z
1965,,,,5614462.32,657367.69,4887355.71,1210847.0,2026-02-06T00:00:00.000Z,
4335,40826320.17,29559255.81,11267064.36,66622069.6,54657374.17,6428460.85,28777076.92,2026-05-08T00:00:00.000Z,2026-05-08T00:00:00.000Z
1628,7031442.71,5331007.59,1700435.12,154939297.05,28269857.08,118563720.66,5236367.56,2026-02-06T00:00:00.000Z,2026-05-08T00:00:00.000Z
1541,13836392.68,9147550.58,4688842.1,6334210.46,1369348.37,4288055.7,1559063.0,2026-02-06T00:00:00.000Z,2026-05-08T00:00:00.000Z
4375,,,,7302114.67,104198.74,7006741.08,229105.89,2026-02-06T00:00:00.000Z,
4469,4850094.6,4377550.42,472544.18,19820410.96,2065600.24,16790650.02,4029999.74,2026-05-08T00:00:00.000Z,2026-05-08T00:00:00.000Z
4193,11373532.86,10367500.6,1006032.26,26324959.88,5073665.89,20018486.4,3636564.0,2026-05-08T00:00:00.000Z,2026-05-08T00:00:00.000Z
1982,,,,20249390.34,8967827.81,10654952.85,574042.0,2026-02-06T00:00:00.000Z,
5128,,,,14318214.62,335447.17,,0.0,2026-02-06T00:00:00.000Z,
4635,7529754.72,6680204.6,849550.12,61629203.2,9296184.22,50653258.41,10651368.79,2026-05-08T00:00:00.000Z,2026-05-08T00:00:00.000Z
1908,1549737.37,1271585.7,278151.67,7358685.38,5139044.56,2016055.82,931412.0,2026-02-06T00:00:00.000Z,2026-05-08T00:00:00.000Z
1311,,,,36909135.59,26066940.79,10849669.36,5289650.0,2026-02-06T00:00:00.000Z,
4890,3142053.62,2291789.79,850263.83,548625.39,13393.39,535232.0,0.0,2026-05-08T00:00:00.000Z,2026-05-08T00:00:00.000Z
1528,,,,3303885.65,1058389.36,2248031.59,253348.0,2026-02-06T00:00:00.000Z,
4201,,,,11180461.69,10816234.46,192426.81,0.0,2026-05-08T00:00:00.000Z,
2831,,,,,,,0.0,,
4619,,,,184078515.95,175446442.6,3621899.3,5251717.22,2026-05-08T00:00:00.000Z,
4418,,,,13963137.57,922370.28,12258136.57,1496076.0,2026-05-08T00:00:00.000Z,
1508,,,,2411749.43,133142.71,2278606.72,152917.0,2026-02-06T00:00:00.000Z,
4873,24427472.64,15586711.9,8840760.74,31809052.18,2110782.31,28829390.95,0.0,2026-05-08T00:00:00.000Z,2026-05-08T00:00:00.000Z
4337,1020966938.16,712482355.67,308484582.49,2423306453.92,1744188790.23,586691033.67,429072456.82,2026-05-08T00:00:00.000Z,2026-05-08T00:00:00.000Z
4732,,,,8210572.35,3334019.01,4434904.27,921749.69,2026-05-08T00:00:00.000Z,
4583,,,,14592656.35,1157604.68,12308604.97,1703690.13,2026-05-08T00:00:00.000Z,
1241,,,,,,,302741.0,,
2840,,,,,,,0.0,,
5297,,,,6836545.84,738040.19,,0.0,2026-05-08T00:00:00.000Z,
3486,,,,36990067.83,36990067.83,,,2026-05-08T00:00:00.000Z,
1424,,,,1428869.09,98133.91,1289354.48,218396.0,2026-02-06T00:00:00.000Z,
1787,,,,3673097.45,208435.76,3459158.78,555038.0,2026-02-06T00:00:00.000Z,
1266,,,,7265330.4,4572203.46,2603875.52,3634575.0,2026-02-06T00:00:00.000Z,
1579,,,,82381461.35,12537232.14,69295516.64,2183102.0,2026-02-06T00:00:00.000Z,
1256,,,,,,,645473.0,,
4558,23331578.62,18484122.4,4847456.22,488827082.33,351701470.6,96736612.79,58133584.46,2026-05-08T00:00:00.000Z,2026-05-08T00:00:00.000Z
4880,,,,11283137.41,9688381.47,187156.35,0.0,2026-05-08T00:00:00.000Z,
4277,776048445.18,612172870.28,163875574.9,771901840.17,427075307.35,322632367.82,141652079.48,2026-05-08T00:00:00.000Z,2026-05-08T00:00:00.000Z
5522,,,,1778.4,1778.4,,0.0,2026-05-08T00:00:00.000Z,
4074,,,,1297026.84,95284.12,1200315.02,230763.0,2026-02-06T00:00:00.000Z,
1387,,,,3692932.67,356138.9,3187341.86,659897.0,2026-02-06T00:00:00.000Z,
1325,,,,1354522.51,1343225.92,,98973.0,2026-02-06T00:00:00.000Z,
4570,46857016.39,35884843.99,10972172.4,123372443.37,65171161.92,51003907.34,7482214.18,2026-05-08T00:00:00.000Z,2026-05-08T00:00:00.000Z
2856,,,,,,,0.0,,
2860,,,,,,,0.0,,
2861,,,,,,,0.0,,
2862,,,,,,,0.0,,
2863,,,,,,,0.0,,
2864,,,,,,,0.0,,
2865,,,,,,,0.0,,
1618,,,,1415493.42,144537.96,1179241.37,155550.0,2026-02-06T00:00:00.000Z,
2531,,,,13409.78,13409.78,,0.0,2026-02-06T00:00:00.000Z,
4197,,,,6005686.07,1992941.03,3723418.04,277283.52,2026-02-06T00:00:00.000Z,
5200,,,,333087.74,333087.74,,0.0,2026-05-08T00:00:00.000Z,
4113,,,,11108020.79,3172254.98,7691613.98,857916.0,2026-02-06T00:00:00.000Z,
2466,,,,1488494.88,48981.41,,0.0,2026-02-06T00:00:00.000Z,
5071,,,,9986747.15,4455.09,,0.0,2026-02-06T00:00:00.000Z,
4792,,,,13920121.41,3225843.27,9543903.63,0.0,2026-05-08T00:00:00.000Z,
2878,,,,,,,0.0,,
2700,,,,710751.98,440843.32,,0.0,2026-02-06T00:00:00.000Z,
4250,13173843.43,10765588.81,2408254.62,32747311.6,8994305.18,22646310.5,10675595.8,2026-02-06T00:00:00.000Z,2026-05-08T00:00:00.000Z
3559,,,,6291372.98,5879787.83,,,2026-02-06T00:00:00.000Z,
4285,98842212.59,69249444.05,29592768.54,320795238.96,80752687.2,230233053.76,58753920.35,2026-05-08T00:00:00.000Z,2026-05-08T00:00:00.000Z
4222,18563163.18,16100633.78,2462529.4,64240911.93,5127222.99,57054167.4,11286532.37,2026-02-06T00:00:00.000Z,2026-05-08T00:00:00.000Z
4553,,,,10557026.15,1586521.88,7932980.45,1569961.46,2026-05-08T00:00:00.000Z,
4180,,,,31650361.82,2043624.07,27015464.42,209310.96,2026-05-08T00:00:00.000Z,
4318,3961671.43,3159425.67,802245.76,27384732.41,2417033.69,24044001.72,3832583.02,2026-05-08T00:00:00.000Z,2026-05-08T00:00:00.000Z
1729,4468107.41,4026708.01,441399.4,16677630.18,14497502.65,2274835.58,2708300.0,2026-02-06T00:00:00.000Z,2026-05-08T00:00:00.000Z
2257,,,,71617.0,71617.0,,,2026-02-06T00:00:00.000Z,
5498,,,,,,,0.0,,
4091,2592961.32,2168049.22,424912.1,30749448.69,21862022.2,8497041.39,4312949.96,2026-02-06T00:00:00.000Z,2026-05-08T00:00:00.000Z
2833,,,,3866805.34,105135.29,,0.0,2026-02-06T00:00:00.000Z,
1498,33842082.4,9327997.51,24514084.89,108149061.65,85290020.19,20414640.46,7280835.0,2026-02-06T00:00:00.000Z,2026-05-08T00:00:00.000Z
4478,,,,7771447.2,3484972.71,4170632.24,420026.4,2026-05-08T00:00:00.000Z,
1664,9498514.38,9442754.21,55760.17,20136568.72,2231924.98,16598853.46,1660378.0,2026-02-06T00:00:00.000Z,2026-05-08T00:00:00.000Z
5232,,,,4390258.61,369118.5,,0.0,2026-02-06T00:00:00.000Z,
4427,,,,21944073.57,3002734.34,16752715.05,2787994.42,2026-05-08T00:00:00.000Z,
2744,,,,729435.27,,,0.0,2026-02-06T00:00:00.000Z,
5484,,,,814214.45,44817.8,,0.0,2026-02-06T00:00:00.000Z,
2900,,,,,,,0.0,,
1452,,,,4409312.27,466456.99,3847197.05,732504.0,2026-02-06T00:00:00.000Z,
4328,,,,2962549.72,1903124.39,964504.33,232980.47,2026-02-06T00:00:00.000Z,
2431,,,,11114.8,0.0,28722.0,,2026-02-06T00:00:00.000Z,
2406,,,,766588.42,765511.71,,,2026-02-06T00:00:00.000Z,
4751,4629951.1,2601174.38,2028776.72,15616879.03,3519379.05,11091078.21,0.0,2026-05-08T00:00:00.000Z,2026-05-08T00:00:00.000Z
5210,,,,156543.99,,,0.0,2026-02-06T00:00:00.000Z,
2995,,,,592294.84,,,0.0,2026-02-06T00:00:00.000Z,
4123,,,,239920.61,25008.42,204536.19,0.0,2026-02-06T00:00:00.000Z,
2401,,,,343461.6,0.0,279000.0,,2026-02-06T00:00:00.000Z,
2966,,,,1392551.94,11252.71,,0.0,2026-02-06T00:00:00.000Z,
4691,,,,7384618.63,734933.37,5687151.31,685305.93,2026-05-08T00:00:00.000Z,
2528,,,,6772439.0,351137.95,,0.0,2026-02-06T00:00:00.000Z,
4733,,,,2175995.67,1118501.59,924503.53,0.0,2026-05-08T00:00:00.000Z,
5489,,,,812034.31,518528.71,,0.0,2026-05-08T00:00:00.000Z,
2884,,,,2389717.33,62944.31,,0.0,2026-02-06T00:00:00.000Z,
2576,,,,141511.94,,,0.0,2026-02-06T00:00:00.000Z,
4688,,,,303475.35,277568.91,,11240.75,2026-02-06T00:00:00.000Z,
2945,,,,132741.52,4602.23,,0.0,2026-02-06T00:00:00.000Z,
3228,,,,940482.93,885986.59,,,2026-02-06T00:00:00.000Z,
2361,,,,350001.76,350001.76,,,2026-02-06T00:00:00.000Z,
2750,,,,16699.86,,,0.0,2026-02-06T00:00:00.000Z,
2294,,,,0.0,0.0,,,2026-02-06T00:00:00.000Z,
2993,,,,9912.6,,,0.0,2026-02-06T00:00:00.000Z,
2899,,,,20995.06,4567.5,,0.0,2026-02-06T00:00:00.000Z,
2410,,,,1276717.16,13367.66,607485.0,,2026-02-06T00:00:00.000Z,
2769,,,,11390.36,,,0.0,2026-02-06T00:00:00.000Z,
2316,,,,21098.16,21098.16,,,2026-02-06T00:00:00.000Z,
2636,,,,2406368.89,,,0.0,2026-02-06T00:00:00.000Z,
2846,,,,585290.52,5564.12,,0.0,2026-02-06T00:00:00.000Z,
2672,,,,239091.04,,,0.0,2026-02-06T00:00:00.000Z,
4859,,,,853905.76,167284.38,589593.75,0.0,2026-05-08T00:00:00.000Z,
4830,395329646.87,138957897.97,256371748.9,1521750745.44,1386533024.12,87080838.78,4493914.87,2026-05-08T00:00:00.000Z,2026-05-08T00:00:00.000Z
4029,14263187.0,11522577.32,2740609.68,46820167.2,38788798.48,5645747.0,11865026.97,2026-02-06T00:00:00.000Z,2026-05-08T00:00:00.000Z
1296,,,,41182922.07,10759369.68,29436671.56,4413443.0,2026-02-06T00:00:00.000Z,
4562,39027707.79,31514093.99,7513613.8,572577878.54,416509669.54,109002635.86,90404797.06,2026-05-08T00:00:00.000Z,2026-05-08T00:00:00.000Z
1539,208970753.97,91728356.27,117242397.7,619521235.51,427297553.76,185176735.79,87636278.54,2026-02-06T00:00:00.000Z,2026-05-08T00:00:00.000Z
1605,128278244.61,90412186.66,37866057.95,118841849.02,51144382.5,64892845.78,59190787.04,2026-02-06T00:00:00.000Z,2026-05-08T00:00:00.000Z
1695,3509042.32,3208483.04,300559.28,23206738.62,2966351.43,20372449.16,3622962.0,2026-02-06T00:00:00.000Z,2026-05-08T00:00:00.000Z
4611,1241474040.36,756943448.06,484530592.3,3541285974.1,2049603734.71,1359096632.23,127510422.41,2026-05-08T00:00:00.000Z,2026-05-08T00:00:00.000Z
4161,,,,1802953.09,319971.62,1311056.98,251861.0,2026-02-06T00:00:00.000Z,
1859,22780503.01,18259342.0,4521161.01,94144289.11,33272376.92,58867918.92,9822639.74,2026-02-06T00:00:00.000Z,2026-05-08T00:00:00.000Z
4577,13555380.43,11417602.54,2137777.89,134647141.57,33514875.81,97274786.4,10630094.58,2026-05-08T00:00:00.000Z,2026-05-08T00:00:00.000Z
4286,39700862.51,32647472.31,7053390.2,242659055.01,162360725.46,72015034.55,35984572.31,2026-05-08T00:00:00.000Z,2026-05-08T00:00:00.000Z
3140,,,,51218204.06,50716251.84,12517.79,,2026-02-06T00:00:00.000Z,
1332,,,,10905227.4,1145655.2,9726224.29,3154896.0,2026-02-06T00:00:00.000Z,
4379,,,,36459263.64,34712729.17,867798.88,1593818.56,2026-05-08T00:00:00.000Z,
4605,2550083.38,2397106.42,152976.96,6482565.61,286734.31,5962855.24,840771.64,2026-05-08T00:00:00.000Z,2026-05-08T00:00:00.000Z
1414,,,,8191992.39,1466923.96,6665537.25,2027706.0,2026-02-06T00:00:00.000Z,
4441,9053665.36,8496507.52,557157.84,53275011.92,10163092.48,36845609.17,7424230.78,2026-05-08T00:00:00.000Z,2026-05-08T00:00:00.000Z
4563,96549405.07,71671516.92,24877888.15,290952486.8,179048543.38,90061106.65,19084780.42,2026-05-08T00:00:00.000Z,2026-05-08T00:00:00.000Z
4523,23608691.58,,23608691.58,114762952.52,105398278.13,,2494691.49,2026-05-08T00:00:00.000Z,2026-05-08T00:00:00.000Z
4519,2242253.35,2069844.91,172408.44,9588271.45,591608.82,7973960.89,2439099.86,2026-05-08T00:00:00.000Z,2026-05-08T00:00:00.000Z
4310,,,,7166137.84,724220.99,6204557.85,1118109.0,2026-05-08T00:00:00.000Z,
4709,38943360.51,29182487.13,9760873.38,52701946.69,15502048.04,34254837.12,3040377.9,2026-05-08T00:00:00.000Z,2026-05-08T00:00:00.000Z
4276,,,,13802564.69,2101728.41,11357600.63,1077127.07,2026-05-08T00:00:00.000Z,
4358,,,,26257383.54,586324.18,22982899.52,7824205.25,2026-05-08T00:00:00.000Z,
4697,13599107.37,9098006.42,4501100.95,75462069.4,56879288.45,16228155.02,4473912.13,2026-05-08T00:00:00.000Z,2026-05-08T00:00:00.000Z
1589,8072710.16,5099512.15,2973198.01,52010898.76,5303268.02,40896837.59,1930842.0,2026-02-06T00:00:00.000Z,2026-05-08T00:00:00.000Z
1625,,,,11286153.18,8641038.55,2584295.94,632542.0,2026-02-06T00:00:00.000Z,
4604,,,,7018597.26,300925.74,6397185.97,914283.0,2026-05-08T00:00:00.000Z,
1564,2883537.86,1738636.54,1144901.32,14073648.07,852726.57,11332070.41,825556.0,2026-02-06T00:00:00.000Z,2026-05-08T00:00:00.000Z
1813,,,,49802008.6,42186959.25,7556237.51,5612828.0,2026-02-06T00:00:00.000Z,
3581,,,,312742.69,293249.56,,,2026-05-08T00:00:00.000Z,
2354,,,,1546000.26,1546000.26,,,2026-02-06T00:00:00.000Z,
1927,,,,2515039.14,127028.91,2185224.33,223662.0,2026-02-06T00:00:00.000Z,
4342,,,,4174300.13,737336.1,3243496.78,302479.83,2026-05-08T00:00:00.000Z,
4731,,,,20627996.05,2669455.54,16707939.86,1367759.03,2026-05-08T00:00:00.000Z,
5303,,,,508603.58,154624.67,,0.0,2026-05-08T00:00:00.000Z,
4793,,,,659588.97,309427.92,320169.13,0.0,2026-05-08T00:00:00.000Z,
1453,2609145.45,1614171.25,994974.2,31856038.61,13005035.17,18927692.15,2108337.0,2026-02-06T00:00:00.000Z,2026-05-08T00:00:00.000Z
4334,,,,5349464.31,1037778.87,4150578.76,1270811.62,2026-02-06T00:00:00.000Z,
5032,,,,5126349.47,340493.66,,0.0,2026-02-06T00:00:00.000Z,
3635,,,,0.0,0.0,,,2026-05-08T00:00:00.000Z,
1515,,,,12621672.3,297264.96,11721614.21,633024.0,2026-02-06T00:00:00.000Z,
1977,,,,2702114.08,693840.84,1880111.6,669375.0,2026-02-06T00:00:00.000Z,
4767,,,,897510.09,755677.94,47371.38,66191.83,2026-05-08T00:00:00.000Z,
4816,,,,1622866.25,45576.57,1492555.86,17621.99,2026-05-08T00:00:00.000Z,
3606,,,,17716.5,17716.5,,,2026-05-08T00:00:00.000Z,
4835,,,,11000930.52,6149891.98,3987905.28,0.0,2026-05-08T00:00:00.000Z,
4339,1336693929.1,768070472.41,568623456.69,35592787573.82,5064535216.83,27910016289.21,627318453.64,2026-05-08T00:00:00.000Z,2026-05-08T00:00:00.000Z
4491,55104282.9,,55104282.9,2399736648.76,2353325492.42,,53470430.24,2026-05-08T00:00:00.000Z,2026-05-08T00:00:00.000Z
4431,,,,43000261.19,4895665.14,35236898.67,5214768.85,2026-05-08T00:00:00.000Z,
1481,,,,11748193.16,3671390.7,7769368.33,423256.0,2026-02-06T00:00:00.000Z,
2766,,,,10360215.7,362378.1,,0.0,2026-02-06T00:00:00.000Z,
4576,21230957.65,17928588.24,3302369.41,123839351.84,55267942.04,64928792.79,11846574.64,2026-05-08T00:00:00.000Z,2026-05-08T00:00:00.000Z
3001,,,,,,,,,
3002,,,,,,,,,
3003,,,,,,,,,
3004,,,,,,,,,
3005,,,,,,,,,
3006,,,,,,,,,
3007,,,,,,,,,
3008,,,,,,,,,
3009,,,,,,,,,
3010,,,,,,,,,
3011,,,,,,,,,
3012,,,,,,,,,
3013,,,,,,,,,
3014,,,,,,,,,
3015,,,,,,,,,
3016,,,,,,,,,
3017,,,,,,,,,
3018,,,,,,,,,
3019,,,,,,,,,
3020,,,,,,,,,
3021,,,,,,,,,
3022,,,,,,,,,
3023,,,,,,,,,
3024,,,,,,,,,
3025,,,,,,,,,
3026,,,,,,,,,
3027,,,,,,,,,
3028,,,,,,,,,
3029,,,,,,,,,
3030,,,,,,,,,
3031,,,,,,,,,
3032,,,,,,,,,
3033,,,,,,,,,
3034,,,,,,,,,
3035,,,,,,,,,
3036,,,,,,,,,
3037,,,,,,,,,
3038,,,,,,,,,
3039,,,,,,,,,
3040,,,,,,,,,
3041,,,,,,,,,
3042,,,,,,,,,
3043,,,,,,,,,
3044,,,,,,,,,
3045,,,,,,,,,
3046,,,,,,,,,
3047,,,,,,,,,
3048,,,,,,,,,
3049,,,,,,,,,
3050,,,,,,,,,
3051,,,,,,,,,
3052,,,,,,,,,
3053,,,,,,,,,
3054,,,,,,,,,
3055,,,,,,,,,
3056,,,,,,,,,
3057,,,,,,,,,
3058,,,,,,,,,
3059,,,,,,,,,
3060,,,,,,,,,
3061,,,,,,,,,
3062,,,,,,,,,
3063,,,,,,,,,
3064,,,,,,,,,
3065,,,,,,,,,
5449,,,,,,,430647.23,,
3067,,,,,,,,,
3068,,,,,,,,,
3069,,,,,,,,,
3070,,,,,,,,,
3071,,,,,,,,,
3072,,,,,,,,,
3073,,,,,,,,,
3074,,,,,,,,,
3075,,,,,,,,,
3076,,,,,,,,,
3077,,,,,,,,,
3150,,,,547528.1,547528.1,,,2026-02-06T00:00:00.000Z,
3079,,,,,,,,,
4298,,,,9837358.31,684944.84,8958498.74,1447192.8,2026-02-06T00:00:00.000Z,
3081,,,,,,,,,
3082,,,,,,,,,
3083,,,,,,,,,
3084,,,,,,,,,
3085,,,,,,,,,
3086,,,,,,,,,
3087,,,,,,,,,
3088,,,,,,,,,
3089,,,,,,,,,
3090,,,,,,,,,
3091,,,,,,,,,
3092,,,,,,,,,
3093,,,,,,,,,
4508,7148172.7,,7148172.7,82782811.71,79046341.59,,1270357.57,2026-05-08T00:00:00.000Z,2026-05-08T00:00:00.000Z
4539,,,,51551225.64,3935474.78,45939083.83,10029940.74,2026-05-08T00:00:00.000Z,
4528,53689142.35,,53689142.35,323267621.12,304278878.35,,20172747.17,2026-05-08T00:00:00.000Z,2026-05-08T00:00:00.000Z
3098,,,,,,,,,
1974,8585761.3,6981406.64,1604354.66,50409497.12,18838478.32,31325015.95,8713370.0,2026-02-06T00:00:00.000Z,2026-05-08T00:00:00.000Z
1995,1805969.74,1744834.03,61135.71,14747309.61,587657.83,13957354.76,1041788.0,2026-05-08T00:00:00.000Z,2026-05-08T00:00:00.000Z
4428,,,,72683537.8,1096415.93,61840544.61,6881451.62,2026-05-08T00:00:00.000Z,
3326,,,,781030.88,777654.44,,,2026-02-06T00:00:00.000Z,
3428,,,,-23499530.3,-23709417.56,,,2026-05-08T00:00:00.000Z,
1614,3640862.23,3069838.57,571023.66,7207478.21,978222.93,6165917.58,556944.0,2026-02-06T00:00:00.000Z,2026-05-08T00:00:00.000Z
4055,,,,15087219.2,1662486.58,12927510.62,3032978.0,2026-02-06T00:00:00.000Z,
4462,,,,19340531.83,11853990.98,5168929.02,495227.36,2026-05-08T00:00:00.000Z,
4589,,,,14570953.56,1463860.02,12244275.8,845856.54,2026-05-08T00:00:00.000Z,
4457,,,,2781331.45,117435.25,2417610.3,26879.84,2026-05-08T00:00:00.000Z,
4470,,,,13702050.81,6095172.05,7233934.78,480986.47,2026-05-08T00:00:00.000Z,
4423,,,,2250088.49,258132.31,1829578.66,40833.0,2026-05-08T00:00:00.000Z,
4460,,,,5877298.76,259591.69,4785165.16,840380.09,2026-05-08T00:00:00.000Z,
5488,,,,696827.93,679810.05,,0.0,2026-05-08T00:00:00.000Z,
1505,8134432.06,7834700.93,299731.13,47773159.64,6230771.35,40506647.12,2218157.0,2026-02-06T00:00:00.000Z,2026-05-08T00:00:00.000Z
1744,4360723.47,3402839.22,957884.25,4912916.3,2051785.36,2803847.34,1692900.0,2026-02-06T00:00:00.000Z,2026-05-08T00:00:00.000Z
1569,4210930.22,3076879.4,1134050.82,4045561.21,505296.22,3448743.72,614553.0,2026-02-06T00:00:00.000Z,2026-05-08T00:00:00.000Z
4355,,,,10176488.56,1381689.58,7724900.39,447348.92,2026-05-08T00:00:00.000Z,
3119,,,,,,,,,
4655,3680647.89,3454277.91,226369.98,41551144.58,7095256.85,30780178.52,7976811.8,2026-05-08T00:00:00.000Z,2026-05-08T00:00:00.000Z
3121,,,,,,,,,
3122,,,,,,,,,
4716,,,,1544004.64,539384.39,791654.06,0.0,2026-02-06T00:00:00.000Z,
3124,,,,,,,,,
3125,,,,,,,,,
1636,1230390.88,755400.93,474989.95,2286579.47,1024215.71,1181259.24,568677.0,2026-02-06T00:00:00.000Z,2026-05-08T00:00:00.000Z
4192,,,,548510.68,112092.85,423721.83,52234.63,2026-05-08T00:00:00.000Z,
3128,,,,,,,,,
3129,,,,,,,,,
3130,,,,,,,,,
4832,37793993.46,22712003.67,15081989.79,368274959.6,173671305.36,186532930.81,0.0,2026-05-08T00:00:00.000Z,2026-05-08T00:00:00.000Z
4878,9488546.38,6228716.37,3259830.01,19444773.81,3055241.33,15027570.52,0.0,2026-05-08T00:00:00.000Z,2026-05-08T00:00:00.000Z
4592,,,,74865695.84,43376274.6,24559114.96,6479762.39,2026-05-08T00:00:00.000Z,
4588,,,,38793425.18,894353.5,35009595.38,5711712.78,2026-05-08T00:00:00.000Z,
4319,,,,62692062.94,1381183.67,59699798.78,5106912.05,2026-05-08T00:00:00.000Z,
4345,,,,7573398.42,5136909.69,1651131.67,265140.44,2026-05-08T00:00:00.000Z,
4305,,,,63644360.74,16565455.5,44649762.51,7339028.45,2026-05-08T00:00:00.000Z,
4817,91507405.41,48837741.23,42669664.18,69761708.64,34631415.19,33487589.21,7813.6,2026-05-08T00:00:00.000Z,2026-05-08T00:00:00.000Z
1650,31528398.09,24766553.19,6761844.9,218051022.04,29227725.38,175593249.2,10584690.0,2026-02-06T00:00:00.000Z,2026-05-08T00:00:00.000Z
4070,,,,8796860.02,6024393.78,2606526.47,670441.0,2026-02-06T00:00:00.000Z,
4372,,,,35060650.81,7976017.41,24089243.82,4519465.6,2026-05-08T00:00:00.000Z,
4315,,,,84001898.26,790671.36,81986969.76,7522835.04,2026-05-08T00:00:00.000Z,
1491,57048028.63,33948484.29,23099544.34,204913750.38,178024945.68,27447793.49,16387580.0,2026-02-06T00:00:00.000Z,2026-05-08T00:00:00.000Z
1852,,,,2915456.44,147380.37,2766773.17,229235.0,2026-02-06T00:00:00.000Z,
3145,,,,,,,,,
3146,,,,,,,,,
3147,,,,,,,,,
1420,,,,5581544.94,561438.53,4781884.9,1122434.0,2026-02-06T00:00:00.000Z,
3149,,,,,,,,,
1535,,,,10223840.2,833386.98,9138256.14,771366.0,2026-02-06T00:00:00.000Z,
3151,,,,,,,,,
3152,,,,,,,,,
3597,,,,2635138.07,2483112.33,,,2026-05-08T00:00:00.000Z,
1380,,,,9040908.02,6082907.61,2964651.36,14135775.0,2026-02-06T00:00:00.000Z,
3335,,,,5191261.4,5183599.95,,,2026-02-06T00:00:00.000Z,
4112,,,,1320792.96,1276060.46,2043.5,140026.0,2026-02-06T00:00:00.000Z,
4313,,,,9158293.36,793624.91,8004637.45,1695975.0,2026-05-08T00:00:00.000Z,
3158,,,,,,,,,
3159,,,,,,,,,
4190,,,,2352906.01,223216.2,1940643.67,268862.0,2026-02-06T00:00:00.000Z,
4169,,,,6364572.95,2303799.95,3930779.53,872345.55,2026-02-06T00:00:00.000Z,
4426,,,,13773887.86,1185473.07,11925288.07,704653.25,2026-05-08T00:00:00.000Z,
1519,19193921.3,13999401.04,5194520.26,10648040.68,1569652.38,9122880.76,2164906.0,2026-02-06T00:00:00.000Z,2026-05-08T00:00:00.000Z
3586,,,,960363.88,802691.75,,,2026-05-08T00:00:00.000Z,
4422,,,,575161.5,21703.5,511951.5,0.0,2026-05-08T00:00:00.000Z,
1287,,,,3704291.45,2689766.86,906909.42,3182052.0,2026-02-06T00:00:00.000Z,
1307,,,,1010652.61,397663.92,612988.69,111961.0,2026-02-06T00:00:00.000Z,
3168,,,,,,,,,
4885,,,,6538432.93,25137.73,5647324.84,0.0,2026-05-08T00:00:00.000Z,
5544,,,,,,,0.0,,
3217,,,,34877040.15,34804266.55,,,2026-02-06T00:00:00.000Z,
1686,1354036.12,906501.94,447534.18,50808150.05,29983464.9,20449721.81,8877853.0,2026-02-06T00:00:00.000Z,2026-05-08T00:00:00.000Z
5251,,,,665090.01,247536.26,,0.0,2026-02-06T00:00:00.000Z,
1909,169303511.72,146829691.09,22473820.63,245881944.82,61318428.82,178350444.0,64806420.55,2026-05-08T00:00:00.000Z,2026-05-08T00:00:00.000Z
1611,,,,1046674.03,464017.15,528666.83,68814.0,2026-02-06T00:00:00.000Z,
5434,,,,1027110.45,57906.64,,1428146.3,2026-02-06T00:00:00.000Z,
4773,,,,204081.9,8659.58,178000.7,0.0,2026-05-08T00:00:00.000Z,
4505,11966533.5,,11966533.5,818835715.79,808350653.31,,17835163.62,2026-05-08T00:00:00.000Z,2026-05-08T00:00:00.000Z
4413,28176282.28,27836540.48,339741.8,186725156.06,15432110.5,153725743.23,14004933.6,2026-05-08T00:00:00.000Z,2026-05-08T00:00:00.000Z
5153,,,,820738.65,1862.8,,0.0,2026-02-06T00:00:00.000Z,
4601,1962203.12,1787063.29,175139.83,19754997.54,1542651.77,17015220.04,1922958.53,2026-05-08T00:00:00.000Z,2026-05-08T00:00:00.000Z
1980,37062310.48,22596129.42,14466181.06,160170851.47,63857572.56,94239416.78,92526566.0,2026-02-06T00:00:00.000Z,2026-05-08T00:00:00.000Z
4665,51854048.53,43963171.24,7890877.29,25284698.38,2134626.27,21331616.64,16633885.27,2026-05-08T00:00:00.000Z,2026-05-08T00:00:00.000Z
4397,,,,30809174.18,4284069.25,23365714.32,449384.97,2026-05-08T00:00:00.000Z,
1979,11386784.01,10011898.05,1374885.96,18433516.77,8549345.81,9665495.17,4213705.0,2026-02-06T00:00:00.000Z,2026-05-08T00:00:00.000Z
1840,7382877.18,5906743.59,1476133.59,5187726.21,1903507.66,3068546.66,2530307.0,2026-02-06T00:00:00.000Z,2026-05-08T00:00:00.000Z
4299,,,,133911262.84,3759961.12,126264394.38,12222797.42,2026-05-08T00:00:00.000Z,
2463,,,,540451.0,16907.28,,,2026-02-06T00:00:00.000Z,
4095,,,,2113605.92,466662.47,1642589.32,158765.0,2026-02-06T00:00:00.000Z,
1389,,,,708827.27,276994.7,460813.63,255255.0,2026-02-06T00:00:00.000Z,
4685,5557341.55,4745500.72,811840.83,36328111.89,20999509.42,12570113.24,3899207.63,2026-05-08T00:00:00.000Z,2026-05-08T00:00:00.000Z
2345,,,,2539053.48,2539053.48,,,2026-02-06T00:00:00.000Z,
2327,,,,871692.4,871692.4,,,2026-02-06T00:00:00.000Z,
2684,,,,162574.07,162574.07,,0.0,2026-02-06T00:00:00.000Z,
4532,1552805.91,,1552805.91,474497599.84,449473307.66,,9248502.58,2026-05-08T00:00:00.000Z,2026-05-08T00:00:00.000Z
3533,,,,1292559.68,1190472.68,,,2026-05-08T00:00:00.000Z,
2424,,,,258389.44,255103.7,,,2026-02-06T00:00:00.000Z,
5018,,,,285252.85,35501.83,,0.0,2026-02-06T00:00:00.000Z,
2976,,,,2929255.77,37845.73,,0.0,2026-02-06T00:00:00.000Z,
2937,,,,807344.61,6117.8,,0.0,2026-02-06T00:00:00.000Z,
2832,,,,889842.57,47325.45,,0.0,2026-02-06T00:00:00.000Z,
2329,,,,422314.25,422314.25,,,2026-02-06T00:00:00.000Z,
5204,,,,9219383.36,84313.83,,0.0,2026-02-06T00:00:00.000Z,
5099,,,,7905132.26,199462.21,,347360.0,2026-02-06T00:00:00.000Z,
3212,,,,,,,,,
3213,,,,,,,,,
3214,,,,,,,,,
3342,,,,28257.8,26307.8,,,2026-02-06T00:00:00.000Z,
5259,,,,4305827.58,217345.14,,0.0,2026-02-06T00:00:00.000Z,
5211,,,,1335350.27,9266.23,,0.0,2026-02-06T00:00:00.000Z,
2912,,,,164326.83,7345.22,,0.0,2026-02-06T00:00:00.000Z,
4312,,,,269934.77,36627.59,233307.18,1650.0,2026-02-06T00:00:00.000Z,
2563,,,,76008.85,11631.8,,0.0,2026-02-06T00:00:00.000Z,
5444,,,,5211696.92,67609.15,,0.0,2026-02-06T00:00:00.000Z,
2811,,,,96586.9,86273.75,,0.0,2026-02-06T00:00:00.000Z,
2999,,,,619731.97,303544.82,,0.0,2026-02-06T00:00:00.000Z,
5450,,,,8512204.78,402287.55,,0.0,2026-02-06T00:00:00.000Z,
5183,,,,2393401.79,6603.12,,487954.24,2026-02-06T00:00:00.000Z,
2837,,,,321803.65,8145.79,,0.0,2026-02-06T00:00:00.000Z,
2373,,,,2722101.81,2722101.81,,,2026-02-06T00:00:00.000Z,
2578,,,,93267.74,,,0.0,2026-02-06T00:00:00.000Z,
3304,,,,544794.58,544794.58,,,2026-02-06T00:00:00.000Z,
2647,,,,2718247.83,,,0.0,2026-02-06T00:00:00.000Z,
2368,,,,1121445.74,1121445.74,,,2026-02-06T00:00:00.000Z,
2304,,,,587627.7,587627.7,,,2026-02-06T00:00:00.000Z,
2687,,,,4883323.68,4883323.68,,0.0,2026-02-06T00:00:00.000Z,
4194,,,,4363162.7,2948040.62,1203970.08,0.0,2026-05-08T00:00:00.000Z,
4349,,,,14968939.51,3067775.06,11421068.76,1992228.02,2026-05-08T00:00:00.000Z,
1642,18613563.29,16757185.29,1856378.0,18874930.28,7480717.08,11332714.43,1881915.0,2026-02-06T00:00:00.000Z,2026-05-08T00:00:00.000Z
5298,,,,3332983.74,266576.94,,0.0,2026-05-08T00:00:00.000Z,
2796,,,,635400.05,27465.68,,0.0,2026-02-06T00:00:00.000Z,
5148,,,,347893.55,343093.29,,0.0,2026-05-08T00:00:00.000Z,
1631,1587654.75,964476.46,623178.29,5542439.5,736968.2,4785166.54,970594.0,2026-02-06T00:00:00.000Z,2026-05-08T00:00:00.000Z
4497,74129003.94,,74129003.94,163080298.09,159661980.14,,6504135.39,2026-05-08T00:00:00.000Z,2026-05-08T00:00:00.000Z
4430,,,,495888.42,10137.9,478003.97,0.0,2026-05-08T00:00:00.000Z,
2558,,,,187479.36,,,0.0,2026-02-06T00:00:00.000Z,
4820,15652328.77,11309075.36,4343253.41,21277588.3,3883648.71,16812297.55,0.0,2026-05-08T00:00:00.000Z,2026-05-08T00:00:00.000Z
2350,,,,81878.55,81878.55,,,2026-02-06T00:00:00.000Z,
2697,,,,80752.71,7903.09,,0.0,2026-02-06T00:00:00.000Z,
5311,,,,898824.68,,,0.0,2026-02-06T00:00:00.000Z,
5065,,,,152495.99,,,0.0,2026-02-06T00:00:00.000Z,
5191,,,,431868.84,,,0.0,2026-02-06T00:00:00.000Z,
3203,,,,6273609.34,6336868.61,,,2026-02-06T00:00:00.000Z,
4875,4104288.87,2403491.17,1700797.7,6093156.0,308058.84,5007418.94,0.0,2026-05-08T00:00:00.000Z,2026-05-08T00:00:00.000Z
1688,,,,65377279.14,13939362.28,50951621.84,8187875.0,2026-02-06T00:00:00.000Z,
5152,,,,1063262.16,1060389.69,,0.0,2026-05-08T00:00:00.000Z,
4760,,,,11740665.9,322694.21,9818886.2,2292826.36,2026-05-08T00:00:00.000Z,
3260,,,,,,,,,
4746,,,,543053.87,237371.78,259323.83,0.0,2026-05-08T00:00:00.000Z,
1713,,,,2939821.65,295753.63,2178656.38,345661.0,2026-02-06T00:00:00.000Z,
1282,,,,10955690.74,1814403.47,8883933.06,2636499.0,2026-02-06T00:00:00.000Z,
3218,,,,9466263.25,9339813.89,,,2026-02-06T00:00:00.000Z,
4557,11423336.69,8178199.02,3245137.67,196676257.44,160855179.78,29635947.15,44854826.0,2026-05-08T00:00:00.000Z,2026-05-08T00:00:00.000Z
1792,63878324.09,54137482.22,9740841.87,220637580.3,123311137.83,88386279.47,37080349.27,2026-02-06T00:00:00.000Z,2026-05-08T00:00:00.000Z
3268,,,,,,,,,
1935,374827388.04,318249256.27,56578131.77,5010717.42,734014.91,4215071.38,46935363.7,2026-02-06T00:00:00.000Z,2026-05-08T00:00:00.000Z
1313,,,,8726361.63,3164581.04,5580429.08,1311471.0,2026-02-06T00:00:00.000Z,
1277,,,,8534710.43,1862546.18,6422742.96,2449736.0,2026-02-06T00:00:00.000Z,
1604,1293717474.49,875826174.58,417891299.91,3218622939.83,1167843295.7,1821893613.35,334719377.82,2026-02-06T00:00:00.000Z,2026-05-08T00:00:00.000Z
2456,,,,15963332.0,453833.76,,,2026-02-06T00:00:00.000Z,
4614,255474480.36,229926923.16,25547557.2,349817297.92,79564807.56,244665131.08,32404846.36,2026-05-08T00:00:00.000Z,2026-05-08T00:00:00.000Z
4390,,,,25415597.64,2185869.03,20982718.66,3610529.06,2026-05-08T00:00:00.000Z,
4399,149572302.29,123061722.8,26510579.49,2252546710.61,1400851914.22,669821562.93,136174375.29,2026-05-08T00:00:00.000Z,2026-05-08T00:00:00.000Z
1996,6708117.08,6271847.46,436269.62,42263772.07,3743449.94,38421379.54,7332356.37,2026-02-06T00:00:00.000Z,2026-05-08T00:00:00.000Z
1587,3869721.15,3227036.68,642684.47,18759804.26,1593857.45,17152485.33,1651431.0,2026-02-06T00:00:00.000Z,2026-05-08T00:00:00.000Z
3279,,,,,,,,,
3280,,,,,,,,,
3281,,,,,,,,,
3282,,,,,,,,,
5587,,,,,,,0.0,,
3284,,,,,,,,,
4173,,,,9571816.89,7753726.49,1553040.66,1162948.14,2026-02-06T00:00:00.000Z,
4461,,,,66779371.3,34770358.5,26334317.01,5626161.38,2026-05-08T00:00:00.000Z,
3289,,,,,,,,,
3295,,,,,,,,,
3296,,,,,,,,,
3297,,,,,,,,,
3298,,,,,,,,,
1880,,,,84281914.59,5984834.17,77280358.34,21711154.0,2026-02-06T00:00:00.000Z,
1771,10024142.17,8979826.09,1044316.08,53407870.95,26389243.37,26645847.98,6066205.0,2026-02-06T00:00:00.000Z,2026-05-08T00:00:00.000Z
3301,,,,,,,,,
3302,,,,,,,,,
3303,,,,,,,,,
4641,,,,8768267.55,272971.63,8272206.57,1243072.74,2026-05-08T00:00:00.000Z,
1827,,,,18571978.65,15291436.85,527906.77,1671236.0,2026-02-06T00:00:00.000Z,
4367,,,,5146389.49,243268.83,4587169.59,302464.66,2026-05-08T00:00:00.000Z,
3307,,,,,,,,,
3308,,,,,,,,,
1886,,,,874502.99,494573.42,365872.61,186548.0,2026-02-06T00:00:00.000Z,
3310,,,,,,,,,
3311,,,,,,,,,
3312,,,,,,,,,
3313,,,,,,,,,
1868,,,,19988438.27,28063.66,19824316.38,4996596.0,2026-02-06T00:00:00.000Z,
4565,,,,2488987.34,11272.5,2322226.82,483389.08,2026-05-08T00:00:00.000Z,
3316,,,,,,,,,
3317,,,,,,,,,
3318,,,,,,,,,
3319,,,,,,,,,
3200,,,,12467305.96,12564859.85,,,2026-02-06T00:00:00.000Z,
3321,,,,,,,,,
5295,,,,63051706.37,6766023.8,,0.0,2026-02-06T00:00:00.000Z,
3323,,,,,,,,,
3324,,,,,,,,,
3325,,,,,,,,,
3173,,,,16025623.46,16064502.88,,,2026-02-06T00:00:00.000Z,
3327,,,,,,,,,
4740,,,,12482056.57,1391540.1,9847589.15,1608300.29,2026-05-08T00:00:00.000Z,
1540,,,,6365836.25,6301599.55,20750.69,533754.0,2026-02-06T00:00:00.000Z,
1456,,,,6239034.16,754985.05,5428511.09,72631.0,2026-02-06T00:00:00.000Z,
3331,,,,,,,,,
3332,,,,,,,,,
3334,,,,,,,,,
5127,,,,5905956.47,157086.98,,0.0,2026-02-06T00:00:00.000Z,
4639,,,,6683006.85,1430795.79,4781838.02,1065894.07,2026-05-08T00:00:00.000Z,
3337,,,,,,,,,
3338,,,,,,,,,
3339,,,,,,,,,
1507,1238534.8,986202.99,252331.81,11703087.98,933998.65,10773864.15,774857.0,2026-02-06T00:00:00.000Z,2026-05-08T00:00:00.000Z
4127,,,,2774452.64,178053.14,2577569.85,265599.27,2026-02-06T00:00:00.000Z,
4208,,,,2643562.21,2531715.73,89035.53,407016.03,2026-02-06T00:00:00.000Z,
3343,,,,,,,,,
3344,,,,,,,,,
3345,,,,,,,,,
3346,,,,,,,,,
3347,,,,,,,,,
3348,,,,,,,,,
3349,,,,,,,,,
3350,,,,,,,,,
3351,,,,,,,,,
3352,,,,,,,,,
3353,,,,,,,,,
3354,,,,,,,,,
3355,,,,,,,,,
3356,,,,,,,,,
3357,,,,,,,,,
4425,,,,5460572.79,494674.49,4965898.3,206208.0,2026-05-08T00:00:00.000Z,
3359,,,,,,,,,
4670,,,,205733.56,10304.38,195429.18,0.0,2026-05-08T00:00:00.000Z,
3361,,,,,,,,,
3364,,,,,,,,,
3365,,,,,,,,,
4133,,,,173358.39,166972.63,0.0,21114.86,2026-02-06T00:00:00.000Z,
3367,,,,,,,,,
3368,,,,,,,,,
3369,,,,,,,,,
3370,,,,,,,,,
3371,,,,,,,,,
3372,,,,,,,,,
3373,,,,,,,,,
3374,,,,,,,,,
3375,,,,,,,,,
4186,,,,11078851.36,1538644.0,9300023.34,1512985.0,2026-02-06T00:00:00.000Z,
3377,,,,,,,,,
3378,,,,,,,,,
3379,,,,,,,,,
3380,,,,,,,,,
3381,,,,,,,,,
5252,,,,1361223.86,139516.49,,0.0,2026-05-08T00:00:00.000Z,
3383,,,,,,,,,
4351,,,,10235172.68,729259.64,9041625.86,597107.94,2026-02-06T00:00:00.000Z,
3385,,,,,,,,,
3386,,,,,,,,,
3387,,,,,,,,,
3388,,,,,,,,,
4362,774416.84,549705.7,224711.14,40633608.74,8617303.56,25112650.59,5457632.77,2026-05-08T00:00:00.000Z,2026-05-08T00:00:00.000Z
3390,,,,,,,,,
3391,,,,,,,,,
1951,,,,1555019.55,1127995.2,398819.52,148960.0,2026-02-06T00:00:00.000Z,
3393,,,,,,,,,
3394,,,,,,,,,
2685,,,,19179060.64,5956286.55,,0.0,2026-02-06T00:00:00.000Z,
3396,,,,,,,,,
3397,,,,,,,,,
3398,,,,,,,,,
3399,,,,,,,,,
3400,,,,,,,,,
3402,,,,,,,,,
3407,,,,,,,,,
3408,,,,,,,,,
3409,,,,,,,,,
3410,,,,,,,,,
3411,,,,,,,,,
3412,,,,,,,,,
3248,,,,988951.24,881982.66,,,2026-02-06T00:00:00.000Z,
3414,,,,,,,,,
3415,,,,,,,,,
3416,,,,,,,,,
3417,,,,,,,,,
3418,,,,,,,,,
3419,,,,,,,,,
3420,,,,,,,,,
3421,,,,,,,,,
3422,,,,,,,,,
3423,,,,,,,,,
3424,,,,,,,,,
3425,,,,,,,,,
3426,,,,,,,,,
3427,,,,,,,,,
2646,,,,2537766.32,,,0.0,2026-02-06T00:00:00.000Z,
3429,,,,,,,,,
3430,,,,,,,,,
3431,,,,,,,,,
3432,,,,,,,,,
3433,,,,,,,,,
3434,,,,,,,,,
2958,,,,12571783.43,2575972.11,,0.0,2026-02-06T00:00:00.000Z,
3436,,,,,,,,,
3437,,,,,,,,,
3438,,,,,,,,,
3439,,,,,,,,,
3440,,,,,,,,,
2788,,,,2416515.89,649676.67,,0.0,2026-02-06T00:00:00.000Z,
2453,,,,766295.66,139173.33,,,2026-02-06T00:00:00.000Z,
1778,,,,1086864.23,10494.54,1070445.67,53071.0,2026-02-06T00:00:00.000Z,
3444,,,,,,,,,
3445,,,,,,,,,
3446,,,,,,,,,
3447,,,,,,,,,
3448,,,,,,,,,
3449,,,,,,,,,
3450,,,,,,,,,
3451,,,,,,,,,
3452,,,,,,,,,
3453,,,,,,,,,
3454,,,,,,,,,
3455,,,,,,,,,
3456,,,,,,,,,
3457,,,,,,,,,
3458,,,,,,,,,
2360,,,,695210.91,695210.91,,,2026-02-06T00:00:00.000Z,
3460,,,,,,,,,
3461,,,,,,,,,
3462,,,,,,,,,
3463,,,,,,,,,
3464,,,,,,,,,
3465,,,,,,,,,
3466,,,,,,,,,
3467,,,,,,,,,
3468,,,,,,,,,
3469,,,,,,,,,
3470,,,,,,,,,
3471,,,,,,,,,
3472,,,,,,,,,
3473,,,,,,,,,
3474,,,,,,,,,
3475,,,,,,,,,
3476,,,,,,,,,
3477,,,,,,,,,
3478,,,,,,,,,
3479,,,,,,,,,
3480,,,,,,,,,
3481,,,,,,,,,
3482,,,,,,,,,
3483,,,,,,,,,
2851,,,,1406149.26,126395.92,,0.0,2026-02-06T00:00:00.000Z,
3485,,,,,,,,,
5404,,,,1097960.02,104759.43,,33200.0,2026-02-06T00:00:00.000Z,
3487,,,,,,,,,
2525,,,,13799889.68,93122.68,,0.0,2026-02-06T00:00:00.000Z,
4896,,,,1211368.96,396142.36,522702.01,0.0,2026-05-08T00:00:00.000Z,
5290,,,,2380887.68,,,0.0,2026-02-06T00:00:00.000Z,
3491,,,,,,,,,
3492,,,,,,,,,
3493,,,,,,,,,
3494,,,,,,,,,
5060,,,,2498698.87,4801.23,,0.0,2026-02-06T00:00:00.000Z,
5601,,,,,,,0.0,,
5606,,,,,,,0.0,,
3640,,,,0.0,0.0,,,2026-05-08T00:00:00.000Z,
3499,,,,,,,,,
3500,,,,,,,,,
3501,,,,,,,,,
3502,,,,,,,,,
3220,,,,3810182.41,3810182.41,,,2026-02-06T00:00:00.000Z,
2707,,,,1137113.61,,,0.0,2026-02-06T00:00:00.000Z,
5043,,,,174850.88,23842.91,,0.0,2026-02-06T00:00:00.000Z,
4823,726953.54,435795.88,291157.66,738444.93,202467.01,535977.92,0.0,2026-05-08T00:00:00.000Z,2026-05-08T00:00:00.000Z
2988,,,,1997340.79,7113.24,,0.0,2026-02-06T00:00:00.000Z,
3508,,,,,,,,,
3509,,,,,,,,,
3510,,,,,,,,,
3511,,,,,,,,,
3512,,,,,,,,,
3513,,,,,,,,,
3514,,,,,,,,,
5309,,,,1314787.49,456852.36,,0.0,2026-02-06T00:00:00.000Z,
3516,,,,,,,,,
3517,,,,,,,,,
2275,,,,60072.88,60072.88,,,2026-02-06T00:00:00.000Z,
3519,,,,,,,,,
3520,,,,,,,,,
4805,,,,79526726.65,1160133.79,71219179.57,1202748.5,2026-05-08T00:00:00.000Z,
3522,,,,,,,,,
2559,,,,139843.79,,,0.0,2026-02-06T00:00:00.000Z,
3524,,,,,,,,,
3525,,,,,,,,,
5497,,,,,,,0.0,,
5000,,,,490873.82,140970.26,,0.0,2026-02-06T00:00:00.000Z,
2416,,,,6435257.27,5001925.63,,,2026-02-06T00:00:00.000Z,
2749,,,,5698.56,,,0.0,2026-02-06T00:00:00.000Z,
4363,3883630.08,3436880.94,446749.14,10631885.98,2383527.43,7777755.74,1587635.82,2026-05-08T00:00:00.000Z,2026-05-08T00:00:00.000Z
3531,,,,,,,,,
3532,,,,,,,,,
4721,,,,40748321.49,8427678.75,29063124.63,2508938.63,2026-05-08T00:00:00.000Z,
3534,,,,,,,,,
3535,,,,,,,,,
3536,,,,,,,,,
3537,,,,,,,,,
3538,,,,,,,,,
4020,102809877.74,95805556.1,7004321.64,564367352.11,167285986.97,386862744.09,64309784.84,2026-05-08T00:00:00.000Z,2026-05-08T00:00:00.000Z
4624,,,,13956368.15,192732.48,12789222.34,2038013.4,2026-05-08T00:00:00.000Z,
3541,,,,,,,,,
3542,,,,,,,,,
2879,,,,40471.62,32581.27,,0.0,2026-02-06T00:00:00.000Z,
4340,44112249.83,30365387.35,13746862.48,21984644511.15,1863884940.14,17721495891.66,197061537.59,2026-05-08T00:00:00.000Z,2026-05-08T00:00:00.000Z
1983,13543057.75,12834588.26,708469.49,7465375.43,5162720.64,2038082.79,1443981.0,2026-02-06T00:00:00.000Z,2026-05-08T00:00:00.000Z
3546,,,,,,,,,
3547,,,,,,,,,
5174,,,,72527.19,27313.7,,0.0,2026-02-06T00:00:00.000Z,
3549,,,,,,,,,
2904,,,,24495.08,2506.31,,0.0,2026-02-06T00:00:00.000Z,
2509,,,,0.0,0.0,,0.0,2026-02-06T00:00:00.000Z,
3552,,,,,,,,,
5173,,,,75847.49,41785.39,,0.0,2026-02-06T00:00:00.000Z,
3554,,,,,,,,,
3555,,,,,,,,,
3556,,,,,,,,,
2977,,,,43502.24,,,0.0,2026-02-06T00:00:00.000Z,
3558,,,,,,,,,
3320,,,,16250.69,16250.69,,,2026-02-06T00:00:00.000Z,
2753,,,,147786.26,,,0.0,2026-02-06T00:00:00.000Z,
1289,,,,785818.09,84066.71,685083.81,305977.0,2026-02-06T00:00:00.000Z,
3563,,,,,,,,,
3565,,,,,,,,,
3566,,,,,,,,,
3567,,,,,,,,,
3568,,,,,,,,,
1345,,,,288481152.48,6632491.52,279844097.69,76656943.0,2026-02-06T00:00:00.000Z,
3570,,,,,,,,,
3571,,,,,,,,,
3572,,,,,,,,,
3573,,,,,,,,,
4512,75246340.4,,75246340.4,1018696402.87,960011404.23,,35141306.38,2026-05-08T00:00:00.000Z,2026-05-08T00:00:00.000Z
3575,,,,,,,,,
3576,,,,,,,,,
1675,,,,240543859.57,2159373.67,237654268.12,32870167.0,2026-02-06T00:00:00.000Z,
3578,,,,,,,,,
3579,,,,,,,,,
3580,,,,,,,,,
1934,,,,17450052.93,3136193.16,13924511.99,1579035.0,2026-02-06T00:00:00.000Z,
1376,,,,23460073.66,4220258.24,18158271.52,3517976.0,2026-02-06T00:00:00.000Z,
3583,,,,,,,,,
3584,,,,,,,,,
1622,,,,8177519.39,942474.29,7224640.32,643609.0,2026-02-06T00:00:00.000Z,
1310,,,,4680340.29,1386231.25,3245139.39,250405.0,2026-02-06T00:00:00.000Z,
3587,,,,,,,,,
3588,,,,,,,,,
4613,,,,2527459.01,206606.24,2070715.19,502174.04,2026-05-08T00:00:00.000Z,
3590,,,,,,,,,
3591,,,,,,,,,
3592,,,,,,,,,
1830,2440267.06,2321345.07,118921.99,29675993.97,9311835.82,19243999.22,3063408.0,2026-02-06T00:00:00.000Z,2026-05-08T00:00:00.000Z
1896,,,,9201061.54,7699691.39,1449413.9,208855.0,2026-02-06T00:00:00.000Z,
1825,,,,26341587.62,12516048.66,12588742.81,5132047.0,2026-02-06T00:00:00.000Z,
3243,,,,1247816.81,1236500.74,,,2026-02-06T00:00:00.000Z,
4162,,,,28838743.06,963182.26,26421430.57,2376450.44,2026-05-08T00:00:00.000Z,
4403,,,,4029663.87,354500.23,3180368.38,602356.25,2026-05-08T00:00:00.000Z,
3442,,,,2962667.09,2937494.19,,,2026-05-08T00:00:00.000Z,
4669,,,,1273951.56,273449.67,994829.97,0.0,2026-05-08T00:00:00.000Z,
4744,,,,3851734.64,293586.45,3159836.5,506842.84,2026-05-08T00:00:00.000Z,
5260,,,,8137774.81,672205.12,,0.0,2026-05-08T00:00:00.000Z,
4368,,,,30198383.77,28467470.33,595794.24,1970744.5,2026-02-06T00:00:00.000Z,
4714,,,,476684.72,39447.68,396544.45,0.0,2026-05-08T00:00:00.000Z,
4849,,,,888872.15,153688.21,735183.94,0.0,2026-05-08T00:00:00.000Z,
1465,2305722.55,1229822.49,1075900.06,4366087.01,2280285.57,1914677.82,793525.0,2026-02-06T00:00:00.000Z,2026-05-08T00:00:00.000Z
1490,45380866.63,23122365.52,22258501.11,70854431.54,50724584.41,19149915.85,4706946.0,2026-02-06T00:00:00.000Z,2026-05-08T00:00:00.000Z
1966,,,,8143719.94,8082616.57,47965.6,1681284.0,2026-02-06T00:00:00.000Z,
4152,,,,41559914.56,13112859.48,27109982.08,1979409.38,2026-05-08T00:00:00.000Z,
1634,1597672.53,818504.04,779168.49,12467781.38,4130088.81,8267858.06,716476.0,2026-02-06T00:00:00.000Z,2026-05-08T00:00:00.000Z
4354,,,,8163787.83,4555220.37,3327475.29,8512.9,2026-05-08T00:00:00.000Z,
4474,,,,22901968.61,795064.55,20609895.01,973876.5,2026-05-08T00:00:00.000Z,
1663,,,,9169973.3,783529.61,8173862.99,1257854.0,2026-02-06T00:00:00.000Z,
1881,,,,2944843.15,2914471.35,35055.01,255138.0,2026-02-06T00:00:00.000Z,
4255,,,,25473437.32,6023300.4,17529709.94,2143138.5,2026-02-06T00:00:00.000Z,
1443,2028548.78,640454.36,1388094.42,20182808.77,1810120.86,18509601.88,1685619.0,2026-02-06T00:00:00.000Z,2026-05-08T00:00:00.000Z
4042,16621823.6,16561667.23,60156.37,43550470.92,6275158.24,36377833.1,6056785.3,2026-02-06T00:00:00.000Z,2026-05-08T00:00:00.000Z
4396,1011549.7,628323.13,383226.57,4097124.48,932066.06,2446038.53,298662.27,2026-05-08T00:00:00.000Z,2026-05-08T00:00:00.000Z
3392,,,,4365509.79,4021752.95,0.0,,2026-05-08T00:00:00.000Z,
4717,,,,6541703.41,507655.6,5420532.58,1009435.46,2026-05-08T00:00:00.000Z,
4343,,,,8866606.39,919908.23,7053336.25,1649328.35,2026-05-08T00:00:00.000Z,
4346,,,,33224174.85,17590993.77,12972120.25,3600906.57,2026-05-08T00:00:00.000Z,
4043,,,,946367.37,6059.73,935840.02,116340.75,2026-02-06T00:00:00.000Z,
4219,,,,7415157.76,159992.62,7226482.16,1237705.28,2026-02-06T00:00:00.000Z,
5525,,,,,,,0.0,,
4188,,,,19903187.12,3597004.1,15571644.24,3313031.92,2026-02-06T00:00:00.000Z,
5526,,,,,,,0.0,,
5067,,,,8062198.55,212807.85,,0.0,2026-02-06T00:00:00.000Z,
4329,,,,6763182.28,157448.95,6025101.74,51048.32,2026-05-08T00:00:00.000Z,
1537,,,,3480615.66,974965.19,2486208.76,215809.0,2026-02-06T00:00:00.000Z,
2701,,,,269310.94,21996.03,,0.0,2026-02-06T00:00:00.000Z,
4899,35950922.36,16412333.12,19538589.24,26136878.55,25704536.76,27829.36,0.0,2026-05-08T00:00:00.000Z,2026-05-08T00:00:00.000Z
4797,16916975.81,10887544.99,6029430.82,30293471.31,7565289.18,21272381.47,907943.77,2026-05-08T00:00:00.000Z,2026-05-08T00:00:00.000Z
1968,,,,37703713.52,9391241.13,27270667.39,4257267.97,2026-02-06T00:00:00.000Z,
2772,,,,2703561.16,95153.74,,0.0,2026-02-06T00:00:00.000Z,
1449,,,,2603436.29,92330.13,2464159.91,0.0,2026-02-06T00:00:00.000Z,
2850,,,,4327774.39,27113.28,,0.0,2026-02-06T00:00:00.000Z,
3174,,,,416827.64,416827.64,,,2026-02-06T00:00:00.000Z,
4762,,,,6664045.72,83421.83,5879953.11,282769.0,2026-05-08T00:00:00.000Z,
4785,,,,4946163.09,3360199.84,1371179.26,245677.45,2026-05-08T00:00:00.000Z,
4756,3372753.83,3259527.67,113226.16,4817396.83,391014.01,3967983.49,212999.0,2026-05-08T00:00:00.000Z,2026-05-08T00:00:00.000Z
4479,,,,8131365.59,1618202.28,5890578.35,659054.56,2026-05-08T00:00:00.000Z,
5090,,,,5910094.63,24569.58,,35216.25,2026-02-06T00:00:00.000Z,
1858,58951222.09,51103383.71,7847838.38,79094216.7,7457302.56,70583904.39,27764486.0,2026-05-08T00:00:00.000Z,2026-05-08T00:00:00.000Z
4249,,,,25040281.77,5993518.24,18312143.18,2558492.21,2026-05-08T00:00:00.000Z,
4616,,,,28397526.68,4302527.57,22868908.38,3564082.73,2026-05-08T00:00:00.000Z,
1592,,,,1906286.59,202473.88,1466606.24,82281.0,2026-02-06T00:00:00.000Z,
3376,,,,6999940.03,6887862.58,,,2026-02-06T00:00:00.000Z,
5250,,,,17993983.31,421330.99,,0.0,2026-02-06T00:00:00.000Z,
2763,,,,1922531.45,33910.63,,0.0,2026-02-06T00:00:00.000Z,
4225,,,,16081740.66,1534204.21,14334603.75,1364562.82,2026-05-08T00:00:00.000Z,
2965,,,,3000795.51,169412.44,,0.0,2026-02-06T00:00:00.000Z,
5094,,,,930657.61,10860.03,,33602.22,2026-02-06T00:00:00.000Z,
5258,,,,806419.18,7754.47,,0.0,2026-02-06T00:00:00.000Z,
2854,,,,579945.39,2376.19,,0.0,2026-02-06T00:00:00.000Z,
2546,,,,892685.29,2957.46,,0.0,2026-02-06T00:00:00.000Z,
2543,,,,3033966.29,18934.37,,0.0,2026-02-06T00:00:00.000Z,
2877,,,,951915.12,17360.96,,0.0,2026-02-06T00:00:00.000Z,
4789,,,,1996246.3,337481.18,1415069.42,13786.0,2026-05-08T00:00:00.000Z,
1950,,,,574530.98,68111.93,506419.05,74844.0,2026-02-06T00:00:00.000Z,
4515,77402974.66,,77402974.66,187459686.29,182498492.27,,15412443.94,2026-05-08T00:00:00.000Z,2026-05-08T00:00:00.000Z
2335,,,,428499.97,428499.97,,,2026-02-06T00:00:00.000Z,
4485,279420157.4,,279420157.4,13915966242.15,13362403608.37,,213983249.86,2026-05-08T00:00:00.000Z,2026-05-08T00:00:00.000Z
2853,,,,130014.08,29309.41,,0.0,2026-02-06T00:00:00.000Z,
2885,,,,8824311.63,67520.38,,0.0,2026-02-06T00:00:00.000Z,
5016,,,,3135.26,3135.26,,0.0,2026-02-06T00:00:00.000Z,
2667,,,,1154485.44,,,0.0,2026-02-06T00:00:00.000Z,
2643,,,,135566.78,47464.5,,0.0,2026-02-06T00:00:00.000Z,
5247,,,,1897908.28,92248.62,,0.0,2026-02-06T00:00:00.000Z,
2898,,,,55897.82,17884.02,,0.0,2026-02-06T00:00:00.000Z,
2777,,,,406862.16,,,0.0,2026-02-06T00:00:00.000Z,
2897,,,,75184.0,,,0.0,2026-02-06T00:00:00.000Z,
4566,,,,3368018.0,2234486.74,1022568.0,362790.99,2026-05-08T00:00:00.000Z,
2414,,,,561239.87,561239.87,,,2026-02-06T00:00:00.000Z,
2930,,,,212620.81,18186.55,,0.0,2026-02-06T00:00:00.000Z,
2459,,,,116022.56,,,,2026-02-06T00:00:00.000Z,
2666,,,,177499.59,,,0.0,2026-02-06T00:00:00.000Z,
4459,,,,18126365.53,11006915.43,5555862.17,3442055.76,2026-05-08T00:00:00.000Z,
2682,,,,89839.23,,,0.0,2026-02-06T00:00:00.000Z,
5425,,,,464403.62,59032.61,,518657.96,2026-02-06T00:00:00.000Z,
5243,,,,1320318.18,408557.15,,0.0,2026-02-06T00:00:00.000Z,
5125,,,,2004706.26,37349.85,,0.0,2026-02-06T00:00:00.000Z,
5171,,,,1082212.23,310991.97,,0.0,2026-02-06T00:00:00.000Z,
2482,,,,34326.0,,,0.0,2026-02-06T00:00:00.000Z,
4440,2154577.84,1777702.8,376875.04,60118732.6,5035823.13,52823707.56,9613297.06,2026-05-08T00:00:00.000Z,2026-05-08T00:00:00.000Z
1834,1864525.69,1583637.41,280888.28,4704401.46,2875234.42,1768141.04,1280884.0,2026-02-06T00:00:00.000Z,2026-05-08T00:00:00.000Z
5154,,,,3644.11,,,446662.49,2026-02-06T00:00:00.000Z,
1624,1657653.02,805363.38,852289.64,34095882.43,33808928.54,385466.97,1681560.0,2026-02-06T00:00:00.000Z,2026-05-08T00:00:00.000Z
5435,,,,4072541.39,,,0.0,2026-02-06T00:00:00.000Z,
4228,,,,10855649.51,4048184.58,6536667.93,1066415.11,2026-05-08T00:00:00.000Z,
1742,,,,1334506.76,191135.32,1126687.79,111712.0,2026-02-06T00:00:00.000Z,
1580,10017388.91,4306096.86,5711292.05,97938844.86,15498901.21,82705823.9,5694936.0,2026-02-06T00:00:00.000Z,2026-05-08T00:00:00.000Z
1705,2518434.46,2301656.2,216778.26,12175172.49,670897.94,11293748.08,2957925.0,2026-02-06T00:00:00.000Z,2026-05-08T00:00:00.000Z
3169,,,,88203232.21,90360427.93,,,2026-02-06T00:00:00.000Z,
1324,,,,10907868.92,10902315.84,-40533.34,1613748.0,2026-02-06T00:00:00.000Z,
3363,908559.23,368377.93,540181.3,4019821.87,3877551.87,,,2026-02-06T00:00:00.000Z,2026-05-08T00:00:00.000Z
4158,,,,24638260.54,17862888.87,5863650.28,4992692.68,2026-05-08T00:00:00.000Z,
1575,,,,18589306.34,9095619.04,8842387.44,222817.0,2026-02-06T00:00:00.000Z,
4394,24523834.2,21521282.91,3002551.29,98752312.53,56969745.08,31622200.11,15860395.74,2026-05-08T00:00:00.000Z,2026-05-08T00:00:00.000Z
4077,,,,16595662.54,10321385.81,5912592.15,3299351.0,2026-02-06T00:00:00.000Z,
1946,,,,17541820.75,444762.01,16504549.0,288278.0,2026-02-06T00:00:00.000Z,
1293,,,,19890308.77,8206956.08,11605641.68,4034816.0,2026-02-06T00:00:00.000Z,
2411,,,,0.0,0.0,,,2026-02-06T00:00:00.000Z,
3561,,,,2157862.51,1993375.99,,,2026-05-08T00:00:00.000Z,
4667,,,,1635118.02,183010.34,1360038.45,74201.67,2026-05-08T00:00:00.000Z,
4811,,,,3091384.3,885151.26,1787507.89,41508.0,2026-05-08T00:00:00.000Z,
4124,,,,6593153.21,185920.6,6407232.61,1227697.03,2026-02-06T00:00:00.000Z,
5520,,,,27449.44,27449.44,,0.0,2026-05-08T00:00:00.000Z,
4852,,,,4566885.74,589887.46,3513030.27,465979.83,2026-05-08T00:00:00.000Z,
1993,,,,35684182.87,2257934.92,32495422.95,4693006.0,2026-02-06T00:00:00.000Z,
4813,,,,2217751.11,441522.62,1533328.97,0.0,2026-05-08T00:00:00.000Z,
1849,,,,11534817.8,1848282.71,9043559.23,1455392.0,2026-02-06T00:00:00.000Z,
4841,,,,3344685.78,3191576.14,,0.0,2026-05-08T00:00:00.000Z,
1823,,,,9203600.91,3952139.14,5070573.74,964338.0,2026-02-06T00:00:00.000Z,
3285,,,,8596849.56,8462882.85,,,2026-02-06T00:00:00.000Z,
1681,,,,21894005.83,12401650.88,9709104.75,2866338.0,2026-02-06T00:00:00.000Z,
1655,,,,7144503.13,1485639.3,4938085.92,307609.0,2026-02-06T00:00:00.000Z,
2288,,,,926850.15,925935.25,,,2026-02-06T00:00:00.000Z,
3599,,,,194207.73,183012.33,,,2026-05-08T00:00:00.000Z,
4174,3041132.24,2335071.08,706061.16,9410016.22,3196953.81,6068810.64,1797562.06,2026-02-06T00:00:00.000Z,2026-05-08T00:00:00.000Z
4011,,,,7738769.52,4082391.5,3388879.85,1463518.0,2026-02-06T00:00:00.000Z,
4027,,,,8341293.11,7853681.42,431751.06,912225.58,2026-02-06T00:00:00.000Z,
4120,,,,1914682.79,156257.5,1714406.99,274639.01,2026-02-06T00:00:00.000Z,
1970,1647254.75,1412144.33,235110.42,4871305.3,1475453.09,3246920.58,883701.35,2026-02-06T00:00:00.000Z,2026-05-08T00:00:00.000Z
4163,,,,6342340.95,2252952.05,4063167.73,394978.7,2026-02-06T00:00:00.000Z,
1814,3674159.05,2920671.78,753487.27,985503.02,527410.5,361692.68,0.0,2026-02-06T00:00:00.000Z,2026-05-08T00:00:00.000Z
5560,,,,,,,0.0,,
3314,,,,455369.3,438647.3,,,2026-02-06T00:00:00.000Z,
1759,,,,7826995.83,271120.6,7543693.27,811968.0,2026-02-06T00:00:00.000Z,
1493,953918.36,665156.56,288761.8,4964970.09,4178036.2,828371.99,71658.0,2026-02-06T00:00:00.000Z,2026-05-08T00:00:00.000Z
1890,,,,7638439.83,5962927.88,1647693.95,0.0,2026-02-06T00:00:00.000Z,
4779,1191262.87,678337.42,512925.45,6381993.28,1586219.14,4237401.5,222210.17,2026-05-08T00:00:00.000Z,2026-05-08T00:00:00.000Z
4737,,,,1007524.08,91421.74,728943.12,119439.31,2026-05-08T00:00:00.000Z,
4053,,,,2564683.72,1412654.95,1111511.16,441205.0,2026-02-06T00:00:00.000Z,
4581,,,,38507535.3,25231091.65,9819791.95,1158028.22,2026-05-08T00:00:00.000Z,
4224,,,,3751531.77,1398639.63,2235366.14,140725.08,2026-05-08T00:00:00.000Z,
1451,,,,3939783.19,2348210.19,1556086.46,560847.0,2026-02-06T00:00:00.000Z,
5285,,,,8302631.62,1065.62,,87039.89,2026-05-08T00:00:00.000Z,
4661,,,,1110110.81,947377.05,0.0,69039.77,2026-02-06T00:00:00.000Z,
4881,,,,2338783.79,303779.26,1457631.21,0.0,2026-05-08T00:00:00.000Z,
4692,,,,514383.96,2916.0,470799.86,8410.33,2026-05-08T00:00:00.000Z,
3362,,,,6195205.8,6150974.31,,,2026-02-06T00:00:00.000Z,
3607,,,,,,,,,
4807,10007541.36,7017403.72,2990137.64,31646016.97,5097834.38,24993288.65,786956.83,2026-05-08T00:00:00.000Z,2026-05-08T00:00:00.000Z
1798,29999815.09,12559208.69,17440606.4,24304226.68,4346712.06,19496993.33,4813241.0,2026-02-06T00:00:00.000Z,2026-05-08T00:00:00.000Z
4365,1593486.18,1294506.99,298979.19,13712611.37,3518071.72,8924924.6,2659598.41,2026-05-08T00:00:00.000Z,2026-05-08T00:00:00.000Z
4621,,,,7170595.33,219635.84,6616025.2,697459.53,2026-05-08T00:00:00.000Z,
4019,37238654.89,31056287.45,6182367.44,87544413.27,50103752.51,36024124.7,14541597.19,2026-02-06T00:00:00.000Z,2026-05-08T00:00:00.000Z
4227,1293347.34,1015897.76,277449.58,2498189.73,421555.84,2034737.26,634097.65,2026-02-06T00:00:00.000Z,2026-05-08T00:00:00.000Z
1895,58954565.86,56928024.52,2026541.34,25084370.59,12005581.82,12858213.19,10908419.35,2026-02-06T00:00:00.000Z,2026-05-08T00:00:00.000Z
4408,,,,76302869.91,5675492.03,66202349.98,8119834.66,2026-05-08T00:00:00.000Z,
4259,,,,21181388.94,1309713.78,19188662.16,2849273.26,2026-02-06T00:00:00.000Z,
1694,18821508.61,15919488.9,2902019.71,18376605.51,10209897.79,7543513.67,4954462.0,2026-02-06T00:00:00.000Z,2026-05-08T00:00:00.000Z
4121,,,,4849947.62,1466419.78,3314436.79,282365.08,2026-02-06T00:00:00.000Z,
1850,,,,15612814.36,11771539.15,3883162.25,794466.0,2026-02-06T00:00:00.000Z,
4412,,,,18890910.27,4674762.31,13546633.7,3118893.13,2026-02-06T00:00:00.000Z,
3137,,,,9019537.72,8938453.81,,,2026-02-06T00:00:00.000Z,
4303,,,,10838041.91,3357514.15,7086499.47,2188022.55,2026-05-08T00:00:00.000Z,
4647,,,,6918235.82,500055.12,5963746.92,365715.13,2026-05-08T00:00:00.000Z,
1352,,,,1085125.11,1085125.11,,192419.0,2026-02-06T00:00:00.000Z,
1944,,,,4019463.94,450201.75,3507506.82,648546.0,2026-02-06T00:00:00.000Z,
5201,,,,7674180.59,588212.46,,0.0,2026-02-06T00:00:00.000Z,
5393,,,,3697414.51,503030.0,,0.0,2026-05-08T00:00:00.000Z,
1755,1261470.96,1093134.16,168336.8,2984256.53,538799.22,3315278.37,211419.0,2026-02-06T00:00:00.000Z,2026-05-08T00:00:00.000Z
4468,,,,95814137.74,63392836.96,27791247.79,10017572.0,2026-05-08T00:00:00.000Z,
1923,,,,3004023.04,1728655.15,1245722.67,64912.0,2026-02-06T00:00:00.000Z,
1938,,,,3144150.1,484015.16,2619203.82,135660.0,2026-02-06T00:00:00.000Z,
1368,,,,5964308.99,2663455.38,3341706.39,521140.0,2026-02-06T00:00:00.000Z,
2820,,,,1551762.26,20470.29,,0.0,2026-02-06T00:00:00.000Z,
1794,7176481.13,5986936.24,1189544.89,24732240.18,14079869.38,9554296.04,2894813.0,2026-02-06T00:00:00.000Z,2026-05-08T00:00:00.000Z
1563,1785198.18,1401112.39,384085.79,4272883.41,1016901.74,3064206.4,406711.0,2026-02-06T00:00:00.000Z,2026-05-08T00:00:00.000Z
3224,,,,13199692.01,13295010.89,,,2026-02-06T00:00:00.000Z,
4373,,,,5306654.47,418199.92,4564788.3,692559.87,2026-02-06T00:00:00.000Z,
5137,,,,111716016.91,1863749.94,,0.0,2026-02-06T00:00:00.000Z,
1657,,,,985181.75,116917.34,724333.62,73741.0,2026-02-06T00:00:00.000Z,
2488,,,,2548113.66,23693.77,,0.0,2026-02-06T00:00:00.000Z,
4700,,,,9929960.84,4401554.1,4929387.39,0.0,2026-05-08T00:00:00.000Z,
2797,,,,319501.9,3007.5,,0.0,2026-02-06T00:00:00.000Z,
4603,,,,5651776.73,5482355.89,50871.51,921730.66,2026-05-08T00:00:00.000Z,
4414,,,,10040183.16,158236.74,9134824.95,1216188.42,2026-05-08T00:00:00.000Z,
5076,,,,1960049.13,5236.13,,0.0,2026-02-06T00:00:00.000Z,
2931,,,,1180318.09,41748.91,,0.0,2026-02-06T00:00:00.000Z,
5543,,,,,,,249334.75,,
5461,,,,,,,1918664.58,,
3222,,,,2387886.66,2172905.2,,,2026-02-06T00:00:00.000Z,
2293,,,,80472.1,82584.27,,,2026-02-06T00:00:00.000Z,
5491,,,,190650.96,41878.72,,0.0,2026-05-08T00:00:00.000Z,
5325,,,,24139420.75,248996.43,,0.0,2026-05-08T00:00:00.000Z,
4846,,,,1550446.12,,1453418.49,0.0,2026-05-08T00:00:00.000Z,
4870,,,,736680.11,120403.93,201145.57,0.0,2026-05-08T00:00:00.000Z,
1668,6102556.19,5396714.93,705841.26,10048518.85,656308.69,9236288.81,0.0,2026-02-06T00:00:00.000Z,2026-05-08T00:00:00.000Z
5248,,,,15047522.76,232314.0,,0.0,2026-02-06T00:00:00.000Z,
5106,,,,1070536.08,1020.23,,46716.62,2026-02-06T00:00:00.000Z,
2829,,,,1878332.73,18647.81,,0.0,2026-02-06T00:00:00.000Z,
2532,,,,137058.0,3361.85,,0.0,2026-02-06T00:00:00.000Z,
5454,,,,173823.56,59241.61,,0.0,2026-02-06T00:00:00.000Z,
2485,,,,358381.26,3755.99,,0.0,2026-02-06T00:00:00.000Z,
5310,,,,500999.3,,,2547773.28,2026-02-06T00:00:00.000Z,
5068,,,,1134200.15,22006.12,,0.0,2026-02-06T00:00:00.000Z,
1459,18270709.28,7651000.29,10619708.99,5991973.09,559485.46,5471976.93,815503.0,2026-02-06T00:00:00.000Z,2026-05-08T00:00:00.000Z
5146,,,,56849949.26,285427.2,,0.0,2026-02-06T00:00:00.000Z,
5323,,,,12080.71,8429.38,,0.0,2026-02-06T00:00:00.000Z,
1479,20213296.06,11924830.34,8288465.72,17889243.31,4631163.81,13121953.46,1577925.0,2026-02-06T00:00:00.000Z,2026-05-08T00:00:00.000Z
5396,,,,29773672.15,8783973.49,,0.0,2026-02-06T00:00:00.000Z,
2393,,,,122495.25,122495.25,,,2026-02-06T00:00:00.000Z,
3206,,,,3998836.12,3998836.12,,,2026-02-06T00:00:00.000Z,
2594,,,,66656.63,,,0.0,2026-02-06T00:00:00.000Z,
1676,,,,106468427.8,50424683.6,55998359.05,16724761.0,2026-02-06T00:00:00.000Z,
1488,,,,966610.05,47365.55,923052.27,71661.0,2026-02-06T00:00:00.000Z,
1425,,,,27960004.15,3632120.14,23910060.19,10058379.0,2026-02-06T00:00:00.000Z,
1646,,,,35359079.9,5348080.36,27584939.92,1394670.0,2026-02-06T00:00:00.000Z,
1299,,,,20544924.45,13046343.17,7178637.83,6074584.0,2026-02-06T00:00:00.000Z,
1308,,,,920741.26,21376.49,880889.25,136145.0,2026-02-06T00:00:00.000Z,
4144,,,,17467954.13,487325.59,16352134.26,3828574.0,2026-02-06T00:00:00.000Z,
4153,,,,8328562.26,157102.51,8159275.29,428209.48,2026-02-06T00:00:00.000Z,
4154,,,,4389175.57,212173.16,4106662.5,540895.0,2026-02-06T00:00:00.000Z,
3596,,,,,,,,,
4645,,,,35372030.64,21055658.91,13370882.88,881331.96,2026-02-06T00:00:00.000Z,
4323,,,,5306863.74,268433.01,4629123.77,563589.34,2026-02-06T00:00:00.000Z,
5320,,,,11409.03,2045.37,,5457566.47,2026-02-06T00:00:00.000Z,
1878,,,,6577021.37,3133357.82,3340563.19,54775.0,2026-02-06T00:00:00.000Z,
1960,,,,48259660.62,46468123.86,1242496.24,4512689.89,2026-02-06T00:00:00.000Z,
3136,,,,4673921.01,4673921.01,,,2026-02-06T00:00:00.000Z,
1398,,,,5456042.93,402109.28,5117212.83,804721.0,2026-02-06T00:00:00.000Z,
3189,,,,4948995.65,4979702.46,-44312.97,,2026-02-06T00:00:00.000Z,
1429,,,,3547202.78,394971.87,3138024.77,513181.0,2026-02-06T00:00:00.000Z,
4062,,,,3095013.91,809300.56,2233833.7,95524.0,2026-02-06T00:00:00.000Z,
1963,,,,7610816.89,1113835.77,6223170.56,1296030.03,2026-02-06T00:00:00.000Z,
3176,,,,8932169.87,8908770.48,,,2026-02-06T00:00:00.000Z,
3283,,,,5046066.37,5013490.12,3156.11,,2026-02-06T00:00:00.000Z,
4018,,,,4132709.44,550964.83,3358432.61,832243.0,2026-02-06T00:00:00.000Z,
4292,,,,25541185.85,1319866.18,23835424.48,3141703.03,2026-02-06T00:00:00.000Z,
3207,,,,3611491.49,3658114.66,,,2026-02-06T00:00:00.000Z,
3330,,,,5366361.92,5365114.75,,,2026-02-06T00:00:00.000Z,
2262,,,,298379.9,298379.9,,,2026-02-06T00:00:00.000Z,
1862,,,,7711083.63,4334273.77,2961035.2,1071884.0,2026-02-06T00:00:00.000Z,
5565,,,,,,,0.0,,
5566,,,,,,,0.0,,
3156,,,,2440546.55,2440546.55,,,2026-02-06T00:00:00.000Z,
4139,,,,5898074.88,246061.1,5614391.77,321104.36,2026-02-06T00:00:00.000Z,
2720,,,,481672.45,5054.64,,0.0,2026-02-06T00:00:00.000Z,
2889,,,,1352883.8,37056.86,,0.0,2026-02-06T00:00:00.000Z,
3293,,,,957955.64,926010.1,,,2026-02-06T00:00:00.000Z,
2728,,,,3705037.74,207727.44,,0.0,2026-02-06T00:00:00.000Z,
1395,,,,1146338.86,516406.83,493589.53,244547.0,2026-02-06T00:00:00.000Z,
5395,,,,,,,3094875.24,,
5473,,,,,,,114957.17,,
2544,,,,5709197.0,73676.1,,0.0,2026-02-06T00:00:00.000Z,
3172,,,,411357.84,397754.33,,,2026-02-06T00:00:00.000Z,
5081,,,,17367834.02,1019554.95,,0.0,2026-02-06T00:00:00.000Z,
2439,,,,225777.71,,,,2026-02-06T00:00:00.000Z,
3545,,,,80246.7,77183.79,,,2026-02-06T00:00:00.000Z,
2475,,,,207150.21,0.0,,0.0,2026-02-06T00:00:00.000Z,
1716,,,,1665070.31,99059.76,1593604.14,149208.0,2026-02-06T00:00:00.000Z,
5157,,,,3901102.19,,,0.0,2026-02-06T00:00:00.000Z,
5160,,,,324252.9,30216.0,,0.0,2026-02-06T00:00:00.000Z,
2759,,,,24274.61,,,0.0,2026-02-06T00:00:00.000Z,
2565,,,,428064.13,,,0.0,2026-02-06T00:00:00.000Z,
5535,,,,74828.22,74828.22,,0.0,2026-02-06T00:00:00.000Z,
5208,,,,1384204.87,,,0.0,2026-02-06T00:00:00.000Z,
5385,,,,572925.79,31256.69,,1922217.15,2026-02-06T00:00:00.000Z,
2572,,,,1061643.32,6943.57,,0.0,2026-02-06T00:00:00.000Z,
3620,,,,,,,,,
5441,,,,390871.07,20851.81,,0.0,2026-02-06T00:00:00.000Z,
5397,,,,7307.41,7307.41,,0.0,2026-02-06T00:00:00.000Z,
2389,,,,532317.35,532317.35,,,2026-02-06T00:00:00.000Z,
2362,,,,828614.56,828614.56,,,2026-02-06T00:00:00.000Z,
2420,,,,302379.36,,,,2026-02-06T00:00:00.000Z,
2743,,,,324663.6,,,0.0,2026-02-06T00:00:00.000Z,
2515,,,,0.0,0.0,,0.0,2026-02-06T00:00:00.000Z,
4109,,,,57648989.57,962871.94,56132799.44,3635560.48,2026-02-06T00:00:00.000Z,
1404,,,,5913137.1,752305.98,5103846.86,338652.0,2026-02-06T00:00:00.000Z,
1571,,,,12384097.04,177158.31,11905516.68,464357.0,2026-02-06T00:00:00.000Z,
1590,,,,1688473.78,79841.55,1608632.23,0.0,2026-02-06T00:00:00.000Z,
3241,,,,5726164.08,5610658.15,,,2026-02-06T00:00:00.000Z,
1393,,,,22990447.07,9766980.43,12715981.97,1575675.0,2026-02-06T00:00:00.000Z,
2490,,,,30550993.65,141997.56,,0.0,2026-02-06T00:00:00.000Z,
1701,,,,8293666.78,1640046.85,6654062.84,439600.0,2026-02-06T00:00:00.000Z,
1303,,,,5462529.93,1195275.68,4267254.25,1061424.0,2026-02-06T00:00:00.000Z,
1394,,,,1414196.5,35419.81,1376975.39,136586.0,2026-02-06T00:00:00.000Z,
1874,,,,22887905.74,21001197.77,928081.94,4308099.0,2026-02-06T00:00:00.000Z,
4034,,,,19868844.47,15251467.36,4517435.54,2697385.0,2026-02-06T00:00:00.000Z,
4242,,,,6172025.65,1185216.13,4752623.56,914999.83,2026-02-06T00:00:00.000Z,
3623,,,,,,,,,
4064,,,,2918163.16,193887.35,2492662.71,387910.63,2026-02-06T00:00:00.000Z,
3270,,,,8606436.54,8610144.47,,,2026-02-06T00:00:00.000Z,
1344,,,,18565928.96,527841.99,17408770.89,1922332.0,2026-02-06T00:00:00.000Z,
1660,,,,10997536.94,2311503.82,8535563.57,1123094.0,2026-02-06T00:00:00.000Z,
1949,,,,837036.96,139605.49,630147.47,156373.0,2026-02-06T00:00:00.000Z,
4090,,,,6615076.59,2868305.29,3719012.63,291325.36,2026-02-06T00:00:00.000Z,
4079,,,,25632263.08,23031825.28,1623462.0,7634682.84,2026-02-06T00:00:00.000Z,
1323,,,,3773011.29,2434987.46,1282012.04,556864.0,2026-02-06T00:00:00.000Z,
1654,,,,534107.74,99138.55,441779.67,53347.0,2026-02-06T00:00:00.000Z,
2517,,,,4362222.0,39891.68,,0.0,2026-02-06T00:00:00.000Z,
3157,,,,4999310.11,4999310.11,,,2026-02-06T00:00:00.000Z,
4108,,,,3114956.97,2852738.85,258731.52,249129.51,2026-02-06T00:00:00.000Z,
2408,,,,958864.51,958864.51,,,2026-02-06T00:00:00.000Z,
3182,,,,2002983.94,2021398.42,,,2026-02-06T00:00:00.000Z,
4304,,,,12565373.45,2769651.33,9404613.35,1331667.15,2026-02-06T00:00:00.000Z,
5453,,,,31780017.55,2293607.9,,0.0,2026-02-06T00:00:00.000Z,
2562,,,,538289.4,,,0.0,2026-02-06T00:00:00.000Z,
1901,,,,26651652.74,2688684.29,23791745.3,2836942.0,2026-02-06T00:00:00.000Z,
3272,,,,2140920.65,2086189.37,0.0,,2026-02-06T00:00:00.000Z,
2508,,,,1499272.0,,,0.0,2026-02-06T00:00:00.000Z,
5175,,,,159026.03,77019.48,,0.0,2026-02-06T00:00:00.000Z,
5401,,,,51971.89,51971.89,,0.0,2026-02-06T00:00:00.000Z,
4205,,,,2985308.16,1613966.25,1270103.91,15295.0,2026-02-06T00:00:00.000Z,
2674,,,,80510.28,2673.23,,0.0,2026-02-06T00:00:00.000Z,
1330,,,,1779885.95,156784.46,1615308.59,232618.0,2026-02-06T00:00:00.000Z,
2679,,,,20431.52,,,0.0,2026-02-06T00:00:00.000Z,
2964,,,,5759781.29,1164056.83,,0.0,2026-02-06T00:00:00.000Z,
5420,,,,195103.58,5770.31,,2241932.45,2026-02-06T00:00:00.000Z,
2437,,,,282120.02,,,,2026-02-06T00:00:00.000Z,
5121,,,,103478.1,85121.51,,0.0,2026-02-06T00:00:00.000Z,
5197,,,,1495224.55,13989.02,,0.0,2026-02-06T00:00:00.000Z,
5274,,,,1518091.71,,,0.0,2026-02-06T00:00:00.000Z,
2824,,,,17722218.96,195698.11,,0.0,2026-02-06T00:00:00.000Z,
2569,,,,14231.1,1358.83,,0.0,2026-02-06T00:00:00.000Z,
5324,,,,365586.28,,,2513023.6,2026-02-06T00:00:00.000Z,
2443,,,,393221.39,768.45,,,2026-02-06T00:00:00.000Z,
2918,,,,4300099.08,15450.28,,0.0,2026-02-06T00:00:00.000Z,
5111,,,,3149241.65,273417.55,,21592.0,2026-02-06T00:00:00.000Z,
3245,,,,393813.27,393813.27,,,2026-02-06T00:00:00.000Z,
2445,,,,2424854.78,2948.16,,,2026-02-06T00:00:00.000Z,
2990,,,,983739.9,39962.12,,0.0,2026-02-06T00:00:00.000Z,
2537,,,,47179.51,1048.22,,0.0,2026-02-06T00:00:00.000Z,
2908,,,,80761.88,6601.46,,0.0,2026-02-06T00:00:00.000Z,
5398,,,,3783.95,3783.95,,0.0,2026-02-06T00:00:00.000Z,
2520,,,,102738.56,99770.1,,0.0,2026-02-06T00:00:00.000Z,
2764,,,,78506.85,,,0.0,2026-02-06T00:00:00.000Z,
2265,,,,71328.85,71328.85,,,2026-02-06T00:00:00.000Z,
2911,,,,67568.51,,,0.0,2026-02-06T00:00:00.000Z,
5313,,,,666292.63,,,0.0,2026-02-06T00:00:00.000Z,
1898,,,,44167865.22,43098114.71,472495.05,4954255.0,2026-02-06T00:00:00.000Z,
3138,,,,3132714.82,3132714.82,,,2026-02-06T00:00:00.000Z,
3164,,,,3404108.7,3403479.45,,,2026-02-06T00:00:00.000Z,
1411,,,,6678555.87,2655782.18,4010838.23,1225737.0,2026-02-06T00:00:00.000Z,
1319,,,,5134082.94,329668.71,4780114.36,1289906.0,2026-02-06T00:00:00.000Z,
1543,,,,2426201.13,1184699.3,1173390.11,120370.0,2026-02-06T00:00:00.000Z,
3210,,,,1296770.22,1296770.22,,,2026-02-06T00:00:00.000Z,
1924,,,,49926354.5,2567255.04,46878425.53,1234417.0,2026-02-06T00:00:00.000Z,
4386,,,,15302173.31,2816016.53,11517612.62,3840452.46,2026-02-06T00:00:00.000Z,
4128,,,,10126940.11,940174.67,8667237.74,960269.0,2026-02-06T00:00:00.000Z,
4110,,,,67034034.89,49487820.32,15820968.57,3549313.95,2026-02-06T00:00:00.000Z,
1915,,,,21498619.82,6370181.0,14770906.73,2780704.0,2026-02-06T00:00:00.000Z,
4322,,,,28335249.54,20388710.94,5741230.49,511159.15,2026-02-06T00:00:00.000Z,
5192,,,,61870100.96,971741.1,,0.0,2026-02-06T00:00:00.000Z,
1988,,,,3925597.14,127571.07,3672650.08,476492.68,2026-02-06T00:00:00.000Z,
1873,,,,13737974.24,13590235.23,147739.01,412057.48,2026-02-06T00:00:00.000Z,
4324,,,,4539992.99,572315.44,3822330.49,591792.36,2026-02-06T00:00:00.000Z,
5596,,,,,,,0.0,,
4320,,,,31960035.12,15238853.86,16679126.57,2107211.42,2026-02-06T00:00:00.000Z,
4069,,,,41354847.24,4967808.84,34913802.71,5718652.0,2026-02-06T00:00:00.000Z,
1877,,,,5996437.44,2749347.17,2986321.27,1505411.0,2026-02-06T00:00:00.000Z,
3261,,,,6273272.45,6302758.63,,,2026-02-06T00:00:00.000Z,
3166,,,,3433251.55,3433251.55,,,2026-02-06T00:00:00.000Z,
1826,,,,11999525.1,5388395.85,6584926.5,164087.0,2026-02-06T00:00:00.000Z,
2464,,,,3643501.26,233056.8,,,2026-02-06T00:00:00.000Z,
2588,,,,49093.06,,,0.0,2026-02-06T00:00:00.000Z,
3286,,,,7122145.99,7078992.19,,,2026-02-06T00:00:00.000Z,
5561,,,,,,,0.0,,
5590,,,,,,,0.0,,
1430,,,,734518.39,202508.57,295399.76,105972.0,2026-02-06T00:00:00.000Z,
3521,,,,2565254.14,2565254.14,,,2026-02-06T00:00:00.000Z,
1516,,,,7053105.35,314401.38,6763407.63,409670.0,2026-02-06T00:00:00.000Z,
1305,,,,594693.82,73108.21,521585.61,11345.0,2026-02-06T00:00:00.000Z,
4047,,,,13324210.65,10947070.72,1469248.93,482423.45,2026-02-06T00:00:00.000Z,
5129,,,,1377758.82,338263.71,,0.0,2026-02-06T00:00:00.000Z,
4066,,,,1017761.39,19407.42,976221.17,78963.67,2026-02-06T00:00:00.000Z,
2921,,,,2613039.26,2029077.51,,0.0,2026-02-06T00:00:00.000Z,
3154,,,,4385737.74,4510900.8,,,2026-02-06T00:00:00.000Z,
1811,,,,5825275.23,319740.39,5486438.33,1134370.0,2026-02-06T00:00:00.000Z,
2823,,,,640027.58,7752.07,,0.0,2026-02-06T00:00:00.000Z,
4265,,,,1602711.5,167189.96,1429199.34,11491.39,2026-02-06T00:00:00.000Z,
5233,,,,155164.75,11129.0,,1313220.1,2026-02-06T00:00:00.000Z,
4088,,,,1653796.77,115231.8,1489544.75,246920.0,2026-02-06T00:00:00.000Z,
5307,,,,674711.55,189663.8,,0.0,2026-02-06T00:00:00.000Z,
3305,,,,397944.96,384452.73,,,2026-02-06T00:00:00.000Z,
2827,,,,225175.41,1964.68,,0.0,2026-02-06T00:00:00.000Z,
2483,,,,646082.95,7887.06,,0.0,2026-02-06T00:00:00.000Z,
5056,,,,2758839.89,46901.43,,0.0,2026-02-06T00:00:00.000Z,
2542,,,,5991231.46,3325.77,,0.0,2026-02-06T00:00:00.000Z,
1630,,,,1106062.86,74669.15,982516.64,138344.0,2026-02-06T00:00:00.000Z,
2549,,,,6063448.95,21808.04,,0.0,2026-02-06T00:00:00.000Z,
2522,,,,238140.0,,,0.0,2026-02-06T00:00:00.000Z,
5275,,,,722953.45,3415.84,,0.0,2026-02-06T00:00:00.000Z,
5562,,,,,,,0.0,,
1268,,,,721979.29,43929.52,655398.71,120352.0,2026-02-06T00:00:00.000Z,
3523,,,,275575.36,275575.36,,,2026-02-06T00:00:00.000Z,
5263,,,,19206.68,5131.89,,300576.5,2026-02-06T00:00:00.000Z,
2382,,,,76944.59,76944.59,,,2026-02-06T00:00:00.000Z,
2876,,,,112240.74,103868.59,,0.0,2026-02-06T00:00:00.000Z,
2816,,,,1285560.55,14344.8,,0.0,2026-02-06T00:00:00.000Z,
2882,,,,151670.08,20368.73,,0.0,2026-02-06T00:00:00.000Z,
2800,,,,174155.26,,,0.0,2026-02-06T00:00:00.000Z,
2349,,,,1000625.76,1000625.76,,,2026-02-06T00:00:00.000Z,
3244,,,,212992.2,160993.2,,,2026-02-06T00:00:00.000Z,
3598,,,,21090.56,21090.56,,,2026-02-06T00:00:00.000Z,
5083,,,,1125000.01,,,0.0,2026-02-06T00:00:00.000Z,
2323,,,,925982.68,925982.68,,,2026-02-06T00:00:00.000Z,
3181,,,,36139478.42,36046018.7,,,2026-02-06T00:00:00.000Z,
1591,,,,6969403.65,175399.76,6837654.19,456544.0,2026-02-06T00:00:00.000Z,
1941,,,,25078569.96,4190685.38,20063150.44,996035.0,2026-02-06T00:00:00.000Z,
3233,,,,5307714.12,5339636.18,,,2026-02-06T00:00:00.000Z,
1334,,,,39700101.17,3878032.57,35024447.18,9520801.0,2026-02-06T00:00:00.000Z,
2888,,,,8630995.0,455060.81,,0.0,2026-02-06T00:00:00.000Z,
1872,,,,9308284.68,190531.08,9085444.01,1418762.0,2026-02-06T00:00:00.000Z,
1776,,,,55300511.2,3442262.9,50898705.78,5908173.0,2026-02-06T00:00:00.000Z,
1328,,,,2551571.28,432319.67,2068700.53,888289.0,2026-02-06T00:00:00.000Z,
4106,,,,31099393.08,29113965.63,1471738.09,2980809.33,2026-02-06T00:00:00.000Z,
3153,,,,3101637.94,3101637.94,,,2026-02-06T00:00:00.000Z,
1865,,,,3950737.77,832070.82,2805052.94,504725.0,2026-02-06T00:00:00.000Z,
1866,,,,4228940.04,796996.58,3157235.46,1485616.0,2026-02-06T00:00:00.000Z,
4206,,,,924687.91,113337.83,780202.08,143035.25,2026-02-06T00:00:00.000Z,
3271,,,,1322697.68,1320410.25,,,2026-02-06T00:00:00.000Z,
1739,,,,2895288.73,848668.63,2042503.41,33064.0,2026-02-06T00:00:00.000Z,
1504,,,,1225379.55,329528.86,828091.03,57338.0,2026-02-06T00:00:00.000Z,
5536,,,,12920.87,6534.72,,0.0,2026-02-06T00:00:00.000Z,
5513,,,,,,,0.0,,
1914,,,,1862942.69,332136.52,1524356.34,418576.0,2026-02-06T00:00:00.000Z,
1435,,,,6487026.47,6507378.72,0.0,4023296.0,2026-02-06T00:00:00.000Z,
1529,,,,21025562.11,15648947.84,5258243.16,895918.0,2026-02-06T00:00:00.000Z,
1596,,,,677994.86,78147.32,592788.77,4671.0,2026-02-06T00:00:00.000Z,
1601,,,,2865304.42,2825868.68,81304.2,200225.0,2026-02-06T00:00:00.000Z,
2789,,,,4417991.95,639090.91,,0.0,2026-02-06T00:00:00.000Z,
5439,,,,3628684.84,224190.39,,0.0,2026-02-06T00:00:00.000Z,
2946,,,,43282.66,12181.9,,0.0,2026-02-06T00:00:00.000Z,
3395,,,,446808.86,408677.66,,,2026-02-06T00:00:00.000Z,
5517,,,,,,,0.0,,
5005,,,,6669639.04,63053.01,,0.0,2026-02-06T00:00:00.000Z,
5294,,,,110836.8,9740.22,,0.0,2026-02-06T00:00:00.000Z,
2689,,,,13792363.24,13792363.24,,0.0,2026-02-06T00:00:00.000Z,
2514,,,,519746.3,4663.75,,0.0,2026-02-06T00:00:00.000Z,
2806,,,,641093.78,37650.9,,0.0,2026-02-06T00:00:00.000Z,
5318,,,,510435.38,,,0.0,2026-02-06T00:00:00.000Z,
3255,,,,1110009.95,1131503.3,,,2026-02-06T00:00:00.000Z,
2981,,,,156228.72,,,0.0,2026-02-06T00:00:00.000Z,
2550,,,,108563.59,,,0.0,2026-02-06T00:00:00.000Z,
2926,,,,283927.65,16963.98,,0.0,2026-02-06T00:00:00.000Z,
2939,,,,204671.41,202596.63,,0.0,2026-02-06T00:00:00.000Z,
2384,,,,574906.82,574906.82,,,2026-02-06T00:00:00.000Z,
5269,,,,66098.71,15244.6,,0.0,2026-02-06T00:00:00.000Z,
2974,,,,467902.26,113311.68,,0.0,2026-02-06T00:00:00.000Z,
5570,,,,,,,0.0,,
5170,,,,1727559.21,559070.4,,3054442.91,2026-02-06T00:00:00.000Z,
2804,,,,182593.13,2859.38,,0.0,2026-02-06T00:00:00.000Z,
2348,,,,93972.96,93972.96,,,2026-02-06T00:00:00.000Z,
2390,,,,394778.25,394778.25,,,2026-02-06T00:00:00.000Z,
3186,,,,5419372.81,5196152.24,,,2026-02-06T00:00:00.000Z,
1567,,,,1685028.81,29074.57,1074752.35,113870.0,2026-02-06T00:00:00.000Z,
1911,,,,26687516.62,2482997.77,22948703.39,2477129.75,2026-02-06T00:00:00.000Z,
1257,,,,33279674.22,9756691.41,23183628.92,18906913.0,2026-02-06T00:00:00.000Z,
1356,,,,39711803.79,24308976.34,15313037.01,4438038.0,2026-02-06T00:00:00.000Z,
3134,,,,25469687.41,30318650.49,,,2026-02-06T00:00:00.000Z,
1683,,,,5095726.19,1278165.2,3845431.28,893692.0,2026-02-06T00:00:00.000Z,
1331,,,,3700015.29,1268492.29,2364988.67,449273.0,2026-02-06T00:00:00.000Z,
4050,,,,4721628.31,146794.46,4186629.83,227656.0,2026-02-06T00:00:00.000Z,
1361,,,,66734226.22,7138998.7,54761534.37,18838111.0,2026-02-06T00:00:00.000Z,
1928,,,,3008481.95,263431.93,2608541.86,2454493.0,2026-02-06T00:00:00.000Z,
1608,,,,16887658.78,2576090.16,13835477.53,341998.0,2026-02-06T00:00:00.000Z,
1269,,,,1737569.4,898066.5,810242.78,1037030.0,2026-02-06T00:00:00.000Z,
3336,,,,916843.53,912147.08,1336.34,,2026-02-06T00:00:00.000Z,
2434,,,,759649.98,136300.5,,,2026-02-06T00:00:00.000Z,
2534,,,,3240462.0,162563.83,,0.0,2026-02-06T00:00:00.000Z,
2723,,,,0.0,,,0.0,2026-02-06T00:00:00.000Z,
2422,,,,187811.25,11971.43,136086.0,,2026-02-06T00:00:00.000Z,
4111,,,,24295599.44,13166405.04,10605749.21,394787.81,2026-02-06T00:00:00.000Z,
2756,,,,0.0,,,0.0,2026-02-06T00:00:00.000Z,
2403,,,,314629.34,9635.97,170437.5,,2026-02-06T00:00:00.000Z,
2940,,,,95356.14,82964.48,,0.0,2026-02-06T00:00:00.000Z,
5399,,,,96781.06,,,0.0,2026-02-06T00:00:00.000Z,
2495,,,,485259.54,272320.04,,0.0,2026-02-06T00:00:00.000Z,
5486,,,,3557101.83,129033.44,,0.0,2026-02-06T00:00:00.000Z,
2699,,,,3501238.04,4440.83,,0.0,2026-02-06T00:00:00.000Z,
2906,,,,789533.19,5576.76,,0.0,2026-02-06T00:00:00.000Z,
2400,,,,522973.11,522973.11,,,2026-02-06T00:00:00.000Z,
5049,,,,457025.18,27733.85,,0.0,2026-02-06T00:00:00.000Z,
2427,,,,257930.57,,,,2026-02-06T00:00:00.000Z,
2874,,,,22073.78,5101.07,,0.0,2026-02-06T00:00:00.000Z,
5549,,,,,,,0.0,,
5550,,,,,,,0.0,,
5053,,,,,,,0.0,,
5551,,,,,,,0.0,,
2919,,,,3908122.74,339803.39,,0.0,2026-02-06T00:00:00.000Z,
2996,,,,622320.74,,,0.0,2026-02-06T00:00:00.000Z,
2386,,,,1815259.18,1815259.18,,,2026-02-06T00:00:00.000Z,
2994,,,,373970.07,92347.01,,0.0,2026-02-06T00:00:00.000Z,
5155,,,,1143555.26,,,316730.66,2026-02-06T00:00:00.000Z,
5245,,,,2682305.5,70678.26,,0.0,2026-02-06T00:00:00.000Z,
5364,,,,62426.25,,,0.0,2026-02-06T00:00:00.000Z,
2308,,,,1090377.3,1090377.3,,,2026-02-06T00:00:00.000Z,
5315,,,,65178.81,,,0.0,2026-02-06T00:00:00.000Z,
2452,,,,3581722.73,59610.9,,,2026-02-06T00:00:00.000Z,
2581,,,,437362.93,,,0.0,2026-02-06T00:00:00.000Z,
2717,,,,231202.76,,,0.0,2026-02-06T00:00:00.000Z,
5354,,,,68404.73,,,0.0,2026-02-06T00:00:00.000Z,
2409,,,,209475.0,,,,2026-02-06T00:00:00.000Z,
2649,,,,22897.85,,,0.0,2026-02-06T00:00:00.000Z,
2287,,,,55893.18,55893.18,,,2026-02-06T00:00:00.000Z,
5193,,,,202450.63,,,0.0,2026-02-06T00:00:00.000Z,
5358,,,,69247.64,,,0.0,2026-02-06T00:00:00.000Z,
5316,,,,156297.96,,,860715.38,2026-02-06T00:00:00.000Z,
1902,,,,3112391.72,84434.32,2980646.75,23471.0,2026-02-06T00:00:00.000Z,
5585,,,,,,,0.0,,
3267,,,,11028992.49,10996660.87,,,2026-02-06T00:00:00.000Z,
1600,,,,3444836.86,444730.93,2949222.67,178200.0,2026-02-06T00:00:00.000Z,
1281,,,,4736115.0,429615.84,4190877.14,704930.0,2026-02-06T00:00:00.000Z,
3266,,,,9911219.22,9994559.29,,,2026-02-06T00:00:00.000Z,
1343,,,,3340810.2,642795.32,2670809.27,346748.0,2026-02-06T00:00:00.000Z,
3160,,,,9209100.46,9139348.13,,,2026-02-06T00:00:00.000Z,
4004,,,,6433605.15,626468.18,5648870.19,1105267.0,2026-02-06T00:00:00.000Z,
4046,,,,88561262.67,86146906.61,1065774.55,10313835.25,2026-02-06T00:00:00.000Z,
4207,,,,3949092.78,1535173.48,2367943.72,415567.57,2026-02-06T00:00:00.000Z,
1867,,,,12182946.13,1412267.55,10483649.28,2708545.0,2026-02-06T00:00:00.000Z,
1861,,,,15305769.72,622189.49,14604217.44,1217406.0,2026-02-06T00:00:00.000Z,
5419,,,,4634597.1,119955.16,,743457.99,2026-02-06T00:00:00.000Z,
1574,,,,8779277.11,815513.48,8043081.7,797224.0,2026-02-06T00:00:00.000Z,
1409,,,,4284113.3,3010762.41,1240215.47,849287.0,2026-02-06T00:00:00.000Z,
1383,,,,6689724.02,777194.42,5803267.17,1800672.0,2026-02-06T00:00:00.000Z,
5115,,,,,,,8689.8,,
5118,,,,,,,0.0,,
5119,,,,,,,0.0,,
5123,,,,,,,0.0,,
1271,,,,1868757.98,1691960.54,176797.44,495343.0,2026-02-06T00:00:00.000Z,
4103,,,,4212154.14,2130831.89,2061521.25,386084.0,2026-02-06T00:00:00.000Z,
1779,,,,12058395.64,4324047.97,7722877.57,1281647.0,2026-02-06T00:00:00.000Z,
3288,,,,8915740.63,8889346.45,25932.75,,2026-02-06T00:00:00.000Z,
1964,,,,5611823.23,811190.6,4611151.64,1211616.0,2026-02-06T00:00:00.000Z,
5186,,,,5335398.46,178142.59,,0.0,2026-02-06T00:00:00.000Z,
2317,,,,13633895.1,13633895.1,,,2026-02-06T00:00:00.000Z,
5262,,,,21531039.35,890408.77,,0.0,2026-02-06T00:00:00.000Z,
5167,,,,,,,0.0,,
2932,,,,308817.5,154133.15,,0.0,2026-02-06T00:00:00.000Z,
2729,,,,3269576.83,172129.27,,0.0,2026-02-06T00:00:00.000Z,
5223,,,,31437.89,12147.86,,0.0,2026-02-06T00:00:00.000Z,
4164,,,,3976954.92,1921663.26,1929022.66,450107.2,2026-02-06T00:00:00.000Z,
1594,,,,1707563.39,1735639.02,,181466.0,2026-02-06T00:00:00.000Z,
1317,,,,3394920.15,1502165.83,1892754.32,438084.0,2026-02-06T00:00:00.000Z,
5209,,,,12068.12,11611.16,,0.0,2026-02-06T00:00:00.000Z,
5176,,,,175234.98,65416.79,,0.0,2026-02-06T00:00:00.000Z,
1784,,,,449482.54,180418.52,264534.22,52815.0,2026-02-06T00:00:00.000Z,
2388,,,,267732.58,,267732.58,,2026-02-06T00:00:00.000Z,
5062,,,,17351586.34,54506.81,,0.0,2026-02-06T00:00:00.000Z,
5214,,,,,,,0.0,,
5215,,,,,,,0.0,,
5216,,,,,,,0.0,,
5217,,,,,,,0.0,,
5218,,,,,,,0.0,,
5219,,,,,,,0.0,,
5220,,,,,,,0.0,,
5221,,,,,,,0.0,,
5222,,,,,,,0.0,,
5224,,,,,,,0.0,,
5240,,,,,,,0.0,,
4136,,,,28828351.7,6820763.79,21069810.91,2157637.6,2026-02-06T00:00:00.000Z,
3287,,,,246230084.13,245295902.04,,,2026-02-06T00:00:00.000Z,
2496,,,,362624.55,,,0.0,2026-02-06T00:00:00.000Z,
5228,,,,9188549.35,655635.21,,0.0,2026-02-06T00:00:00.000Z,
1353,,,,817522.69,49651.86,765362.51,104509.0,2026-02-06T00:00:00.000Z,
3300,,,,9540583.88,9531434.79,,,2026-02-06T00:00:00.000Z,
4233,,,,3078434.15,538676.77,2453374.65,472182.0,2026-02-06T00:00:00.000Z,
4151,,,,4347340.77,3744483.68,319464.67,387721.52,2026-02-06T00:00:00.000Z,
5036,,,,563414.74,6665.84,,0.0,2026-02-06T00:00:00.000Z,
2346,,,,254258.94,254258.94,,,2026-02-06T00:00:00.000Z,
4178,,,,1824522.67,7009.97,1779989.85,217506.63,2026-02-06T00:00:00.000Z,
4302,,,,3345510.33,1728987.46,1525927.87,0.0,2026-02-06T00:00:00.000Z,
3251,,,,1565130.68,1541834.68,,,2026-02-06T00:00:00.000Z,
5277,,,,,,,0.0,,
5279,,,,,,,0.0,,
5280,,,,,,,0.0,,
5271,,,,30025.07,10766.47,,0.0,2026-02-06T00:00:00.000Z,
2292,,,,132351.32,132351.32,,,2026-02-06T00:00:00.000Z,
3443,,,,957787.02,957787.02,,,2026-02-06T00:00:00.000Z,
2266,,,,406510.13,406510.13,,,2026-02-06T00:00:00.000Z,
5164,,,,2388962.04,48236.88,,0.0,2026-02-06T00:00:00.000Z,
4690,,,,264581.77,40953.94,201041.58,0.0,2026-02-06T00:00:00.000Z,
5409,,,,2806287.14,1347585.44,,0.0,2026-02-06T00:00:00.000Z,
3155,,,,4668512.48,4412798.48,,,2026-02-06T00:00:00.000Z,
5047,,,,2540783.4,15480.53,,0.0,2026-02-06T00:00:00.000Z,
2320,,,,5514048.11,5514048.11,,,2026-02-06T00:00:00.000Z,
5365,,,,227319.53,,,0.0,2026-02-06T00:00:00.000Z,
5305,,,,,,,0.0,,
5306,,,,,,,0.0,,
2783,,,,1816465.98,44546.8,,0.0,2026-02-06T00:00:00.000Z,
2991,,,,169360.98,7390.25,,0.0,2026-02-06T00:00:00.000Z,
2872,,,,4527.53,,,0.0,2026-02-06T00:00:00.000Z,
5035,,,,10455.91,10455.91,,0.0,2026-02-06T00:00:00.000Z,
5108,,,,1947217.55,2607.76,,30584.95,2026-02-06T00:00:00.000Z,
2338,,,,1371792.07,1371792.07,,,2026-02-06T00:00:00.000Z,
2784,,,,2020851.57,26936.49,,0.0,2026-02-06T00:00:00.000Z,
2342,,,,109241.75,109241.75,,,2026-02-06T00:00:00.000Z,
2640,,,,65775.53,,,0.0,2026-02-06T00:00:00.000Z,
1645,,,,7378304.78,1365272.14,5411784.82,373069.0,2026-02-06T00:00:00.000Z,
5319,,,,,,,0.0,,
3184,,,,33681870.19,33756135.67,,,2026-02-06T00:00:00.000Z,
5322,,,,,,,0.0,,
1818,,,,255208480.28,178944080.57,71856578.63,44962054.56,2026-02-06T00:00:00.000Z,
3230,,,,4425301.59,4486693.86,,,2026-02-06T00:00:00.000Z,
4155,,,,43148257.98,12202540.96,30404299.35,5836557.0,2026-02-06T00:00:00.000Z,
5326,,,,,,,0.0,,
5328,,,,,,,0.0,,
5329,,,,,,,0.0,,
1876,,,,18085951.67,5487552.17,12233957.76,3177806.11,2026-02-06T00:00:00.000Z,
5331,,,,,,,0.0,,
5332,,,,,,,0.0,,
5333,,,,,,,0.0,,
1883,,,,118162678.93,18463782.92,97604362.25,11516711.19,2026-02-06T00:00:00.000Z,
1921,,,,13066488.27,4017683.47,8638358.27,2374487.0,2026-02-06T00:00:00.000Z,
5336,,,,,,,0.0,,
5338,,,,,,,0.0,,
5339,,,,,,,0.0,,
5340,,,,,,,0.0,,
5346,,,,,,,0.0,,
5348,,,,,,,0.0,,
5349,,,,,,,0.0,,
5350,,,,,,,0.0,,
1585,,,,77765373.82,21740284.62,53645033.32,3238180.0,2026-02-06T00:00:00.000Z,
5355,,,,,,,0.0,,
5356,,,,,,,0.0,,
5357,,,,,,,0.0,,
5361,,,,,,,0.0,,
5362,,,,,,,0.0,,
5363,,,,,,,0.0,,
5366,,,,,,,0.0,,
5368,,,,,,,0.0,,
3593,,,,,,,,,
5371,,,,,,,0.0,,
5372,,,,,,,0.0,,
5373,,,,,,,0.0,,
5374,,,,,,,0.0,,
2953,,,,9616.73,,,0.0,2026-02-06T00:00:00.000Z,
5376,,,,,,,0.0,,
5377,,,,,,,0.0,,
4118,,,,7097551.4,3680851.14,2911000.67,734810.0,2026-02-06T00:00:00.000Z,
3594,,,,,,,,,
4450,,,,4871677.62,2447823.13,2145654.27,0.0,2026-02-06T00:00:00.000Z,
4401,,,,33230394.25,28416579.81,2828310.95,5004709.99,2026-02-06T00:00:00.000Z,
3299,,,,11498194.84,10046653.19,,,2026-02-06T00:00:00.000Z,
5387,,,,,,,0.0,,
5390,,,,,,,0.0,,
1844,,,,5301081.25,470689.31,4735723.71,793594.0,2026-02-06T00:00:00.000Z,
1954,,,,52013289.04,47586106.36,3047901.96,7365952.14,2026-02-06T00:00:00.000Z,
5131,,,,4247960.9,775835.9,,0.0,2026-02-06T00:00:00.000Z,
1845,,,,9045503.16,436410.39,8584903.77,1374399.0,2026-02-06T00:00:00.000Z,
5400,,,,,,,0.0,,
3165,,,,21065441.93,21065441.93,,,2026-02-06T00:00:00.000Z,
5402,,,,,,,0.0,,
5403,,,,,,,0.0,,
5405,,,,,,,0.0,,
5406,,,,,,,0.0,,
2258,,,,1513182.3,1513182.3,,,2026-02-06T00:00:00.000Z,
4107,,,,7915043.74,7555696.04,120969.7,676141.75,2026-02-06T00:00:00.000Z,
5411,,,,,,,0.0,,
5412,,,,,,,0.0,,
5413,,,,,,,0.0,,
5414,,,,,,,0.0,,
5415,,,,,,,0.0,,
1710,,,,12737075.85,3566927.67,7420102.25,1857348.0,2026-02-06T00:00:00.000Z,
2925,,,,125530.94,1612.45,,0.0,2026-02-06T00:00:00.000Z,
2947,,,,411278.9,186835.89,,0.0,2026-02-06T00:00:00.000Z,
5424,,,,,,,0.0,,
5431,,,,,,,0.0,,
5432,,,,,,,0.0,,
5433,,,,,,,0.0,,
1869,,,,17438357.78,1107909.3,15859192.35,309213.0,2026-02-06T00:00:00.000Z,
4100,,,,8293401.3,6076945.52,2171181.58,1410234.0,2026-02-06T00:00:00.000Z,
5437,,,,,,,0.0,,
5438,,,,,,,0.0,,
3631,,,,,,,,,
4177,35062955.9,28935762.88,6127193.02,126818781.42,5455008.48,117665515.29,36314335.47,2026-05-08T00:00:00.000Z,2026-05-08T00:00:00.000Z
1833,4420415.46,4020055.64,400359.82,21240762.9,1922969.31,18615824.94,5450849.0,2026-02-06T00:00:00.000Z,2026-05-08T00:00:00.000Z
4535,4072572.58,,4072572.58,79767691.27,78902862.19,,1363263.64,2026-02-06T00:00:00.000Z,2026-05-08T00:00:00.000Z
1800,64635964.92,57513293.79,7122671.13,27884821.59,10219096.54,17488404.91,10859257.12,2026-02-06T00:00:00.000Z,2026-05-08T00:00:00.000Z
4615,224574470.26,202146196.1,22428274.16,486760303.76,64918098.52,407117084.19,62693083.35,2026-05-08T00:00:00.000Z,2026-05-08T00:00:00.000Z
1969,8587054.39,6226279.65,2360774.74,19065881.0,15325917.46,3199104.26,4033352.91,2026-02-06T00:00:00.000Z,2026-05-08T00:00:00.000Z
1761,2458564.0,1897324.21,561239.79,10732656.8,7148287.99,3334457.14,1775988.0,2026-02-06T00:00:00.000Z,2026-05-08T00:00:00.000Z
4269,62683456.32,45072744.7,17610711.62,41631381.31,18450648.9,20308586.53,5048239.59,2026-05-08T00:00:00.000Z,2026-05-08T00:00:00.000Z
4026,1262644.95,1137683.84,124961.11,17861260.9,1725548.52,15992001.44,1798709.0,2026-02-06T00:00:00.000Z,2026-05-08T00:00:00.000Z
4263,94361628.91,74284720.15,20076908.76,104966776.31,31863437.17,69980074.14,15479083.86,2026-05-08T00:00:00.000Z,2026-05-08T00:00:00.000Z
4569,5611101.61,4390958.02,1220143.59,201748520.24,183610782.03,5915183.76,44544349.86,2026-05-08T00:00:00.000Z,2026-05-08T00:00:00.000Z
1593,4457183.03,2100996.87,2356186.16,20455676.21,13845092.58,6485304.38,992916.0,2026-02-06T00:00:00.000Z,2026-05-08T00:00:00.000Z
1918,5733945.27,5357251.61,376693.66,5659644.93,1263814.86,4384380.61,963402.0,2026-02-06T00:00:00.000Z,2026-05-08T00:00:00.000Z
1810,3839488.88,3069213.15,770275.73,55930929.34,40263757.18,15594457.47,8166071.75,2026-02-06T00:00:00.000Z,2026-05-08T00:00:00.000Z
1440,470371.72,376188.66,94183.06,18277293.72,1008608.59,17179138.74,2252775.0,2026-02-06T00:00:00.000Z,2026-05-08T00:00:00.000Z
4122,3490150.63,1613360.14,1876790.49,33351764.74,10572239.92,21414074.33,4080910.0,2026-02-06T00:00:00.000Z,2026-05-08T00:00:00.000Z
4503,74392468.01,,74392468.01,102439318.95,101571621.29,,17289697.31,2026-05-08T00:00:00.000Z,2026-05-08T00:00:00.000Z
1756,1469127.78,778243.02,690884.76,2229174.06,1309273.28,785865.78,10909.0,2026-02-06T00:00:00.000Z,2026-05-08T00:00:00.000Z
4419,1297359.78,1029356.42,268003.36,3480384.35,3138999.08,,594901.4,2026-02-06T00:00:00.000Z,2026-05-08T00:00:00.000Z
4879,41029303.41,28691995.03,12337308.38,95674580.85,76226963.76,15152923.18,0.0,2026-05-08T00:00:00.000Z,2026-05-08T00:00:00.000Z
4826,1987566.09,1469956.32,517609.77,7176488.97,1032769.84,5725826.76,129464.0,2026-05-08T00:00:00.000Z,2026-05-08T00:00:00.000Z
1658,4604303.23,3601405.13,1002898.1,7092979.92,4064041.31,2978902.66,843339.0,2026-02-06T00:00:00.000Z,2026-05-08T00:00:00.000Z
4025,41528546.57,37917812.34,3610734.23,25638857.47,5492078.13,19424384.82,9303493.0,2026-02-06T00:00:00.000Z,2026-05-08T00:00:00.000Z
1829,7862984.44,7434137.3,428847.14,114432778.94,45073912.12,63742668.39,15009211.0,2026-02-06T00:00:00.000Z,2026-05-08T00:00:00.000Z
4068,27791929.44,24637879.91,3154049.53,48651262.66,8196976.54,34737383.01,13695681.4,2026-05-08T00:00:00.000Z,2026-05-08T00:00:00.000Z
1972,10653250.32,9120883.93,1532366.39,23729627.61,12590189.48,10375236.13,2809443.0,2026-02-06T00:00:00.000Z,2026-05-08T00:00:00.000Z
4254,1212227.55,1118316.44,93911.11,11363427.87,487912.15,10779487.83,1987927.04,2026-02-06T00:00:00.000Z,2026-05-08T00:00:00.000Z
4175,5847689.28,4365948.0,1481741.28,87324475.11,18487913.25,67426205.62,2638843.0,2026-02-06T00:00:00.000Z,2026-05-08T00:00:00.000Z
4833,987262.51,607737.67,379524.84,870515.4,762879.69,33323.43,0.0,2026-05-08T00:00:00.000Z,2026-05-08T00:00:00.000Z
4795,8519352.4,5458703.28,3060649.12,42612452.51,15066462.28,24482545.02,1939236.93,2026-05-08T00:00:00.000Z,2026-05-08T00:00:00.000Z
1607,523284650.26,417487431.21,105797219.05,674783408.94,263291884.84,350304780.92,131129136.85,2026-05-08T00:00:00.000Z,2026-05-08T00:00:00.000Z
1501,58083771.07,16977312.0,41106459.07,7133712.69,1178384.43,5382315.63,2274847.0,2026-02-06T00:00:00.000Z,2026-05-08T00:00:00.000Z
1485,2965355.19,2462966.1,502389.09,28586080.4,1355369.03,27283122.91,2110767.0,2026-02-06T00:00:00.000Z,2026-05-08T00:00:00.000Z
1930,26438629.85,23938991.35,2499638.5,52178015.97,10928262.85,38962295.96,15487774.0,2026-02-06T00:00:00.000Z,2026-05-08T00:00:00.000Z
4529,16784771.48,,16784771.48,579459590.67,559601428.69,,10641482.23,2026-05-08T00:00:00.000Z,2026-05-08T00:00:00.000Z
4421,15339113.18,13557850.66,1781262.52,170697191.17,23948301.34,133814318.91,34689013.04,2026-05-08T00:00:00.000Z,2026-05-08T00:00:00.000Z
4516,6464075.25,,6464075.25,324347047.68,316447588.34,,8353416.93,2026-05-08T00:00:00.000Z,2026-05-08T00:00:00.000Z
4829,333421145.35,90951294.23,242469851.12,356650278.61,315975714.58,34922270.47,1761409.13,2026-05-08T00:00:00.000Z,2026-05-08T00:00:00.000Z
1931,10259307.7,8273536.99,1985770.71,19746564.26,11650760.51,7391922.75,2695875.0,2026-02-06T00:00:00.000Z,2026-05-08T00:00:00.000Z
4145,61848927.77,56909350.93,4939576.84,371011805.11,50403991.23,308568334.62,57121301.29,2026-05-08T00:00:00.000Z,2026-05-08T00:00:00.000Z
4498,23871041.59,,23871041.59,1830917271.08,1816683276.44,,11348704.12,2026-05-08T00:00:00.000Z,2026-05-08T00:00:00.000Z
4291,10195614.19,8240163.88,1955450.31,16772599.44,9089781.06,7226920.83,2704954.48,2026-02-06T00:00:00.000Z,2026-05-08T00:00:00.000Z
4290,2598417.07,2411058.28,187358.79,7109979.59,1033298.56,5855661.82,877789.96,2026-02-06T00:00:00.000Z,2026-05-08T00:00:00.000Z
4240,12733883.73,8548934.33,4184949.4,221777275.5,208131537.02,4260880.39,59256274.44,2026-05-08T00:00:00.000Z,2026-05-08T00:00:00.000Z
1975,24279487.62,20707889.78,3571597.84,49985260.71,8202123.79,40039946.92,8857972.23,2026-02-06T00:00:00.000Z,2026-05-08T00:00:00.000Z
4028,5559369.2,5303982.24,255386.96,30463593.38,7974821.48,22317028.9,5152535.93,2026-02-06T00:00:00.000Z,2026-05-08T00:00:00.000Z
4476,2930471.37,2217489.44,712981.93,84286138.2,28378795.22,53705012.51,1910647.69,2026-05-08T00:00:00.000Z,2026-05-08T00:00:00.000Z
1659,1734450.72,1077205.11,657245.61,32673168.62,5635097.89,26358472.57,37359.0,2026-02-06T00:00:00.000Z,2026-05-08T00:00:00.000Z
1702,6932866.4,6347786.57,585079.83,6226611.95,455841.49,5722423.08,2021318.0,2026-02-06T00:00:00.000Z,2026-05-08T00:00:00.000Z
1749,13924227.09,12299985.24,1624241.85,26045574.54,2638236.4,22891794.14,7387525.0,2026-02-06T00:00:00.000Z,2026-05-08T00:00:00.000Z
1473,9679012.66,4961914.5,4717098.16,1509996.41,144601.1,1291674.65,895330.0,2026-02-06T00:00:00.000Z,2026-05-08T00:00:00.000Z
1458,2242480.28,1213932.96,1028547.32,13709082.34,9032940.4,4639768.12,750602.0,2026-02-06T00:00:00.000Z,2026-05-08T00:00:00.000Z
1442,3306085.11,1546858.08,1759227.03,12603404.04,11477322.11,1095358.52,2304130.0,2026-02-06T00:00:00.000Z,2026-05-08T00:00:00.000Z
1670,2979765.22,2744484.82,235280.4,30215066.75,1842018.13,24695916.93,0.0,2026-02-06T00:00:00.000Z,2026-05-08T00:00:00.000Z
4357,20543787.44,13584223.45,6959563.99,10690516.13,2356522.27,7193623.74,886778.46,2026-05-08T00:00:00.000Z,2026-05-08T00:00:00.000Z
4804,3705725.7,2568975.94,1136749.76,26133681.26,12799385.98,11836452.97,82166.75,2026-05-08T00:00:00.000Z,2026-05-08T00:00:00.000Z
4860,73300396.09,54076507.35,19223888.74,73011639.9,8139594.95,62721625.49,839227.83,2026-05-08T00:00:00.000Z,2026-05-08T00:00:00.000Z
4776,10930788.8,7383303.65,3547485.15,31330687.03,13483706.97,16270265.12,1696122.64,2026-05-08T00:00:00.000Z,2026-05-08T00:00:00.000Z
4810,14386642.93,10775321.35,3611321.58,58387188.76,2185917.28,52390326.88,204406.37,2026-05-08T00:00:00.000Z,2026-05-08T00:00:00.000Z
4536,7210690.02,6008813.92,1201876.1,34902489.74,22726726.98,10529140.57,2045861.15,2026-05-08T00:00:00.000Z,2026-05-08T00:00:00.000Z
4489,134489301.63,,134489301.63,2177162716.5,2146250771.24,,25061485.86,2026-05-08T00:00:00.000Z,2026-05-08T00:00:00.000Z
4013,4310797.51,4180886.62,129910.89,62808331.04,39653114.37,22791728.5,14976650.61,2026-02-06T00:00:00.000Z,2026-05-08T00:00:00.000Z
1831,3220613.51,2916598.19,304015.32,30341897.73,2877347.78,27051645.87,6984586.55,2026-02-06T00:00:00.000Z,2026-05-08T00:00:00.000Z
4488,115181643.11,,115181643.11,2989876601.12,2782973280.87,,104786366.05,2026-05-08T00:00:00.000Z,2026-05-08T00:00:00.000Z
4518,33733377.59,,33733377.59,247099273.15,243635968.38,,3397744.32,2026-05-08T00:00:00.000Z,2026-05-08T00:00:00.000Z
1991,15324105.42,14279071.76,1045033.66,13938556.78,7937513.38,5705862.98,1529021.39,2026-02-06T00:00:00.000Z,2026-05-08T00:00:00.000Z
4331,2770197.73,2279644.59,490553.14,11322366.88,1413575.71,9800840.5,1671017.56,2026-02-06T00:00:00.000Z,2026-05-08T00:00:00.000Z
4629,8908167.94,8401830.24,506337.7,13249966.82,1198997.51,11364567.17,2646612.0,2026-05-08T00:00:00.000Z,2026-05-08T00:00:00.000Z
1857,4626437.19,4297309.99,329127.2,41582963.17,5359964.73,32175398.55,1007258.0,2026-02-06T00:00:00.000Z,2026-05-08T00:00:00.000Z
4618,128700922.12,99958994.34,28741927.78,108345681.13,19255005.08,83920040.85,35650550.07,2026-05-08T00:00:00.000Z,2026-05-08T00:00:00.000Z
1573,12352135.45,5247474.19,7104661.26,18239754.03,9750089.85,8557703.26,2364984.0,2026-02-06T00:00:00.000Z,2026-05-08T00:00:00.000Z
1486,1792438.3,1551072.1,241366.2,23721241.42,1428016.65,21731225.98,1453627.0,2026-02-06T00:00:00.000Z,2026-05-08T00:00:00.000Z
4541,1867604.07,1535767.08,331836.99,90995727.25,18578510.29,71100407.04,8225688.2,2026-05-08T00:00:00.000Z,2026-05-08T00:00:00.000Z
4609,8138893.57,6301770.25,1837123.32,46809709.83,20004142.66,25705721.71,7132437.19,2026-05-08T00:00:00.000Z,2026-05-08T00:00:00.000Z
4510,3548305.86,,3548305.86,311240877.82,301265341.76,,5206061.95,2026-05-08T00:00:00.000Z,2026-05-08T00:00:00.000Z
4513,562816.99,,562816.99,139239051.57,134216881.61,,5001076.13,2026-05-08T00:00:00.000Z,2026-05-08T00:00:00.000Z
4821,10834755.48,5617001.57,5217753.91,38168735.75,7843695.34,27303657.33,82826.0,2026-05-08T00:00:00.000Z,2026-05-08T00:00:00.000Z
4886,9266283.15,6536882.65,2729400.5,9120196.54,5410845.96,3498990.98,0.0,2026-05-08T00:00:00.000Z,2026-05-08T00:00:00.000Z
4856,175082133.53,74480192.77,100601940.76,36601612.67,7278637.0,23833000.42,0.0,2026-05-08T00:00:00.000Z,2026-05-08T00:00:00.000Z
4031,55138473.82,49047945.56,6090528.26,320422176.95,39203988.26,276323764.39,26418205.34,2026-02-06T00:00:00.000Z,2026-05-08T00:00:00.000Z
4245,18608796.05,14700160.84,3908635.21,42026629.46,4056497.34,36009956.91,7628801.58,2026-05-08T00:00:00.000Z,2026-05-08T00:00:00.000Z
4499,10544220.92,,10544220.92,1836028982.58,1813917760.96,,12400105.73,2026-05-08T00:00:00.000Z,2026-05-08T00:00:00.000Z
4353,5087697.22,4189991.4,897705.82,282218836.41,255419650.53,16787946.07,39166601.49,2026-05-08T00:00:00.000Z,2026-05-08T00:00:00.000Z
4400,12581999.88,9877847.92,2704151.96,139377298.87,62864035.14,65663700.98,45327867.57,2026-05-08T00:00:00.000Z,2026-05-08T00:00:00.000Z
1484,74778371.61,36715451.25,38062920.36,10875976.79,1583993.66,9322353.13,4328378.0,2026-02-06T00:00:00.000Z,2026-05-08T00:00:00.000Z
1500,21655767.21,15159911.68,6495855.53,15753907.55,1906302.94,13828190.18,2546890.0,2026-02-06T00:00:00.000Z,2026-05-08T00:00:00.000Z
4022,23207247.52,21623111.95,1584135.57,216779434.4,34683727.73,175197818.53,25002992.05,2026-02-06T00:00:00.000Z,2026-05-08T00:00:00.000Z
1623,2170143.29,1248362.22,921781.07,9864252.61,9376912.47,267274.61,1519690.0,2026-02-06T00:00:00.000Z,2026-05-08T00:00:00.000Z
1558,19308118.5,11920902.36,7387216.14,16023728.24,5990835.26,10181058.1,2245014.0,2026-02-06T00:00:00.000Z,2026-05-08T00:00:00.000Z
4283,21105530.96,17967178.06,3138352.9,401858870.05,252669708.73,128606268.52,39380766.14,2026-05-08T00:00:00.000Z,2026-05-08T00:00:00.000Z
4698,9847642.65,5494174.2,4353468.45,105865049.23,55425155.49,46993353.48,108750.0,2026-05-08T00:00:00.000Z,2026-05-08T00:00:00.000Z
4344,17990768.82,11058737.64,6932031.18,487666392.2,437225380.97,43315345.23,174644838.77,2026-05-08T00:00:00.000Z,2026-05-08T00:00:00.000Z
1522,19563069.34,14778111.19,4784958.15,9399463.79,3266574.69,6192032.93,2008314.0,2026-02-06T00:00:00.000Z,2026-05-08T00:00:00.000Z
4504,29903984.11,,29903984.11,523998656.28,518426450.47,,7470084.43,2026-05-08T00:00:00.000Z,2026-05-08T00:00:00.000Z
4701,3704826.8,2915676.7,789150.1,46441445.1,10754290.38,34459727.99,0.0,2026-05-08T00:00:00.000Z,2026-05-08T00:00:00.000Z
4675,38434.87,32834.87,5600.0,2013608.96,1781233.9,232375.06,0.0,2026-05-08T00:00:00.000Z,2026-05-08T00:00:00.000Z
4796,69542602.34,48032034.28,21510568.06,108661606.8,49396698.57,55566821.14,3500179.98,2026-05-08T00:00:00.000Z,2026-05-08T00:00:00.000Z
4778,1002445.94,506920.76,495525.18,8158156.2,1173660.04,6576348.17,992847.4,2026-05-08T00:00:00.000Z,2026-05-08T00:00:00.000Z
4818,1251037.88,777293.33,473744.55,14231000.38,110190.97,13326707.13,0.0,2026-05-08T00:00:00.000Z,2026-05-08T00:00:00.000Z
4496,70490903.42,,70490903.42,3322477708.9,3127421479.81,,70481752.91,2026-05-08T00:00:00.000Z,2026-05-08T00:00:00.000Z
4223,57468972.87,45122275.07,12346697.8,156308394.65,32700357.34,112789226.21,26286917.39,2026-05-08T00:00:00.000Z,2026-05-08T00:00:00.000Z
4586,202942853.81,182111272.91,20831580.9,109971482.08,58571394.82,41667263.05,37714508.69,2026-05-08T00:00:00.000Z,2026-05-08T00:00:00.000Z
4480,257591257.46,,257591257.46,17728077650.24,16912672872.89,,195649009.57,2026-05-08T00:00:00.000Z,2026-05-08T00:00:00.000Z
4595,10038254.14,8551668.81,1486585.33,92120930.65,3731968.22,78319141.21,9641547.81,2026-05-08T00:00:00.000Z,2026-05-08T00:00:00.000Z
1751,11670465.18,10030933.28,1639531.9,39745530.51,3673107.95,35711732.95,7267526.0,2026-02-06T00:00:00.000Z,2026-05-08T00:00:00.000Z
4671,649140075.65,73602527.7,575537547.95,1798504297.95,426705044.62,1269214015.38,30714718.05,2026-05-08T00:00:00.000Z,2026-05-08T00:00:00.000Z
4284,6611177.87,5306453.19,1304724.68,93102666.38,74263812.09,15956921.29,14964791.25,2026-05-08T00:00:00.000Z,2026-05-08T00:00:00.000Z
1916,1320029.19,843762.76,476266.43,7246904.42,963871.16,5983741.49,1308289.37,2026-02-06T00:00:00.000Z,2026-05-08T00:00:00.000Z
1843,5852701.19,2696850.42,3155850.77,19558149.68,4738750.9,14060646.74,3479110.0,2026-02-06T00:00:00.000Z,2026-05-08T00:00:00.000Z
1904,5283702.22,4941144.26,342557.96,9398848.44,3791545.17,5289868.47,683397.0,2026-02-06T00:00:00.000Z,2026-05-08T00:00:00.000Z
4610,4948930.85,3514608.09,1434322.76,306487220.1,266603789.21,16841389.66,25155685.81,2026-05-08T00:00:00.000Z,2026-05-08T00:00:00.000Z
1635,2611696.48,1480688.19,1131008.29,16319372.8,5473768.33,10809863.84,3075208.0,2026-02-06T00:00:00.000Z,2026-05-08T00:00:00.000Z
4086,421687505.7,364811334.83,56876170.87,2458341227.89,731711380.56,1661890760.76,278962179.58,2026-05-08T00:00:00.000Z,2026-05-08T00:00:00.000Z
1917,2733258.17,2425506.08,307752.09,6414974.86,2463004.33,3831516.83,2081508.77,2026-02-06T00:00:00.000Z,2026-05-08T00:00:00.000Z
1609,342239388.43,150773551.02,191465837.41,1487640335.42,984933899.61,472055479.58,146249079.21,2026-02-06T00:00:00.000Z,2026-05-08T00:00:00.000Z
1523,21878709.14,14568555.25,7310153.89,17498353.8,1933408.39,15543366.98,1007424.0,2026-02-06T00:00:00.000Z,2026-05-08T00:00:00.000Z
4116,169205736.75,147019451.18,22186285.57,32577023.15,8789924.66,22557865.49,25071728.27,2026-02-06T00:00:00.000Z,2026-05-08T00:00:00.000Z
4332,1656932722.84,1243287192.54,413645530.3,2973107763.04,1302784103.51,1404273669.01,542249009.68,2026-05-08T00:00:00.000Z,2026-05-08T00:00:00.000Z
4057,10409047.22,8338020.41,2071026.81,14924163.49,8524322.9,6022595.23,3068640.41,2026-02-06T00:00:00.000Z,2026-05-08T00:00:00.000Z
1785,19216129.55,17095730.28,2120399.27,98506316.9,40325973.33,54851315.87,15748405.0,2026-05-08T00:00:00.000Z,2026-05-08T00:00:00.000Z
1855,17693443.86,12307674.68,5385769.18,5883928.99,691116.89,4513565.65,4072594.0,2026-02-06T00:00:00.000Z,2026-05-08T00:00:00.000Z
4590,8208404.49,6773869.08,1434535.41,37057709.71,22344903.79,10870501.23,6112058.39,2026-05-08T00:00:00.000Z,2026-05-08T00:00:00.000Z
4573,30416884.58,20948170.93,9468713.65,61108763.0,41845287.81,16811167.74,2259106.52,2026-05-08T00:00:00.000Z,2026-05-08T00:00:00.000Z
4564,37688066.27,29679108.25,8008958.02,211428078.62,113031720.41,86366623.83,31899651.26,2026-05-08T00:00:00.000Z,2026-05-08T00:00:00.000Z
4429,1682322.34,1363685.52,318636.82,28255666.92,2635848.36,24470397.6,4333133.22,2026-05-08T00:00:00.000Z,2026-05-08T00:00:00.000Z
4001,1428515.82,1294869.53,133646.29,10545798.69,300886.0,10137191.9,561231.0,2026-02-06T00:00:00.000Z,2026-05-08T00:00:00.000Z
4058,1727998.34,1351977.81,376020.53,4896874.71,2736682.82,2000834.89,533707.11,2026-02-06T00:00:00.000Z,2026-05-08T00:00:00.000Z
4533,1832255.62,,1832255.62,494785995.36,459140639.28,,3199216.74,2026-05-08T00:00:00.000Z,2026-05-08T00:00:00.000Z
1643,8999191.49,8194081.13,805110.36,14406821.44,3129951.94,11388030.49,1662883.0,2026-02-06T00:00:00.000Z,2026-05-08T00:00:00.000Z
4525,16031945.25,,16031945.25,442766860.38,438703370.69,,21897519.19,2026-05-08T00:00:00.000Z,2026-05-08T00:00:00.000Z
4527,10015873.13,,10015873.13,39630885.2,39511185.57,,3064508.56,2026-05-08T00:00:00.000Z,2026-05-08T00:00:00.000Z
1679,3655288.86,3024688.43,630600.43,10278159.2,7638572.95,2374495.13,2327370.0,2026-02-06T00:00:00.000Z,2026-05-08T00:00:00.000Z
1499,2735259.91,1660130.53,1075129.38,9125551.24,1569833.28,6580370.83,507031.0,2026-02-06T00:00:00.000Z,2026-05-08T00:00:00.000Z
4764,5328308.23,5132377.37,195930.86,49588202.89,5442937.53,42885950.23,2035887.69,2026-05-08T00:00:00.000Z,2026-05-08T00:00:00.000Z
4898,21771151.38,4298762.68,17472388.7,4504953.01,4428278.47,76447.74,0.0,2026-05-08T00:00:00.000Z,2026-05-08T00:00:00.000Z
4798,935205589.34,208307301.24,726898288.1,252623743.49,181609965.81,51720134.34,476569.12,2026-05-08T00:00:00.000Z,2026-05-08T00:00:00.000Z
4758,27820961.07,23486488.63,4334472.44,,,,151570.95,,2026-05-08T00:00:00.000Z
5612,,,,,,,0.0,,
4377,30651039.6,24178944.62,6472094.98,,,,3092758.13,,2026-05-08T00:00:00.000Z
4326,5217208.76,4668384.17,548824.59,,,,463702.36,,2026-05-08T00:00:00.000Z
4078,7115053.78,6471155.03,643898.75,,,,601235.07,,2026-05-08T00:00:00.000Z
1732,4922508.64,4122801.46,799707.18,,,,802654.0,,2026-05-08T00:00:00.000Z
4892,208504825.92,120884208.56,87620617.36,,,,0.0,,2026-05-08T00:00:00.000Z
1588,2514186.68,1782783.76,731402.92,,,,125025.0,,2026-05-08T00:00:00.000Z
5599,,,,,,,0.0,,
4757,439588177.69,393550920.84,46037256.85,,,,6483236.6,,2026-05-08T00:00:00.000Z
4466,69599384.85,57691078.98,11908305.87,,,,4342787.18,,2026-05-08T00:00:00.000Z
1552,416500859.48,118993520.93,297507338.55,41301481.72,24776802.29,15039652.6,7475103.0,2026-02-06T00:00:00.000Z,2026-05-08T00:00:00.000Z
4734,85089671.3,58436576.7,26653094.6,426309829.95,368798015.92,33667685.82,45646235.7,2026-05-08T00:00:00.000Z,2026-05-08T00:00:00.000Z
1998,4820193.95,4623721.37,196472.58,46273268.6,20179914.61,24584420.05,10962304.0,2026-02-06T00:00:00.000Z,2026-05-08T00:00:00.000Z
4492,75474203.23,,75474203.23,628211306.69,620346237.33,,7036007.21,2026-05-08T00:00:00.000Z,2026-05-08T00:00:00.000Z
4226,1157319.71,1046550.88,110768.83,11190670.99,1245384.16,9552850.83,2004634.04,2026-05-08T00:00:00.000Z,2026-05-08T00:00:00.000Z
4293,3433359.29,1663176.79,1770182.5,3678756.29,3657019.59,,223190.28,2026-05-08T00:00:00.000Z,2026-05-08T00:00:00.000Z
4706,3047242.46,2682178.96,365063.5,18351311.74,6727925.17,10051349.4,1962062.6,2026-05-08T00:00:00.000Z,2026-05-08T00:00:00.000Z
5552,,,,,,,0.0,,
5553,,,,,,,0.0,,
4872,2881467.6,2314092.13,567375.47,9904860.84,1263761.93,7702646.04,0.0,2026-05-08T00:00:00.000Z,2026-05-08T00:00:00.000Z
4827,564912921.06,292025624.99,272887296.07,1882822576.32,1060024988.31,782182412.09,152723388.22,2026-05-08T00:00:00.000Z,2026-05-08T00:00:00.000Z
4861,41537539.99,31518226.76,10019313.23,31119786.29,5296435.28,24173026.17,0.0,2026-05-08T00:00:00.000Z,2026-05-08T00:00:00.000Z
4893,46617225.54,9171662.68,37445562.86,5042157.76,4942563.26,,0.0,2026-05-08T00:00:00.000Z,2026-05-08T00:00:00.000Z
4393,133951635.57,110195025.24,23756610.33,789484456.63,352888667.92,360421896.08,113349206.95,2026-05-08T00:00:00.000Z,2026-05-08T00:00:00.000Z
1780,34868169.3,29354250.25,5513919.05,66192238.19,41312387.2,22862265.3,14538117.54,2026-02-06T00:00:00.000Z,2026-05-08T00:00:00.000Z
4506,174567579.12,,174567579.12,1736618181.96,1726981059.21,,52435378.63,2026-05-08T00:00:00.000Z,2026-05-08T00:00:00.000Z
4272,40647560.21,34026997.09,6620563.12,60255516.56,11809870.54,44027622.82,7959685.03,2026-05-08T00:00:00.000Z,2026-05-08T00:00:00.000Z
4451,7477718.54,6244990.15,1232728.39,77027448.66,17992463.69,51773552.14,28911129.82,2026-05-08T00:00:00.000Z,2026-05-08T00:00:00.000Z
1795,36905735.96,31083614.42,5822121.54,25003384.15,14164269.43,9883034.52,3249259.0,2026-02-06T00:00:00.000Z,2026-05-08T00:00:00.000Z
4239,5516103.42,4868940.89,647162.53,9686344.03,542120.33,8789818.7,1790609.67,2026-05-08T00:00:00.000Z,2026-05-08T00:00:00.000Z
4530,48486066.85,,48486066.85,268118827.18,253146626.19,,8698482.35,2026-05-08T00:00:00.000Z,2026-05-08T00:00:00.000Z
1731,14938068.56,10900944.96,4037123.6,139746763.82,129969609.41,6686179.13,39873509.62,2026-02-06T00:00:00.000Z,2026-05-08T00:00:00.000Z
1770,1560229.95,1320958.06,239271.89,36258650.19,3260544.36,32835593.41,2865034.0,2026-02-06T00:00:00.000Z,2026-05-08T00:00:00.000Z
4495,145840.82,,145840.82,41495038.48,37642377.22,,327366.31,2026-05-08T00:00:00.000Z,2026-05-08T00:00:00.000Z
4684,9481575.14,7822445.78,1659129.36,16396913.21,12449983.76,2726159.66,108000.0,2026-05-08T00:00:00.000Z,2026-05-08T00:00:00.000Z
4089,421340.81,378748.8,42592.01,8734303.07,4789849.95,3621726.12,1213946.54,2026-02-06T00:00:00.000Z,2026-05-08T00:00:00.000Z
4606,14032804.41,11176256.29,2856548.12,11819404.91,7994241.32,2861887.57,918392.52,2026-05-08T00:00:00.000Z,2026-05-08T00:00:00.000Z
4707,2065723.13,1985662.49,80060.64,701290.11,237684.57,412996.97,0.0,2026-05-08T00:00:00.000Z,2026-05-08T00:00:00.000Z
1487,8231038.84,6576154.9,1654883.94,,,,697502.0,,2026-05-08T00:00:00.000Z
1566,7240598.76,5778026.85,1462571.91,,,,213494.0,,2026-05-08T00:00:00.000Z
4300,3006480.74,2381737.69,624743.05,,,,47212.4,,2026-05-08T00:00:00.000Z
4632,2123079.89,1974704.66,148375.23,,,,19449.12,,2026-05-08T00:00:00.000Z
4906,4593847.38,2141007.14,2452840.24,,,,0.0,,2026-05-08T00:00:00.000Z
1555,3439214.02,2499993.13,939220.89,,,,154339.0,,2026-05-08T00:00:00.000Z
4753,3359408.37,3204310.96,155097.41,,,,375747.72,,2026-05-08T00:00:00.000Z
4847,18832781.77,17106352.43,1726429.34,,,,0.0,,2026-05-08T00:00:00.000Z
1570,2275380.47,1479351.47,796029.0,,,,165776.0,,2026-05-08T00:00:00.000Z
1538,9961967.69,7947412.69,2014555.0,,,,741434.0,,2026-05-08T00:00:00.000Z
1832,2961606.39,2685781.9,275824.49,,,,208629.0,,2026-05-08T00:00:00.000Z
1724,5101498.73,4314722.41,786776.32,,,,243792.0,,2026-05-08T00:00:00.000Z
1444,579893.02,297240.48,282652.54,,,,140456.0,,2026-05-08T00:00:00.000Z
1617,459715.15,229744.12,229971.03,,,,46967.0,,2026-05-08T00:00:00.000Z
4040,1335491.28,511993.98,823497.3,,,,86362.0,,2026-05-08T00:00:00.000Z
5447,,,,,,,1155477.99,,
4790,36677751.58,25010588.18,11667163.4,,,,895042.95,,2026-05-08T00:00:00.000Z
4454,12935602.31,11071633.14,1863969.17,,,,586757.24,,2026-05-08T00:00:00.000Z
4871,108669075.89,69389363.12,39279712.77,,,,0.0,,2026-05-08T00:00:00.000Z
4237,439284.08,220241.9,219042.18,,,,474007.95,,2026-05-08T00:00:00.000Z
1762,419744.26,172931.52,246812.74,,,,182642.0,,2026-05-08T00:00:00.000Z
1497,1009837.0,635579.11,374257.89,,,,0.0,,2026-05-08T00:00:00.000Z
1460,14538920.62,3835447.42,10703473.2,,,,423565.0,,2026-05-08T00:00:00.000Z
1526,6568870.2,5100075.05,1468795.15,10868369.16,1734839.25,9087357.76,1322215.0,2026-02-06T00:00:00.000Z,2026-05-08T00:00:00.000Z
1582,2507569.84,1151270.77,1356299.07,5665226.65,673982.56,4624684.39,462000.0,2026-02-06T00:00:00.000Z,2026-05-08T00:00:00.000Z
1758,2474245.11,2107834.16,366410.95,2676958.28,1231171.54,1431427.8,587931.0,2026-02-06T00:00:00.000Z,2026-05-08T00:00:00.000Z
4596,2526330.21,2157606.15,368724.06,12361109.23,7664281.26,3947823.09,142037.82,2026-05-08T00:00:00.000Z,2026-05-08T00:00:00.000Z
4295,3338999.67,2421481.31,917518.36,10864850.29,6674629.65,3892371.64,1818454.58,2026-05-08T00:00:00.000Z,2026-05-08T00:00:00.000Z
1791,531895066.34,412587878.82,119307187.52,2226431971.24,1313240844.26,835270942.98,383916059.77,2026-05-08T00:00:00.000Z,2026-05-08T00:00:00.000Z
1551,164517307.53,77889008.09,86628299.44,694779708.94,343273737.11,345029136.25,80168489.91,2026-02-06T00:00:00.000Z,2026-05-08T00:00:00.000Z
1565,1612140.93,1228390.3,383750.63,11575109.97,746267.96,9612411.85,700048.0,2026-02-06T00:00:00.000Z,2026-05-08T00:00:00.000Z
1766,56449366.63,47181025.55,9268341.08,100905332.7,22002694.42,75422616.55,18074955.0,2026-02-06T00:00:00.000Z,2026-05-08T00:00:00.000Z
3632,,,,,,,,,
1897,16839844.02,15323835.76,1516008.26,31525292.67,17244437.8,13437260.92,8070040.93,2026-02-06T00:00:00.000Z,2026-05-08T00:00:00.000Z
4559,242713285.46,172733067.67,69980217.79,3166211109.1,1474956114.35,1565565665.11,166884956.1,2026-05-08T00:00:00.000Z,2026-05-08T00:00:00.000Z
4407,91005713.68,59179529.29,31826184.39,1970037710.05,1720760784.79,136775285.5,180599449.35,2026-05-08T00:00:00.000Z,2026-05-08T00:00:00.000Z
4524,43627092.61,,43627092.61,639774194.02,626313503.44,,8624629.49,2026-05-08T00:00:00.000Z,2026-05-08T00:00:00.000Z
4059,2455408.1,2267219.55,188188.55,6904030.53,1196316.38,5662210.15,915156.0,2026-02-06T00:00:00.000Z,2026-05-08T00:00:00.000Z
1466,50014084.62,22764616.08,27249468.54,12587894.04,1980409.16,10416249.31,3112794.0,2026-02-06T00:00:00.000Z,2026-05-08T00:00:00.000Z
1653,542186.19,431234.49,110951.7,2262523.33,2169929.36,,52500.0,2026-02-06T00:00:00.000Z,2026-05-08T00:00:00.000Z
4447,5078955.35,3733446.17,1345509.18,10839644.55,9670789.12,713193.0,3546845.84,2026-02-06T00:00:00.000Z,2026-05-08T00:00:00.000Z
4087,15411911.44,14281595.2,1130316.24,59129648.79,38047901.18,18941409.61,9402903.16,2026-05-08T00:00:00.000Z,2026-05-08T00:00:00.000Z
4730,3489813.15,870851.31,2618961.84,17323178.11,364932.46,15817455.99,369213.11,2026-05-08T00:00:00.000Z,2026-05-08T00:00:00.000Z
1462,2518800.62,1530744.62,988056.0,6146361.95,1469244.43,4615802.99,928244.0,2026-02-06T00:00:00.000Z,2026-05-08T00:00:00.000Z
4874,52382824.48,39546392.65,12836431.83,28737155.16,12778328.68,15125724.05,0.0,2026-05-08T00:00:00.000Z,2026-05-08T00:00:00.000Z
4364,723486.85,399313.66,324173.19,,,,26462.05,,2026-05-08T00:00:00.000Z
4649,1570718.45,906408.7,664309.75,,,,0.0,,2026-05-08T00:00:00.000Z
4571,346304.76,186566.04,159738.72,,,,0.0,,2026-05-08T00:00:00.000Z
4910,4511661.96,436230.58,4075431.38,,,,0.0,,2026-05-08T00:00:00.000Z
1760,1642832.66,1291904.6,350928.06,,,,196919.0,,2026-05-08T00:00:00.000Z
4782,3946411.84,2991260.24,955151.6,,,,364289.99,,2026-05-08T00:00:00.000Z
4780,7670256.32,5078810.62,2591445.7,,,,284799.75,,2026-05-08T00:00:00.000Z
4052,942962.56,772152.24,170810.32,,,,146221.0,,2026-05-08T00:00:00.000Z
1685,862378.0,699848.72,162529.28,,,,0.0,,2026-05-08T00:00:00.000Z
1722,1658875.8,1436946.52,221929.28,,,,159288.0,,2026-05-08T00:00:00.000Z
1478,1980992.81,1468511.02,512481.79,,,,32689.0,,2026-05-08T00:00:00.000Z
1730,4461751.16,3627169.48,834581.68,,,,454660.0,,2026-05-08T00:00:00.000Z
4749,63881804.58,57081216.63,6800587.95,,,,151140.15,,2026-05-08T00:00:00.000Z
1690,916208.97,706944.53,209264.44,,,,0.0,,2026-05-08T00:00:00.000Z
4851,3670321.72,2585594.5,1084727.22,,,,0.0,,2026-05-08T00:00:00.000Z
4763,76979.77,49058.23,27921.54,,,,0.0,,2026-05-08T00:00:00.000Z
1512,2728345.06,2479114.65,249230.41,,,,8570.0,,2026-05-08T00:00:00.000Z
4060,1042290.55,810073.94,232216.61,,,,0.0,,2026-05-08T00:00:00.000Z
1637,215839.32,170580.92,45258.4,,,,127894.0,,2026-05-08T00:00:00.000Z
1697,4865458.46,4068758.21,796700.25,,,,1638715.0,,2026-05-08T00:00:00.000Z
1470,740552.45,390852.02,349700.43,,,,0.0,,2026-05-08T00:00:00.000Z
4560,1326459.25,750166.22,576293.03,,,,42000.0,,2026-05-08T00:00:00.000Z
1893,4373420.87,4052960.37,320460.5,5802632.98,685746.08,5090363.81,1057567.0,2026-02-06T00:00:00.000Z,2026-05-08T00:00:00.000Z
5524,,,,,,,582457.59,,
5567,,,,,,,0.0,,
5568,,,,,,,0.0,,
5569,,,,,,,0.0,,
1789,,,,7955261.42,1829034.73,5576907.69,1264949.02,2026-02-06T00:00:00.000Z,
1399,,,,2343447.82,1538493.06,804954.76,484316.0,2026-02-06T00:00:00.000Z,
1373,,,,2982075.51,45727.81,2934671.07,415221.0,2026-02-06T00:00:00.000Z,
3277,,,,15338277.73,15399918.36,,,2026-02-06T00:00:00.000Z,
2922,,,,96413.96,17562.36,,0.0,2026-02-06T00:00:00.000Z,
2256,,,,472703.0,472703.0,,,2026-02-06T00:00:00.000Z,
2590,,,,54544.44,,,0.0,2026-02-06T00:00:00.000Z,
5134,,,,850539.46,2872.43,,0.0,2026-02-06T00:00:00.000Z,
1816,,,,1337879.37,1010030.46,321246.91,93590.0,2026-02-06T00:00:00.000Z,
1561,398620293.65,199814423.84,198805869.81,520033714.9,382120268.87,134052326.49,84000410.17,2026-02-06T00:00:00.000Z,2026-05-08T00:00:00.000Z
1709,25681950.62,20738900.84,4943049.78,64991768.07,5013808.21,59366574.49,8707734.0,2026-02-06T00:00:00.000Z,2026-05-08T00:00:00.000Z
1511,8112928.87,6374506.02,1738422.85,13797356.33,859301.52,12678864.48,262977.0,2026-02-06T00:00:00.000Z,2026-05-08T00:00:00.000Z
5045,,,,875256.85,157759.78,,0.0,2026-02-06T00:00:00.000Z,
3557,,,,187850.76,187850.76,,,2026-02-06T00:00:00.000Z,
1712,10969558.71,9226623.3,1742935.41,24196877.31,1820154.23,22347310.22,991359.0,2026-02-06T00:00:00.000Z,2026-05-08T00:00:00.000Z
1768,56679489.87,50118678.0,6560811.87,48563081.65,13669669.95,34007466.0,18525751.0,2026-02-06T00:00:00.000Z,2026-05-08T00:00:00.000Z
5077,,,,3340243.4,23089.55,,0.0,2026-02-06T00:00:00.000Z,
1520,5034664.25,3517498.8,1517165.45,4154202.26,1488548.35,2699195.9,451971.0,2026-02-06T00:00:00.000Z,2026-05-08T00:00:00.000Z
1718,5648799.17,4579273.47,1069525.7,15871568.64,883626.61,14840653.64,1581929.0,2026-02-06T00:00:00.000Z,2026-05-08T00:00:00.000Z
2586,,,,3351326.34,22664.96,,0.0,2026-02-06T00:00:00.000Z,
1446,125463060.64,43407641.42,82055419.22,56986504.09,12598628.0,42212978.84,31049019.0,2026-02-06T00:00:00.000Z,2026-05-08T00:00:00.000Z
1700,2613838.46,2492287.94,121550.52,4843030.23,720243.04,4182022.67,660034.0,2026-02-06T00:00:00.000Z,2026-05-08T00:00:00.000Z
4724,84365276.16,61738187.76,22627088.4,740738058.62,474625374.41,206126774.99,9188369.77,2026-05-08T00:00:00.000Z,2026-05-08T00:00:00.000Z
2306,,,,646465.83,646465.83,,,2026-02-06T00:00:00.000Z,
4791,3515180.4,2145264.35,1369916.05,11832836.54,6663281.62,4146618.04,0.0,2026-05-08T00:00:00.000Z,2026-05-08T00:00:00.000Z
2481,,,,71060.87,2845.55,,0.0,2026-02-06T00:00:00.000Z,
4176,22394257.37,17769195.04,4625062.33,34914043.03,13070990.37,20733621.66,8309380.18,2026-02-06T00:00:00.000Z,2026-05-08T00:00:00.000Z
1385,,,,970883.22,776691.84,187695.22,136965.0,2026-02-06T00:00:00.000Z,
1786,216888044.03,165776649.38,51111394.65,710892253.34,514212195.65,153908240.69,189145133.69,2026-05-08T00:00:00.000Z,2026-05-08T00:00:00.000Z
1835,2075746.91,1830940.6,244806.31,18067054.08,684326.01,16888048.74,1369212.95,2026-02-06T00:00:00.000Z,2026-05-08T00:00:00.000Z
4341,9674.92,9674.92,,10613.94,0.0,10613.94,130500.0,2026-02-06T00:00:00.000Z,2026-05-08T00:00:00.000Z
5019,,,,1158109.53,9390.03,,0.0,2026-02-06T00:00:00.000Z,
4630,16068225.57,11661212.41,4407013.16,166311911.75,66221855.46,85486807.71,11958027.08,2026-05-08T00:00:00.000Z,2026-05-08T00:00:00.000Z
3264,,,,594853.93,595026.34,,,2026-02-06T00:00:00.000Z,
3562,,,,10578.04,9708.41,,,2026-02-06T00:00:00.000Z,
5422,,,,551624.05,5822.79,,0.0,2026-02-06T00:00:00.000Z,
2892,,,,2256591.3,192668.99,,0.0,2026-02-06T00:00:00.000Z,
5163,,,,577945.32,7159.67,,806554.35,2026-02-06T00:00:00.000Z,
5241,,,,589823.85,,,694896.49,2026-02-06T00:00:00.000Z,
1734,21160441.15,17930951.94,3229489.21,61335357.03,14805955.64,44277323.8,9535992.0,2026-05-08T00:00:00.000Z,2026-05-08T00:00:00.000Z
2826,,,,1781984.76,33393.85,,0.0,2026-02-06T00:00:00.000Z,
2755,,,,14978.67,,,0.0,2026-02-06T00:00:00.000Z,
2642,,,,36241.71,36241.71,,0.0,2026-02-06T00:00:00.000Z,
5519,,,,109417.84,109417.84,,0.0,2026-02-06T00:00:00.000Z,
1763,138694619.65,122368728.95,16325890.7,1155494246.42,250989227.19,873100944.31,274772523.0,2026-02-06T00:00:00.000Z,2026-05-08T00:00:00.000Z
2526,,,,268179.98,,,0.0,2026-02-06T00:00:00.000Z,
4500,35675864.52,,35675864.52,996774647.61,923898654.92,,7645741.32,2026-05-08T00:00:00.000Z,2026-05-08T00:00:00.000Z
1549,190193142.59,113359261.47,76833881.12,222148642.93,132796558.92,88114546.87,37574846.0,2026-02-06T00:00:00.000Z,2026-05-08T00:00:00.000Z
1338,,,,297203.25,294142.3,3060.95,45256.0,2026-02-06T00:00:00.000Z,
5321,,,,670174.52,,,0.0,2026-02-06T00:00:00.000Z,
5021,,,,2950234.62,53248.22,,0.0,2026-02-06T00:00:00.000Z,
2385,,,,880634.65,880634.65,,,2026-02-06T00:00:00.000Z,
5304,,,,,,,1137220.61,,
2387,,,,1196608.92,1196608.92,,,2026-02-06T00:00:00.000Z,
1577,21484255.07,15066521.04,6417734.03,197423205.14,50225047.74,142460397.8,16609685.0,2026-02-06T00:00:00.000Z,2026-05-08T00:00:00.000Z
2648,,,,898981.85,,,0.0,2026-02-06T00:00:00.000Z,
1717,19808888.8,18218886.8,1590002.0,31229991.27,5020333.38,26018147.42,4153948.0,2026-02-06T00:00:00.000Z,2026-05-08T00:00:00.000Z
2805,,,,18494.98,,,0.0,2026-02-06T00:00:00.000Z,
1610,1102655.35,899448.72,203206.63,12314320.29,2980911.52,9342296.65,958210.0,2026-02-06T00:00:00.000Z,2026-05-08T00:00:00.000Z
5273,,,,27757.8,27757.8,,0.0,2026-02-06T00:00:00.000Z,
1472,7297676.37,2955622.13,4342054.24,5305933.78,649888.94,4650221.11,1075159.0,2026-02-06T00:00:00.000Z,2026-05-08T00:00:00.000Z
2499,,,,13227.39,,,0.0,2026-02-06T00:00:00.000Z,
1933,61762768.74,48776373.72,12986395.02,11708670.41,2433475.86,8960635.38,11179104.0,2026-02-06T00:00:00.000Z,2026-05-08T00:00:00.000Z
5370,,,,51399.0,,,0.0,2026-02-06T00:00:00.000Z,
4266,21144461.52,18326321.56,2818139.96,33040013.8,9033388.54,21673125.92,4808395.86,2026-05-08T00:00:00.000Z,2026-05-08T00:00:00.000Z
3258,,,,9887.4,9887.4,,,2026-02-06T00:00:00.000Z,
1548,4252022.77,2779944.79,1472077.98,9018988.63,8786344.26,331743.56,262694.0,2026-02-06T00:00:00.000Z,2026-05-08T00:00:00.000Z
4587,3433087.72,2882946.5,550141.22,4072706.45,1882724.67,1750973.95,955955.69,2026-05-08T00:00:00.000Z,2026-05-08T00:00:00.000Z
1602,,,,188845255.19,145967693.92,35731389.86,10236074.0,2026-02-06T00:00:00.000Z,
1774,,,,4716310.17,230693.3,4425946.02,541355.0,2026-02-06T00:00:00.000Z,
4248,2903899.73,2379211.71,524688.02,5699153.76,2482932.75,3020883.01,731668.23,2026-02-06T00:00:00.000Z,2026-05-08T00:00:00.000Z
4037,,,,2036745.61,1013823.5,1016201.93,237236.0,2026-02-06T00:00:00.000Z,
1469,1644357.98,787056.7,857301.28,,,,92411.0,,2026-05-08T00:00:00.000Z
1427,,,,2193357.34,245479.87,1899767.97,1810224.0,2026-02-06T00:00:00.000Z,
1294,,,,10347269.34,4079425.04,5840828.95,4277685.0,2026-02-06T00:00:00.000Z,
4657,5500448.67,4941680.84,558767.83,,,,1013834.99,,2026-05-08T00:00:00.000Z
1651,8830355.16,7477482.29,1352872.87,,,,1685290.0,,2026-05-08T00:00:00.000Z
4157,2858538.97,1616075.25,1242463.72,,,,247424.87,,2026-05-08T00:00:00.000Z
1521,5900558.36,3293656.58,2606901.78,,,,0.0,,2026-05-08T00:00:00.000Z
4777,3747420.82,2454425.87,1292994.95,,,,887081.38,,2026-05-08T00:00:00.000Z
1525,1558980.89,1279215.12,279765.77,,,,7249.0,,2026-05-08T00:00:00.000Z
4909,4955615.56,2289517.26,2666098.3,,,,0.0,,2026-05-08T00:00:00.000Z
1527,41314005.89,26912181.7,14401824.19,,,,1153207.0,,2026-05-08T00:00:00.000Z
4765,6386274.89,6193331.44,192943.45,,,,67499.7,,2026-05-08T00:00:00.000Z
3290,,,,27385680.76,27155369.85,,,2026-02-06T00:00:00.000Z,
1680,943028.88,798183.02,144845.86,,,,238501.0,,2026-05-08T00:00:00.000Z
4125,,,,1215685.33,196811.3,986292.64,178449.0,2026-02-06T00:00:00.000Z,
1747,4800659.42,3951572.59,849086.83,,,,493658.0,,2026-05-08T00:00:00.000Z
1599,474304.46,284815.63,189488.83,,,,17773.0,,2026-05-08T00:00:00.000Z
2923,,,,987749.43,12601.55,,0.0,2026-02-06T00:00:00.000Z,
1431,,,,1143690.22,71012.95,965171.71,157886.0,2026-02-06T00:00:00.000Z,
3180,,,,20980672.39,20837177.31,,,2026-02-06T00:00:00.000Z,
4676,27888571.94,23952456.39,3936115.55,,,,266100.87,,2026-05-08T00:00:00.000Z
1348,,,,4128414.91,564631.82,3220924.98,1154842.0,2026-02-06T00:00:00.000Z,
1662,12105107.36,11102170.39,1002936.97,,,,939730.0,,2026-05-08T00:00:00.000Z
1846,2055904.84,1798705.32,257199.52,,,,198355.0,,2026-05-08T00:00:00.000Z
4866,7979500.2,5539921.57,2439578.63,,,,0.0,,2026-05-08T00:00:00.000Z
3291,,,,356530.38,344114.38,,,2026-02-06T00:00:00.000Z,
4865,3546171.83,2556861.58,989310.25,,,,0.0,,2026-05-08T00:00:00.000Z
2461,,,,2124158.0,17591.91,,,2026-02-06T00:00:00.000Z,
1439,57974742.1,31700420.63,26274321.47,,,,7154189.0,,2026-05-08T00:00:00.000Z
4633,935304.83,665223.78,270081.05,,,,165225.13,,2026-05-08T00:00:00.000Z
1942,5391278.01,4319299.54,1071978.47,,,,230611.0,,2026-05-08T00:00:00.000Z
1502,1220484.27,970511.05,249973.22,,,,54661.0,,2026-05-08T00:00:00.000Z
1753,1598081.52,1371741.06,226340.46,,,,116373.0,,2026-05-08T00:00:00.000Z
1524,1396915.31,1044648.29,352267.02,,,,16044.0,,2026-05-08T00:00:00.000Z
1536,1465037.44,1360295.78,104741.66,,,,155450.0,,2026-05-08T00:00:00.000Z
4494,118577940.53,,118577940.53,1496348255.1,1472033296.85,,11676094.74,2026-05-08T00:00:00.000Z,2026-05-08T00:00:00.000Z
4404,42071347.08,24318418.41,17752928.67,284426727.84,56007651.4,199741673.52,21812716.55,2026-05-08T00:00:00.000Z,2026-05-08T00:00:00.000Z
4788,8248021.68,4400050.6,3847971.08,55874609.06,40845348.06,13411730.67,0.0,2026-05-08T00:00:00.000Z,2026-05-08T00:00:00.000Z
4487,108971902.28,,108971902.28,2023028510.2,1972511621.63,,10153493.26,2026-05-08T00:00:00.000Z,2026-05-08T00:00:00.000Z
5394,,,,6566.19,,,644934.4,2026-02-06T00:00:00.000Z,
1777,,,,14547910.96,3694972.87,10776393.99,1175154.0,2026-02-06T00:00:00.000Z,
1723,,,,1295072.88,79665.35,1181170.23,61821.0,2026-02-06T00:00:00.000Z,
3188,,,,1480656.94,1429103.93,,,2026-02-06T00:00:00.000Z,
3205,,,,1498692.53,1498692.53,,,2026-02-06T00:00:00.000Z,
4148,,,,5540702.34,1740455.31,3600017.03,72958.15,2026-02-06T00:00:00.000Z,
4196,,,,4749236.93,469380.65,4093468.89,1099523.14,2026-02-06T00:00:00.000Z,
1959,,,,25846401.41,25828959.22,,1524502.24,2026-02-06T00:00:00.000Z,
3208,,,,1099729.89,1121727.2,,,2026-02-06T00:00:00.000Z,
4039,,,,4007617.71,1256880.75,2617432.96,1220631.0,2026-02-06T00:00:00.000Z,
4288,,,,9038145.25,524284.1,8229080.8,1534196.17,2026-02-06T00:00:00.000Z,
1273,,,,3144097.57,2597610.34,546487.23,1764725.0,2026-02-06T00:00:00.000Z,
1955,,,,8701342.5,719864.78,7732105.6,1065773.0,2026-02-06T00:00:00.000Z,
3196,,,,317517.51,280698.37,,,2026-02-06T00:00:00.000Z,
5150,,,,1492294.74,359439.62,,0.0,2026-02-06T00:00:00.000Z,
5014,,,,1820322.36,,,0.0,2026-02-06T00:00:00.000Z,
4270,,,,2418773.48,237711.75,2090053.73,400745.26,2026-02-06T00:00:00.000Z,
4006,,,,1218835.96,45823.74,1169227.85,148547.19,2026-02-06T00:00:00.000Z,
2693,,,,3513567.09,646395.1,,0.0,2026-02-06T00:00:00.000Z,
1315,,,,2043473.79,1256195.35,847752.31,662973.0,2026-02-06T00:00:00.000Z,
3178,,,,1771535.48,1771535.48,,,2026-02-06T00:00:00.000Z,
2836,,,,3229475.98,75305.83,,0.0,2026-02-06T00:00:00.000Z,
2575,,,,3986571.64,109447.61,,0.0,2026-02-06T00:00:00.000Z,
4096,,,,3119810.75,2954413.75,165397.0,0.0,2026-02-06T00:00:00.000Z,
4389,,,,515561.24,159523.4,356037.84,0.0,2026-02-06T00:00:00.000Z,
1350,,,,2127262.15,22787.43,2097786.27,300092.0,2026-02-06T00:00:00.000Z,
5033,,,,371970.78,72742.64,,0.0,2026-02-06T00:00:00.000Z,
3488,,,,114674.53,114674.53,,,2026-02-06T00:00:00.000Z,
2322,,,,3684844.28,3684844.28,,,2026-02-06T00:00:00.000Z,
5287,,,,7424005.57,100184.24,,0.0,2026-02-06T00:00:00.000Z,
3630,,,,,,,,,
2529,,,,1564079.0,5462.79,,0.0,2026-02-06T00:00:00.000Z,
5040,,,,1715018.69,51662.53,,0.0,2026-02-06T00:00:00.000Z,
2774,,,,47322.51,,,0.0,2026-02-06T00:00:00.000Z,
2746,,,,0.0,,,0.0,2026-02-06T00:00:00.000Z,
5074,,,,3469119.78,56661.62,,0.0,2026-02-06T00:00:00.000Z,
2704,,,,27045.7,1929.59,,0.0,2026-02-06T00:00:00.000Z,
2530,,,,56763.0,2817.77,,0.0,2026-02-06T00:00:00.000Z,
5063,,,,479513.79,11514.7,,0.0,2026-02-06T00:00:00.000Z,
2934,,,,75493.88,,,0.0,2026-02-06T00:00:00.000Z,
5114,,,,235333.26,7023.67,,30157.16,2026-02-06T00:00:00.000Z,
5502,,,,764855.53,163523.07,,73994.27,2026-02-06T00:00:00.000Z,
5367,,,,140176.05,,,0.0,2026-02-06T00:00:00.000Z,
2967,,,,32492.34,8065.59,,0.0,2026-02-06T00:00:00.000Z,
2295,,,,228394.61,228394.61,,,2026-02-06T00:00:00.000Z,
5270,,,,63576.93,61206.73,,0.0,2026-02-06T00:00:00.000Z,
2980,,,,13205432.57,,,0.0,2026-02-06T00:00:00.000Z,
5141,,,,423056.57,,,0.0,2026-02-06T00:00:00.000Z,
5109,,,,56523.64,,,438444.88,2026-02-06T00:00:00.000Z,
2670,,,,582428.57,,,0.0,2026-02-06T00:00:00.000Z,
3539,,,,22140.45,22140.45,,,2026-02-06T00:00:00.000Z,
2533,,,,2039409.0,10782.13,,0.0,2026-02-06T00:00:00.000Z,
2821,,,,400123.12,,,0.0,2026-02-06T00:00:00.000Z,
2444,,,,2440605.66,33777.84,,,2026-02-06T00:00:00.000Z,
2703,,,,94178.25,,,0.0,2026-02-06T00:00:00.000Z,
2369,,,,293179.37,293179.37,,,2026-02-06T00:00:00.000Z,
5136,,,,711455.47,,,0.0,2026-02-06T00:00:00.000Z,
2835,,,,192972.73,11566.74,,0.0,2026-02-06T00:00:00.000Z,
5156,,,,5145844.24,,,0.0,2026-02-06T00:00:00.000Z,
1397,,,,2452457.07,53540.13,2138681.23,197626.0,2026-02-06T00:00:00.000Z,
5007,,,,18887542.09,198194.59,,0.0,2026-02-06T00:00:00.000Z,
1306,,,,106261560.28,32644798.12,72246572.61,21423043.0,2026-02-06T00:00:00.000Z,
5500,,,,,,,529510.99,,
1887,,,,49059867.72,10667443.86,37848913.93,9243656.0,2026-02-06T00:00:00.000Z,
1265,,,,6970269.48,2590192.47,4349918.09,1319820.0,2026-02-06T00:00:00.000Z,
4010,,,,7283728.86,744562.71,5943304.7,1063703.0,2026-02-06T00:00:00.000Z,
5162,,,,3336432.89,,,197565.14,2026-02-06T00:00:00.000Z,
1987,,,,2926897.38,295274.53,2498291.94,409119.0,2026-02-06T00:00:00.000Z,
4234,,,,7078538.32,1091945.48,5689617.58,1458759.28,2026-02-06T00:00:00.000Z,
4210,,,,29974123.15,2633628.46,27196196.04,3848418.1,2026-02-06T00:00:00.000Z,
4443,,,,4414475.43,108581.99,4051699.06,587428.76,2026-02-06T00:00:00.000Z,
1815,,,,9781024.74,9553307.85,198758.02,680052.0,2026-02-06T00:00:00.000Z,
5542,,,,,,,0.0,,
4179,,,,9821343.68,414350.49,9377176.43,1319111.81,2026-02-06T00:00:00.000Z,
2890,,,,37108.68,30074.73,,0.0,2026-02-06T00:00:00.000Z,
3309,,,,4872449.38,4542934.42,,,2026-02-06T00:00:00.000Z,
1400,,,,2225170.96,85726.8,2165746.79,105414.0,2026-02-06T00:00:00.000Z,
4049,,,,3337545.64,3146535.4,181351.53,183991.0,2026-02-06T00:00:00.000Z,
5084,,,,6212010.79,42889.71,,0.0,2026-02-06T00:00:00.000Z,
5031,,,,7881912.63,57390.73,,0.0,2026-02-06T00:00:00.000Z,
3548,,,,83091.21,81291.3,,,2026-02-06T00:00:00.000Z,
4247,,,,29475163.85,16040835.47,12687562.0,4064912.16,2026-02-06T00:00:00.000Z,
5140,,,,8975198.42,128599.06,,0.0,2026-02-06T00:00:00.000Z,
1853,,,,4491366.48,115396.42,4342179.14,410465.0,2026-02-06T00:00:00.000Z,
1854,,,,6484641.68,834966.45,5443756.58,912871.0,2026-02-06T00:00:00.000Z,
3253,,,,119960.41,91753.3,,,2026-02-06T00:00:00.000Z,
5417,,,,10983886.2,338408.76,,0.0,2026-02-06T00:00:00.000Z,
1301,,,,1968329.67,18254.17,1953360.86,7803.0,2026-02-06T00:00:00.000Z,
2634,,,,9851.58,,,0.0,2026-02-06T00:00:00.000Z,
2807,,,,457324.98,21336.75,,0.0,2026-02-06T00:00:00.000Z,
2825,,,,7358708.49,95966.97,,0.0,2026-02-06T00:00:00.000Z,
2770,,,,33479.01,24336.61,,0.0,2026-02-06T00:00:00.000Z,
3315,,,,741694.21,740080.16,,,2026-02-06T00:00:00.000Z,
2429,,,,3388408.47,2739680.55,,,2026-02-06T00:00:00.000Z,
3227,,,,1730746.78,1576631.54,,,2026-02-06T00:00:00.000Z,
2787,,,,385577.91,169822.0,,0.0,2026-02-06T00:00:00.000Z,
4306,,,,2418459.51,449949.85,1936137.04,87335.32,2026-02-06T00:00:00.000Z,
2944,,,,92199.11,15189.13,,0.0,2026-02-06T00:00:00.000Z,
1621,,,,1982624.05,219740.22,1763057.61,104508.0,2026-02-06T00:00:00.000Z,
5144,,,,3455640.95,304896.1,,0.0,2026-02-06T00:00:00.000Z,
3358,,,,19645.54,19645.54,,,2026-02-06T00:00:00.000Z,
2817,,,,23452765.1,1748832.76,,0.0,2026-02-06T00:00:00.000Z,
2489,,,,3864.97,,,0.0,2026-02-06T00:00:00.000Z,
2795,,,,311278.35,14206.8,,0.0,2026-02-06T00:00:00.000Z,
2303,,,,1696436.54,1696436.54,,,2026-02-06T00:00:00.000Z,
1477,,,,5363459.27,1662748.86,3641438.96,374643.0,2026-02-06T00:00:00.000Z,
2792,,,,165914.83,157317.74,,0.0,2026-02-06T00:00:00.000Z,
2745,,,,36654.85,,,0.0,2026-02-06T00:00:00.000Z,
2589,,,,33043.83,,,0.0,2026-02-06T00:00:00.000Z,
2405,,,,307152.86,14617.29,,,2026-02-06T00:00:00.000Z,
5015,,,,219570.61,31829.63,,0.0,2026-02-06T00:00:00.000Z,
2301,,,,2662100.82,2662100.82,,,2026-02-06T00:00:00.000Z,
2399,,,,609048.69,35079.16,388125.0,,2026-02-06T00:00:00.000Z,
2669,,,,770747.48,14433.68,,0.0,2026-02-06T00:00:00.000Z,
2901,,,,66410.19,812.88,,0.0,2026-02-06T00:00:00.000Z,
2818,,,,339716.27,,,0.0,2026-02-06T00:00:00.000Z,
3642,,,,,,,,,
3639,,,,,,,,,
2822,,,,217839.92,2386.83,,0.0,2026-02-06T00:00:00.000Z,
5615,,,,,,,0.0,,
2432,,,,293915.21,5819.32,384102.75,,2026-02-06T00:00:00.000Z,
2336,,,,84382.38,84382.38,,,2026-02-06T00:00:00.000Z,
5238,,,,459333.08,,,0.0,2026-02-06T00:00:00.000Z,
5168,,,,19907.44,2071.58,,2452237.03,2026-02-06T00:00:00.000Z,
2340,,,,71766.81,71766.81,,,2026-02-06T00:00:00.000Z,
3641,,,,,,,,,
5598,,,,,,,0.0,,
5600,,,,,,,0.0,,
5602,,,,,,,0.0,,
3215,,,,45093695.3,44833582.58,,,2026-02-06T00:00:00.000Z,
1801,,,,4657982.0,1440783.27,3071593.91,466669.0,2026-02-06T00:00:00.000Z,
1336,,,,2474138.67,11080.45,2431124.77,304005.0,2026-02-06T00:00:00.000Z,
1309,,,,4844695.58,1257343.05,1891051.87,1847365.0,2026-02-06T00:00:00.000Z,
1416,,,,15595158.21,3410971.44,12179540.99,2119922.0,2026-02-06T00:00:00.000Z,
1261,,,,5735788.21,2349946.79,3385841.42,1096729.0,2026-02-06T00:00:00.000Z,
1863,,,,6310528.42,3015956.79,3118547.95,631452.15,2026-02-06T00:00:00.000Z,
4204,,,,31549943.74,24569790.88,5760458.99,2225128.65,2026-02-06T00:00:00.000Z,
4187,,,,14338940.7,4827061.26,8742164.25,2478462.0,2026-02-06T00:00:00.000Z,
1899,,,,87911844.27,68534479.64,16630163.72,14575777.0,2026-02-06T00:00:00.000Z,
4024,,,,57728528.7,45043849.12,10040936.43,6378770.07,2026-02-06T00:00:00.000Z,
4213,,,,9503317.82,8586425.14,689163.16,973876.15,2026-02-06T00:00:00.000Z,
5132,,,,2479741.41,45393.01,,0.0,2026-02-06T00:00:00.000Z,
3306,,,,2961508.24,2865215.24,,,2026-02-06T00:00:00.000Z,
1320,,,,2820111.53,245508.68,2514961.75,420140.0,2026-02-06T00:00:00.000Z,
4065,,,,3039192.36,121105.48,2908925.65,319205.0,2026-02-06T00:00:00.000Z,
1372,,,,5147725.26,1542430.72,3033129.15,310644.0,2026-02-06T00:00:00.000Z,
1698,,,,3563486.84,804204.08,2791537.38,506120.0,2026-02-06T00:00:00.000Z,
3273,,,,2617215.44,2150970.01,,,2026-02-06T00:00:00.000Z,
2417,,,,1101982.53,124133.1,,,2026-02-06T00:00:00.000Z,
4216,,,,4314738.44,2843289.44,1335841.56,514543.17,2026-02-06T00:00:00.000Z,
4209,,,,4917407.03,4709080.45,70282.31,743506.6,2026-02-06T00:00:00.000Z,
4200,,,,5668467.76,229407.29,5232704.47,1282099.0,2026-02-06T00:00:00.000Z,
3637,,,,,,,,,
3634,,,,,,,,,
2841,,,,1125662.45,174038.08,,0.0,2026-02-06T00:00:00.000Z,
3294,,,,562028.74,562028.74,,,2026-02-06T00:00:00.000Z,
5540,,,,,,,40110.0,,
2314,,,,23568300.14,23568300.14,,,2026-02-06T00:00:00.000Z,
1542,,,,2900653.17,877713.3,2041233.57,194011.0,2026-02-06T00:00:00.000Z,
4147,,,,72568.6,,70266.6,359.0,2026-02-06T00:00:00.000Z,
5161,,,,6696182.13,108923.14,,683583.04,2026-02-06T00:00:00.000Z,
1327,,,,619592.3,274870.5,335828.76,343409.0,2026-02-06T00:00:00.000Z,
1939,,,,908945.77,623399.76,270882.07,182310.0,2026-02-06T00:00:00.000Z,
3329,,,,74241.71,73559.71,,,2026-02-06T00:00:00.000Z,
3633,,,,,,,,,
3636,,,,,,,,,
4260,,,,16996776.09,16433401.71,563374.38,2766438.92,2026-02-06T00:00:00.000Z,
3240,,,,277442.24,256981.41,,,2026-02-06T00:00:00.000Z,
2358,,,,2295294.63,2295294.63,,,2026-02-06T00:00:00.000Z,
5205,,,,6610686.89,207485.34,,445645.75,2026-02-06T00:00:00.000Z,
3505,,,,359340.27,359340.27,,,2026-02-06T00:00:00.000Z,
5282,,,,17119932.28,120478.47,,378932.3,2026-02-06T00:00:00.000Z,
2538,,,,1051894.17,45316.42,,0.0,2026-02-06T00:00:00.000Z,
2471,,,,93637.21,,,0.0,2026-02-06T00:00:00.000Z,
2448,,,,352791.75,,,,2026-02-06T00:00:00.000Z,
2943,,,,30635.29,13426.38,,0.0,2026-02-06T00:00:00.000Z,
5353,,,,434109.83,,,0.0,2026-02-06T00:00:00.000Z,
5089,,,,855804.91,95620.59,,105977.93,2026-02-06T00:00:00.000Z,
5427,,,,2213460.6,82753.98,,0.0,2026-02-06T00:00:00.000Z,
2920,,,,1684808.26,1245160.26,,0.0,2026-02-06T00:00:00.000Z,
5069,,,,2060560.04,18737.16,,0.0,2026-02-06T00:00:00.000Z,
2752,,,,195772.22,,,0.0,2026-02-06T00:00:00.000Z,
5276,,,,2879115.57,,,0.0,2026-02-06T00:00:00.000Z,
2341,,,,1114963.35,1114963.35,,,2026-02-06T00:00:00.000Z,
5261,,,,15486.64,13720.96,,0.0,2026-02-06T00:00:00.000Z,
2442,,,,993470.04,1413.32,937234.5,,2026-02-06T00:00:00.000Z,
2959,,,,449229.15,50473.5,,0.0,2026-02-06T00:00:00.000Z,
2415,,,,558523.54,558523.54,,,2026-02-06T00:00:00.000Z,
2302,,,,556922.47,556922.47,,,2026-02-06T00:00:00.000Z,
2477,,,,1456420.31,9786.29,,0.0,2026-02-06T00:00:00.000Z,
2300,,,,1175444.71,1175444.71,,,2026-02-06T00:00:00.000Z,
2254,,,,1273616.4,1273616.4,,,2026-02-06T00:00:00.000Z,
5426,,,,2579736.07,,,237634.4,2026-02-06T00:00:00.000Z,
5351,,,,42994.78,29124.01,,0.0,2026-02-06T00:00:00.000Z,
2571,,,,1071291.38,1542.23,,0.0,2026-02-06T00:00:00.000Z,
5428,,,,978919.78,,,0.0,2026-02-06T00:00:00.000Z,
2692,,,,2004861.4,2004861.4,,0.0,2026-02-06T00:00:00.000Z,
5337,,,,28166.64,28166.64,,0.0,2026-02-06T00:00:00.000Z,
2761,,,,41602.43,,,0.0,2026-02-06T00:00:00.000Z,
5138,,,,2870.53,,,0.0,2026-02-06T00:00:00.000Z,
2436,,,,1729013.04,,,,2026-02-06T00:00:00.000Z,
3259,,,,7402953.83,7566282.12,,,2026-02-06T00:00:00.000Z,
3629,,,,,,,,,
3185,,,,6136470.94,6169487.3,,,2026-02-06T00:00:00.000Z,
3274,,,,9119854.72,9138717.94,,,2026-02-06T00:00:00.000Z,
3143,,,,3630431.12,3683064.34,0.0,,2026-02-06T00:00:00.000Z,
1450,,,,9586323.53,2695557.88,6896190.82,1255425.0,2026-02-06T00:00:00.000Z,
1312,,,,27368107.85,20690288.33,6631775.1,3453353.0,2026-02-06T00:00:00.000Z,
2251,,,,1287229.08,1233867.6,53361.48,,2026-02-06T00:00:00.000Z,
1926,,,,3383812.1,254006.0,3015914.1,541078.83,2026-02-06T00:00:00.000Z,
4392,,,,2814814.41,1902731.7,471930.62,821332.9,2026-02-06T00:00:00.000Z,
1239,,,,8225378.98,4219882.47,3961713.95,3887494.0,2026-02-06T00:00:00.000Z,
4167,,,,40860929.64,36176953.4,4474070.64,3690802.1,2026-02-06T00:00:00.000Z,
1382,,,,1776446.25,475268.17,1329092.51,0.0,2026-02-06T00:00:00.000Z,
5027,,,,6120974.5,6593.27,,0.0,2026-02-06T00:00:00.000Z,
3197,,,,5819086.32,5858474.55,,,2026-02-06T00:00:00.000Z,
5082,,,,4199626.72,166051.7,,0.0,2026-02-06T00:00:00.000Z,
2971,,,,4853023.89,13618.18,,0.0,2026-02-06T00:00:00.000Z,
3235,,,,4000098.94,3958118.46,,,2026-02-06T00:00:00.000Z,
2909,,,,3130495.15,,,0.0,2026-02-06T00:00:00.000Z,
2539,,,,431758.39,1176.74,,0.0,2026-02-06T00:00:00.000Z,
5133,,,,2225192.99,,,0.0,2026-02-06T00:00:00.000Z,
2540,,,,3488863.0,30643.2,,0.0,2026-02-06T00:00:00.000Z,
2296,,,,867787.28,867787.28,,,2026-02-06T00:00:00.000Z,
2457,,,,72027.57,0.0,225000.0,,2026-02-06T00:00:00.000Z,
2957,,,,23739.87,3820.06,,0.0,2026-02-06T00:00:00.000Z,
2785,,,,162011.13,13305.0,,0.0,2026-02-06T00:00:00.000Z,
2535,,,,1943675.73,160475.9,,0.0,2026-02-06T00:00:00.000Z,
2858,,,,638203.8,12825.18,,0.0,2026-02-06T00:00:00.000Z,
2859,,,,1370624.5,,,0.0,2026-02-06T00:00:00.000Z,
2433,,,,1084502.65,44668.3,,,2026-02-06T00:00:00.000Z,
1765,,,,499319.42,49698.18,442427.68,0.0,2026-02-06T00:00:00.000Z,
5105,,,,1345529.18,37914.57,,31630.0,2026-02-06T00:00:00.000Z,
2950,,,,569418.42,,,0.0,2026-02-06T00:00:00.000Z,
2803,,,,53783.51,,,0.0,2026-02-06T00:00:00.000Z,
2568,,,,88114.07,,,0.0,2026-02-06T00:00:00.000Z,
4142,,,,444517.27,95977.63,348539.64,66607.48,2026-02-06T00:00:00.000Z,
5022,,,,637374.01,,,0.0,2026-02-06T00:00:00.000Z,
2324,,,,2496378.6,2496378.6,,,2026-02-06T00:00:00.000Z,
2987,,,,825108.7,35427.48,,0.0,2026-02-06T00:00:00.000Z,
5206,,,,285288.29,70469.91,,0.0,2026-02-06T00:00:00.000Z,
2479,,,,117113.02,,,0.0,2026-02-06T00:00:00.000Z,
5020,,,,3030510.33,24222.71,,0.0,2026-02-06T00:00:00.000Z,
5389,,,,6511218.25,59668.68,,0.0,2026-02-06T00:00:00.000Z,
2645,,,,658092.61,81790.07,,0.0,2026-02-06T00:00:00.000Z,
2650,,,,106767.3,,,0.0,2026-02-06T00:00:00.000Z,
3459,,,,0.0,0.0,,,2026-02-06T00:00:00.000Z,
2269,,,,728217.43,728217.43,,,2026-02-06T00:00:00.000Z,
1316,,,,10798817.35,6382892.52,4291133.67,1583458.0,2026-02-06T00:00:00.000Z,
1432,,,,2158899.02,981932.61,1165648.92,662196.0,2026-02-06T00:00:00.000Z,
1288,,,,7734889.99,727111.27,6928401.83,1359545.0,2026-02-06T00:00:00.000Z,
1401,,,,109054038.02,24594047.06,83957589.48,19414568.0,2026-02-06T00:00:00.000Z,
3175,,,,28844937.02,28840611.25,,,2026-02-06T00:00:00.000Z,
1597,,,,14394156.16,1144069.7,12525277.39,1091759.0,2026-02-06T00:00:00.000Z,
1283,,,,11679939.6,3332720.86,8260184.09,2769144.0,2026-02-06T00:00:00.000Z,
3216,,,,519293968.26,520684659.9,,,2026-02-06T00:00:00.000Z,
1437,,,,71737126.44,38966068.43,32755054.37,19929023.0,2026-02-06T00:00:00.000Z,
5383,,,,10091851.44,439787.97,,0.0,2026-02-06T00:00:00.000Z,
4143,,,,7781424.57,5847.38,7713969.87,1141465.59,2026-02-06T00:00:00.000Z,
4347,,,,5904057.49,1473822.32,3832148.5,659657.01,2026-02-06T00:00:00.000Z,
4267,,,,44619194.68,43609951.73,159120.98,5679929.71,2026-02-06T00:00:00.000Z,
5139,,,,1815431.3,9710.71,,0.0,2026-02-06T00:00:00.000Z,
1889,,,,14025375.64,13675672.08,349703.56,2004623.0,2026-02-06T00:00:00.000Z,
4231,,,,12466494.51,11694495.38,475880.37,1030191.55,2026-02-06T00:00:00.000Z,
1578,,,,2742185.07,1009567.52,1657841.26,144298.0,2026-02-06T00:00:00.000Z,
1358,,,,727798.23,9329.08,703570.79,103931.0,2026-02-06T00:00:00.000Z,
3199,,,,878190.58,885943.4,,,2026-02-06T00:00:00.000Z,
4007,,,,5568579.02,1652353.64,3640223.97,816983.0,2026-02-06T00:00:00.000Z,
2813,,,,86605.2,72772.55,,0.0,2026-02-06T00:00:00.000Z,
4014,,,,3362468.45,623653.45,2720969.23,420748.0,2026-02-06T00:00:00.000Z,
2830,,,,14127431.37,3132772.78,,0.0,2026-02-06T00:00:00.000Z,
3441,,,,,,,,,
5528,,,,,,,0.0,,
5051,,,,,,,0.0,,
3528,,,,,,,,,
5534,,,,,,,0.0,,
3113,,,,,,,,,
5533,,,,,,,0.0,,
5532,,,,,,,0.0,,
2118,,,,,,,,,
3066,,,,,,,,,
2893,,,,,,,0.0,,
1903,,,,3302658.43,3195592.7,108699.81,372956.0,2026-02-06T00:00:00.000Z,
3246,,,,668487.86,684198.67,,,2026-02-06T00:00:00.000Z,
5012,,,,528668.37,70321.42,,0.0,2026-02-06T00:00:00.000Z,
1677,,,,6768439.14,530628.13,6196747.37,237184.0,2026-02-06T00:00:00.000Z,
2527,,,,721938.56,15141.56,,0.0,2026-02-06T00:00:00.000Z,
3265,,,,566376.69,566376.69,,,2026-02-06T00:00:00.000Z,
2915,,,,2744156.76,743657.08,,0.0,2026-02-06T00:00:00.000Z,
5075,,,,2566096.58,21351.24,,0.0,2026-02-06T00:00:00.000Z,
2548,,,,155355.0,3713.96,,0.0,2026-02-06T00:00:00.000Z,
2566,,,,1077283.8,7402.1,,0.0,2026-02-06T00:00:00.000Z,
2834,,,,601282.59,8738.0,,0.0,2026-02-06T00:00:00.000Z,
2044,,,,,,,,,
5506,,,,,,,0.0,,
3550,,,,,,,,,
5442,,,,,,,191326.79,,
2042,,,,,,,,,
3413,,,,,,,,,
3503,,,,,,,,,
5113,,,,187070.23,1790.68,,44544.76,2026-02-06T00:00:00.000Z,
2355,,,,959055.0,959055.0,,,2026-02-06T00:00:00.000Z,
5485,,,,1186914.3,67188.52,,0.0,2026-02-06T00:00:00.000Z,
5234,,,,44977.8,,,0.0,2026-02-06T00:00:00.000Z,
2696,,,,637475.79,637475.79,,0.0,2026-02-06T00:00:00.000Z,
2962,,,,18826.83,8444.8,,0.0,2026-02-06T00:00:00.000Z,
3569,,,,,,,,,
3585,,,,,,,,,
5529,,,,,,,0.0,,
5512,,,,,,,0.0,,
3382,,,,,,,,,
5527,,,,,,,0.0,,
4391,,,,,,,0.0,,
5514,,,,,,,0.0,,
3078,,,,,,,,,
2473,,,,710105.03,1477.86,,0.0,2026-02-06T00:00:00.000Z,
5379,,,,1479520.55,456967.14,,0.0,2026-02-06T00:00:00.000Z,
2866,,,,267933.97,,,0.0,2026-02-06T00:00:00.000Z,
5166,,,,1801399.51,294307.01,,0.0,2026-02-06T00:00:00.000Z,
5457,,,,1027118.33,1027118.33,,818434.43,2026-02-06T00:00:00.000Z,
2344,,,,98597.18,98597.18,,,2026-02-06T00:00:00.000Z,
2845,,,,612234.29,,,0.0,2026-02-06T00:00:00.000Z,
5029,,,,1302251.57,71301.68,,0.0,2026-02-06T00:00:00.000Z,
5010,,,,6664.22,6664.22,,0.0,2026-02-06T00:00:00.000Z,
2583,,,,14842645.0,482316.22,,0.0,2026-02-06T00:00:00.000Z,
3515,,,,,,,,,
5101,,,,1527066.5,14733.96,,38681.58,2026-02-06T00:00:00.000Z,
2092,,,,,,,,,
2975,,,,,,,0.0,,
5188,,,,889917.46,39823.34,,0.0,2026-02-06T00:00:00.000Z,
3435,,,,,,,,,
5511,,,,,,,0.0,,
2895,,,,,,,0.0,,
5516,,,,,,,0.0,,
5257,,,,,,,0.0,,
2252,,,,993223.0,993223.0,,,2026-02-06T00:00:00.000Z,
2474,,,,991618.0,2167.78,,0.0,2026-02-06T00:00:00.000Z,
2660,,,,1418573.71,,,0.0,2026-02-06T00:00:00.000Z,
5080,,,,1334447.91,22126.56,,0.0,2026-02-06T00:00:00.000Z,
2941,,,,12483.41,1230.8,,0.0,2026-02-06T00:00:00.000Z,
2315,,,,485186.01,485186.01,,,2026-02-06T00:00:00.000Z,
2554,,,,1785194.67,12853.82,,0.0,2026-02-06T00:00:00.000Z,
2449,,,,2573214.31,10981.06,,,2026-02-06T00:00:00.000Z,
5003,,,,177279.62,70716.2,,0.0,2026-02-06T00:00:00.000Z,
2584,,,,781829.0,28759.59,,0.0,2026-02-06T00:00:00.000Z,
5466,,,,626441.06,,,326891.1,2026-02-06T00:00:00.000Z,
5267,,,,1156852.28,969.0,,0.0,2026-02-06T00:00:00.000Z,
5264,,,,954946.5,11087.01,,0.0,2026-02-06T00:00:00.000Z,
2261,,,,685887.95,685887.95,,,2026-02-06T00:00:00.000Z,
2801,,,,75774.9,,,0.0,2026-02-06T00:00:00.000Z,
3495,,,,10632.22,10632.22,,,2026-02-06T00:00:00.000Z,
5334,,,,164921.38,17666.69,,700108.22,2026-02-06T00:00:00.000Z,
2842,,,,178183.15,,,0.0,2026-02-06T00:00:00.000Z,
2378,,,,1641186.86,1641186.86,,,2026-02-06T00:00:00.000Z,
2847,,,,102627.51,,,0.0,2026-02-06T00:00:00.000Z,
1402,,,,45020240.33,19181030.22,25287060.53,6185233.0,2026-02-06T00:00:00.000Z,
1672,,,,4290223.59,1187862.31,3152429.25,1340672.0,2026-02-06T00:00:00.000Z,
1790,,,,4570622.52,191540.21,4339131.55,604887.0,2026-02-06T00:00:00.000Z,
1741,,,,227086533.09,20961968.95,203016247.94,21234684.0,2026-02-06T00:00:00.000Z,
2419,,,,1386466.67,2329.26,1299062.25,,2026-02-06T00:00:00.000Z,
3262,,,,2760835.92,2715422.87,,,2026-02-06T00:00:00.000Z,
4251,,,,36201886.24,1834108.21,32944324.61,5530482.83,2026-02-06T00:00:00.000Z,
4131,,,,13712894.66,4570860.09,8727358.32,1690747.48,2026-02-06T00:00:00.000Z,
1957,,,,44492035.36,34434355.49,9612764.64,5329015.09,2026-02-06T00:00:00.000Z,
1457,,,,15296905.63,13577163.25,1363858.63,203068.0,2026-02-06T00:00:00.000Z,
1807,,,,7256252.51,5109636.26,1964392.59,824950.0,2026-02-06T00:00:00.000Z,
4149,,,,12096256.67,1741408.23,9947359.44,1785651.0,2026-02-06T00:00:00.000Z,
3322,,,,28922892.77,28290606.47,,,2026-02-06T00:00:00.000Z,
3237,,,,3021165.34,2885724.12,,,2026-02-06T00:00:00.000Z,
2592,,,,62705.97,,,0.0,2026-02-06T00:00:00.000Z,
4189,,,,5444967.6,1644210.66,3762199.12,495075.63,2026-02-06T00:00:00.000Z,
3171,,,,6133267.36,6077480.03,,,2026-02-06T00:00:00.000Z,
2585,,,,2556527.0,,,0.0,2026-02-06T00:00:00.000Z,
3242,,,,2470003.23,2423900.93,,,2026-02-06T00:00:00.000Z,
3278,,,,3560273.15,3592835.96,,,2026-02-06T00:00:00.000Z,
1864,,,,5125804.16,161232.94,4945531.0,572187.0,2026-02-06T00:00:00.000Z,
4134,,,,6617742.08,3840561.38,2700874.68,816544.57,2026-02-06T00:00:00.000Z,
1967,,,,7050406.37,752823.79,6218843.73,851500.0,2026-02-06T00:00:00.000Z,
5001,,,,131798.94,69974.07,,0.0,2026-02-06T00:00:00.000Z,
5073,,,,863545.8,1586.94,,0.0,2026-02-06T00:00:00.000Z,
2948,,,,23933.32,2377.5,,0.0,2026-02-06T00:00:00.000Z,
2595,,,,54624.25,,,0.0,2026-02-06T00:00:00.000Z,
2547,,,,10958294.0,80343.3,,0.0,2026-02-06T00:00:00.000Z,
5151,,,,1721832.05,56108.69,,0.0,2026-02-06T00:00:00.000Z,
2989,,,,1514966.12,,,0.0,2026-02-06T00:00:00.000Z,
2886,,,,49728.06,4272.83,,0.0,2026-02-06T00:00:00.000Z,
1377,,,,741930.23,9998.01,730615.2,113141.0,2026-02-06T00:00:00.000Z,
2786,,,,595797.43,1909.53,,0.0,2026-02-06T00:00:00.000Z,
2298,,,,2054763.81,1996217.54,,,2026-02-06T00:00:00.000Z,
2914,,,,1843083.73,4818.75,,0.0,2026-02-06T00:00:00.000Z,
2641,,,,4729509.25,92513.15,,0.0,2026-02-06T00:00:00.000Z,
2779,,,,167186.15,8697.78,,0.0,2026-02-06T00:00:00.000Z,
3221,,,,769731.49,835173.87,,,2026-02-06T00:00:00.000Z,
5538,,,,55712.33,50262.91,,0.0,2026-02-06T00:00:00.000Z,
3239,,,,244047.59,222422.69,,,2026-02-06T00:00:00.000Z,
2719,,,,919183.24,,,0.0,2026-02-06T00:00:00.000Z,
2869,,,,14666.35,10897.95,,0.0,2026-02-06T00:00:00.000Z,
2423,,,,3510136.9,129360.85,1748391.0,,2026-02-06T00:00:00.000Z,
5110,,,,30961.05,3408.03,,347360.0,2026-02-06T00:00:00.000Z,
2282,,,,338108.89,338108.89,,,2026-02-06T00:00:00.000Z,
2757,,,,139863.7,,,0.0,2026-02-06T00:00:00.000Z,
2902,,,,263462.41,263462.41,,0.0,2026-02-06T00:00:00.000Z,
5057,,,,5180774.01,25201.56,,0.0,2026-02-06T00:00:00.000Z,
2467,,,,76176.03,1758.82,,0.0,2026-02-06T00:00:00.000Z,
2839,,,,8033270.01,82056.9,,0.0,2026-02-06T00:00:00.000Z,
5289,,,,80415.48,,,0.0,2026-02-06T00:00:00.000Z,
5169,,,,4523.54,,,0.0,2026-02-06T00:00:00.000Z,
2337,,,,325803.92,325803.92,,,2026-02-06T00:00:00.000Z,
3142,,,,6218085.26,6218085.26,,,2026-02-06T00:00:00.000Z,
5483,,,,81990.62,,,0.0,2026-02-06T00:00:00.000Z,
5126,,,,2675109.99,303612.8,,0.0,2026-02-06T00:00:00.000Z,
2334,,,,72256.34,72256.34,,,2026-02-06T00:00:00.000Z,
2907,,,,750000.0,,,0.0,2026-02-06T00:00:00.000Z,
5025,,,,2021869.93,639663.63,,0.0,2026-02-06T00:00:00.000Z,
3360,,,,644300.52,643660.59,,,2026-02-06T00:00:00.000Z,
2310,,,,261748.94,261748.94,,,2026-02-06T00:00:00.000Z,
2844,,,,242747.34,5464.69,,0.0,2026-02-06T00:00:00.000Z,
2903,,,,1575822.38,15019.93,,0.0,2026-02-06T00:00:00.000Z,
1278,,,,501235.42,20563.57,469397.28,113954.0,2026-02-06T00:00:00.000Z,
5360,,,,108329.96,100624.57,,0.0,2026-02-06T00:00:00.000Z,
2656,,,,1591350.0,102231.3,,0.0,2026-02-06T00:00:00.000Z,
2635,,,,13811.89,,,0.0,2026-02-06T00:00:00.000Z,
4191,,,,570373.61,554501.81,2512.5,0.0,2026-02-06T00:00:00.000Z,
5159,,,,1284186.13,,,1042961.46,2026-02-06T00:00:00.000Z,
2828,,,,237881.87,11904.54,,0.0,2026-02-06T00:00:00.000Z,
5178,,,,1587486.27,129742.88,,151310.78,2026-02-06T00:00:00.000Z,
5011,,,,1803712.29,16745.89,,0.0,2026-02-06T00:00:00.000Z,
5042,,,,908893.49,7922.24,,0.0,2026-02-06T00:00:00.000Z,
1667,,,,670103.7,,670103.7,128567.0,2026-02-06T00:00:00.000Z,
2260,,,,245553.7,245553.7,,,2026-02-06T00:00:00.000Z,
2765,,,,4286325.67,,,0.0,2026-02-06T00:00:00.000Z,
2870,,,,465822.05,59958.47,,0.0,2026-02-06T00:00:00.000Z,
5445,,,,47115506.46,831390.19,,0.0,2026-02-06T00:00:00.000Z,
2928,,,,69077.56,8043.83,,0.0,2026-02-06T00:00:00.000Z,
2658,,,,1543488.86,6596.89,,0.0,2026-02-06T00:00:00.000Z,
5052,,,,543827.73,30175.29,,0.0,2026-02-06T00:00:00.000Z,
5006,,,,422788.56,2458.64,,0.0,2026-02-06T00:00:00.000Z,
5212,,,,69612.43,,,0.0,2026-02-06T00:00:00.000Z,
2654,,,,3098322.57,,,0.0,2026-02-06T00:00:00.000Z,
2665,,,,2371710.41,,,0.0,2026-02-06T00:00:00.000Z,
4591,,,,2438739.06,2438739.06,,0.0,2026-02-06T00:00:00.000Z,
5229,,,,635186.07,,,891580.19,2026-02-06T00:00:00.000Z,
2380,,,,2953040.3,2953040.3,,,2026-02-06T00:00:00.000Z,
2600,,,,107390.27,,,0.0,2026-02-06T00:00:00.000Z,
3341,,,,3194.36,3194.36,,,2026-02-06T00:00:00.000Z,
5009,,,,5281075.21,,,0.0,2026-02-06T00:00:00.000Z,
1735,,,,98996546.81,66157314.78,29980755.51,9834760.0,2026-02-06T00:00:00.000Z,
1503,,,,1557788.66,25578.31,673704.71,37700.0,2026-02-06T00:00:00.000Z,
1632,,,,7631752.69,1327531.7,6349460.48,1197009.0,2026-02-06T00:00:00.000Z,
4072,,,,21670637.94,11939571.45,8088581.0,2222598.0,2026-02-06T00:00:00.000Z,
1423,,,,3266024.79,337529.94,2783374.44,316082.0,2026-02-06T00:00:00.000Z,
2659,,,,1511559.54,97702.97,,0.0,2026-02-06T00:00:00.000Z,
4159,,,,7753470.35,2228662.08,5185088.27,1132024.96,2026-02-06T00:00:00.000Z,
5054,,,,1385550.7,351331.12,,0.0,2026-02-06T00:00:00.000Z,
5381,,,,6392155.66,353884.08,,0.0,2026-02-06T00:00:00.000Z,
1936,,,,11968744.67,1263643.96,10289627.97,209530.0,2026-02-06T00:00:00.000Z,
5135,,,,5137174.1,806387.54,,0.0,2026-02-06T00:00:00.000Z,
1999,,,,52813413.07,49125112.11,2973445.78,11629211.82,2026-02-06T00:00:00.000Z,
1891,,,,5295215.58,2994439.09,2296845.57,224743.0,2026-02-06T00:00:00.000Z,
3544,,,,964564.73,950443.66,,,2026-02-06T00:00:00.000Z,
5464,,,,300735.0,62079.46,,0.0,2026-02-06T00:00:00.000Z,
1757,,,,3499571.24,129307.62,3257223.37,488767.0,2026-02-06T00:00:00.000Z,
1514,,,,4438216.91,723051.72,3767390.76,0.0,2026-02-06T00:00:00.000Z,
1962,,,,1801838.12,973829.45,773695.45,15000.0,2026-02-06T00:00:00.000Z,
4171,,,,7524647.93,4038325.93,3472786.67,494134.33,2026-02-06T00:00:00.000Z,
1468,,,,1741049.6,125789.02,1615260.58,145376.0,2026-02-06T00:00:00.000Z,
1627,,,,5444137.27,87046.64,5357090.63,376173.0,2026-02-06T00:00:00.000Z,
4035,,,,2900592.12,1435679.99,1326444.41,514894.0,2026-02-06T00:00:00.000Z,
1990,,,,3548610.44,2458366.46,948474.24,147565.0,2026-02-06T00:00:00.000Z,
4137,,,,1159221.44,427382.21,695227.74,175481.0,2026-02-06T00:00:00.000Z,
1371,,,,1160382.95,164540.76,988792.94,208923.0,2026-02-06T00:00:00.000Z,
1533,,,,919429.84,245607.6,391587.93,0.0,2026-02-06T00:00:00.000Z,
4215,,,,10843502.79,4361083.51,6249420.1,1851629.75,2026-02-06T00:00:00.000Z,
4054,,,,1340817.62,132297.76,1094231.33,182646.0,2026-02-06T00:00:00.000Z,
3219,,,,12706104.88,12562801.78,,,2026-02-06T00:00:00.000Z,
3250,,,,2541599.6,2564351.44,,,2026-02-06T00:00:00.000Z,
5225,,,,11469545.02,1344262.36,,0.0,2026-02-06T00:00:00.000Z,
2492,,,,763957.53,14032.87,,0.0,2026-02-06T00:00:00.000Z,
2718,,,,18333090.05,380850.42,,0.0,2026-02-06T00:00:00.000Z,
5196,,,,2020581.4,,,0.0,2026-02-06T00:00:00.000Z,
2983,,,,508394.62,60569.87,,0.0,2026-02-06T00:00:00.000Z,
5116,,,,3568584.84,166084.75,,205398.41,2026-02-06T00:00:00.000Z,
2809,,,,80098.66,70902.95,,0.0,2026-02-06T00:00:00.000Z,
2497,,,,588180.32,158045.19,,0.0,2026-02-06T00:00:00.000Z,
2661,,,,1773269.52,,,0.0,2026-02-06T00:00:00.000Z,
3229,,,,1036861.59,1058230.21,,,2026-02-06T00:00:00.000Z,
4456,,,,6543056.06,25677.44,6470622.2,0.0,2026-02-06T00:00:00.000Z,
1647,,,,3177445.62,124778.3,3045175.82,160630.0,2026-02-06T00:00:00.000Z,
5098,,,,456164.48,,,43150.66,2026-02-06T00:00:00.000Z,
5265,,,,4551107.33,581023.07,,0.0,2026-02-06T00:00:00.000Z,
2553,,,,1938924.0,26127.31,,0.0,2026-02-06T00:00:00.000Z,
2998,,,,113274.19,20098.21,,0.0,2026-02-06T00:00:00.000Z,
2978,,,,181857.97,139437.06,,0.0,2026-02-06T00:00:00.000Z,
5184,,,,87939.35,,,878947.61,2026-02-06T00:00:00.000Z,
5471,,,,3093379.24,,,0.0,2026-02-06T00:00:00.000Z,
2407,,,,516631.41,101680.92,287747.25,,2026-02-06T00:00:00.000Z,
2883,,,,35431.74,7909.87,,0.0,2026-02-06T00:00:00.000Z,
5072,,,,605304.22,10219.39,,0.0,2026-02-06T00:00:00.000Z,
2849,,,,456501.86,20611.54,,0.0,2026-02-06T00:00:00.000Z,
5046,,,,7528839.33,3244.84,,0.0,2026-02-06T00:00:00.000Z,
2412,,,,1867130.11,5919.71,1462500.0,,2026-02-06T00:00:00.000Z,
2359,,,,673337.53,673337.53,,,2026-02-06T00:00:00.000Z,
2708,,,,387864.37,,,0.0,2026-02-06T00:00:00.000Z,
2986,,,,492227.39,492227.39,,0.0,2026-02-06T00:00:00.000Z,
2297,,,,650087.95,650087.95,,,2026-02-06T00:00:00.000Z,
5231,,,,1651544.62,71485.95,,0.0,2026-02-06T00:00:00.000Z,
2969,,,,79137.88,,,0.0,2026-02-06T00:00:00.000Z,
5096,,,,89797.56,1545.63,,37539.8,2026-02-06T00:00:00.000Z,
2916,,,,177716.96,,,0.0,2026-02-06T00:00:00.000Z,
2513,,,,45685.46,,,0.0,2026-02-06T00:00:00.000Z,
2651,,,,53470.8,,,0.0,2026-02-06T00:00:00.000Z,
2372,,,,1707296.8,1707296.8,,,2026-02-06T00:00:00.000Z,
2567,,,,168244.61,,,0.0,2026-02-06T00:00:00.000Z,
2644,,,,113353.05,,,0.0,2026-02-06T00:00:00.000Z,
5622,,,,,,,0.0,,
5624,,,,,,,0.0,,
5623,,,,,,,0.0,,
3645,,,,,,,,,
5618,,,,,,,0.0,,
5616,,,,,,,0.0,,
4900,,,,,,,0.0,,
4901,,,,,,,0.0,,
4908,,,,,,,0.0,,
4905,,,,,,,0.0,,
3644,,,,,,,,,
4903,,,,,,,0.0,,
5625,,,,,,,0.0,,
5626,,,,,,,0.0,,
5617,,,,,,,0.0,,
4907,,,,,,,0.0,,
5619,,,,,,,0.0,,
3643,,,,,,,,,
5627,,,,,,,0.0,,
4902,,,,,,,0.0,,
5620,,,,,,,0.0,,
5621,,,,,,,0.0,,
4904,,,,,,,0.0,,
5628,,,,,,,0.0,,
5469,,,,,,,0.0,,
3604,,,,,,,,,
5495,,,,,,,0.0,,
5496,,,,,,,0.0,,
5501,,,,,,,0.0,,
